<?xml version="1.0" encoding="utf-8"?>
<Resource xmlns:xsi="http://www.w3.org/2001/XMLSchema-instance" xmlns:xsd="http://www.w3.org/2001/XMLSchema" xmlns="urn:ComolTranslation">
  <item name="BtSendAll.text" html="false" placeholder="false">Send</item>
  <item name="BtSendTo.text" html="false" placeholder="false">Send to...</item>
  <item name="BtPrivate.text" description="Invia messaggio privato - chat" html="false" placeholder="false">Send private</item>
  <item name="SelUt" html="false" placeholder="false">Not selecte user</item>
  <item name="IBPan1_Chat.ImageUrl" disambiguation="non tradurre" html="false" placeholder="false" hidden="true" mustcontains="../images/Chat/Chat_Hot.gif">../images/Chat/Chat_Hot.gif</item>
  <item name="IBPan1_Chat.AlternateText" html="false" placeholder="false">Chat</item>
  <item name="IBPan1_Chat.status" html="false" placeholder="false">Chat</item>
  <item name="IBClear.ImageUrl" disambiguation="non tradurre" html="false" placeholder="false" hidden="true" mustcontains="./../images/clear.gif">./../images/clear.gif</item>
  <item name="IBClear..AlternateText" html="false" placeholder="false">Delete</item>
  <item name="IBClear.status" html="false" placeholder="false">Delete</item>
  <item name="IBPan2_Stili.ImageUrl" disambiguation="non tradurre" html="false" placeholder="false" hidden="true" mustcontains="../images/Chat/Sty_HOT.gif">../images/Chat/Sty_HOT.gif</item>
  <item name="IBPan2_Stili.AlternateText" html="false" placeholder="false">Styles</item>
  <item name="IBPan2_Stili.status" html="false" placeholder="false">Styles</item>
  <item name="IBPan3_Smile.ImageUrl" disambiguation="non tradurre" html="false" placeholder="false" hidden="true" mustcontains="../images/Chat/Smi_Hot.gif">../images/Chat/Smi_Hot.gif</item>
  <item name="IBPan3_Smile.status" html="false" placeholder="false">Little faces</item>
  <item name="IBPan3_Smile.AlternateText" html="false" placeholder="false">Little faces</item>
  <item name="IBPan4_Tools.ImageUrl" disambiguation="non tradurre" html="false" placeholder="false" hidden="true" mustcontains="../images/Chat/Stru_HOT.gif">../images/Chat/Stru_HOT.gif</item>
  <item name="IBPan4_Tools.status" html="false" placeholder="false">Settings</item>
  <item name="IBPan4_Tools.AlternateText" html="false" placeholder="false">Settings</item>
  <item name="IBPan5_File.ImageUrl" disambiguation="non tradurre" html="false" placeholder="false" hidden="true" mustcontains="../images/Chat/File_Hot.gif">../images/Chat/File_Hot.gif</item>
  <item name="IBPan5_File.status" html="false" placeholder="false">File</item>
  <item name="IBPan5_File.AlternateText" html="false" placeholder="false">File</item>
  <item name="IBPan6_Utenti.ImageUrl" disambiguation="non tradurre" html="false" placeholder="false" hidden="true" mustcontains="../images/Chat/Ut_Hot.gif">../images/Chat/Ut_Hot.gif</item>
  <item name="IBPan6_Utenti.status" html="false" placeholder="false">Users</item>
  <item name="IBPan6_Utenti.AlternateText" html="false" placeholder="false">Users</item>
  <item name="IBPan7_Comunita.ImageUrl" disambiguation="non tradurre" html="false" placeholder="false" hidden="true" mustcontains="../images/Chat/Com_Hot.gif">../images/Chat/Com_Hot.gif</item>
  <item name="IBPan7_Comunita.status" disambiguation="singolare" html="false" placeholder="false">Community</item>
  <item name="IBPan7_Comunita.AlternateText" disambiguation="singolare" html="false" placeholder="false">Community</item>
  <item name="ImgLinkHelp.Url" disambiguation="non tradurre" html="false" placeholder="false" hidden="true" mustcontains="../images/Chat/Hlp_HOT.gif">../images/Chat/Hlp_HOT.gif</item>
  <item name="ImgLinkHelp.status" html="false" placeholder="false">Help</item>
  <item name="ImgLinkHelp.AlternateText" html="false" placeholder="false">Help</item>
  <item name="IBExit.Url" disambiguation="non tradurre" html="false" placeholder="false" hidden="true" mustcontains="../images/Chat/exit.gif">../images/Chat/exit.gif</item>
  <item name="IBExit.status" html="false" placeholder="false">Logout</item>
  <item name="IBExit.AlternateText" html="false" placeholder="false">Logout</item>
  <item name="Lbl_Link_Help.Text" html="false" placeholder="false">Help</item>
  <item name="UtentiCom.text" html="false" placeholder="false">Users number:</item>
  <item name="LblChatOut.text" html="false" placeholder="false">We are sorry, Chat is currently NOT available.</item>
</Resource>