<?xml version="1.0" encoding="utf-8"?>
<Resource xmlns:xsi="http://www.w3.org/2001/XMLSchema-instance" xmlns:xsd="http://www.w3.org/2001/XMLSchema" xmlns="urn:ComolTranslation">
  <item name="Lab_FileDisp_t.text" html="false" placeholder="false">Available files:</item>
  <item name="BtFileInfo.text" html="false" placeholder="false">File infos</item>
  <item name="BtnDownload.text" disambiguation="scarica=download" html="false" placeholder="false">Download</item>
  <item name="BtRemove.text" html="false" placeholder="false">Remove</item>
  <item name="BtHelp.text" html="false" placeholder="false">Help</item>
  <item name="BtSend.text" html="false" placeholder="false">Send</item>
  <item name="IBAggiorna.ImageUrl" disambiguation="non tradurre" html="false" placeholder="false" hidden="true" mustcontains="./../images/ON.gif">./../images/ON.gif</item>
  <item name="IBAggiorna.status" html="false" placeholder="false">Update</item>
  <item name="IBAggiorna.AlternateText" html="false" placeholder="false">Update</item>
  <item name="LblFileInfo1.text" html="false" placeholder="false">Attention!!!</item>
  <item name="LblFileInfo2.text" html="false" placeholder="false">Non ci assumiamo alcuna responsabilità sui contenuti dei file. Non sono consentiti file che violino le leggi vigenti. Si consiglia comunque di eseguire la scansione con un antivirus aggiornato prima di aprire i file scaricati. Fare riferimento all'Help per ulteriori informazioni.</item>
  <item name="UpOK" html="false" placeholder="false">Available upload.</item>
  <item name="UpKO" html="false" placeholder="false">"Upload unavailable. Retry later"</item>
  <item name="UpInCorso" html="false" placeholder="false">Upload in progress... Wait...</item>
  <item name="ErrSize" html="false" placeholder="false" mustcontains="2Mb">File bigger than 2Mb</item>
  <item name="ErrExist" html="false" placeholder="false">Existing file...</item>
  <item name="ErrOK" html="false" placeholder="false">File successfully uploaded</item>
  <item name="ErrNoAut" html="false" placeholder="false">Unauthorized Download</item>
  <item name="ErrNonPrev" html="false" placeholder="false">Unexpected error:</item>
  <item name="Nota1" html="false" placeholder="false">NOTE:</item>
  <item name="Nota2" html="false" placeholder="false">Per motivi di sicurezza i file con estensione *.exe ed *.com vengono rinominati con estensione *.ex_ e *.co_. Per utilizzare il file rinominarlo in *.exe o *.com dopo averlo controllato con un antivirus.</item>
  <item name="Nota3" html="false" placeholder="false">File name changed to</item>
  <item name="Nota4" html="false" placeholder="false">File informations:</item>
  <item name="Nota4" html="false" placeholder="false">Informazioni sul file:</item>
  <item name="FileInfoNome" html="false" placeholder="false">Name:</item>
  <item name="FileInfoDim" html="false" placeholder="false">Size:</item>
  <item name="FileInfoDimSize" html="false" placeholder="false" hidden="true">Byte.</item>
  <item name="FileInfoOraUpl" html="false" placeholder="false">Upload time:</item>
  <item name="FileInfoUploader" html="false" placeholder="false">Uploaded by:</item>
</Resource>