<?xml version="1.0" encoding="utf-8"?>
<Resource xmlns:xsi="http://www.w3.org/2001/XMLSchema-instance" xmlns:xsd="http://www.w3.org/2001/XMLSchema" xmlns="urn:ComolTranslation">
  <item name="Id_Com_t" html="false" placeholder="false">Community ID:</item>
  <item name="Url_t" html="false" placeholder="false">Address ID:</item>
  <item name="LblGestioneWEB.text" html="false" placeholder="false">Server under maintenance.We are sorry but it is impossible to access.</item>
  <item name="HYLchiudi.text" html="false" placeholder="false">Close window</item>
  <item name="HYLchiudi.status" html="false" placeholder="false">Close window</item>
  <item name="HYLchiudi.ToolTip" html="false" placeholder="false">Close window</item>
</Resource>