<?xml version="1.0" encoding="utf-8"?>
<Resource xmlns:xsi="http://www.w3.org/2001/XMLSchema-instance" xmlns:xsd="http://www.w3.org/2001/XMLSchema" xmlns="urn:ComolTranslation">
  <item name="LBTitolo.text" html="false" placeholder="false">Chat</item>
  <item name="LBNopermessi.text" html="false" placeholder="false">You do not have permission to access this page.</item>
  <item name="LogoutMessage" html="false" placeholder="false">Sorry, your session has expired, you have to log into the system again.</item>
  <item name="LBlink.text" html="false" placeholder="false">If the chat window does not open in 10 seconds, click</item>
  <item name="LNBapri.text" html="false" placeholder="false">this link</item>
  <item name="LNBapri.status" html="false" placeholder="false">Click link if the chat window does not open in 10 seconds.</item>
  <item name="LNBapri.ToolTip" html="false" placeholder="false">Open chat window</item>
</Resource>