<?xml version="1.0" encoding="utf-8"?>
<Resource xmlns:xsi="http://www.w3.org/2001/XMLSchema-instance" xmlns:xsd="http://www.w3.org/2001/XMLSchema" xmlns="urn:ComolTranslation">
  <item name="LBtitolo.text" html="false" placeholder="false">Web Meeting</item>
  <item name="LBNopermessi.text" html="false" placeholder="false">You do not have permission to view this page, or the service is deactivated in this community</item>
  <item name="LNBCreateRoom.text" html="false" placeholder="false">Create new room</item>
  <item name="unlimited" disambiguation="relativo a videoconferenza. tipo stanza. (illimitata=qualunque numero di utenti)" html="false" placeholder="false">Unlimited</item>
</Resource>