<?xml version="1.0" encoding="utf-8"?>
<Resource xmlns:xsi="http://www.w3.org/2001/XMLSchema-instance" xmlns:xsd="http://www.w3.org/2001/XMLSchema" xmlns="urn:ComolTranslation">
  <item name="visibile.false" html="true" placeholder="false">&amp;nbsp;-&amp;nbsp;(not visible)</item>
  <item name="LBdir.text" html="false" placeholder="false">Folder:</item>
  <item name="LNBdettagliDir.text" html="false" placeholder="false">Details</item>
  <item name="LNBdettagliDir.status" html="false" placeholder="false">Details</item>
  <item name="LNBdettagliDir.ToolTip" html="false" placeholder="false">Details</item>
  <item name="LNBcreaLink.text" html="false" placeholder="false">Create Link</item>
  <item name="LNBcreaLink.status" html="false" placeholder="false">Create Link</item>
  <item name="LNBcreaLink.ToolTip" html="false" placeholder="false">Create Link</item>
  <item name="LNBcreaDirectory.text" html="false" placeholder="false">Create link folder</item>
  <item name="LNBcreaDirectory.status" html="false" placeholder="false">Create link folder</item>
  <item name="LNBcreaDirectory.ToolTip" html="false" placeholder="false">Create link folder</item>
  <item name="LNBmodificaDir.text" disambiguation="verbo" html="false" placeholder="false">Modify</item>
  <item name="LNBmodificaDir.status" html="false" placeholder="false">Modify </item>
  <item name="LNBmodificaDir.AlternateText" html="false" placeholder="false">Modify </item>
  <item name="LNBeliminaDir.text" html="false" placeholder="false">Delete</item>
  <item name="LNBeliminaDir.status" html="false" placeholder="false">Delete link folder</item>
  <item name="LNBeliminaDir.ToolTip" html="false" placeholder="false">Delete link folder</item>
  <item name="LNBeliminaDir.ConfirmText" html="false" placeholder="false">Are you sure you want to delete the folder and all of its links?</item>
  <item name="LNBeliminaContenuto.text" html="false" placeholder="false">Delete content</item>
  <item name="LNBeliminaContenuto.status" html="false" placeholder="false">Delete folder content</item>
  <item name="LNBeliminaContenuto.ToolTip" html="false" placeholder="false">Delete folder content</item>
  <item name="LNBeliminaContenuto.ConfirmText" html="false" placeholder="false">Are you sure you want to delete the selected folder content?</item>
  <item name="LNBdettagli.text" html="false" placeholder="false">Details</item>
  <item name="LNBdettagli.status" html="false" placeholder="false">Details</item>
  <item name="LNBdettagli.ToolTip" html="false" placeholder="false">Details</item>
  <item name="LNBmodifica.text" disambiguation="verbo" html="false" placeholder="false">Modify</item>
  <item name="LNBmodifica.status" html="false" placeholder="false">Modify link</item>
  <item name="LNBmodifica.ToolTip" html="false" placeholder="false">Modify link</item>
  <item name="LNBeliminaLink.status" html="false" placeholder="false">Delete link</item>
  <item name="LNBeliminaLink.ToolTip" html="false" placeholder="false">Delete link</item>
  <item name="LNBeliminaLink.ConfirmText" html="false" placeholder="false">Are you sure you want to delete the selected link?</item>
  <item name="BTNannulla.text" html="false" placeholder="false">Cancel</item>
  <item name="BTNannulla.ToolTip" html="false" placeholder="false">Cancel</item>
  <item name="BTNmodifica.text" html="false" placeholder="false">Save</item>
  <item name="BTNmodifica.ToolTip" html="false" placeholder="false">Save</item>
  <item name="BTNannullaCrea.text" html="false" placeholder="false">Cancel</item>
  <item name="BTNannullaCrea.ToolTip" html="false" placeholder="false">Cancel</item>
  <item name="BTNcrea.text" html="false" placeholder="false">Create</item>
  <item name="BTNcrea.ToolTip" html="false" placeholder="false">Create</item>
  <item name="LBconfermaElimina.text" html="false" placeholder="false">The selected link/folder belong to the personal links. Do you want to delete it only from this community collection or also from the personal links?</item>
  <item name="BTNannullaElimina.text" html="false" placeholder="false">Cancel</item>
  <item name="BTNannullaElimina.ToolTip" html="false" placeholder="false">Cancel</item>
  <item name="BTNreplicaElimina.text" html="false" placeholder="false">Both</item>
  <item name="BTNreplicaElimina.ToolTip" html="false" placeholder="false">Apply to personal</item>
  <item name="BTNelimina.text" html="false" placeholder="false">From community</item>
  <item name="BTNelimina.ToolTip" html="false" placeholder="false">Delete ONLY from community</item>
  <item name="oRootNodeCartelle.Text" html="false" placeholder="false" mustcontains="*">* Link collection</item>
  <item name="oRootNodeCartelle.ToolTip" html="false" placeholder="false" mustcontains="*">* Link collection</item>
  <item name="oNoNodeLink.Text" html="false" placeholder="false">No link found</item>
  <item name="oNoNodeLink.ToolTip" html="false" placeholder="false">No link found</item>
</Resource>