<?xml version="1.0" encoding="utf-8"?>
<Resource xmlns:xsi="http://www.w3.org/2001/XMLSchema-instance" xmlns:xsd="http://www.w3.org/2001/XMLSchema" xmlns="urn:ComolTranslation">
  <item name="LBuploadIn_t.text" html="true" placeholder="false">Import in the folder:&amp;nbsp;</item>
  <item name="LBvisibile_t.text" html="true" placeholder="false">Make visible:&amp;nbsp;</item>
  <item name="CBXvisibile.text" html="false" placeholder="false">Yes.</item>
  <item name="oRootNodeCartelle.Text" html="false" placeholder="false" mustcontains="*">* Link collection</item>
  <item name="oRootNodeCartelle.ToolTip" html="false" placeholder="false" mustcontains="*">* Link collection</item>
  <item name="oRootNodeLink.Text" html="false" placeholder="false">Personal links</item>
  <item name="oRootNodeLink.ToolTip" html="false" placeholder="false">Personal links</item>
  <item name="oNoNodeLink.Text" html="false" placeholder="false">No personal link found</item>
  <item name="oNoNodeLink.ToolTip" html="false" placeholder="false">No personal link found</item>
  <item name="LBimporta_t.true" html="false" placeholder="false">Choose  links to insert in the community collection</item>
  <item name="LBimporta_t.false" html="false" placeholder="false">Sorry, all the personal links you want to import, are already present in the community.</item>
</Resource>