<?xml version="1.0" encoding="utf-8"?>
<Resource xmlns:xsi="http://www.w3.org/2001/XMLSchema-instance" xmlns:xsd="http://www.w3.org/2001/XMLSchema" xmlns="urn:ComolTranslation">
  <item name="LBinfoModFile.text" html="false" placeholder="false" mustcontains="*">Mandatory "*" Fields</item>
  <item name="LBuploadIn_t.text" html="false" placeholder="false">Create in:</item>
  <item name="LBnomeLink_t.text" html="false" placeholder="false" mustcontains="*">*Link name:</item>
  <item name="LBnomeCartellaLink_t.text" html="false" placeholder="false" mustcontains="*">*Folder name:</item>
  <item name="LBurl_t.text" html="false" placeholder="false" mustcontains="*">*Url:</item>
  <item name="LBdescrizione_t.text" html="false" placeholder="false">&amp;nbsp;Description:</item>
  <item name="LBtipoLink_t.text" html="false" placeholder="false">&amp;nbsp;Link type:</item>
  <item name="LBtipoLink.cartella" html="false" placeholder="false">Link folder</item>
  <item name="LBtipoLink.cartella.importata" html="false" placeholder="false">Link folder from personal communites</item>
  <item name="LBtipoLink.link" html="false" placeholder="false">Link</item>
  <item name="LBtipoLink.link.importata" html="false" placeholder="false">Link imported from personals</item>
  <item name="LBvisualizzaDopo_t.text" html="false" placeholder="false">&amp;nbsp;View:</item>
  <item name="RBLvisualizzaDopo.-1" html="false" placeholder="false">On top</item>
  <item name="RBLvisualizzaDopo.-99" html="false" placeholder="false">At the end</item>
  <item name="RBLvisualizzaDopo.1" html="false" placeholder="false">After:</item>
  <item name="LBvisibile_t.text" html="false" placeholder="false">&amp;nbsp;Visible:</item>
  <item name="CBXvisibile.text" html="false" placeholder="false">Yes.</item>
  <item name="DDldopo.-1" html="false" placeholder="false">- start -</item>
  <item name="oRootNode.Text" html="false" placeholder="false" mustcontains="*">* Link collection</item>
  <item name="oRootNode.ToolTip" html="false" placeholder="false" mustcontains="*">* Link collection</item>
</Resource>