<?xml version="1.0" encoding="utf-8"?>
<Resource xmlns:xsi="http://www.w3.org/2001/XMLSchema-instance" xmlns:xsd="http://www.w3.org/2001/XMLSchema" xmlns="urn:ComolTranslation">
  <item name="LBcreato_t.text" html="false" placeholder="false">Created on:</item>
  <item name="LBmodificato_t.text" html="false" placeholder="false">Modified on:</item>
  <item name="LBautore_t.text" html="false" placeholder="false">Author:</item>
  <item name="LBdescrizione_t.text" html="false" placeholder="false">Description:</item>
  <item name="LBnomeLink_t.text" html="false" placeholder="false">Name:</item>
  <item name="LBlink_t.text" html="false" placeholder="false">Url:</item>
  <item name="LBtipoLink_t.text" html="false" placeholder="false">Link type:</item>
  <item name="LBtipoLink.cartella" html="false" placeholder="false">Link folder</item>
  <item name="LBtipoLink.cartella.importata" html="false" placeholder="false">Link folder from personal communites</item>
  <item name="LBtipoLink.link" html="false" placeholder="false">Link</item>
  <item name="LBtipoLink.link.importata" html="false" placeholder="false">Link imported from personals</item>
</Resource>