﻿<?xml version="1.0" encoding="utf-8"?>
<Resource xmlns:xsi="http://www.w3.org/2001/XMLSchema-instance">
  <item name="LBtitolo.text">Work areas</item>
  <item name="LBtitolo.-1">Work areas</item>
  <item name="LBtitolo.0">Work areas: personal</item>
  <item name="LBtitolo.1">Work areas: subscribed</item>
  <item name="LBtitolo.2">Work areas: subscription</item>
  <item name="LBtitolo.modifica">Work areas: modify area</item>
  <item name="LBtitolo.dettagli">Work areas: area details</item>
  <item name="LBtitolo.elimina">Work areas: delete area</item>
  <item name="LBtitolo.crea">Work areas: new area</item>
  <item name="LBtitolo.deiscrivi">Work areas: de-subscription</item>
  <item name="LBNopermessi.text">You have no permission to access this page.</item>
  <item name="LNBapriFiltro.text">&lt;img src='./../images/filtro_open.gif' alt='' align=middle&gt;Show the filter</item>
  <item name="LNBapriFiltro.status">Show the community filter</item>
  <item name="LNBapriFiltro.Tooltip">Show the community filter</item>
  <item name="LNBchiudiFiltro.text">&lt;img src='./../images/filtro_close.gif' alt='' align=middle&gt;Hide the filter</item>
  <item name="LNBchiudiFiltro.status">Hide the filter</item>
  <item name="LNBchiudiFiltro.Tooltip">Hide the filter</item>
  <item name="LNBentra.text">Enter</item>
  <item name="LNBentra.status">Enter</item>
  <item name="LNBentra.ToolTip">Enter</item>
  <item name="LNBannullaDettagli.text">Back</item>
  <item name="LNBannullaDettagli.status">Back</item>
  <item name="LNBannullaDettagli.ToolTip">Back</item>
  <item name="LNBiscriviAltra.text">Subscribe to another</item>
  <item name="LNBiscriviAltra.status">Subscribe to another</item>
  <item name="LNBiscriviAltra.ToolTip">Subscribe to another</item>
  <item name="LNBnuovaArea.text">New Area</item>
  <item name="LNBnuovaArea.status">New Area</item>
  <item name="LNBnuovaArea.ToolTip">New Area</item>
  <item name="LNBiscrivi.text">Subscribe</item>
  <item name="LNBiscrivi.status">Subscribe</item>
  <item name="LNBiscrivi.ToolTip">Subscribe</item>
  <item name="LNBindietro.text">Back to the list</item>
  <item name="LNBindietro.status">Back to the list</item>
  <item name="LNBindietro.ToolTip">Back to the list</item>
  <item name="LNBcrea.text">Save</item>
  <item name="LNBcrea.status">Save</item>
  <item name="LNBcrea.ToolTip">Save</item>
  <item name="RBLstatoArea.-1">All</item>
  <item name="RBLstatoArea.0">Personal</item>
  <item name="RBLstatoArea.1">Susbscribed</item>
  <item name="LBnumeroRecord_c.text">Record N°:&amp;nbsp;</item>
  <item name="LBorganizzazione_t.text">Organisation:&amp;nbsp;</item>
  <item name="DDLorganizzazione.-1">All</item>
  <item name="LBresponsabile_t.text">Responsible:&amp;nbsp;</item>
  <item name="DDLresponsabile.-1">All</item>
  <item name="LBstatoArea_t.text">Show:&amp;nbsp;</item>
  <item name="BTNCerca.text">Search</item>
  <item name="BTNCerca.status">Search</item>
  <item name="BTNCerca.ToolTip">Search</item>
  <item name="LBmsgDG.text">No work area funded</item>
  <item name="LKBaltro.text">Others</item>
  <item name="LKBaltro.status">Others characters</item>
  <item name="LKBaltro.ToolTip">Others characters</item>
  <item name="LKBtutti.status">All</item>
  <item name="LKBtutti.text">All</item>
  <item name="LKBtutti.ToolTip">All</item>
  <item name="Lettera.status">Letter #%%#</item>
  <item name="Lettera.ToolTip">Letter #%%#</item>
  <item name="CBXautoUpdate.text">Automatic update</item>
  <item name="DGelencoAree.page">Page &lt;#%%#&gt;</item>
  <item name="DGelencoAree.ordinamento.0.status">Incrising order by &lt;#%%#&gt;</item>
  <item name="DGelencoAree.ordinamento.1.status">Decreasing order for &lt;#%%#&gt;</item>
  <item name="DGelencoAree.ordinamento.2.status">Order by &lt;#%%#&gt;</item>
  <item name="DGelencoAree.nome.HeaderText">Name</item>
  <item name="DGelencoAree.responsabile.HeaderText">Responsible</item>
  <item name="DGelencoAree.lastvisit.HeaderText">Last visit</item>
  <item name="DGelencoAree.elimina.status">Delete Area:</item>
  <item name="DGelencoAree.elimina.ToolTip">Delete Area</item>
  <item name="DGelencoAree.elimina.AlternateText">Delete Area</item>
  <item name="DGelencoAree.elimina.ImageUrl">./../images/x.gif</item>
  <item name="DGelencoAree.elimina.ConfirmText">Are you sure to delete the area and it's data (forum, files, etc)?</item>
  <item name="DGelencoAree.dettagli.status">Dettagli.</item>
  <item name="DGelencoAree.dettagli.ToolTip">Dettagli.</item>
  <item name="DGelencoAree.dettagli.AlternateText">Area Details</item>
  <item name="DGelencoAree.dettagli.ImageUrl">./../images/proprieta.gif</item>
  <item name="DGelencoAree.edit.status">Modify Area.</item>
  <item name="DGelencoAree.edit.ToolTip">Modify Area</item>
  <item name="DGelencoAree.edit.AlternateText">Modify Area</item>
  <item name="DGelencoAree.edit.ImageUrl">./../images/m.gif</item>
  <item name="stato.True">The area access has to be approved.</item>
  <item name="stato.False">Free access.</item>
  <item name="stato.image.True">lucchetto_closed.gif</item>
  <item name="stato.image.False">lucchetto_open.gif</item>
  <item name="DGelencoAree.Dettagli.status">Dettagli.</item>
  <item name="DGelencoAree.Dettagli.ToolTip">Dettagli.</item>
  <item name="DGelencoAree.LNBiscrizione.text">Subscribe</item>
  <item name="DGelencoAree.LNBiscrizione.status">Subscription to the area: #%%#</item>
  <item name="DGelencoAree.LNBiscrizione.blocked">It is impossible to subscribe at the selected area</item>
  <item name="DGelencoAree.LNBlogin.text">Enter</item>
  <item name="DGelencoAree.LNBlogin.status">Go to the area: #%%#</item>
  <item name="DGelencoAree.LNBlogin.blocked">It is impossible to access at the area.</item>
  <item name="DGelencoAree.IMBdeiscrivi.status">De-subscribe.</item>
  <item name="DGelencoAree.IMBdeiscrivi.ToolTip">De-subscribe</item>
  <item name="DGelencoAree.IMBdeiscrivi.AlternateText">De-subscribe</item>
  <item name="DGelencoAree.IMBdeiscrivi.ImageUrl">./../images/x.gif</item>
  <item name="DGelencoAree.IMBdeiscrivi.ImageUrl_disabled">./../images/x_d.gif</item>
  <item name="DGelencoAree.IMBdeiscrivi.status_disabled">De-subscription not enabled</item>
  <item name="DGelencoAree.IMBdeiscrivi.AlternateText_disabled">De-subscription not possible</item>
  <item name="DGelencoAree.IMBdeiscrivi.ConfirmText">Are you sure sure to delete your subscription?</item>
  <item name="LNBdettagli.text">Details</item>
  <item name="LNBdettagli.status">Area details</item>
  <item name="LNBdettagli.ToolTip">Area details</item>
  <item name="NONattivati">Waiting for a confirm</item>
  <item name="NONabilitati">Disabled Access</item>
  <item name="areaDisabilitata">Disabled area.</item>
  <item name="DGelencoAree.gestioneServizi.text">Service management</item>
  <item name="DGelencoAree.gestioneServizi.status">Service management</item>
  <item name="DGelencoAree.gestioneServizi.blocked">Service management</item>
  <item name="DGelencoAree.gestioneUtenti.text">Users management</item>
  <item name="DGelencoAree.gestioneUtenti.status">Users management</item>
  <item name="DGelencoAree.gestioneUtenti.blocked">Users management</item>
  <item name="DGelencoAree.disattiva.text">Disabled area</item>
  <item name="DGelencoAree.disattiva.status">Disabled area</item>
  <item name="DGelencoAree.disattiva.blocked">Disabled area</item>
  <item name="DGelencoAree.attiva.text">Activate area</item>
  <item name="DGelencoAree.attiva.status">Activate area</item>
  <item name="DGelencoAree.attiva.blocked">Activate area</item>
  <item name="Inserimento.-8">WARNING: max area level reached</item>
  <item name="Inserimento.-7">WARNING: it is impossible to create other work areas</item>
  <item name="Inserimento.-6">WARNING: error in the organisation setting</item>
  <item name="Inserimento.-5">WARNING: you must complete all the fields</item>
  <item name="Inserimento.-4">WARNING: you must specify at least one organisation</item>
  <item name="Inserimento.-3">WARNING: modification NOT executed</item>
  <item name="Inserimento.-2">WARNING: area not created</item>
  <item name="Inserimento.-1">WARNING: error in the save operation</item>
  <item name="Inserimento.1">The area has been correctly created</item>
  <item name="Inserimento.2">The area has been correctly modified</item>
  <item name="messaggio.CreatoreArea">It is impossible to de-subscribe to your area</item>
  <item name="DeIscrizioneErrata.True">De-subscription succesful completed</item>
  <item name="DeIscrizioneErrata.False">The procedure has not been correctly completed</item>
  <item name="LNBelencoAree.text">Back to the list</item>
  <item name="LNBelencoAree.status">Back to the list</item>
  <item name="LNBelencoAree.ToolTip">Back to the list</item>
  <item name="LNBannullaDettagli.text">Indietro</item>
  <item name="LNBannullaDettagli.status">Indietro</item>
  <item name="LNBannullaDettagli.ToolTip">Indietro</item>
  <item name="LNBiscrivi.text">Iscrivi</item>
  <item name="LNBiscrivi.status">Iscrivi</item>
  <item name="LNBiscrivi.ToolTip">Iscrivi</item>
  <item name="IscrizioneAttesa">Subscription completed and waiting for the activation</item>
  <item name="Iscrizione.False">The subscription has not been completed</item>
  <item name="Iscrizione.True">The subscription has been correctly completed</item>
</Resource>