﻿<?xml version="1.0" encoding="utf-8"?>
<Resource xmlns:xsi="http://www.w3.org/2001/XMLSchema-instance">
  <item name="LBtitolo.text">File Management</item>
  <item name="LBspazio_c.text">Work Area Available free space</item>
  <item name="LNBCreaCartella.text">New folder</item>
  <item name="LNBAllega.text">Attach</item>
  <item name="LNBSendFile.text">Upload</item>
  <item name="LNBOk.text">Ok</item>
  <item name="LNBCreaCartella.ToolTip">Create a new folder</item>
  <item name="LNBAllega.ToolTip" />
  <item name="LNBSendFile.ToolTip" />
  <item name="LNBOk.ToolTip" />
  <item name="LNBCreaCartella.status" />
  <item name="LNBAllega.status" />
  <item name="LNBSendFile.status" />
  <item name="LNBOk.status" />
  <item name="LNBSvuota.text">Empty</item>
  <item name="LNBSvuota.ToolTip">Delete all the files</item>
  <item name="LNBSvuota.status">Delete permanently all the files</item>
  <item name="LNBSvuota.ConfirmText">Are you sure to delete all the file permanently?</item>
  <item name="LNBapriFiltro.text">&lt;img src='./../../images/filtro_open.gif' alt='' align=middle&gt;Show filters</item>
  <item name="LNBapriFiltro.status">Show filters</item>
  <item name="LNBapriFiltro.Tooltip">Show filters</item>
  <item name="LNBchiudiFiltro.text">&lt;img src='./../../images/filtro_close.gif' alt='' align=middle&gt;Hide filters</item>
  <item name="LNBchiudiFiltro.status">Hide filters</item>
  <item name="LNBchiudiFiltro.Tooltip">Hide filters</item>
  <item name="LBNopermessi.text">You don't have the permission to access at this page.</item>
  <item name="LBNoItem.text">No file associated to this area.</item>
  <item name="BTNAggiornaVista.text" />
  <item name="BTNAggiornaVista.status" />
  <item name="BTNAggiornaVista.Tooltip" />
  <item name="LBTotale.text">Total:</item>
  <item name="LBLInformazioni.text">Informazioni</item>
  <item name="LBLNomeFile_t.text">Name:</item>
  <item name="LBLCategoria.text">Category:</item>
  <item name="LBLDescrizione.text">Description:</item>
  <item name="LBLVisibile.text">Visibile:</item>
  <item name="CBXVisibile" />
  <item name="LBinfoFile.text">File/Folder Details</item>
  <item name="LBInfonomeFile_t.text">Nome file: </item>
  <item name="LBInfonomeCartella_t.text">Folder:</item>
  <item name="LBInfodescrizione_t.text">Description:</item>
  <item name="LBInfodataUpload_t.text">Insertion Date:</item>
  <item name="LBInfoproprietario_t.text">Owner:</item>
  <item name="LBInfopercorso_t.text">Path:</item>
  <item name="LBInfocategoria_t.text">Category:</item>
  <item name="LBInfodimensioni_t.text">Dimension:</item>
  <item name="LBInfoscaricato_t.text">Download number:</item>
  <item name="LBInfoautore_t.text">Author/s:</item>
  <item name="LBInfovisibile_t.text">Visibile:</item>
  <item name="DGFileDisponibile.visibilita.HeaderText">Visibilità</item>
  <item name="DGFileDisponibile.FLAR_nome.HeaderText">File name</item>
  <item name="DGFileDisponibile.PRSN_cognome.HeaderText">Owner</item>
  <item name="DGFileDisponibile.FLAR_dataInserimento.HeaderText">Insertion Date</item>
  <item name="IMGEdit.ToolTip">Modify file property</item>
  <item name="IMGDettagli.ToolTip">File details</item>
  <item name="Message.DelFile.Status">Are you sure to delete permanently the file?</item>
  <item name="Message.DelDir.Status">Are you sure to delete permanently the folder?</item>
  <item name="Message.senzaProprietario">Without owner</item>
  <item name="Message.DelFile.ToolTip">Delete the files permanently</item>
  <item name="Message.DelDir.ToolTip">Delete the folder permanently</item>
  <item name="Message.DeleteOk">Delete correctly executed</item>
  <item name="Message.ErroreDel">WARNING: it is impossible to delete</item>
  <item name="Message.ErrorUpload">WARNING: it is impossible to send the file. Press to Undo to back to the list</item>
  <item name="Message.ErrorFileExist">Exists a file with the same name. Please rename the file before the upload.</item>
  <item name="Message.ErrorFileToBig">WARNING: file too big. Remaining space #%%# Kb.</item>
  <item name="Message.UploadOk">File correctly uploaded</item>
  <item name="Message.No">No</item>
  <item name="Message.Si">Yes</item>
  <item name="DDLCategoria.0">- Not available -</item>
  <item name="DDLCategoria.-1">- All -</item>
  <item name="DDLFiltroCategoria.-2">- Not available -</item>
  <item name="DDLFiltroCategoria.-1">- All -</item>
  <item name="Lettera.status">Char #%%#</item>
  <item name="Lettera.ToolTip">Char #%%#</item>
  <item name="LBLFiltroCategoria_t.text">Category:</item>
  <item name="LBLFiltroDescrizione_t.text">Description:</item>
  <item name="CBXFiltroDescrizione.text"> show</item>
  <item name="LNBOk.Elenco.text">Elenco</item>
  <item name="LNBOk.Elenco.ToolTip">Ritorna all'elenco</item>
  <item name="LNBOk.Elenco.status">Ritorna all'elenco</item>
  <item name="LNBOk.Elenco.ConfirmText">The data will be lost. Proceed?</item>
  <item name="LNBSendFile.Modifica.text">Edit</item>
  <item name="LNBSendFile.Modifica.ToolTip">Apply the modification</item>
  <item name="LNBSendFile.Modifica.status">Apply the modification</item>
  <item name="LNBSendFile.Modifica.ConfirmText">The inserted data will be permanently deleted. Proceed?</item>
  <item name="LNBSendFile.Upload.text">Carica file</item>
  <item name="LNBSendFile.Upload.ToolTip">Upload the file</item>
  <item name="LNBSendFile.Upload.status">Upload the file</item>
  <item name="REV_abstract.ErrorMessage">Max 250 characters</item>
  <item name="REV_abstract.text">Max 250 characters</item>
  <item name="LNBOk" />
</Resource>