﻿<?xml version="1.0" encoding="utf-8"?>
<Resource xmlns:xsi="http://www.w3.org/2001/XMLSchema-instance">
  <item name="LBtitolo.text">Area services: #nomearea#</item>
  <item name="LBNopermessi.text">You don't have the permissions to access at this page.</item>
  <item name="LNBsalva.text">Save the settings</item>
  <item name="LNBsalva.status">Save the settings</item>
  <item name="LNBsalva.ToolTip">Save the settings</item>
  <item name="LNBelencoAree.text">Back to the list</item>
  <item name="LNBelencoAree.status">Back to the list</item>
  <item name="LNBelencoAree.ToolTip">Back to the list</item>
  <item name="LBmsgDG.text">No services founded.</item>
  <item name="Lettera.status">Letter #%%#</item>
  <item name="Lettera.ToolTip">Letter #%%#</item>
  <item name="DGelencoServizi.page">Page &lt;#%%#&gt;</item>
  <item name="DGelencoServizi.ordinamento.0.status">Incrising order by &lt;#%%#&gt;</item>
  <item name="DGelencoServizi.ordinamento.1.status">Decreasing order for &lt;#%%#&gt;</item>
  <item name="DGelencoServizi.ordinamento.2.status">Order by &lt;#%%#&gt;</item>
  <item name="NONattivati">Deactivated service.</item>
  <item name="NONabilitati">Disabled service.</item>
  <item name="NONmodificabile">Service NOT deactivabled.</item>
  <item name="Inserimento.-8">WARNING: max area level reached</item>
  <item name="Inserimento.-7">WARNING: it is impossible to create other work areas</item>
  <item name="Inserimento.-6">WARNING: error in the organisation setting</item>
  <item name="Inserimento.-5">WARNING: you must complete all the fields</item>
  <item name="Inserimento.-4">WARNING: you must specify at least one organisation</item>
  <item name="Inserimento.-3">WARNING: modification NOT executed</item>
  <item name="Inserimento.-2">WARNING: area not created</item>
  <item name="Inserimento.-1">WARNING: error in the save operation</item>
  <item name="Inserimento.1">The area has been correctly created</item>
  <item name="Inserimento.2">The area has been correctly modified</item>
  <item name="messaggioSelezione">Select at least one service!</item>
  <item name="AssociazioneServizi.True">Services correctly associated</item>
  <item name="AssociazioneServizi.False">ERROR: Services NOT associated</item>
</Resource>