﻿<?xml version="1.0" encoding="utf-8"?>
<Resource xmlns:xsi="http://www.w3.org/2001/XMLSchema-instance">
  <item name="LBtitolo.text">Area User Management #nomearea#</item>
  <item name="LBNopermessi.text">You don't have the permission to see this page</item>
  <item name="LNBnascondi.status">Back</item>
  <item name="LNBnascondi.text">Back</item>
  <item name="LNBnascondi.ToolTip">Back</item>
  <item name="LNBiscrivi.status">New user</item>
  <item name="LNBiscrivi.text">New user</item>
  <item name="LNBiscrivi.ToolTip">New user</item>
  <item name="DDLiscrizione.-1">All</item>
  <item name="DDLiscrizione.1">Only to active</item>
  <item name="DDLiscrizione.0">Waiting for a confirm</item>
  <item name="DDLiscrizione.4">New Users</item>
  <item name="DDLiscrizione.2">Blocked</item>
  <item name="LBtitolo.-1">User Management</item>
  <item name="LBtitolo.1">Area User Management: active users</item>
  <item name="LBtitolo.0">Area User Management: users waiting for a confirm</item>
  <item name="LBtitolo.4">Area User Management: new users</item>
  <item name="LBtitolo.2">Area User Management: blocked users</item>
  <item name="LBtitolo.elimina">Area User Management: delete subscription</item>
  <item name="DDLTipoRicerca.-2">Name</item>
  <item name="DDLTipoRicerca.-3">Surname</item>
  <item name="DDLTipoRicerca.-4">Name/Surname</item>
  <item name="BTNCerca.text">Search</item>
  <item name="LKBaltro.status">Others characters</item>
  <item name="LKBaltro.text">Others</item>
  <item name="LKBaltro.ToolTip">Others characters</item>
  <item name="LKBtutti.status">All</item>
  <item name="LKBtutti.text">All</item>
  <item name="LKBtutti.ToolTip">All</item>
  <item name="Lettera.status">Letter #%%#</item>
  <item name="Lettera.ToolTip">Letter #%%#</item>
  <item name="DGiscritti.page">Page &lt;#%%#&gt;</item>
  <item name="DGiscritti.ordinamento.0.status">Incrising order by &lt;#%%#&gt;</item>
  <item name="DGiscritti.ordinamento.1.status">Decreasing order for &lt;#%%#&gt;</item>
  <item name="DGiscritti.ordinamento.2.status">Order by &lt;#%%#&gt;</item>
  <item name="DGiscritti.IMBCancella.ImageUrl">../images/x.gif</item>
  <item name="DGiscritti.IMBCancella.ImageUrl_disabled">../images/x_d.gif</item>
  <item name="DGiscritti.IMBCancella.status">Unsubscribe</item>
  <item name="DGiscritti.IMBCancella.AlternateText">Unsubscribe</item>
  <item name="DGiscritti.IMBCancella.ConfirmText">Are you sure to unsubscribe this user?</item>
  <item name="DGiscritti.IMBinfo.ImageUrl">../images/proprieta.gif</item>
  <item name="DGiscritti.IMBinfo.status">User info</item>
  <item name="DGiscritti.IMBinfo.AlternateText">User info</item>
  <item name="DGiscritti.anagrafica.HeaderText">Vital stat.</item>
  <item name="DGiscritti.nome.HeaderText">Name</item>
  <item name="DGiscritti.cognome.HeaderText">Surname</item>
  <item name="DGiscritti.login.HeaderText">Login</item>
  <item name="DGiscritti.tipo.HeaderText">User type</item>
  <item name="DGiscritti.mail.HeaderText">Mail</item>
  <item name="DGiscritti.ultimoCollegamento.HeaderText">Last visit</item>
  <item name="DGiscritti.iscrittoIl.HeaderText">Subscribed on</item>
  <item name="LNBabilita.text">Enable</item>
  <item name="LNBabilita.status">Enable</item>
  <item name="LNBabilita.ToolTip">Activate the selected</item>
  <item name="LNBdisabilita.text">Disable</item>
  <item name="LNBdisabilita.status">Disable</item>
  <item name="LNBdisabilita.ToolTip">Deactivate the selected</item>
  <item name="LNBelimina.text">Delete</item>
  <item name="LNBelimina.status">Delete</item>
  <item name="LNBelimina.ToolTip">Delete</item>
  <item name="LNBcancellaInAttesa.text">Delete the waiting</item>
  <item name="LNBcancellaInAttesa.status">Delete the waiting</item>
  <item name="LNBcancellaInAttesa.ToolTip">Delete the waiting subscription</item>
  <item name="LNBannulla.text">Back to the list</item>
  <item name="LNBannulla.status">Back to the list</item>
  <item name="LNBannulla.ToolTip">Back to the list</item>
  <item name="LNBsalva.text">Save the updated</item>
  <item name="LNBsalva.status">Save the updated</item>
  <item name="LNBsalva.ToolTip">Save the updated</item>
  <item name="LBnoIscritti.0.text">No user of this type</item>
  <item name="LBnoIscritti.1.text">Sorry, there are no users according to the search</item>
  <item name="DDLtipoPersona.-1">&lt; All &gt;</item>
  <item name="creata">Created by:</item>
  <item name="LBtipoPersona_t.text">User type:</item>
  <item name="LBnumeroRecord_t.text">N° Record:</item>
  <item name="LBtipoRicerca_t.text">Search for:</item>
  <item name="LBvalore_t.text">Value:</item>
  <item name="LBiscrizione_t.text">Show:</item>
  <item name="CBXautoUpdate.text">Automatic update</item>
  <item name="LNBelencoAree.text">Back to the areas management</item>
  <item name="LNBelencoAree.status">Back to the areas management</item>
  <item name="LNBelencoAree.ToolTip">Back to the areas management</item>
  <item name="LBparentesi.text">):</item>
  <item name="abilitato.1">Acrive</item>
  <item name="abilitato.0">Blocked</item>
  <item name="abilitato.-1">Waiting for a confirm</item>
  <item name="LogoutMessage">Spiacenti, la sessione è scaduta.Dovrà effettuare nuovamente l'accesso al sistema.</item>
  <item name="NONattivati">User not activated.</item>
  <item name="NONabilitati">User not enabled</item>
  <item name="stato.True">The enrollment MUST be validated.</item>
  <item name="stato.False">Access allowed to everybody</item>
  <item name="stato.image.True">lucchetto_closed.gif</item>
  <item name="stato.image.False">lucchetto_open.gif</item>
  <item name="messaggioConferma">Are you sure to unsubscribe the selected user?</item>
  <item name="messaggioSelezione">Select one or more users.</item>
  <item name="LogoutMessage">Spiacenti, la sessione è scaduta.Dovrà effettuare nuovamente l'accesso al sistema.</item>
  <item name="LNBapriFiltro.text">&lt;img src='./../images/filtro_open.gif' alt='' align=middle&gt;Show the filter</item>
  <item name="LNBapriFiltro.status">Show the community filter</item>
  <item name="LNBapriFiltro.Tooltip">Show the community filter</item>
  <item name="LNBchiudiFiltro.text">&lt;img src='./../images/filtro_close.gif' alt='' align=middle&gt;Hide the filter</item>
  <item name="LNBchiudiFiltro.status">Hide the filter</item>
  <item name="LNBchiudiFiltro.Tooltip">Hide the filter</item>
</Resource>