﻿<?xml version="1.0" encoding="utf-8"?>
<Resource xmlns:xsi="http://www.w3.org/2001/XMLSchema-instance">
  <item name="LBAvviso.zeroByte">Empty File</item>
  <item name="LBAvviso.Esiste">Exists a file with the same name</item>
  <item name="LBAvviso.Uploaded">File correctly uploaded</item>
  <item name="LBLInfoJava.text">In the To Field: (receiver) will be inserted only the first element. The others will appear in the CC (carbon copy).</item>
  <item name="LBTitolo.text">EMail Area</item>
  <item name="LBNopermessi.text">You don't have the permissions to view this page</item>
  <item name="LBfrom.text">From:</item>
  <item name="LBa.text">To:</item>
  <item name="LBaRubrica.text">To: (?)</item>
  <item name="IMBrubrica.AlternateText">Address Book</item>
  <item name="IMBrubrica.status">Receivers Address Book</item>
  <item name="IMBrubricaCCN.AlternateText">Address Book</item>
  <item name="IMBrubricaCCN.status">Receivers Address Book</item>
  <item name="LBLInfoA.message">&lt;img src=./../../images/forum/waiting.gif&gt;</item>
  <item name="LBcc.text">C.C.:</item>
  <item name="LBccn.text">B.C.c.:</item>
  <item name="LBobj.text">Object:</item>
  <item name="LBattach.text">Attachments:</item>
  <item name="LBLErroreAttach.text">Erro in the attach.</item>
  <item name="LBbody.text">Body:</item>
  <item name="CBXcopiamittente.text">Send the copy to the sender</item>
  <item name="CBXricezione.text">Confirm receipt</item>
  <item name="BTallega.text">Attach</item>
  <item name="BTallega.ToolTip">Attach the selected file</item>
  <item name="BTallega.status">Attach the selected file</item>
  <item name="BTNinvia.text">Invia</item>
  <item name="BTNinvia.ToolTip">Send mail</item>
  <item name="BTNinvia.status">Send mail</item>
  <item name="BTNcloseRubrica.text">Confirm</item>
  <item name="BTNcloseRubrica.ToolTip">Confirm receivers</item>
  <item name="BTNcloseRubrica.status">Confirm receivers and back to the mail</item>
  <item name="BTNok.text">Ok</item>
  <item name="BTNok.ToolTip">Ok</item>
  <item name="BTNok.status">Ok</item>
  <item name="BTNokerrore.text">Ok</item>
  <item name="BTNokerrore.ToolTip">Ok</item>
  <item name="BTNokerrore.status">Ok</item>
  <item name="LNBMostraCC.text">Show CC and Bcc</item>
  <item name="LNBMostraCC.ToolTip">Show CC and Bcc</item>
  <item name="LNBMostraCC.status">Show CC (carbon copy) and BCc (blind carbon copy)</item>
  <item name="LNBMostraAttach.text">Show attachments</item>
  <item name="LNBMostraAttach.ToolTip">Show attachments</item>
  <item name="LNBMostraAttach.status">Show attachments</item>
  <item name="LBinviata.text">Mail inviata correttamente</item>
  <item name="LbErroreInvio.text">Error</item>
  <item name="InfoErrore1.text">The attachment is too heavy: #%%# Kb on available 6144 Kb.</item>
  <item name="InfoErrore2.text">ERROR: mail not sent.</item>
  <item name="Error.NoDest">Receiver not available. Mail not sent.</item>
  <item name="LbErroreInvio.text">Errore</item>
  <item name="LbErrore.text">Error</item>
  <item name="BTN.X">X</item>
  <item name="BTN.elimina">Delete</item>
</Resource>