<?xml version="1.0" encoding="utf-8"?>
<Resource xmlns:xsi="http://www.w3.org/2001/XMLSchema-instance" xmlns:xsd="http://www.w3.org/2001/XMLSchema" xmlns="urn:ComolTranslation">
  <item name="insertCode" html="false" placeholder="true" mustcontains="&lt;#code#&gt;|&lt;/#code#&gt;">Specify the text to insert for the selected tag: \n&lt;#code#&gt;text&lt;/#code#&gt;</item>
  <item name="InsertText" html="false" placeholder="true" mustcontains="&lt;#code#&gt;|&lt;/#code#&gt;">&lt;#code#&gt;text&lt;/#code#&gt;</item>
  <item name="IMBGrassetto.status" html="false" placeholder="false">Bold</item>
  <item name="IMBGrassetto.AlternateText" html="false" placeholder="false">Bold</item>
  <item name="IMBitalic.status" html="false" placeholder="false">Italics</item>
  <item name="IMBitalic.AlternateText" html="false" placeholder="false">Italics</item>
  <item name="IMBsottolineato.status" html="false" placeholder="false">Underlined</item>
  <item name="IMBsottolineato.AlternateText" html="false" placeholder="false">Underlined</item>
  <item name="IMBleft.status" html="false" placeholder="false">Align the text left</item>
  <item name="IMBleft.AlternateText" html="false" placeholder="false">Align the text left</item>
  <item name="IMBcenter.status" html="false" placeholder="false">Center</item>
  <item name="IMBcenter.AlternateText" html="false" placeholder="false">Center text</item>
  <item name="IMBright.status" html="false" placeholder="false">Align the text right</item>
  <item name="IMBright.AlternateText" html="false" placeholder="false">Align the text right</item>
  <item name="IMGcolor.status" html="false" placeholder="false">Text color:</item>
  <item name="IMGcolor.AlternateText" html="false" placeholder="false">Define text color</item>
  <item name="IMBcolorN.status" html="false" placeholder="false">Black text</item>
  <item name="IMBcolorN.AlternateText" html="false" placeholder="false">Black text</item>
  <item name="IMBcolorG.status" html="false" placeholder="false">Grey text</item>
  <item name="IMBcolorG.AlternateText" html="false" placeholder="false">Grey text</item>
  <item name="IMBcolorB.status" html="false" placeholder="false">Whi9te text</item>
  <item name="IMBcolorB.AlternateText" html="false" placeholder="false">Whi9te text</item>
  <item name="IMBcolorR.status" html="false" placeholder="false">Red text</item>
  <item name="IMBcolorR.AlternateText" html="false" placeholder="false">Red text</item>
  <item name="IMBcolorV.status" html="false" placeholder="false">Green text</item>
  <item name="IMBcolorV.AlternateText" html="false" placeholder="false">Green text</item>
  <item name="IMBcolorBlu.status" html="false" placeholder="false">Blue text</item>
  <item name="IMBcolorBlu.AlternateText" html="false" placeholder="false">Blue text</item>
  <item name="IMGsfondo.status" html="false" placeholder="false">Background color:</item>
  <item name="IMGsfondo.AlternateText" html="false" placeholder="false">Define text background color</item>
  <item name="IMGunderColoreB.status" html="false" placeholder="false">White background</item>
  <item name="IMGunderColoreB.AlternateText" html="false" placeholder="false">White background</item>
  <item name="IMGunderColoreN.status" html="false" placeholder="false">Black background</item>
  <item name="IMGunderColoreN.AlternateText" html="false" placeholder="false">Black background</item>
  <item name="DDLscorrimentoHTML.ToolTip" html="false" placeholder="false">Define the text scroll speed</item>
  <item name="DDLscorrimentoHTML.-1" html="false" placeholder="false">Scrolling:</item>
  <item name="DDLscorrimentoHTML.0" html="false" placeholder="false">None </item>
  <item name="DDLscorrimentoHTML.1" html="false" placeholder="false">Slow</item>
  <item name="DDLscorrimentoHTML.2" html="false" placeholder="false">Fast</item>
  <item name="DDLscorrimentoHTML.3" html="false" placeholder="false">Very fast</item>
  <item name="DDLFont.ToolTip" html="false" placeholder="false">Define the text font</item>
  <item name="DDLFontSize.ToolTip" html="false" placeholder="false">Define the text size</item>
  <item name="LBcharDescription.text" html="false" placeholder="false"> up </item>
  <item name=" CVlunghezza.ErrorMessage" html="false" placeholder="false">Inserted text exceeds the maximum number of characters</item>
</Resource>