<?xml version="1.0" encoding="utf-8"?>
<Resource xmlns:xsi="http://www.w3.org/2001/XMLSchema-instance" xmlns:xsd="http://www.w3.org/2001/XMLSchema" xmlns="urn:ComolTranslation">
  <item name="LBselezionaComunita.text" html="false" placeholder="false">Community enrollees:</item>
  <item name="RBLcomunita.0" html="false" placeholder="false">current</item>
  <item name="RBLcomunita.-1" html="false" placeholder="false">Current and related sub-community</item>
  <item name="LBselezionaDest.text" html="false" placeholder="false">Recipients :</item>
  <item name="RBLabilitazione.1" html="false" placeholder="false">ONLY the enabled ones</item>
  <item name="RBLabilitazione.5" html="false" placeholder="false">ONLY the blocked ones</item>
  <item name="RBLabilitazione.4" html="false" placeholder="false">To be confirmed</item>
  <item name="RBLabilitazione.0" html="false" placeholder="false">All</item>
  <item name="CBXtutti.text" html="false" placeholder="false">All</item>
  <item name="LBseleziona.text" html="false" placeholder="false">&amp;nbsp;Select:&amp;nbsp;&amp;nbsp;</item>
  <item name="tutti" html="false" placeholder="false">All</item>
  <item name="TABgruppi.Text" html="false" placeholder="false">Groups/Roles</item>
  <item name="TABgruppi.ToolTip" html="false" placeholder="false">Groups/Roles</item>
  <item name="TABsingoli.Text" html="false" placeholder="false">Select single users</item>
  <item name="TABsingoli.ToolTip" html="false" placeholder="false">Select single users</item>
  <item name="RTABGruppi.Text">Groups/Roles</item>
  <item name="RTABGruppi.ToolTip">Groups/Roles</item>
  <item name="RTABSingoli.Text">Select single users</item>
  <item name="RTABSingoli.ToolTip">Select single users</item>
  <item name="DDLTipoRicerca.-2" html="false" placeholder="false">Name</item>
  <item name="DDLTipoRicerca.-3" html="false" placeholder="false">Surname</item>
  <item name="DDLTipoRicerca.-4" html="false" placeholder="false">Name/Surname</item>
  <item name="DDLTipoRicerca.-5" html="false" placeholder="false">Birth date(dd/mm/yyyy)</item>
  <item name="BTNcerca.text" html="false" placeholder="false">Search</item>
  <item name="LKBaltro.status" html="false" placeholder="false">Other characters</item>
  <item name="LKBaltro.text" disambiguation="Relativo a caratteri" html="false" placeholder="false">Other</item>
  <item name="LKBaltro.ToolTip" html="false" placeholder="false">Other characters</item>
  <item name="LKBtutti.status" disambiguation="Relativo a caratteri" html="false" placeholder="false">All</item>
  <item name="LKBtutti.text" disambiguation="Relativo a caratteri" html="false" placeholder="false">All</item>
  <item name="LKBtutti.ToolTip" disambiguation="Relativo a caratteri" html="false" placeholder="false">All</item>
  <item name="Lettera.status" disambiguation="lettera=carattere" html="false" placeholder="true" mustcontains="#%%#">Letter #%%#</item>
  <item name="Lettera.ToolTip" disambiguation="lettera=carattere" html="false" placeholder="true" mustcontains="#%%#">Letter #%%#</item>
  <item name="DGiscritti.page" html="false" placeholder="true" mustcontains="#%%#">Page &lt;#%%#&gt;</item>
  <item name="LBtipoRuolo_t.text" html="false" placeholder="false">Role:</item>
  <item name="LBnumeroRecord_t.text" html="false" placeholder="false">N° Record:</item>
  <item name="LBtipoRicerca_t.text" html="false" placeholder="false">Search type:</item>
  <item name="LBvalore_t.text" html="false" placeholder="false">Value:</item>
  <item name="BTNCerca.ToolTip" html="false" placeholder="false">Search user</item>
  <item name="LBnoIscritti.0.text" html="false" placeholder="false">Sorry, no user found according to the specified role</item>
  <item name="LBnoIscritti.1.text" html="false" placeholder="false">Sorry, no commnity member found according to the specified search criteria.</item>
  <item name="DDLTipoRuolo.-1" disambiguation="Relativo a tipi ruolo" html="false" placeholder="false">-- All --</item>
</Resource>