<?xml version="1.0" encoding="utf-8"?>
<Resource xmlns:xsi="http://www.w3.org/2001/XMLSchema-instance" xmlns:xsd="http://www.w3.org/2001/XMLSchema" xmlns="urn:ComolTranslation">
  <item name="LBtitolo.text" html="false" placeholder="true" mustcontains="#!#">Create supervisors list for the academic list #!#</item>
  <item name="DDLorganizzazione.-1" html="false" placeholder="false">&lt; Not found &gt;</item>
  <item name="DGpersona.PRSN_Anagrafica.HeaderText" html="false" placeholder="false">Vital statistics</item>
  <item name="DGpersona.Mail.HeaderText" html="false" placeholder="false">E-mail</item>
  <item name="LBorganizzazione_t.text" html="false" placeholder="false">Facolty:</item>
  <item name="LBlivelloTesi_t.text" html="false" placeholder="false">Thesis level:</item>
  <item name="DGrelatore.PRSN_Anagrafica.HeaderText" html="false" placeholder="false">Vital statistics</item>
  <item name="DGrelatore.Mail.HeaderText" html="false" placeholder="false">E-mail</item>
  <item name="LBtitolo2.text" html="false" placeholder="false">Management Relatori Potenziali</item>
  <item name="LBanno_t.text" disambiguation="A.A.=Anno accademico" html="false" placeholder="false">A.Y:</item>
  <item name="DGpersona.page" html="false" placeholder="true" mustcontains="#%%#">Page &lt;#%%#&gt;</item>
  <item name="DGpersona.ordinamento.0.status" html="false" placeholder="true" mustcontains="#%%#">Ascending order by &lt;#%%#&gt;</item>
  <item name="DGpersona.ordinamento.1.status" html="false" placeholder="true" mustcontains="#%%#">Descending order by &lt;#%%#&gt;</item>
  <item name="DGpersona.ordinamento.2.status" html="false" placeholder="true" mustcontains="#%%#">Order by &lt;#%%#&gt;</item>
  <item name="DGrelatore.page" html="false" placeholder="true" mustcontains="#%%#">Page &lt;#%%#&gt;</item>
  <item name="DGrelatore.ordinamento.0.status" html="false" placeholder="true" mustcontains="#%%#">Ascending order by &lt;#%%#&gt;</item>
  <item name="DGrelatore.ordinamento.1.status" html="false" placeholder="true" mustcontains="#%%#">Descending order by &lt;#%%#&gt;</item>
  <item name="DGrelatore.ordinamento.2.status" html="false" placeholder="true" mustcontains="#%%#">Order by &lt;#%%#&gt;</item>
  <item name="DGrelatore.blocca.0.text" html="false" placeholder="false">Blocked</item>
  <item name="DGrelatore.blocca.1.text" html="false" placeholder="false">Unblock</item>
  <item name="DGrelatore.blocca.2.text" disambiguation="verbo" html="false" placeholder="false">Activate</item>
  <item name="DGrelatore.blocca.0.status" html="false" placeholder="false">Blocked</item>
  <item name="DGrelatore.blocca.0.AlternateText" html="false" placeholder="false">Blocked</item>
  <item name="DGrelatore.blocca.0.ToolTip" html="false" placeholder="false">Blocked</item>
  <item name="DGrelatore.blocca.0.text" html="false" placeholder="false">Blocca</item>
  <item name="DGrelatore.blocca.1.status" html="false" placeholder="false">Unblock</item>
  <item name="DGrelatore.blocca.1.AlternateText" html="false" placeholder="false">Unblock</item>
  <item name="DGrelatore.blocca.1.ToolTip" html="false" placeholder="false">Unblock</item>
  <item name="DGrelatore.blocca.1.text" html="false" placeholder="false">Sblocca</item>
  <item name="DGrelatore.blocca.2.status" disambiguation="verbo" html="false" placeholder="false">Activate</item>
  <item name="DGrelatore.blocca.2.AlternateText" disambiguation="verbo" html="false" placeholder="false">Activate</item>
  <item name="DGrelatore.blocca.2.ToolTip" disambiguation="verbo" html="false" placeholder="false">Activate</item>
  <item name="DGrelatore.blocca.2.text" disambiguation="verbo" html="false" placeholder="false">Attiva</item>
  <item name="LNBannulla.text" html="false" placeholder="false">Cancel</item>
  <item name="LNBannulla.status" html="false" placeholder="false">Cancel generation of a list of potential supervisors</item>
  <item name="LNBannulla.Tooltip" html="false" placeholder="false">Cancellist generation</item>
  <item name="LNBsalva.text" html="false" placeholder="false">Create supervisors list </item>
  <item name="LNBsalva.status" html="false" placeholder="false">Create supervisors list </item>
  <item name="LNBsalva.Tooltip" html="false" placeholder="false">Create supervisors list </item>
  <item name="LKBCreaNewLista.text" html="false" placeholder="false">Create list for next A.Y</item>
  <item name="LKBCreaNewLista.status" html="false" placeholder="false">Create list for next A.Y</item>
  <item name="LKBCreaNewLista.AlternateText" html="false" placeholder="false">Create list for next A.Y</item>
  <item name="LBnorecord.text" html="false" placeholder="false">Sorry, currently there are no users according to the specified searc criteria</item>
  <item name="LogoutMessage" html="false" placeholder="false">Sorry, your session has expired, you have to log into the system again.</item>
</Resource>