<?xml version="1.0" encoding="utf-8"?>
<Resource xmlns:xsi="http://www.w3.org/2001/XMLSchema-instance" xmlns:xsd="http://www.w3.org/2001/XMLSchema" xmlns="urn:ComolTranslation">
  <item name="LBtitolo.text" html="false" placeholder="false">Competences area management</item>
  <item name="LBNopermessi.text" html="false" placeholder="false">You do not have permission to access this page.</item>
  <item name="LogoutMessage" html="false" placeholder="false">Sorry, your session has expired, you have to log into the system again.</item>
  <item name="LNBeliminaCompetenze.text" html="false" placeholder="false">Delete competence</item>
  <item name="LNBeliminaCompetenze.status" html="false" placeholder="false">Delete competence</item>
  <item name="LNBeliminaCompetenze.ToolTip" html="false" placeholder="false">Delete competence</item>
  <item name="LNBeliminaCompetenze.ConfirmText" html="false" placeholder="false">Attention: the selected competence will be definitively delete from the system.</item>
  <item name="LNBmodifica.text" html="false" placeholder="false">Modify competence</item>
  <item name="LNBmodifica.status" html="false" placeholder="false">Modify competence</item>
  <item name="LNBmodifica.ToolTip" html="false" placeholder="false">Modify competence</item>
  <item name="LNBassociaAltri.text" html="false" placeholder="false">Associate other professors</item>
  <item name="LNBassociaAltri.status" html="false" placeholder="false">Associate other professors</item>
  <item name="LNBassociaAltri.ToolTip" html="false" placeholder="false">Associate other professors</item>
  <item name="LNBcrea.text" html="false" placeholder="false">New competence</item>
  <item name="LNBcrea.status" html="false" placeholder="false">New competence</item>
  <item name="LNBcrea.ToolTip" html="false" placeholder="false">New competence</item>
  <item name="LNBindietro.text" html="false" placeholder="false">Back to list</item>
  <item name="LNBindietro.status" html="false" placeholder="false">Back to list</item>
  <item name="LNBindietro.ToolTip" html="false" placeholder="false">Back to list</item>
  <item name="LNBsalva.text" html="false" placeholder="false">Save</item>
  <item name="LNBsalva.status" html="false" placeholder="false">Save</item>
  <item name="LNBsalva.ToolTip" html="false" placeholder="false">Save</item>
  <item name="LBorganizzazione_t.text" html="false" placeholder="false">Facolty:&amp;nbsp;</item>
  <item name="DDLorganizzazione.0" disambiguation="relativo ad organizzazione" html="false" placeholder="false">None</item>
  <item name="LBcompetenze_t.text" html="false" placeholder="false"> Competences:&amp;nbsp;</item>
  <item name="DDLCompetenze.0" html="false" placeholder="false">All</item>
  <item name="LKBaltro.status" html="false" placeholder="false">Other characters</item>
  <item name="LKBaltro.text" disambiguation="Relativo a caratteri" html="false" placeholder="false">Other</item>
  <item name="LKBaltro.ToolTip" html="false" placeholder="false">Other characters</item>
  <item name="LKBtutti.status" disambiguation="Relativo a caratteri" html="false" placeholder="false">All</item>
  <item name="LKBtutti.text" disambiguation="Relativo a caratteri" html="false" placeholder="false">All</item>
  <item name="LKBtutti.ToolTip" disambiguation="Relativo a caratteri" html="false" placeholder="false">All</item>
  <item name="Lettera.status" disambiguation="lettera=carattere" html="false" placeholder="true" mustcontains="#%%#">Letter #%%#</item>
  <item name="Lettera.ToolTip" disambiguation="lettera=carattere" html="false" placeholder="true" mustcontains="#%%#">Letter #%%#</item>
  <item name="LBnumeroRecord.text" html="false" placeholder="false">N° record:</item>
  <item name="DGcompetenze.page" html="false" placeholder="true" mustcontains="#%%#">Page &lt;#%%#&gt;</item>
  <item name="DGcompetenze.ordinamento.0.status" html="false" placeholder="true" mustcontains="#%%#">Ascending order by &lt;#%%#&gt;</item>
  <item name="DGcompetenze.ordinamento.1.status" html="false" placeholder="true" mustcontains="#%%#">Descending order by &lt;#%%#&gt;</item>
  <item name="DGcompetenze.ordinamento.2.status" html="false" placeholder="true" mustcontains="#%%#">Order by &lt;#%%#&gt;</item>
  <item name="DGcompetenze.docente.HeaderText" html="false" placeholder="false">Professor</item>
  <item name="LNBassocia.text" disambiguation="verbo" html="false" placeholder="false">Modify</item>
  <item name="LNBassocia.status" html="false" placeholder="false">Modify associated competences </item>
  <item name="LNBassocia.ToolTip" html="false" placeholder="false">Modify associated competences </item>
  <item name="LNBdeAssocia.text" html="false" placeholder="false">Remove</item>
  <item name="LNBdeAssocia.status" html="false" placeholder="false">Delete professor-competence association</item>
  <item name="LNBdeAssocia.ToolTip" html="false" placeholder="false">Delete professor-competence association</item>
  <item name="LNBdeAssocia.ConfirmText" html="false" placeholder="false">Are you sure you want to delete the association between the teache and the related competence?</item>
  <item name="LBqualifica_t.text" html="false" placeholder="false">Qualification:&amp;nbsp;</item>
  <item name="LBtipoDocente_t.text" disambiguation="relativo a tipo docente" html="false" placeholder="false">Type:&amp;nbsp;</item>
  <item name="LBcompetenzeDoc_t.text" html="false" placeholder="false"> Competences:&amp;nbsp;</item>
  <item name="LBnoRecord.text" html="false" placeholder="false">No professor found, according to the specified competences and faculty:</item>
  <item name="messaggio.2" html="false" placeholder="false">No professor found, according to the selected competences and faculties.</item>
  <item name="messaggio.3" html="false" placeholder="false">The selected community has not users that can be associated to the competence.</item>
  <item name="messaggio.4" html="false" placeholder="false">No competence found in the system which is associated to the selected faculty.</item>
  <item name="messaggio.5" html="false" placeholder="false">No faculty found.</item>
  <item name="Inserimento.0" html="false" placeholder="false" />
  <item name="Inserimento.1" html="false" placeholder="false">Insertion correctly performed.</item>
  <item name="Inserimento.2" html="false" placeholder="false">Changes were successful.</item>
  <item name="Inserimento.3" html="false" placeholder="false">Competences association performed</item>
  <item name="Inserimento.-1" html="false" placeholder="false">Error while entering a new competence.</item>
  <item name="Inserimento.-2" html="false" placeholder="false">Error, changes were not correctly applied.</item>
  <item name="Inserimento.-3" html="false" placeholder="false">There are no faculties to which associate the competence.</item>
  <item name="Inserimento.-4" html="false" placeholder="false">Some mandatory fields were not filled in.</item>
  <item name="Inserimento.-5" html="false" placeholder="false">Error while loading data</item>
  <item name="Inserimento.-6" html="false" placeholder="false">No professor available for the faculty and the competence.</item>
  <item name="Inserimento.-7" html="false" placeholder="false">Error while associating the competences of the selected professor.</item>
  <item name="Inserimento.-8" html="false" placeholder="false">No compretence defined for the selected faculty.</item>
  <item name="LBorganizzazione2_t.text" html="false" placeholder="false">Facolty:&amp;nbsp;</item>
  <item name="LBdocente_t.text" html="false" placeholder="false">Professor:&amp;nbsp;</item>
  <item name="LBcompetenze_t.text" html="false" placeholder="false">Competenze:&amp;nbsp;</item>
  <item name="LBcompetenza_t.text" html="false" placeholder="false">*Competences:&amp;nbsp;</item>
  <item name="LBdocenti_t.text" html="false" placeholder="false">Professors:&amp;nbsp;</item>
  <item name="DGdocente.page" html="false" placeholder="true" mustcontains="#%%#">Page &lt;#%%#&gt;</item>
  <item name="DGdocente.ordinamento.0.status" html="false" placeholder="true" mustcontains="#%%#">Ascending order by &lt;#%%#&gt;</item>
  <item name="DGdocente.ordinamento.1.status" html="false" placeholder="true" mustcontains="#%%#">Descending order by &lt;#%%#&gt;</item>
  <item name="DGdocente.ordinamento.2.status" html="false" placeholder="true" mustcontains="#%%#">Order by &lt;#%%#&gt;</item>
  <item name="DGdocente.docente.HeaderText" html="false" placeholder="false">Professor</item>
  <item name="DGdocente.tipologia.HeaderText" html="false" placeholder="false">Type</item>
  <item name="tutte" html="false" placeholder="false">All</item>
  <item name="nessuna" html="false" placeholder="false">No competence detected</item>
</Resource>