<?xml version="1.0" encoding="utf-8"?>
<Resource xmlns:xsi="http://www.w3.org/2001/XMLSchema-instance" xmlns:xsd="http://www.w3.org/2001/XMLSchema" xmlns="urn:ComolTranslation">
  <item name="Lbl_DetFile_t.text" html="false" placeholder="false">File details</item>
  <item name="Lbl_ComService_t.text" html="false" placeholder="false">Community/Service:</item>
  <item name="Lbl_Path_t.text" disambiguation="percorso file" html="false" placeholder="false">Path:</item>
  <item name="Lbl_Size_t.text" html="false" placeholder="false">Size:</item>
  <item name="Lbl_UbloadBy_t.text" html="false" placeholder="false">Uploaded by:</item>
  <item name="Lbl_TotalDownload_t.text" disambiguation="scaricamenti=download" html="false" placeholder="false">Total Downloads</item>
  <item name="Lbl_DD_Service_t.text" disambiguation="da=inteso come azione eseguita dall'utente" html="false" placeholder="false">by</item>
</Resource>