<?xml version="1.0" encoding="utf-8"?>
<Resource xmlns:xsi="http://www.w3.org/2001/XMLSchema-instance" xmlns:xsd="http://www.w3.org/2001/XMLSchema" xmlns="urn:ComolTranslation">
  <item name="Lbl_File_T.text" html="false" placeholder="false">File</item>
  <item name="Lbl_User_T.text" html="false" placeholder="false">User</item>
  <item name="DG_UsrName_t" html="false" placeholder="false">User name</item>
  <item name="DG_FileName_t" html="false" placeholder="false">File</item>
  <item name="DG_FileFilter_t" html="false" placeholder="false">Filter</item>
  <item name="DG_NumPlay_t" html="false" placeholder="false">Play number</item>
  <item name="DG_Time_t" html="false" placeholder="false">Time</item>
  <item name="DG_Act_t" disambiguation="singolare" html="false" placeholder="false">Activity</item>
  <item name="DG_Status_t" disambiguation="status: attivo/chiuso/in corso/valutazione" html="false" placeholder="false">Status</item>
  <item name="DG_Score_t" html="false" placeholder="false">Crude score</item>
  <item name="DG_Detail_t" html="false" placeholder="false">Details</item>
  <item name="DG_Completition_t" html="false" placeholder="false">Completion</item>
  <item name="DG_TipoFile_t" html="false" placeholder="false">Type</item>
  <item name="DG_Down_t" disambiguation="scaricamenti=download" html="false" placeholder="false">Downloads</item>
  <item name="DG_Detail_t" html="false" placeholder="false">Dettagli</item>
  <item name="LNK_File.text" html="false" placeholder="false">File</item>
  <item name="LNK_Scorm.text" html="false" placeholder="false">Scorm</item>
  <item name="BackGreenStr" html="false" placeholder="false" hidden="true">#99FF99</item>
  <item name="BackYellowStr" html="false" placeholder="false" hidden="true">#FFFF99</item>
  <item name="BackRedStr" html="false" placeholder="false" hidden="true">#FF9999</item>
  <item name="Lbl_Filter_T.text" html="false" placeholder="false">Filter:</item>
  <item name="Filter.ByActivity" html="false" placeholder="false">By activity</item>
  <item name="Filter.Default" html="false" placeholder="false">Default</item>
  <item name="Filter.Custom" html="false" placeholder="false">Custumized</item>
  <item name="Lnk_CloseRefresh.text" html="false" placeholder="false">Close and update</item>
  <item name="Lnk_CloseRefresh.ToolTip" html="false" placeholder="false">Close and update</item>
  <item name="Lnk_CloseRefresh.status" html="false" placeholder="false">Close and update</item>
  <item name="Sc_Status.Completed" html="false" placeholder="false">Completed</item>
  <item name="Sc_Status.Started" html="false" placeholder="false">Started</item>
  <item name="Sc_Status.NotStarted" html="false" placeholder="false">Not started</item>
  <item name="Export.FileName" html="false" placeholder="false">Scorm</item>
  <item name="Export.Subject" html="false" placeholder="false">SCORM summary</item>
  <item name="Export.Title" html="false" placeholder="false">SCORM activity report </item>
  <item name="Export.NoFileData" html="false" placeholder="false">No data available for the current file</item>
</Resource>