<?xml version="1.0" encoding="utf-8"?>
<Resource xmlns:xsi="http://www.w3.org/2001/XMLSchema-instance" xmlns:xsd="http://www.w3.org/2001/XMLSchema" xmlns="urn:ComolTranslation">
  <item name="PageTitle" html="false" placeholder="false">Esse3 register</item>
  <item name="LBtitoloServizio.text" html="false" placeholder="false">Esse3 registers- Experimental service</item>
  <item name="LBdisclaimer.text" html="false" placeholder="true" mustcontains="{0}|{1}">ATTENTION: service is actil servizio è attualmente in fase di sviluppo, i dati sono aggiornati alle {0} del {1}</item>
  <item name="LBNopermessi.text" html="false" placeholder="false">You do not have permission to access this page.</item>
  <item name="LogoutMessage" html="false" placeholder="false">Sorry, your session has expired, you have to log into the system again.</item>
  <item name="LTlastUpdate.text" html="false" placeholder="true" mustcontains="{0}|{1}">Last update on {0} at {1}.</item>
  <item name="LBfacolta.text" html="false" placeholder="false">Facolty:</item>
  <item name="DDLfacolta.-1" html="false" placeholder="false">Anyone</item>
  <item name="LBannoAccademico.text" html="false" placeholder="false">Academic year:</item>
  <item name="DDLannoAccademico.-1" html="false" placeholder="false">Anyone</item>
  <item name="GDVregistri.summary" html="false" placeholder="true" mustcontains="{0}">List of the course registers compiled by the professor in Esse3 - page {0}.</item>
  <item name="GDVregistri.Opzioni.HeaderText" html="false" placeholder="false">Options</item>
  <item name="GDVregistri.Opzioni.AccessibleHeaderText" html="false" placeholder="false">Options for the register detail's view</item>
  <item name="GDVregistri.Corso.HeaderText" html="false" placeholder="false">Course</item>
  <item name="GDVregistri.Corso.AccessibleHeaderText" html="false" placeholder="false">Course register</item>
  <item name="GDVregistri.CreatoIl.HeaderText" html="false" placeholder="false">Created on</item>
  <item name="GDVregistri.CreatoIl.AccessibleHeaderText" html="false" placeholder="false">Sort register by creation date</item>
  <item name="GDVregistri.ModificatoIl.HeaderText" html="false" placeholder="false">Modified on</item>
  <item name="GDVregistri.ModificatoIl.AccessibleHeaderText" html="false" placeholder="false">Sort register by modification date</item>
  <item name="GDVregistri.Stato.HeaderText" disambiguation="status: attivo/chiuso/in corso/valutazione" html="false" placeholder="false">Status</item>
  <item name="GDVregistri.Stato.AccessibleHeaderText" html="false" placeholder="false">Sort registry according to the current status</item>
  <item name="GoToPage" html="false" placeholder="true" mustcontains="{0}">Go to page {0}</item>
  <item name="ActualPage" html="false" placeholder="true" mustcontains="{0}">Displayed page number {0}</item>
  <item name="Summary_Navigazione" html="false" placeholder="false">Navigation between pages</item>
  <item name="Direction.1" html="false" placeholder="false">Ascending order</item>
  <item name="Direction.2" html="false" placeholder="false">Descending order</item>
  <item name="TipoAfferenza.0" html="false" placeholder="false"> (docente titolare)</item>
  <item name="TipoAfferenza.1" html="false" placeholder="false"> (docente responsabile didattica)</item>
  <item name="TipoAfferenza.2" html="false" placeholder="false"> (docente titolare e responsabile della didattica)</item>
  <item name="TipoAfferenza.3" html="false" placeholder="false"> (professor)</item>
  <item name="TipoAfferenza.4" html="false" placeholder="false" />
  <item name="LBtitolo_t.text" html="false" placeholder="false">Title:</item>
  <item name="LBprogramma_t.text" html="false" placeholder="false">Program:</item>
  <item name="LBcompresenze_t.text" html="false" placeholder="false">Copresences:</item>
  <item name="LBgruppi_t.text" html="false" placeholder="false">Groups:</item>
  <item name="BTNreturnToList.text" html="false" placeholder="false">Back to list</item>
  <item name="BTNreturnToList.ToolTip" html="false" placeholder="false">Back to personal registers list</item>
  <item name="BTNimport.text" html="false" placeholder="false">Import in community</item>
  <item name="BTNimport.ToolTip" html="false" placeholder="false">Activate procedure to import the register into a community.</item>
  <item name="BTNshowDetails.text" html="false" placeholder="false">Show details</item>
  <item name="BTNshowDetails.ToolTip" html="false" placeholder="false">Show current register details</item>
  <item name="BTNhideDetails.text" html="false" placeholder="false">Hide details</item>
  <item name="BTNhideDetails.ToolTip" html="false" placeholder="false">Hide details of the current register</item>
  <item name="LBcorso_t.text" html="false" placeholder="false">Teaching activity:</item>
  <item name="LBdocenti_t.text" html="false" placeholder="false">Professors:</item>
  <item name="LBcreate_t.text" html="false" placeholder="false">Created on:</item>
  <item name="LBmodifyAt_t.text" html="false" placeholder="false">Modified on:</item>
  <item name="LBactivitySummary_t.text" html="false" placeholder="false">Progress satus:</item>
  <item name="LBstatus_t.text" html="false" placeholder="false">Register status:</item>
  <item name="Status.0" disambiguation="n.d.=nessun dato" html="false" placeholder="false">n.d.</item>
  <item name="Status.1" html="false" placeholder="false">Draft</item>
  <item name="Status.2" html="false" placeholder="false">Verified</item>
  <item name="Status.3" html="false" placeholder="false">Confirmed</item>
  <item name="Status.4" html="false" placeholder="false">Printed</item>
  <item name="BTNunselectAllTop.text" html="false" placeholder="false">Deselect all</item>
  <item name="BTNunselectAllTop.ToolTip" html="false" placeholder="false">Deselect all data to import </item>
  <item name="BTNselectAllTop.text" html="false" placeholder="false">Select all</item>
  <item name="BTNselectAllTop.ToolTip" html="false" placeholder="false">Select all the details you want to import</item>
  <item name="BTNreverseSelectionTop.text" html="false" placeholder="false">Invert selection</item>
  <item name="BTNreverseSelectionTop.ToolTip" html="false" placeholder="false">Invert selection of the details to import</item>
  <item name="BTNunselectAllBottom.text" html="false" placeholder="false">Deselect all</item>
  <item name="BTNunselectAllBottom.ToolTip" html="false" placeholder="false">Deselect all data to import </item>
  <item name="BTNselectAllBottom.text" html="false" placeholder="false">Select all</item>
  <item name="BTNselectAllBottom.ToolTip" html="false" placeholder="false">Select all the details you want to import</item>
  <item name="BTNreverseSelectionBottom.text" html="false" placeholder="false">Invert selection</item>
  <item name="BTNreverseSelectionBottom.ToolTip" html="false" placeholder="false">Invert selection of the details to import</item>
  <item name="BTNselectFromDetailsTop.text" html="false" placeholder="false">Show details</item>
  <item name="BTNselectFromDetailsTop.ToolTip" html="false" placeholder="false">Show current register details</item>
  <item name="BTNselectFromEventTop.text" html="false" placeholder="false">Hide details</item>
  <item name="BTNselectFromEventTop.ToolTip" html="false" placeholder="false">Hide details of the current register</item>
  <item name="GDVdettagli.summary" html="false" placeholder="false">Esse3 register's activity list.</item>
  <item name="GDVdettagli.DataSvolgimento.HeaderText" html="false" placeholder="false">Date</item>
  <item name="GDVdettagli.DataSvolgimento.AccessibleHeaderText" html="false" placeholder="false">Activity performance date</item>
  <item name="GDVdettagli.OreAccademiche.HeaderText" html="false" placeholder="false">Hours</item>
  <item name="GDVdettagli.OreAccademiche.AccessibleHeaderText" html="false" placeholder="false">Hours</item>
  <item name="GDVdettagli.Titolo.HeaderText" html="false" placeholder="false">Title</item>
  <item name="GDVdettagli.Titolo.AccessibleHeaderText" html="false" placeholder="false">Performed activity title</item>
  <item name="GDVdettagli.TipoAttivita.HeaderText" html="false" placeholder="false">Activity type</item>
  <item name="GDVdettagli.TipoAttivita.AccessibleHeaderText" html="false" placeholder="false">Performed activity type </item>
  <item name="GDVdettagli.Select.HeaderText" html="false" placeholder="false">Select</item>
  <item name="GDVdettagli.Select.AccessibleHeaderText" html="false" placeholder="false">Select detail to import.</item>
  <item name="CBXselected.text" html="false" placeholder="false" />
  <item name="CBXselected.ToolTip" html="false" placeholder="true" mustcontains="{0}">Select the activity {0}</item>
  <item name="LBconflictText.text" html="false" placeholder="true" mustcontains="{0}|{1}|{2}|{3}|{4}|{5}|{6}|{7}">Event "{0} ({1} from {2} to {3}) in the Esse3 register is in conflict with the event "{4} ({5} from {6} to {7})." </item>
  <item name="LBdisclaimerConflicts.text" html="true" placeholder="false">Attention: some events are in  conflict with each other.&lt;br&gt;Select the events you want to overwrite.&lt;br&gt;</item>
  <item name="LBconflictTextHeader.text" html="false" placeholder="false">Events in conflict</item>
  <item name="RBLaction.0" html="false" placeholder="false">Keep previous </item>
  <item name="RBLaction.1" html="false" placeholder="false">Overwrite</item>
  <item name="BTNbackToRegister.text" html="false" placeholder="false">Back to registers</item>
  <item name="BTNbackToRegister.ToolTip" html="false" placeholder="false">Back to Esse3 register</item>
  <item name="LBnoRegistri.text" html="false" placeholder="false">Sorry, any Esse3 register was detected, which is associated with your account. if you are a professor in charge or a teacher assistant of an UNITN course, please contact the system administrator, signaling the error and specifying by e-mail the COURSE NAME and the related UNIQUE CODE.</item>
  <item name="ActivityDetail" html="true" placeholder="true" mustcontains="{0}|{1}">{0}&amp;nbsp;(hours {1})</item>
  <item name="LBconfirm.text" html="false" placeholder="false">Per concludere l'operazione ed importare i dati dal registro Esse3 nel relativo corso/comunità è necessario premere sul pulsante in basso a destra, in caso contrario è possibile tornare direttamente alla pagina dei registri.</item>
  <item name="BTNgoToDetailsView.text" html="false" placeholder="false">Back to visualisation</item>
  <item name="BTNgoToDetailsView.ToolTip" html="false" placeholder="false">Back to Esse3 registers visualisation</item>
  <item name="StartNextButton.text" html="false" placeholder="false">Next</item>
  <item name="StartNextButton.ToolTip" html="false" placeholder="false">Go to next step.</item>
  <item name="StepNextButton.text" html="false" placeholder="false">Next</item>
  <item name="StepNextButton.ToolTip" html="false" placeholder="false">Go to next step.</item>
  <item name="StepPreviousButton.text" html="false" placeholder="false">Back</item>
  <item name="StepPreviousButton.ToolTip" html="false" placeholder="false">Back to previous step.</item>
  <item name="FinishPreviousButton.text" html="false" placeholder="false">Back</item>
  <item name="FinishPreviousButton.ToolTip" html="false" placeholder="false">Back to previous step.</item>
  <item name="FinishButton.text" html="false" placeholder="false">Import details</item>
  <item name="FinishButton.ToolTip" html="false" placeholder="false">Import the selected details into the choosen community.</item>
</Resource>