﻿<?xml version="1.0" encoding="utf-8" ?>
<Resource>
  <item name="serviceTitle">Lista bandi</item>
  <item name="serviceTitleCommunity">Lista bandi della comunità &lt;span tooltip="{0}" &gt;{1} &lt;span/&gt;</item>
  <item name="nopermission">Spiacente, non hai i permessi per accedere a questa pagina.</item>
  <item name="UserCallForPaperStatus.SubmissionOpened">Bandi disponibili</item>
  <item name="UserCallForPaperStatus.Submitted">Bandi sottomessi</item>
  <item name="UserCallForPaperStatus.SubmissionClosed">Bandi conclusi</item>
  <item name="UserCallForPaperStatus.Draft">Bandi in bozza</item>
  <item name="UserCallForPaperStatus.ToEvaluate">Bandi da valutare</item>
  <item name="UserCallForPaperStatus.Evaluated">Bandi valutati</item>
  <item name="Portalname">Portale / Home</item>
  
  <item name="LTdescriptionTitle.text">Descrizione breve:</item>
  <item name="LTendDateTitle.text">Scadenza:</item>
  <item name="LTstatusTitle.text">Status:</item>
  <item name="ProjectName">{0}</item>
  <item name="ProjectEdition">(edizione {0}).</item>
  <item name="SubmissionStatus.none">Partecipa al bando</item>
  <item name="SubmissionStatus.draft">Continua la compilazione della domanda</item>
  <item name="SubmissionStatus.submitted">Domanda sottomessa</item>
  <item name="SubmissionStatus.accepted">Domanda accettata</item>
  <item name="SubmissionStatus.rejected">Domanda rifiutata</item>
  <item name="SubmissionStatus.waitingValuation">Domanda in attesa di valutazione</item>
  <item name="SubmissionStatus.valuating">Domanda in fase di valutazione</item>
  <item name="SubmissionStatus.valuated">Domanda valutata</item>
  <item name="Closed.SubmissionStatus.draft">Bozza non sottomessa</item>
  <item name="LTnoCalls.text">Nessun bando trovato in questa categoria</item>
  <item name="LTpage.text">Go to page:</item>
  <item name="serviceManagementTitle">Gestione bandi</item>
  <item name="serviceManagementTitleCommunity">Gestione bandi della comunità &lt;span tooltip="{0}" &gt;{1} &lt;span/&gt;</item>
  <item name="LNBvirtualDelete.text"> </item>
  <item name="LNBvirtualDelete.ToolTip">Cancella il bando selezionato</item>
  <item name="LNBvirtualDelete.status">Cancella il bando selezionato</item>
  <item name="LNBundelete.text"> </item>
  <item name="LNBundelete.ToolTip">Recupera il bando selezionato dal cestino</item>
  <item name="LNBundelete.status">Recupera il bando selezionato dal cestino</item>
  <item name="LNBdelete.text"> </item>
  <item name="LNBdelete.ToolTip">Cancella definitivamente il bando selezionato dal cestino</item>
  <item name="LNBdelete.status">Cancella definitivamente il bando selezionato dal cestino</item>
  <item name="HYPedit.text"> </item>
  <item name="HYPedit.ToolTip">Modifica il bando selezionato</item>
  <item name="HYPedit.status">Modifica il bando selezionato</item>
  <item name="CallForPaperStatus.Draft">Bozza</item>
  <item name="CallForPaperStatus.Published">Pubblicato</item>
  <item name="CallForPaperStatus.SubmissionOpened">Sottomissione domande APERTA</item>
  <item name="CallForPaperStatus.SubmissionClosed">Sottomissione domande CHIUSA</item>
  <item name="CallForPaperStatus.None">--</item>
  <item name="HYPcreateCallForPaper.text">Crea bando</item>
  <item name="HYPcreateCallForPaper.ToolTip">Crea un nuovo bando</item>
  <item name="HYPcreateCallForPaper.status">Crea un nuovo bando</item>
  <item name="HYPlist.text">Lista bandi</item>
  <item name="HYPlist.ToolTip">Vai alla pagina con l'elenco dei bandi pubblicati</item>
  <item name="HYPlist.status">Crea un nuovo bando</item>
  <item name="FilterCallForPaper.OnlyVisible">solo i disponibili</item>
  <item name="FilterCallForPaper.OnlyDeleted">solo i cancellati</item>
  <item name="FilterCallForPaper.All">disponibili/cancellati</item>
  <item name="DraftMode">BOZZA - </item>
  <item name="HYPview.text"> </item>
  <item name="HYPview.ToolTip">Visualizza bando [{0} domanda/e sottomesse]</item>
  <item name="HYPview.status">Visualizza domande bando</item>
  <item name="HYPstatistics.text"> </item>
  <item name="HYPstatistics.ToolTip">Visualizza</item>
  <item name="HYPstatistics.status">Visualizza</item>
  <item name="HYPmanage.text">Gestione bandi</item>
  <item name="HYPmanage.status">Torna alla pagina di gestione dei bandi</item>
  <item name="HYPmanage.ToolTip">Torna alla pagina di gestione dei bandi</item>
  <item name="HYPevaluationManagement.text"> </item>
  <item name="HYPevaluationManagement.ToolTip">Gestione valutazioni</item>
  <item name="HYPevaluationManagement.status">Gestione valutazioni</item>
  <item name="LTtoEvaluate.text">Domande da valutare:</item>
  <item name="LTevaluated.text">Domande valutate:</item>
  <item name="itemCount">{0} su {1}</item>
</Resource>