﻿<?xml version="1.0" encoding="utf-8" ?>
<Resource>
  <item name="ServiceTitle">Gestione criteri di valutazione</item>
  <item name="serviceTitleCommunity">&lt;span title="Gestione criteri di valutazione del bando '{0}'" &gt;Gestione criteri di valutazione  - "{1}" &lt;span/&gt;</item>
  <item name="nopermission">Spiacente, non hai i permessi per accedere a questa pagina.</item>
  <item name="HYPevaluationManagement.text">Gestione valutazioni</item>
  <item name="HYPevaluationManagement.status">Torna alla pagina di gestione delle valutazioni</item>
  <item name="HYPevaluationManagement.ToolTip">Torna alla pagina di gestione delle valutazioni</item>
  <item name="HYPcallForPapersList.text">Torna ai bandi</item>
  <item name="HYPcallForPapersList.status">Torna alla pagina con la lista dei bandi</item>
  <item name="HYPcallForPapersList.ToolTip">Torna alla pagina con la lista dei bandi</item>
  
  <item name="LNBaddCriterion.text">Nuovo</item>
  <item name="LNBaddCriterion.status">Aggiungi un nuovo criterio</item>
  <item name="LNBaddCriterion.ToolTip">Aggiungi un nuovo criterio</item>
  <item name="LBcriterionInfo.text">Critero di valutazione</item>
  <item name="LBcriterionName.text">Nome:</item>
  <item name="LBcriterionDescription.text">Descrizione:</item>
  <item name="CMVvalue.ErrorMessage">Il valore minimo deve essere inferiore al valore massimo.</item>
  <item name="RFVminValue.ErrorMessage">Il valore minimo deve essere specificato.</item>
  <item name="RFVmaxValue.ErrorMessage">Il valore massimo deve essere specificato.</item>
  <item name="LBminValue.text">Valore minimo valutazione:</item>
  <item name="LBmaxValue.text">Valore massimo valutazione:</item>
  <item name="BTNundoEditCriterion.text">Chiudi</item>
  <item name="BTNundoEditCriterion.status">Chiudi</item>
  <item name="BTNundoEditCriterion.ToolTip">Chiudi</item>
  <item name="BTNsaveCriterion.text">Salva</item>
  <item name="BTNsaveCriterion.status">Salva il dati relativi al criterio</item>
  <item name="BTNsaveCriterion.ToolTip">Salva il dati relativi al criterio</item>
  <item name="BTNcloseError.text">Chiudi</item>
  <item name="BTNcloseError.status">Chiudi</item>
  <item name="BTNcloseError.ToolTip">Chiudi</item>
  <item name="criterionName">criterio</item>
  <item name="view.criterionManagement">Criterio di valutazione - Nuovo/Modifica</item>
  <item name="view.ErrorMessages">Criterio di valutazione - Errore</item>
  
  <item name="LNBdelete.text">&lt;img src="{0}" ToolTip="{1}"&gt;</item>
  <item name="LNBdelete.status">Cancellazione definitiva</item>
  <item name="LNBdelete.ToolTip">Cancellazione definitiva</item>
  <item name="LNBvirtualDelete.text">&lt;img src="{0}" ToolTip="{1}"&gt;</item>
  <item name="LNBvirtualDelete.status">Cestina il criterio di valutazione</item>
  <item name="LNBvirtualDelete.ToolTip">Cestina il criterio di valutazione</item>
  <item name="LNBvirtualDelete.ConfirmText">Sei sicuro di voler cestinare il criterio selezionato ?</item>
  <item name="LNBundelete.text">&lt;img src="{0}" ToolTip="{1}"&gt;</item>
  <item name="LNBundelete.status">Recupera dal cestino</item>
  <item name="LNBundelete.ToolTip">Recupera dal cestino</item>
  <item name="DLGremoveCriterionTitle">Cancellazione criterio</item>
  <item name="DLGremoveCriterionText">Si intende cancellare definitivamente il criterio selezionato ?</item>

  <item name="LTcriteria.text">Criteri</item>
  <item name="LTcriterionName.text">Nome</item>
  <item name="LTcriterionMinValue.text">Min</item>
  <item name="LTcriterionMaxValue.text">Max</item>
  <item name="UnknowCallForPaper">Impossibile caricare i criteri di valutazione per il bando selezionato, il bando non esiste !</item>

  <item name="CriterionDeleteError">Errore nella fase di cancellazione del criterio {0}.</item>
  <item name="CriterionUnDeleteError">Errore nella fase di ripristino del criterio {0} dal cestino.</item>
  <item name="CriterionUpdateError">Errore nel salvataggio dei dati relativi al criterio {0}</item>
  <item name="CriterionUpdateErrorCount">Errore nel salvataggio dei dati relativi al criterio {0} ,è stato utilizzato in {1} valutazioni e non è possible continuare con l'azione.</item>
  <item name="UnknowCriterionError">Criterio sconosciuto, ricaricare la pagina</item>
  <item name="CriterionWithSubmissionError">Il criterio {0} è stato utilizzato in {1} valutazioni, non è possible continuare con l'azione.</item>
</Resource>