﻿<?xml version="1.0" encoding="utf-8" ?>
<Resource>
  <item name="ServiceTitle">Gestione valutazione bando</item>
  <item name="serviceTitleCommunity">&lt;span tooltip="Gestione valutazione del bando "{0}" &gt;Gestione valutazione - "{1}" &lt;span/&gt;</item>
  <item name="nopermission">Spiacente, non hai i permessi per accedere a questa pagina.</item>
  <item name="HYPcallForPapersList.text">Torna ai bandi</item>
  <item name="HYPcallForPapersList.status">Torna alla pagina con la lista dei bandi</item>
  <item name="HYPcallForPapersList.ToolTip">Torna alla pagina con la lista dei bandi</item>
  <item name="HYPmanage.text">Torna ai bandi</item>
  <item name="HYPmanage.status">Torna alla pagina di gestione dei bandi</item>
  <item name="HYPmanage.ToolTip">Torna alla pagina di gestione dei bandi</item>
  <item name="HYPcriteria.text">Gestione criteri</item>
  <item name="HYPcriteria.status">Vai alla pagina di gestione dei criteri</item>
  <item name="HYPcriteria.ToolTip">Vai alla pagina di gestione dei criteri</item>
  <item name="HYPevaluators.text">Gestione valutatori</item>
  <item name="HYPevaluators.status">Vai alla pagina di gestione dei valutatori</item>
  <item name="HYPevaluators.ToolTip">Vai alla pagina di gestione dei valutatori</item>
  <item name="LBsubmitterTypes.text">Tipo domanda:</item>
  <item name="AllTypesTranslation">tutte</item>
  <item name="LBshowCompleteStatistics.text">Valutazioni estese:</item>
  <item name="CBXcompleteStatistics.text">si</item>


  <item name="LTsubmitterName.text">Partecipante</item>
  <item name="LTsubmitterType.text">Tipo partecipante</item>
  <item name="LTaverageRating.text">Media</item>
  <item name="LNBdetails.text"> </item>
  <item name="LNBdetails.status">Dettagli valutazione</item>
  <item name="LNBdetails.ToolTip">Dettagli valutazione</item>
  <item name="LNBevaluators.text"> </item>
  <item name="LNBevaluators.status">Assegna valutatori</item>
  <item name="LNBevaluators.ToolTip">Assegna valutatori</item>
  <item name="view.selectEvaluators">Assegna valutatori</item>
  <item name="view.EvaluationDetails">Dettagli valutazione</item>
  
  <item name="BTNundoSelectEvaluatorsTop.text">Chiudi</item>
  <item name="BTNundoSelectEvaluatorsTop.status">Annulla e chiude la finestra di modifica</item>
  <item name="BTNundoSelectEvaluatorsTop.ToolTip">Annulla e chiude la finestra di modifica</item>
  <item name="BTNupdateSelectEvaluatorsTop.text">Assegna</item>
  <item name="BTNupdateSelectEvaluatorsTop.status">Assegna la domanda ai valutatori selezionati</item>
  <item name="BTNupdateSelectEvaluatorsTop.ToolTip">Assegna la domanda ai valutatori selezionati</item>
  <item name="BTNundoSelectEvaluators.text">Chiudi</item>
  <item name="BTNundoSelectEvaluators.status">Annulla e chiude la finestra di modifica</item>
  <item name="BTNundoSelectEvaluators.ToolTip">Annulla e chiude la finestra di modifica</item>
  <item name="BTNupdateSelectEvaluators.text">Assegna</item>
  <item name="BTNupdateSelectEvaluators.status">Assegna la domanda ai valutatori selezionati</item>
  <item name="BTNupdateSelectEvaluators.ToolTip">Assegna la domanda ai valutatori selezionati</item>
  <item name="LTevaluatorsInfo.text">Seleziona i valutatori a cui assegnare la domanda:</item>
  <item name="LTevaluator.text">Valutatore</item>
  <item name="LTsubmission">Valutazioni per la domanda sottomessa da {0}</item>
  <item name="TranslatedTotalItem">Totale</item>
  <item name="LTevaluatorName.text">Valutatore</item>

  <item name="LNBsubmitterUp.status">Ordinamento crescente in base al nome</item>
  <item name="LNBsubmitterUp.ToolTip">Ordinamento crescente in base al nome</item>
  <item name="LNBsubmitterDown.status">Ordinamento decrescente in base al nome</item>
  <item name="LNBsubmitterDown.ToolTip">Ordinamento decrescente in base al nome</item>
  <item name="LNBsubmitterTypeUp.status">Ordinamento crescente in base al tipo di domanda</item>
  <item name="LNBsubmitterTypeUp.ToolTip">Ordinamento crescente in base al tipo di domanda</item>
  <item name="LNBsubmitterTypeDown.status">Ordinamento decrescente in base al tipo di domanda</item>
  <item name="LNBsubmitterTypeDown.ToolTip">Ordinamento decrescente in base al tipo di domanda</item>
  <item name="LNBevaluatorUp.status">Ordinamento crescente in base al valutatore</item>
  <item name="LNBevaluatorUp.ToolTip">Ordinamento crescente in base al valutatore</item>
  <item name="LNBevaluatorDown.status">Ordinamento decrescente in base al valutatore</item>
  <item name="LNBevaluatorDown.ToolTip">Ordinamento decrescente in base al valutatore</item>
  <item name="LTcomments.text">Commenti</item>
  <item name="LNBcomment.ToolTip">Leggi</item>
  <item name="LNBcomment.status">Leggi</item>
  <item name="LNBcomment.ToolTip">Leggi</item>

	<item name="ServiceUserEvaluationsTitle">Valutazione domande bando</item>
	<item name="ServiceUserEvaluationsTitleCommunity">&lt;span tooltip="Valutazione domande del bando "{0}" &gt;Valutazione domande - "{1}" &lt;span/&gt;</item>
	<item name="nopermissionUserEvaluations">Spiacente, non hai i permessi per accedere a questa pagina.</item>
	<item name="EndEvaluationsOn">Domande da valutare entro il {0} alle {1}.</item>
	<item name="SubmissionStatus.none"> // </item>
	<item name="SubmissionStatus.draft"> // </item>
	<item name="SubmissionStatus.submitted"> // </item>
	<item name="SubmissionStatus.accepted"> // </item>
	<item name="SubmissionStatus.rejected">Rifiutata</item>
	<item name="SubmissionStatus.waitingValuation">In attesa di valut. </item>
	<item name="SubmissionStatus.valuating">In valutazione</item>
	<item name="SubmissionStatus.valuated">Valutata</item>
	<item name="LTsubmissionTypes.text">Visualizza:</item>
	<item name="LTsubmissionToEvaluateTitle.text">Domande da valutare.</item>
	<item name="LNBaverageUp.status">Ordinamento crescente in base al voto medio</item>
	<item name="LNBaverageUp.ToolTip">Ordinamento crescente in base al voto medio</item>
	<item name="LNBaverageDown.status">Ordinamento decrescente in base al voto medio</item>
	<item name="LNBaverageDown.ToolTip">Ordinamento decrescente in base al voto medio</item>
  <item name="LNBsumUp.status">Ordinamento crescente in base ai punti ottenuti</item>
  <item name="LNBsumUp.ToolTip">Ordinamento crescente in base ai punti ottenuti</item>
  <item name="LNBsumDown.status">Ordinamento decrescente in base ai punti ottenuti</item>
  <item name="LNBsumDown.ToolTip">Ordinamento decrescente in base ai punti ottenuti</item>
  <item name="LTsumRating.text">Punti</item>
	<item name="LTstatus.text">Stato</item>
	<item name="HYPview.status">Valutazione domanda</item>
	<item name="HYPview.ToolTip">Valutazione domanda</item>
	<item name="NoSubmissionToEvaluate">Non ci sono domande da valutare.</item>

  <item name="SubmissionTranslations.CallForPaperTitle">Domanda di partecipazione al bando {0}</item>
  <item name="SubmissionTranslations.CallForPaperTitleAndEdition">Domanda di partecipazione al bando {0} edizione {1}</item>
  <item name="SubmissionTranslations.PrintInfo">Stampata da {0} il {1} alle {2}</item>
  <item name="SubmissionTranslations.SubmittedByTitle">Sottomessa da:</item>
  <item name="SubmissionTranslations.SubmittedByInfo">{0} il {1} alle {2}</item>
  <item name="SubmissionTranslations.SubmittedForInfo">{0} per conto di {1} il {2} alle {3}</item>
  <item name="SubmissionTranslations.SubmittedTypeTitle">Tipo domanda</item>
  <item name="SubmissionTranslations.SubmissionStatusTitle">Status:</item>
  <item name="SubmissionTranslations.SubmissionStatus">- </item>
  <item name="SubmissionTranslations.EmptyItem"> // </item>
  <item name="SubmissionTranslations.SubmittedFilesTitle">File allegati:</item>
  <item name="SubmissionTranslations.SubmissionInfo"> Informazioni di base</item>
  <item name="SubmissionTranslations.CommunityNameTitle">Comunità {0}</item>
  <item name="SubmissionTranslations.PortalCommunityName">Portale</item>
  <item name="SubmissionTranslations.CreatedByInfo">{0} il {1} alle {2}</item>
  <item name="SubmissionTranslations.FileSubmitted">sottomesso</item>
  <item name="SubmissionTranslations.FileNotSubmitted">NON sottomesso</item>
  <item name="SubmissionTranslations.StatusAccepted">Accettata</item>
  <item name="SubmissionTranslations.StatusDraft">In bozza</item>
  <item name="SubmissionTranslations.StatusRejected">Rifiutata</item>
  <item name="SubmissionTranslations.StatusSubmitted">Sottomessa</item>
  <item name="SubmissionTranslations.StatusValuated">Valutata</item>
  <item name="SubmissionTranslations.StatusValuating">In valutazione</item>
  <item name="SubmissionTranslations.StatusWaitingValuation">In attesa di valutazione</item>
  <item name="SubmissionTranslations.ItemMandatory"> OBBLIGATORIO</item>
  <item name="SubmissionTranslations.MaxCharInfo">(massimo {0} caratteri compresi gli spazi)</item>
  <item name="SubmissionTranslations.DisclaimerAccept"> Accetta</item>
  <item name="SubmissionTranslations.DisclaimerReject"> Non accetta</item>
  <item name="SubmissionTranslations.FileCreationError">Errore nella fase di creazione del file.</item>
  <item name="SubmissionTranslations.Pager">Pag.</item>
  <item name="DisplayMessageToken">Il file RTF/PDF richiesto è in fase di preparazione, attendere qualche secondo per il download.</item>
  <item name="DisplayMessageXLSToken">Il file Excel con il resoconto delle valutazioni è in fase di preparazione, attendere qualche secondo per il download.</item>
  <item name="LNBpdf.text"> </item>
  <item name="LNBpdf.status">Esporta le domande da valutare in formato pdf.</item>
  <item name="LNBpdf.ToolTip">Esporta le domande da valutare in formato pdf.</item>
  <item name="LNBrtf.text"> </item>
  <item name="LNBrtf.status">Esporta le domande da valutare in formato rtf.</item>
  <item name="LNBrtf.ToolTip">Esporta le domande da valutare in formato rtf.</item>
  <item name="ExportFileName">DomandeDaValutare</item>
  <item name="ExportEvaluationsFileName">ValutazioneDomande</item>

  <item name="EvaluationTranslations.CallForPaperTitle">Valutazioni bando</item>
  <item name="EvaluationTranslations.CallForPaperName">{0}</item>
  <item name="EvaluationTranslations.CallForPaperNameAndEdition">{0} edizione {1}</item>
  <item name="EvaluationTranslations.PrintInfo">Stampata da {0} il {1} alle {2}</item>
  <item name="EvaluationTranslations.EmptyItem"> // </item>
  <item name="EvaluationTranslations.NotAssigned"> // </item>
  <item name="EvaluationTranslations.CommunityNameTitle">Comunità {0}</item>
  <item name="EvaluationTranslations.PortalCommunityName">Portale</item>
  <item name="EvaluationTranslations.CreatedByInfo">{0} il {1} alle {2}</item>
  <item name="EvaluationTranslations.FileCreationError">Errore nella fase di creazione del file.</item>
  <item name="EvaluationTranslations.CellPosition">#</item>
  <item name="EvaluationTranslations.CellSubmitterName">Partecipante</item>
  <item name="EvaluationTranslations.CellType">Tipo partecipante</item>
  <item name="EvaluationTranslations.CellAverageRating">Media</item>
  <item name="EvaluationTranslations.WorkSheetName">Valutazioni</item>
  <item name="EvaluationTranslations.CellSumRating">Punti</item>
  <item name="EvaluationTranslations.CellEvaluator">Valutatore</item>
  <item name="EvaluationTranslations.CellCriterion">Criterio</item>
  <item name="EvaluationTranslations.WorkSheetPivot">Dettagli</item>
  <item name="EvaluationTranslations.CellEvaluation">Voto/punto</item>
  <item name="EvaluationTranslations.CellSubmissionNumber">N° identificativo domanda</item>
  <item name="EvaluationTranslations.CellEvaluationComplete">Val. conclusa</item>
  
</Resource>