﻿<?xml version="1.0" encoding="utf-8" ?>
<Resource>
  <item name="serviceViewCallForPaper">Bando</item>
  <item name="serviceViewTitleCommunity">Bando della comunità &lt;span tooltip="{0}" &gt;{1} &lt;span/&gt;</item> 
  <item name="nopermission">Spiacente, non hai i permessi per accedere a questa pagina.</item>
  <item name="HYPlist.text">Lista</item>
  <item name="HYPlist.status">Torna alla lista</item>
  <item name="HYPlist.ToolTip">Torna alla lista</item>
  <item name="HYPmanage.text">Gestione bandi</item>
  <item name="HYPmanage.status">Torna alla pagina per la gestione dei bandi</item>
  <item name="HYPmanage.ToolTip">Torna alla pagina per la gestione dei bandi</item>
  <item name="Portalname">Portale / Home</item>
  <item name="LTpage.text">Go to page:</item>
  <item name="LTdisplayTitle.text">Sottomissione documenti:</item>
  <item name="LTdescriptionTitle.text">Descrizione:</item>
  <item name="LTfileAttachments.text">Per saperne di più:</item>
  <item name="LTendDateTitle.text">Scadenza:</item>
  <item name="LTawardDateTitle.text">Premiazione finale:</item>
  <item name="LTrequestedFiles.text">Allegati</item>
  <item name="LTempty.text">Nessuna domanda di sottomissione trovata.</item>
  <item name="LTsubmissionsTitle.text">Domande Sottomesse</item>
  <item name="LTsubmitterTitle.text">Partecipante</item>
  <item name="LTsubmitterType.text">Tipo Partecipante</item>
  <item name="LTsubmittedOn.text">Sottomessa il</item>
  <item name="createdOn">Creata il</item>
  <item name="modifiedOn">Modificata il</item>
  <item name="deletedOn">Cancellata il</item>

  <item name="LBstatus.none">Domanda non effettuata</item>
  <item name="LBstatus.draft">Domanda in bozza</item>
  <item name="LBstatus.draft.ToolTip">Domanda in bozza</item>
  <item name="LBstatus.submitted">In attesa di conferma</item>
  <item name="LBstatus.submitted.ToolTip">In attesa di conferma</item>
  <item name="LBstatus.accepted">Accettata</item>
  <item name="LBstatus.accepted.ToolTip">Domanda accettata.</item>
  <item name="LBstatus.rejected">Rifiutata</item>
  <item name="LBstatus.rejected.ToolTip">Domanda rifiutata</item>
  <item name="LBstatus.waitingValuation">Domanda in attesa di valutazione</item>
  <item name="LBstatus.valuating">Domanda in fase di valutazione</item>
  <item name="LBstatus.valuated">Domanda valutata</item>
  <item name="Closed.SubmissionStatus.draft">Bozza non sottomessa</item>
  <item name="FilterSubmission.OnlySubmitted">solo le sottomesse</item>
  <item name="FilterSubmission.WaitingSubmission">in attesa di sottomissione</item>
  <item name="FilterSubmission.VirtualDeletedSubmission">cancellate</item>
  <item name="FilterSubmission.All">tutte</item>
  <item name="SubmittedOn">Sottomessa il {0} da {1}.</item>
  <item name="DeletedOn">Cancellato il {0} da {1}.</item>
  <item name="ModifiedOn">Modificato il {0} da {1}.</item>
  <item name="LTsubmittedOn.OnlySubmitted">Sottomessa il</item>
  <item name="LTsubmittedOn.WaitingSubmission">Ultima modifica</item>
  <item name="LTsubmittedOn.VirtualDeletedSubmission">Cancellata il</item>
  <item name="LTsubmittedOn.All">Data</item>
  <item name="ToolTipDownloadZip">Scarica il materiale allegato alla domanda.</item>
  <item name="DisplayMessageXLSToken">Il file Excel con la lista delle domande sottomesse è in fase di preparazione, attendere qualche secondo per procedere con lo scaricamento del file.</item>
  <item name="LNBxls.text"> </item>
  <item name="LNBxls.status">Esporta la lista delle domande in formato excel.</item>
  <item name="LNBxls.ToolTip">Esporta la lista delle domande in formato excel.</item>
  <item name="LNBxlsBottom.text"> </item>
  <item name="LNBxlsBottom.status">Esporta la lista delle domande in formato excel.</item>
  <item name="LNBxlsBottom.ToolTip">Esporta la lista delle domande in formato excel.</item>

 <item name="SubmissionListTranslations.CallForPaperName">Domande di partecipazione al bando {0}</item>
  <item name="SubmissionListTranslations.CallForPaperNameAndEdition">Domande di partecipazione al bando {0} edizione {1}</item>
  <item name="SubmissionListTranslations.PrintInfo">Stampata da {0} il {1} alle {2}</item>
  <item name="SubmissionListTranslations.SubmittedByInfo">{0}</item>
  <item name="SubmissionListTranslations.SubmittedForInfo">{0} (sottomessa da {1})</item>
  <item name="SubmissionListTranslations.SubmissionStatus">- </item>
  <item name="SubmissionListTranslations.EmptyItem"> // </item>
  <item name="SubmissionListTranslations.SubmissionInfo"> Informazioni di base</item>
  <item name="SubmissionListTranslations.CommunityNameTitle">Comunità {0}</item>
  <item name="SubmissionListTranslations.PortalCommunityName">Portale</item>
  <item name="SubmissionListTranslations.CreatedByInfo">{0}</item>
  <item name="SubmissionListTranslations.StatusNone"> // </item>
  <item name="SubmissionListTranslations.StatusAccepted">Accettata</item>
  <item name="SubmissionListTranslations.StatusDraft">In bozza</item>
  <item name="SubmissionListTranslations.StatusRejected">Rifiutata</item>
  <item name="SubmissionListTranslations.StatusSubmitted">Sottomessa</item>
  <item name="SubmissionListTranslations.StatusValuated">Valutata</item>
  <item name="SubmissionListTranslations.StatusValuating">In valutazione</item>
  <item name="SubmissionListTranslations.StatusWaitingValuation">In attesa di valutazione</item>
  <item name="SubmissionListTranslations.FileCreationError">Errore nella fase di creazione del file.</item>
  <item name="SubmissionListTranslations.CallForPaperName">  </item>
  <item name="SubmissionListTranslations.CellSubmitter">Partecipante</item>
  <item name="SubmissionListTranslations.CellSubmissionType">Tipo domanda</item>
  <item name="SubmissionListTranslations.CellSubmittedOn">Sottomesso il</item>
  <item name="SubmissionListTranslations.CellLastUpdateOn">Ultima modifica il</item>
  <item name="SubmissionListTranslations.CellDeletedOn">Cancellato il</item>
  <item name="SubmissionListTranslations.CellSubmitterMail">Mail</item>
  <item name="SubmissionListTranslations.CellSubmitterSubscriptionOn">Iscritto il</item>
  <item name="SubmissionListTranslations.CellStatus">Status</item>
  <item name="ExportListFileName">ListaDomande</item>
</Resource>