<?xml version="1.0" encoding="utf-8"?>
<Resource xmlns:xsi="http://www.w3.org/2001/XMLSchema-instance" xmlns:xsd="http://www.w3.org/2001/XMLSchema" xmlns="urn:ComolTranslation">
  <item name="RBLsceltaServizio.0" html="false" placeholder="false">System</item>
  <item name="RBLsceltaServizio.1" html="false" placeholder="false">Personal:</item>
  <item name="LBattiva_t.text" disambiguation="sostantivo" html="false" placeholder="false">Activate</item>
  <item name="LBservizio_t.text" html="false" placeholder="false">Service</item>
  <item name="Profilo.IsAttuale" disambiguation="relativo a profilo" html="false" placeholder="false">(current) </item>
  <item name="Profilo.IsPersonale" disambiguation="relativo a profilo" html="false" placeholder="false">(own) </item>
  <item name="Profilo.IsResponsabile" description="resp.=responsabile" html="false" placeholder="false">(of the resp.) </item>
</Resource>