<?xml version="1.0" encoding="utf-8"?>
<Resource xmlns:xsi="http://www.w3.org/2001/XMLSchema-instance" xmlns:xsd="http://www.w3.org/2001/XMLSchema" xmlns="urn:ComolTranslation">
  <item name="LBfinale.text" html="false" placeholder="false">ATTENTION: By pressing "Create", you will start the community creation procedure:</item>
  <item name="LBcomunita_t.text" html="false" placeholder="false">Name:</item>
  <item name="LBresponsabile_t.text" html="false" placeholder="false">Responsible:</item>
  <item name="LBpadri_t.text" html="false" placeholder="false">Available to every community:</item>
  <item name="LBservizi_t.text" html="false" placeholder="false">Activated services:</item>
</Resource>