<?xml version="1.0" encoding="utf-8"?>
<Resource xmlns:xsi="http://www.w3.org/2001/XMLSchema-instance" xmlns:xsd="http://www.w3.org/2001/XMLSchema" xmlns="urn:ComolTranslation">
  <item name="LBinfoComunita.text" html="true" placeholder="false">&gt;Scelta delle altre comunità in cui rendere disponibile quella che si intende creare (sono visualizzate TUTTE e SOLE le comunità in cui si può creare una sotto-comunità):</item>
  <item name="DDLTipoRicerca.-2" description="relativo ad comunità" html="false" placeholder="false">Name begins with</item>
  <item name="DDLTipoRicerca.-7" description="relativo ad utente" html="false" placeholder="false">Name contains..</item>
  <item name="DDLTipoRicerca.-5" html="false" placeholder="false">Enrollment date after the</item>
  <item name="DDLTipoRicerca.-6" html="false" placeholder="false">Registration ends the</item>
  <item name="DDLTipoRicerca.-3" html="false" placeholder="false">Created after the </item>
  <item name="DDLTipoRicerca.-4" html="false" placeholder="false">Created before the</item>
  <item name="LBlegendaFiltro.text" html="false" placeholder="false">Community filter:</item>
  <item name="LNBapriFiltro.text" description="Tradurre solo: 'Visualizza filtro'" html="true" placeholder="false">&lt;img src='./../images/filtro_open.gif' alt='' align=middle&gt;View filter</item>
  <item name="LNBapriFiltro.status" html="false" placeholder="false">View community filter</item>
  <item name="LNBapriFiltro.Tooltip" html="false" placeholder="false">View community filter</item>
  <item name="LNBchiudiFiltro.text" description="Tradurre solo: 'Nascondi filtri'" html="true" placeholder="false">&lt;img src='./../images/filtro_close.gif' alt='' align=middle&gt;Hide filters</item>
  <item name="LNBchiudiFiltro.status" html="false" placeholder="false">Hide filters</item>
  <item name="LNBchiudiFiltro.Tooltip" html="false" placeholder="false">Hide filters</item>
  <item name="creata" description="Traddurre solo: 'creata da'" html="true" placeholder="true" mustcontains="#%%#">(&lt;i&gt;created by&lt;/i&gt; #%%# )</item>
  <item name="stato.True" html="false" placeholder="false">Registration request MUST be validated.</item>
  <item name="stato.False" html="false" placeholder="false">Access allowed to everybody.</item>
  <item name="stato.image.True" html="false" placeholder="false" hidden="true">lock_closed.gif</item>
  <item name="stato.image.False" html="false" placeholder="false" hidden="true">lock_open.gif</item>
  <item name="iscrizioni.0" html="false" placeholder="true" mustcontains="#%%#">(registrations open from #&amp;nbsp;#%%#&amp;nbsp;)</item>
  <item name="iscrizioni.1" html="false" placeholder="false">(registrations close on)</item>
  <item name="iscrizioni.2" html="false" placeholder="false">(registration limit reached)</item>
  <item name="iscrizioni.3" html="false" placeholder="true" mustcontains="#%%#">(registrations close on  #&amp;nbsp;#%%#&amp;nbsp;)</item>
  <item name="abilitato.1" html="false" placeholder="false">Access allowed</item>
  <item name="abilitato.0" html="false" placeholder="false">Sorry, you do not have permission to access the selected community</item>
  <item name="abilitato.-1" html="false" placeholder="false">Sorry, your registration is still under examination.</item>
  <item name="abilitato.2" html="false" placeholder="false">Attention: access to the requested community is not currently available, please retry later.</item>
  <item name="abilitato.3" html="false" placeholder="false">Attention: the selected community can not be found in the system anymore</item>
  <item name="registrazione.0" html="false" placeholder="false">Sorry, an error occurred during the registration</item>
  <item name="registrazione.1" html="true" placeholder="false">You have been correctly registered but your account is not enabled yet.&lt;br&gt;Your registration must be examinated.</item>
  <item name="registrazione.2" html="false" placeholder="false">Sorry, registratin was not performed, number of registered users exceeds the maximum allowed number</item>
  <item name="LBcorsoDiStudi_t.text" disambiguation="Cds=Corso di studi" html="false" placeholder="false">Cds type:</item>
  <item name="DDLtipoCorsoDiStudi.0" disambiguation="relativo a tipo di corsi di studio (laurea)" html="false" placeholder="false">-- None --</item>
  <item name="DDLtipoCorsoDiStudi.-1" disambiguation="relativo a tipo di corsi di studio (laurea)" html="false" placeholder="false">-- All --</item>
  <item name="LBannoAccademico_c.text" disambiguation="A.A.=Anno accademico" html="false" placeholder="false">A.Y.:</item>
  <item name="DDLannoAccademico.0" disambiguation="relativo ad anno accademico" html="false" placeholder="false">-- None --</item>
  <item name="DDLannoAccademico.-1" disambiguation="relativo ad anno accademico" html="false" placeholder="false">-- All --</item>
  <item name="LBperiodo_c.text" html="false" placeholder="false">Period:</item>
  <item name="DDLperiodo.0" disambiguation="relativo a periodo" html="false" placeholder="false">-- None --</item>
  <item name="DDLperiodo.-1" disambiguation="relativo a periodi" html="false" placeholder="false">-- All --</item>
  <item name="LBorganizzazione_c.text" html="false" placeholder="false">Organization:</item>
  <item name="DDLorganizzazione.0" disambiguation="relativo ad organizzazione" html="false" placeholder="false">-- None --</item>
  <item name="DDLorganizzazione.-1" disambiguation="relativo ad organizzazioni" html="false" placeholder="false">-- All --</item>
  <item name="BTNaggiorna.text" html="false" placeholder="false">Search</item>
  <item name="LBvalore_c.text" html="false" placeholder="false">Value:</item>
  <item name="LBtipoComunita_c.text" html="false" placeholder="false">Type:</item>
  <item name="LBtipoRicerca_c.text" html="false" placeholder="false">Search by:</item>
  <item name="LBricercaByIscrizione_c.text" disambiguation="singolare" html="false" placeholder="false">Community:</item>
  <item name="DDLricercaByIscrizione.0" html="false" placeholder="false">in which you can enroll</item>
  <item name="DDLricercaByIscrizione.1" html="false" placeholder="false">in which you're enrolled </item>
  <item name="oRootNode.Text" html="false" placeholder="false">Select community:</item>
  <item name="oRootNode.ToolTip" html="false" placeholder="false">Select community</item>
  <item name="LBcomunita_t.text" html="false" placeholder="false">From community:</item>
  <item name="NoNode.Text" html="false" placeholder="false">No community found, according to the specified criteria</item>
  <item name="NoNode.ToolTip" html="false" placeholder="false">No community found, according to the specified criteria</item>
  <item name="BTNCerca.text" html="false" placeholder="false">Update communities</item>
  <item name="BTNCerca.ToolTip" html="false" placeholder="false">Update communities</item>
  <item name="LBstatoComunita_t.text" disambiguation="status: attivo/chiuso/in corso/valutazione" html="false" placeholder="false">Community status:</item>
  <item name="DDLstatoComunita.-1" disambiguation="Relativo a Comunità" html="false" placeholder="false">All</item>
  <item name="DDLstatoComunita.0" disambiguation="Relativo a Comunità" html="false" placeholder="false">Active</item>
  <item name="DDLstatoComunita.1" disambiguation="Relativo a Comunità" html="false" placeholder="false">Archived</item>
  <item name="DDLstatoComunita.2" disambiguation="Relativo a Comunità" html="false" placeholder="false">blocked</item>
</Resource>