<?xml version="1.0" encoding="utf-8"?>
<Resource xmlns:xsi="http://www.w3.org/2001/XMLSchema-instance" xmlns:xsd="http://www.w3.org/2001/XMLSchema" xmlns="urn:ComolTranslation">
  <item name="LBinfoComunitaPadri.text" html="false" placeholder="false">You can access current community from the following communities:</item>
  <item name="LBnoRecordAssociate.text" html="false" placeholder="false">This community does not belong to any community in the system</item>
  <item name="DGComunitaAssociate.page" html="false" placeholder="true" mustcontains="#%%#">Page &lt;#%%#&gt;</item>
  <item name="DGComunitaAssociate.ordinamento.0.status" html="false" placeholder="true" mustcontains="#%%#">Ascending order by &lt;#%%#&gt;</item>
  <item name="DGComunitaAssociate.ordinamento.1.status" html="false" placeholder="true" mustcontains="#%%#">Descending order by &lt;#%%#&gt;</item>
  <item name="DGComunitaAssociate.ordinamento.2.status" html="false" placeholder="true" mustcontains="#%%#">Order by &lt;#%%#&gt;</item>
  <item name="DGComunitaAssociate.Tipo.HeaderText" html="false" placeholder="false">Type</item>
  <item name="DGComunitaAssociate.nome.HeaderText" html="false" placeholder="false">Community name</item>
  <item name="DGComunitaAssociate.Responsabile.HeaderText" html="false" placeholder="false">Responsible</item>
  <item name="DGComunitaAssociate.CMNT_dataCreazione.HeaderText" html="false" placeholder="false">Created on</item>
  <item name="BTNremove.text" html="false" placeholder="false">Remove</item>
  <item name="BTNremove.status" html="false" placeholder="false">Remove</item>
  <item name="BTNremove.ToolTip" html="false" placeholder="false">Remove</item>
  <item name="bloccate" html="false" placeholder="false">Blocked communities.</item>
  <item name="archiviate" html="false" placeholder="false">Archived communities.</item>
  <item name="principale" html="false" placeholder="false">Main</item>
  <item name="Status.Bloccata" html="false" placeholder="false">Blocked</item>
  <item name="Status.Archiviata" html="false" placeholder="false">Archived</item>
  <item name="Status.Attiva" disambiguation="sostantivo" html="false" placeholder="false">Activate</item>
</Resource>