<?xml version="1.0" encoding="utf-8"?>
<Resource xmlns:xsi="http://www.w3.org/2001/XMLSchema-instance" xmlns:xsd="http://www.w3.org/2001/XMLSchema" xmlns="urn:ComolTranslation">
  <item name="LBnomeAttuale_t.text" html="false" placeholder="false">Actual name:&amp;nbsp;</item>
  <item name="LBtipoComunita_t.text" html="false" placeholder="false" mustcontains="*">*Community type:</item>
  <item name="LBnome_t.text" html="false" placeholder="false" mustcontains="*">*Name:</item>
  <item name="LBdatatermine_t.text" html="false" placeholder="false">&amp;nbsp;End date:</item>
  <item name="LBformatoDataTermine.text" html="false" placeholder="false">&amp;nbsp;(dd/mm/yyyy)</item>
  <item name="LBdataInizioIscr_t.text" html="false" placeholder="false" mustcontains="*">*Beginning of inscription:</item>
  <item name="LBdataFineIscr_t.text" html="false" placeholder="false">End:</item>
  <item name="LBstatuto_t.text" html="false" placeholder="false">&amp;nbsp;Statute:</item>
  <item name="LBmaxChar.text" html="false" placeholder="false" mustcontains="4000">Max 4000 characters</item>
  <item name="LBisAperta_t.text" disambiguation="status: attivo/chiuso/in corso/valutazione" html="false" placeholder="false">&amp;nbsp;Status:</item>
  <item name="RBapertachiusa.True" disambiguation="Relativo a Comunità" html="false" placeholder="false">Closed</item>
  <item name="RBapertachiusa.False" disambiguation="Relativo a Comunità" html="false" placeholder="false">Open</item>
  <item name="LBmaxIscritti.text" html="false" placeholder="false">&amp;nbsp;Max enrolees:</item>
  <item name="LBmaxIscrittiOver_t.text" html="false" placeholder="false">&amp;nbsp;Accept more:</item>
  <item name="CHBillimitati.text" html="false" placeholder="false">&amp;nbsp;Unlimited&amp;nbsp;</item>
  <item name="LBiscrizioni_t.text" html="false" placeholder="false">&amp;nbsp;Registrations:</item>
  <item name="CBXcanSubscribe.text" html="false" placeholder="false">&amp;nbsp;Registration allowed&amp;nbsp;</item>
  <item name="CBXcanUnSubscribe.text" html="false" placeholder="false">&amp;nbsp;Enrollment cancellation allowed&amp;nbsp;</item>
  <item name="CBXiscrivimi.text" html="false" placeholder="false">&amp;nbsp;Yes&amp;nbsp;</item>
  <item name="LBcodice_c.text" html="false" placeholder="false" mustcontains="*">*Code:</item>
  <item name="LBore_c.text" html="false" placeholder="false" mustcontains="*">*Hours:</item>
  <item name="LBannoAccademico_c.text" disambiguation="A.A.=Anno accademico" html="false" placeholder="false" mustcontains="*">*A.Y:</item>
  <item name="LBperiodo_c.text" html="false" placeholder="false">&amp;nbsp;Period:</item>
  <item name="LBprerequisiti_c.text" html="false" placeholder="false">&amp;nbsp;Requirements:</item>
  <item name="LBobiettivo_c.text" html="false" placeholder="false">&amp;nbsp;Goal:</item>
  <item name="LBcrediti_c.text" html="false" placeholder="false" mustcontains="*">*Credits:</item>
  <item name="RGVcrediti.text" description="Inteso come numero di crediti compreso tra 0 e 30" html="false" placeholder="false" mustcontains="*">* 0 &lt;= credits &lt;=30</item>
  <item name="LBdescrizioneProgramma_c.text" html="false" placeholder="false">&amp;nbsp;Program:</item>
  <item name="LBinizioConferenza_c.text" html="false" placeholder="false" mustcontains="*">*Beginning of conference:</item>
  <item name="LBfineConferenza_c.text" html="false" placeholder="false" mustcontains="*">*End of conference:</item>
  <item name="LBinizioArticolo_c.text" html="false" placeholder="false" mustcontains="*">*Beginning of article:</item>
  <item name="LBfineArticolo_c.text" html="false" placeholder="false" mustcontains="*">*End of article:</item>
  <item name="LBfineRevisione_c.text" html="false" placeholder="false" mustcontains="*">*End of Revision:</item>
  <item name="LBinizioDefinizione_c.text" html="false" placeholder="false" mustcontains="*">*Beginning of definition:</item>
  <item name="LBfineDefinizione_c.text" html="false" placeholder="false" mustcontains="*">*End of definition:</item>
  <item name="LBtempoModeratoreArticolo_c.text" html="false" placeholder="false" mustcontains="*">*Article moderator time:</item>
  <item name="LBtempoModeratoreRevisore_c.text" html="false" placeholder="false" mustcontains="*">*Reviser moderator time:</item>
  <item name="LBattivazione_c.text" html="false" placeholder="false">&amp;nbsp;Activation:</item>
  <item name="DDLCorsoStudiAttivo.True" html="false" placeholder="false">Active</item>
  <item name="DDLCorsoStudiAttivo.False" html="false" placeholder="false">Not active</item>
  <item name="LBnumeroEsami_c.text" html="false" placeholder="false" mustcontains="*">*Exam numbers:</item>
  <item name="LBmiur_c.text" description="Codice universitario data dal ministero della pubblica istruzione" disambiguation="non tradurre" html="false" placeholder="false" mustcontains="*">*MIUR:</item>
  <item name="LBattributo1_c.text" html="false" placeholder="false">&amp;nbsp;Attribute 1:</item>
  <item name="LBattributo2_c.text" html="false" placeholder="false">&amp;nbsp;Attribute 2:</item>
  <item name="LBtipoCorsoStudi_c.text" html="false" placeholder="false">&amp;nbsp;Type of course of study:</item>
  <item name="LBAvviso.text" html="false" placeholder="false" />
  <item name="VLDSum.text" html="false" placeholder="false" mustcontains="*">Attention! Some errors in form compilation were detected. Check the inserted values where an * occurs.</item>
  <item name="LBiscrivimi_t.text" html="false" placeholder="false">&amp;nbsp;Register:</item>
  <item name="LBmodalitaEsame_t.text" html="false" placeholder="false">&amp;nbsp;Method of Examination:</item>
  <item name="LBtesti_t.text" html="false" placeholder="false">&amp;nbsp;Adopted texts:</item>
  <item name="LBiscrivimi_t.text" html="false" placeholder="false">&amp;nbsp;Iscrivimi:</item>
  <item name="CBXiscrivimi.text" html="false" placeholder="false">&amp;nbsp;Si&amp;nbsp;</item>
  <item name="LBaccessiSpeciali_t.text" html="false" placeholder="false">&amp;nbsp;Special Accesses </item>
  <item name="CBXaccessoCopisteria.text" html="false" placeholder="false">&amp;nbsp;Allow copy service&amp;nbsp;</item>
  <item name="CBXaccessoLibero.text" html="false" placeholder="false">&amp;nbsp;External free access&amp;nbsp;</item>
  <item name="LBstatus_t.text" html="false" placeholder="false">&amp;nbsp;Community status:</item>
  <item name="RBLstatus.0" disambiguation="sostantivo" html="false" placeholder="false">Activate</item>
  <item name="RBLstatus.1" html="false" placeholder="false">Archived</item>
  <item name="RBLstatus.2" html="false" placeholder="false">Blocked</item>
  <item name="LBavvisoStatus.text" html="false" placeholder="false">Attention: the status can not be modified as the community at the superior level is archived and/or blocked</item>
  <item name="LBnumIscrizioni.text" html="false" placeholder="false">&amp;nbsp;N° enrollees:</item>
  <item name="RBLnumeroIscritti.0" html="false" placeholder="false">Unlimited</item>
  <item name="RBLnumeroIscritti.1" html="false" placeholder="false">Closed number</item>
</Resource>