<?xml version="1.0" encoding="utf-8"?>
<Resource xmlns:xsi="http://www.w3.org/2001/XMLSchema-instance" xmlns:xsd="http://www.w3.org/2001/XMLSchema" xmlns="urn:ComolTranslation">
  <item name="LNBseleziona.Select.text" html="false" placeholder="false">Selected</item>
  <item name="LNBseleziona.Select.status" html="false" placeholder="false">Selected</item>
  <item name="LNBseleziona.Select.ToolTip" html="false" placeholder="false">Selected</item>
  <item name="LNBseleziona.NotSelect.text" html="false" placeholder="false">Select</item>
  <item name="LNBseleziona.NotSelect.status" html="false" placeholder="false">Select</item>
  <item name="LNBseleziona.NotSelect.ToolTip" html="false" placeholder="false">Select</item>
  <item name="LBpersona_t.text" html="false" placeholder="false">Community responsible:</item>
  <item name="BTNmodifica.text" html="false" placeholder="false">Change user</item>
  <item name="BTNmodifica.status" html="false" placeholder="false">Change user</item>
  <item name="BTNmodifica.ToolTip" html="false" placeholder="false">Change user</item>
  <item name="BNTannullaModifica.text" html="false" placeholder="false">Discard changes</item>
  <item name="BNTannullaModifica.status" html="false" placeholder="false">Discard changes</item>
  <item name="BNTannullaModifica.ToolTip" html="false" placeholder="false">Discard changes</item>
  <item name="LBruoloResponsabile_t.text" html="false" placeholder="false">Role:</item>
  <item name="LBscelta.text" html="false" placeholder="false">Person in charge choice:</item>
  <item name="RBLscelta.1" html="false" placeholder="false">from the whole system</item>
  <item name="RBLscelta.2" html="false" placeholder="false">from an organization</item>
  <item name="RBLscelta.3" html="false" placeholder="false">from current community</item>
  <item name="LNBapriFiltro.text" description="Tradurre solo: 'Visualizza filtro'" html="true" placeholder="false">&lt;img src='./../images/filtro_open.gif' alt='' align=middle&gt;View filter</item>
  <item name="LNBapriFiltro.status" html="false" placeholder="false">View user filter</item>
  <item name="LNBapriFiltro.Tooltip" html="false" placeholder="false">View user filter</item>
  <item name="LNBchiudiFiltro.text" description="Tradurre solo: 'Nascondi filtri'" html="true" placeholder="false">&lt;img src='./../images/filtro_close.gif' alt='' align=middle&gt;Hide filters</item>
  <item name="LNBchiudiFiltro.status" html="false" placeholder="false">Hide filters</item>
  <item name="LNBchiudiFiltro.Tooltip" html="false" placeholder="false">Hide filters</item>
  <item name="LBfacolta_t.text" html="false" placeholder="false">Organization:</item>
  <item name="DDLfacolta.0" disambiguation="relativo ad organizzazioni" html="false" placeholder="false">All</item>
  <item name="DDLfacolta.-1" disambiguation="relativo ad organizzazioni" html="false" placeholder="false">All</item>
  <item name="BTNCerca.text" html="false" placeholder="false">Search</item>
  <item name="BTNCerca.ToolTip" html="false" placeholder="false">Search</item>
  <item name="LKBaltro.status" html="false" placeholder="false">Other characters</item>
  <item name="LKBaltro.text" disambiguation="Relativo a caratteri" html="false" placeholder="false">Other</item>
  <item name="LKBaltro.ToolTip" html="false" placeholder="false">Other characters</item>
  <item name="LKBtutti.status" disambiguation="Relativo a caratteri" html="false" placeholder="false">All</item>
  <item name="LKBtutti.text" disambiguation="Relativo a caratteri" html="false" placeholder="false">All</item>
  <item name="LKBtutti.ToolTip" disambiguation="Relativo a caratteri" html="false" placeholder="false">All</item>
  <item name="Lettera.status" disambiguation="lettera=carattere" html="false" placeholder="true" mustcontains="#%%#">Letter #%%#</item>
  <item name="Lettera.ToolTip" disambiguation="lettera=carattere" html="false" placeholder="true" mustcontains="#%%#">Letter #%%#</item>
  <item name="DGPersone.page" html="false" placeholder="true" mustcontains="#%%#">Page &lt;#%%#&gt;</item>
  <item name="DGPersone.ordinamento.0.status" html="false" placeholder="true" mustcontains="#%%#">Ascending order by &lt;#%%#&gt;</item>
  <item name="DGPersone.ordinamento.1.status" html="false" placeholder="true" mustcontains="#%%#">Descending order by &lt;#%%#&gt;</item>
  <item name="DGPersone.ordinamento.2.status" html="false" placeholder="true" mustcontains="#%%#">Order by &lt;#%%#&gt;</item>
  <item name="LBtipoRuolo_t.text" html="false" placeholder="false">Role:</item>
  <item name="LBtipoPersona_t.text" html="false" placeholder="false">Person type:</item>
  <item name="LBnumrecord_t.text" html="false" placeholder="false">N° record</item>
  <item name="LBtipoRicerca_t.text" html="false" placeholder="false">Search type</item>
  <item name="LBvalore_t.text" description="relativo a ricerca" html="false" placeholder="false">Value</item>
  <item name="DDLTipoRicerca.-2" description="relativo ad utente" html="false" placeholder="false">Name</item>
  <item name="DDLTipoRicerca.-3" description="relativo ad utente" html="false" placeholder="false">Surname</item>
  <item name="DDLTipoRicerca.-4" description="relativo ad utente" html="false" placeholder="false">Name/Surname</item>
  <item name="DDLTipoRicerca.-5" html="false" placeholder="false">Birth date(dd/mm/yyyy)</item>
  <item name="DDLTipoRicerca.-6" html="false" placeholder="false">Matriculation number</item>
  <item name="DDLTipoRicerca.-7" html="false" placeholder="false">Login</item>
  <item name="DDLTipoRuolo.-1" disambiguation="Relativo a tipi ruolo" html="false" placeholder="false">-- All --</item>
  <item name="DDLTipoRuolo.-1" disambiguation="Relativo a tipi ruolo" html="false" placeholder="false">-- Tutti --</item>
  <item name="DDLTipoPersona.-1" disambiguation="relativo a tipo profilo" html="false" placeholder="false">-- All --</item>
  <item name="NONattivati" html="false" placeholder="false">Not enabled users.</item>
  <item name="NONabilitati" html="false" placeholder="false">Not enabled users.</item>
  <item name="Selezionati" html="false" placeholder="false">Selected user.</item>
  <item name="DGPersone.PRSN_Anagrafica.HeaderText" description="relativo ad utente" html="false" placeholder="false">Vital statistics</item>
  <item name="DGPersone.PRSN_login.HeaderText" html="false" placeholder="false">Login</item>
  <item name="DGPersone.PRSN_datanascita.HeaderText" html="false" placeholder="false">Born on</item>
  <item name="DGPersone.nome.HeaderText" description="relativo ad utente" html="false" placeholder="false">Name</item>
  <item name="DGPersone.cognome.HeaderText" description="relativo ad utente" html="false" placeholder="false">Surname</item>
  <item name="DGPersone.PRSN_mail.HeaderText" html="false" placeholder="false">Mail</item>
  <item name="DGPersone.TPRL_nome.HeaderText" html="false" placeholder="false">Role</item>
  <item name="DGPersone.TPPR_descrizione.HeaderText" html="false" placeholder="false">Person type</item>
  <item name="nessuna" html="false" placeholder="false">All the system</item>
  <item name="nessunResponsabile" html="false" placeholder="false">No supervisor defined</item>
</Resource>