<?xml version="1.0" encoding="utf-8"?>
<!--eng-->
<Resource xmlns:xsi="http://www.w3.org/2001/XMLSchema-instance" xmlns:xsd="http://www.w3.org/2001/XMLSchema" xmlns="urn:ComolTranslation">
  <item name="SRVLEZ.1" html="false" placeholder="false">Community diary </item>
  <item name="SRVLEZ.2" html="false" placeholder="false">Portal community diary</item>
  <item name="SRVLEZ.3" html="false" placeholder="false">Community diary </item>
  <item name="SRVLEZ.4" html="false" placeholder="true" mustcontains="{0}">Community diary {0}</item>
  <item name="SRVLEZ.5" html="false" placeholder="true" mustcontains="{0}">Les. {0}</item>
  <item name="SRVLEZ.6" html="false" placeholder="true" mustcontains="{0}|{1}|{2}|{3}">Les. {0} of {1} from {2} to {3}</item>
  <item name="SRVLEZ.7" html="false" placeholder="true" mustcontains="{0}">Item {0}</item>
  <item name="SRVLEZ.8" html="false" placeholder="true" mustcontains="{0}">Item {0}</item>
</Resource>