<?xml version="1.0" encoding="utf-8"?>
<Resource xmlns:xsi="http://www.w3.org/2001/XMLSchema-instance" xmlns:xsd="http://www.w3.org/2001/XMLSchema" xmlns="urn:ComolTranslation">
  <item name="serviceTitleAddCommunityToProfile" html="false" placeholder="false">Associate one or more community to user profile</item>
  <item name="serviceTitleAddCommunityToNamedProfile" html="false" placeholder="true" mustcontains="{0}">Associate one or more community to the profile of {0}</item>
  <item name="serviceTitleAddCommunityToProfileNopermission" html="false" placeholder="false">You do not have permission to view the selected profile's information</item>
  <item name="BTNbackBottom.text" html="false" placeholder="false">Back</item>
  <item name="BTNbackBottom.status" html="false" placeholder="false">Back to previous step</item>
  <item name="BTNbackBottom.ToolTip" html="false" placeholder="false">Back to previous step</item>
  <item name="BTNbackTop.text" html="false" placeholder="false">Back</item>
  <item name="BTNbackTop.status" html="false" placeholder="false">Back to previous step</item>
  <item name="BTNbackTop.ToolTip" html="false" placeholder="false">Back to previous step</item>
  <item name="BTNnextBottom.text" html="false" placeholder="false">Next</item>
  <item name="BTNnextBottom.status" html="false" placeholder="false">Go to next step</item>
  <item name="BTNnextBottom.ToolTip" html="false" placeholder="false">Go to next step</item>
  <item name="BTNnextTop.text" html="false" placeholder="false">Next</item>
  <item name="BTNnextTop.status" html="false" placeholder="false">Go to next step</item>
  <item name="BTNnextTop.ToolTip" html="false" placeholder="false">Go to next step</item>
  <item name="BTNcompleteTop.text" html="false" placeholder="false">Save</item>
  <item name="BTNcompleteTop.status" html="false" placeholder="false">Save changes to community enrolments in the profile</item>
  <item name="BTNcompleteTop.ToolTip" html="false" placeholder="false">Save changes to community enrolments in the profile</item>
  <item name="BTNcompleteBottom.text" html="false" placeholder="false">Save</item>
  <item name="BTNcompleteBottom.status" html="false" placeholder="false">Save changes to community enrolments in the profile</item>
  <item name="BTNcompleteBottom.ToolTip" html="false" placeholder="false">Save changes to community enrolments in the profile</item>
  <item name="DisplaySessionTimeout" html="false" placeholder="false">Work session has expired, close window and log into the platform again.</item>
  <item name="DisplayProfileUnknown" html="false" placeholder="false">Unknown user.</item>
  <item name="DisplayNoPermissionForProfile" html="false" placeholder="false">Sorry, you do not have permission to view the details related to the selected profile.</item>
  <item name="HYPbackToManagement.text" html="false" placeholder="false">Profiles management</item>
  <item name="HYPbackToManagement.status" html="false" placeholder="false">Back to profiles management</item>
  <item name="HYPbackToManagement.ToolTip" html="false" placeholder="false">Back to profiles management</item>
  <item name="LBdisplayName_t.text" html="false" placeholder="false">User:</item>
  <item name="CommunitySubscriptionWizardStep.SelectCommunities.Title" html="false" placeholder="true" mustcontains="{0}">Step {0}: choose communities</item>
  <item name="CommunitySubscriptionWizardStep.SelectCommunities.Description" html="false" placeholder="false">Select the community in which the user MUST be enrolled (IF a community is automatically deselected, at the end of the procedure, the enroillemnt in such a community will be anyway deleted)</item>
  <item name="CommunitySubscriptionWizardStep.SubscriptionsSettings.Title" html="false" placeholder="true" mustcontains="{0}">Step {0}: roles definition</item>
  <item name="CommunitySubscriptionWizardStep.SubscriptionsSettings.Description" html="false" placeholder="false">Per le nuove iscrizioni è necessario impostare il ruolo da associare all'utente per ciascuna comunità:</item>
  <item name="CommunitySubscriptionWizardStep.RemoveSubscriptions.Title" html="false" placeholder="true" mustcontains="{0}">Step {0}: confirm unsubscription</item>
  <item name="CommunitySubscriptionWizardStep.RemoveSubscriptions.Description" html="false" placeholder="false">Confirm the communities from which unsubscribe users:</item>
  <item name="CommunitySubscriptionWizardStep.Summary.Title" html="false" placeholder="true" mustcontains="{0}">Step {0}: final comfirmation</item>
  <item name="CommunitySubscriptionWizardStep.Summary.Description" html="false" placeholder="false">Definitive confirmation of the operations to perform:</item>
  <item name="LBcommunityStatus_t.text" disambiguation="plurale" html="false" placeholder="false">Display communities:</item>
  <item name="CommunityStatus.None" disambiguation="Relativo a Comunità" html="false" placeholder="false">Anyone</item>
  <item name="CommunityStatus.Active" disambiguation="Relativo a Comunità" html="false" placeholder="false">active</item>
  <item name="CommunityStatus.Stored" disambiguation="Relativo a Comunità" html="false" placeholder="false">archived</item>
  <item name="CommunityStatus.Blocked" disambiguation="Relativo a Comunità" html="false" placeholder="false">blocked</item>
  <item name="CommunityStatus.Favorite" disambiguation="Relativo a Comunità" html="false" placeholder="false">favourite</item>
  <item name="RootCommunityName" html="false" placeholder="false">List:</item>
  <item name="AllTypes" html="false" placeholder="false">--  any   --</item>
  <item name="LBcommunityTypes_t.text" html="false" placeholder="false"> of type :</item>
  <item name="LBsubscriptions_t.text" html="false" placeholder="false">and</item>
  <item name="LBcommunityName_t.text" disambiguation="singolare" html="false" placeholder="false">Community name</item>
  <item name="LBcommunityRole_t.text" html="false" placeholder="false">Role</item>
  <item name="CommunityAvailability.All" html="false" placeholder="false">associated/not associated</item>
  <item name="CommunityAvailability.Subscribed" html="false" placeholder="false">Associated</item>
  <item name="CommunityAvailability.NotSubscribed" html="false" placeholder="false">not associated</item>
  <item name="LBcommunityToSubscribe.text" disambiguation="plurale" html="false" placeholder="false">Communities to enroll the user in:</item>
  <item name="LBsubscriptionsEdited.text" disambiguation="plurale" html="false" placeholder="false">Communities for which change the user role:</item>
  <item name="LBsubscriptionsToDelete.text" disambiguation="plurale" html="false" placeholder="false">Communities from which delete the enrollment:</item>
  <item name="LTprogress.text" html="false" placeholder="false">Please wait while saving data</item>
  <item name="LBnewSubscription_t.text" html="false" placeholder="false">New registr.</item>
  <item name="isNew.True" html="false" placeholder="false">Yes</item>
  <item name="isNew.False" html="false" placeholder="false">&amp;nbsp;</item>
  <item name="LTerrors.text" html="false" placeholder="false">Error while performing the operation, please retry.</item>
</Resource>