<?xml version="1.0" encoding="utf-8"?>
<Resource xmlns:xsi="http://www.w3.org/2001/XMLSchema-instance" xmlns:xsd="http://www.w3.org/2001/XMLSchema" xmlns="urn:ComolTranslation">
  <item name="serviceProfileInfoNopermission" html="false" placeholder="false">You do not have permission to view the selected profile's information</item>
  <item name="LBdisplayName_t.text" html="false" placeholder="false">User:</item>
  <item name="LBprofileType_t.text" html="false" placeholder="false">Profile:</item>
  <item name="IMFoto.Tooltip" html="false" placeholder="false">Personal image</item>
  <item name="ProfileInfoTab.baseInfo" html="false" placeholder="false">Informations</item>
  <item name="ProfileInfoTab.advancedInfo" html="false" placeholder="false">Advanced</item>
  <item name="ProfileInfoTab.communityInfo" html="false" placeholder="false">Communities enrollment</item>
  <item name="DisplaySessionTimeout" html="false" placeholder="false">Work session has expired, close window and log into the platform again.</item>
  <item name="DisplayProfileUnknown" html="false" placeholder="false">Unknown user.</item>
  <item name="DisplayNoPermissionForProfile" html="false" placeholder="false">Sorry, you do not have permission to view the details related to the selected profile.</item>
  <item name="LBprimaryOrganization_t.text" html="false" placeholder="false">Organization:</item>
  <item name="LBotherOrganizations_t.text" html="false" placeholder="false">Other organizations:</item>
  <item name="LBlogin_t.text" html="false" placeholder="false">Login:</item>
  <item name="LBname_t.text" html="false" placeholder="false">Name:</item>
  <item name="LBsurname_t.text" html="false" placeholder="false">Surname:</item>
  <item name="LBtaxCode_t.text" html="false" placeholder="false">Tax code:</item>
  <item name="LBlingua_t.text" html="false" placeholder="false">Language:</item>
  <item name="LBmail_t.text" html="false" placeholder="false">Mail address:</item>
  <item name="LBmatricola_t.text" html="false" placeholder="false">Matriculation number:</item>
  <item name="LBimmatricolazione_t.text" html="false" placeholder="false">matriculated on:</item>
  <item name="LBtipoDocente_t.text" html="false" placeholder="false">Type:</item>
  <item name="LBricevimento_t.text" html="false" placeholder="false">Consultation hours:</item>
  <item name="LBcodice_t.text" html="false" placeholder="false">Code:</item>
  <item name="LBqualifica_t.text" disambiguation="qualifica=qualifica docenza universitaria" html="false" placeholder="false">Qualification :</item>
  <item name="LBfascia_t.text" disambiguation="fascia=fascia docenza universitaria" html="false" placeholder="false">Slot:</item>
  <item name="LBregime_t.text" disambiguation="regime=regime docenza universitaria" html="false" placeholder="false">Regimen:</item>
  <item name="LBistitutoSTU_t.text" html="false" placeholder="false">Institute:</item>
  <item name="LBclasseSezione_t.text" disambiguation="riferito alle scuole superiori" html="false" placeholder="false">Class and section:</item>
  <item name="LBistituto_t.text" html="false" placeholder="false">Institute:</item>
  <item name="LBmatters_t.text" html="false" placeholder="false">Subjects:</item>
  <item name="LBphd_t.text" html="false" placeholder="false">Doctor's degree in:</item>
  <item name="LBtechnician_t.text" html="false" placeholder="false">Area/function:</item>
  <item name="LBexternalUser_t.text" html="false" placeholder="false">Registration reason / job performed:</item>
  <item name="WaitingStudentID" html="false" placeholder="false">Waiting for Matriculation</item>
  <item name="LBcompanyName_t.text" html="false" placeholder="false">Company Tax Code:</item>
  <item name="LBcompanyAddress_t.text" html="false" placeholder="false">Company address:</item>
  <item name="LBcompanyCity_t.text" html="false" placeholder="false">Company city:</item>
  <item name="LBcompanyRegion_t.text" html="false" placeholder="false">Province/Region:</item>
  <item name="LBcompanyTaxCode_t.text" html="false" placeholder="false">VAT/ company tax code</item>
  <item name="LBcompanyReaNumber_t.text" html="false" placeholder="false">Company R.E.A</item>
  <item name="LBassociationCategories_t.text" html="false" placeholder="false">Categories association</item>
  <item name="LBagency_t.text" html="false" placeholder="false">Membership agency:</item>
  <item name="NoAffiliations" html="false" placeholder="false">Not specified</item>
  <item name="affiliation.IsEnabled" html="false" placeholder="true" mustcontains="{0}">{0} (on course).</item>
  <item name="affiliation.EndDate" html="false" placeholder="true" mustcontains="{0}|{1}">{0} (till the {1}).</item>
  <item name="affiliation.ClosedNoDate" html="false" placeholder="true" mustcontains="{0}">{0} (in the past).</item>
  <item name="LBauthenticationType_t.text" html="false" placeholder="false">Authentication type:</item>
  <item name="LBuserType_t.text" html="false" placeholder="false">Profile type:</item>
  <item name="ShowMail.True" html="false" placeholder="false">Yes.</item>
  <item name="ShowMail.False" html="false" placeholder="false">No.</item>
  <item name="LBorganizationInfo_t.text" html="false" placeholder="false">Organization:</item>
  <item name="LBotherOrganizations_t.text" html="false" placeholder="false">Altre organizzazioni:</item>
  <item name="LBnote_t.text" html="false" placeholder="false">Notes:</item>
  <item name="LBprovince_t.text" html="false" placeholder="false">Province:</item>
  <item name="LBnations_t.text" disambiguation="stato=nazione" html="false" placeholder="false">Status:</item>
  <item name="LBbirthDate_t.text" html="false" placeholder="false">Birth date:</item>
  <item name="LBbirthPlace_t.text" html="false" placeholder="false">Birth place:</item>
  <item name="LBisMale_t.text" html="false" placeholder="false">Male:</item>
  <item name="isMale" html="false" placeholder="false">Yes.</item>
  <item name="LBaddress_t.text" html="false" placeholder="false">Address:</item>
  <item name="LBpostCode_t.text" disambiguation="codice di avviamento postale" html="false" placeholder="false">ZIP code:</item>
  <item name="LBcity_t.text" html="false" placeholder="false">City:</item>
  <item name="LBofficePhone_t.text" html="false" placeholder="false">Telephone:</item>
  <item name="LBhomePhone_t.text" html="false" placeholder="false">Secondary telephone:</item>
  <item name="LBmobile_t.text" html="false" placeholder="false">Mobile:</item>
  <item name="LBfax_t.text" html="false" placeholder="false">Fax:</item>
  <item name="LBhomePage_t.text" html="false" placeholder="false">Personal web site:</item>
  <item name="SubscriptionStatus.newUser" html="false" placeholder="false">New registrations</item>
  <item name="SubscriptionStatus.waiting" html="false" placeholder="false">waiting confirmation</item>
  <item name="SubscriptionStatus.blocked" html="false" placeholder="false">access blocked</item>
  <item name="SubscriptionStatus.responsible" html="false" placeholder="false">responsible</item>
  <item name="SubscriptionStatus.activemember" html="false" placeholder="false">active</item>
  <item name="SubscriptionStatus.communityblocked" html="false" placeholder="false">blocked</item>
  <item name="LBname_t.text" html="false" placeholder="false">Nome</item>
  <item name="LBsubscription_t.text" html="false" placeholder="false">Registerd on</item>
  <item name="LBlastVisit_t.text" html="false" placeholder="false">Last access</item>
  <item name="ProfileSettingsTab.profileData" html="false" placeholder="false">Profile data </item>
  <item name="ProfileSettingsTab.mailPolicy" html="false" placeholder="false">Mail settings</item>
  <item name="ProfileSettingsTab.advancedSettings" html="false" placeholder="false">Advanced settings</item>
  <item name="ProfileSettingsTab.istantMessaging">Istant messaging settings</item>
  <item name="serviceTitleSettingsProfile" html="false" placeholder="false">My profile</item>
  <item name="serviceSettingsProfileNopermission" html="false" placeholder="false">You do not have permission to view the profile data</item>
  <item name="BTNedit.text" html="false" placeholder="false">Change image</item>
  <item name="BTNedit.ToolTip" html="false" placeholder="false">Change the image associated to the profile</item>
  <item name="BTNsaveTop.text" html="false" placeholder="false">Save</item>
  <item name="BTNsaveTop.ToolTip" html="false" placeholder="false">Save</item>
  <item name="BTNsaveBottom.text" html="false" placeholder="false">Save</item>
  <item name="BTNsaveBottom.ToolTip" html="false" placeholder="false">Save</item>
  <item name="DisplaySavedInfo" html="false" placeholder="false">Data correctly saved</item>
  <item name="DisplayErrorSaving" html="false" placeholder="false">Error while saving files. The operation was not correctly performed.</item>
  <item name="LBavatarInfo.text" html="false" placeholder="false">ATTENTION! Dimensioni consigliate: Altezza 125 larghezza 100 pixel.Se tale rapporto non viene rispettato l'immagine verrà ridimensionata o tagliata.</item>
  <item name="LBavatarInsert_t.text" html="false" placeholder="false">Select image:</item>
  <item name="BTNupload.text" disambiguation="carica=upload" html="false" placeholder="false">Upload</item>
  <item name="BTNupload.ToolTip" disambiguation="carica=upload" html="false" placeholder="false">Upload</item>
  <item name="LBavatarInsert_t.ThumbnailImage" html="false" placeholder="false">It was not possible to resize the image to the requested standard size</item>
  <item name="LBavatarInsert_t.FileCreated" html="false" placeholder="false">the file was not correctly uploaded</item>
  <item name="LBavatarInsert_t.extension" html="false" placeholder="false">File extension not corrected</item>
  <item name="LBavatarInsert_t.ContentLength" html="false" placeholder="false">File must have size greater than zero.</item>
  <item name="LBmailEditorInfo_t.text" html="false" placeholder="false">ATTENTION:</item>
  <item name="LBmailEditorInfo.text" html="false" placeholder="false">The new e-mail address you enter will be sent a message containing a confirmation link, only after the address will be changed</item>
  <item name="LBmail_t.text" html="false" placeholder="false">Mail address:</item>
  <item name="LBmailConfirm_t.text" html="false" placeholder="false">Confirm mail address:</item>
  <item name="REVmail.text" html="false" placeholder="false">Invalid mail address</item>
  <item name="REVmail.ErrorMessage" html="false" placeholder="false">Invalid mail address</item>
  <item name="REVmailConfirm.text" html="false" placeholder="false">Invalid mail address</item>
  <item name="REVmailConfirm.ErrorMessage" html="false" placeholder="false">Invalid mail address</item>
  <item name="CVmail.text" html="false" placeholder="false">Email address and its confirmation do not overlap</item>
  <item name="CVmail.ErrorMessage" html="false" placeholder="false">Email address and its confirmation do not overlap</item>
  <item name="LBmailCodeInfo_t.text" html="false" placeholder="false">ATTENTION:</item>
  <item name="LBmailCodeInfo.text" html="false" placeholder="true" mustcontains="{0}|{1}|{2}">Please insert the activation code received by mail at the new specified address ({0}) on {1} at {2}. In case it is possible to send another code or change the e-mail address</item>
  <item name="LBmailCode_t.text" html="false" placeholder="false">Code:</item>
  <item name="BTNsaveMail.text" disambiguation="verbo" html="false" placeholder="false">Modify</item>
  <item name="BTNsaveMail.ToolTip" disambiguation="verbo" html="false" placeholder="false">Modify</item>
  <item name="DisplayActivationComplete" html="false" placeholder="false">The new mail address was successfully activated.</item>
  <item name="ErrorMessages.None" html="false" placeholder="false" />
  <item name="ErrorMessages.InvalidCode" html="false" placeholder="false">Activation code NOT valid</item>
  <item name="ErrorMessages.InvalidMailAddress" html="false" placeholder="false">Invalid email address</item>
  <item name="ErrorMessages.AlreadyActivated" html="false" placeholder="false">The email address change has already been performed.</item>
  <item name="ErrorMessages.NoPendingRequest" html="false" placeholder="false">No pending request found</item>
  <item name="ErrorMessages.UnsavedRequest" html="false" placeholder="false">The procedure for the mail change was not correctly performed, please try again.</item>
  <item name="ErrorMessages.MailAlreadyExist" html="false" placeholder="false">The mail you selected already exists and is associated to another profile. Please insert a different one.</item>
  <item name="BTNbackToMailEditorStep.text" html="false" placeholder="false">Back</item>
  <item name="BTNbackToMailEditorStep.ToolTip" html="false" placeholder="false">Back</item>
  <item name="BTNnewMail.text" html="false" placeholder="false">Change mail</item>
  <item name="BTNnewMail.ToolTip" html="false" placeholder="false">Change mail</item>
  <item name="BTNsendCode.text" html="false" placeholder="false">New code</item>
  <item name="BTNsendCode.ToolTip" html="false" placeholder="false">Send a new activation code</item>
  <item name="BTNinsertCode.text" disambiguation="verbo" html="false" placeholder="false">Activate</item>
  <item name="BTNinsertCode.ToolTip" disambiguation="verbo" html="false" placeholder="false">Activate</item>
  <item name="mail.Subject" html="false" placeholder="false">Change profile mail address</item>
  <item name="mail.Body" html="true" placeholder="true" mustcontains="{0}|{1}|{2}|{3}|{4}|{4}">Dear {0}, you requested to change the {1} e-mail address on the {2} at {3}: to make this change effective, click the following link (or copy it in your browser): {4} &lt;br&gt;You can also activate your new mail address by entering the following code &lt;B&gt;{5} &lt;/b&gt; in the mail editing page of your profile"</item>
  <item name="serviceTitleActivateUserMail" html="false" placeholder="false">Change profile mail address</item>
  <item name="serviceTitleActivateUserMailNopermission" html="false" placeholder="false">Attention, it is not possible to modify the email address.</item>
  <item name="LBcommunityStatus_t.text" disambiguation="plurale" html="false" placeholder="false">Display communities:</item>
  <item name="CommunityStatus.None" disambiguation="Relativo a Comunità" html="false" placeholder="false">Anyone</item>
  <item name="CommunityStatus.Active" disambiguation="Relativo a Comunità" html="false" placeholder="false">active</item>
  <item name="CommunityStatus.Stored" disambiguation="Relativo a Comunità" html="false" placeholder="false">archived</item>
  <item name="CommunityStatus.Blocked" disambiguation="Relativo a Comunità" html="false" placeholder="false">blocked</item>
  <item name="CommunityStatus.Favorite" disambiguation="Relativo a Comunità" html="false" placeholder="false">favourite</item>
  <item name="LBmailPolicyInfo.text" disambiguation="plurale" html="false" placeholder="false">Attenzione: sono elencate le comunità a cui Lei risulta iscritto/a ed accanto ad ognuna è indicato se la sua mail è visibile agli altri iscritti alla comunità.</item>
  <item name="LBcommunityname_t.text" html="false" placeholder="false">with name tha contains:</item>
  <item name="BTNfilter.text" html="false" placeholder="false">Find</item>
  <item name="BTNfilter.ToolTip" html="false" placeholder="false">Find</item>
  <item name="RootCommunityName" disambiguation="plurale" html="false" placeholder="false">Found communities:</item>
  <item name="HYPeditPassword.text" html="false" placeholder="false">Change password</item>
  <item name="HYPeditPassword.ToolTip" html="false" placeholder="false">Change access data to the platform</item>
  <item name="TranslateModalView.Messages" html="false" placeholder="false">Message</item>
  <item name="TranslateModalView.AvatarEditor" html="false" placeholder="false">Change profile image</item>
  <item name="TranslateModalView.MailEditor" html="false" placeholder="false">Change mail</item>
  <item name="OnLoadingTranslation" html="false" placeholder="false">Data loading in progress</item>
  <item name="BTNcloseMailWindowFromCode.text" html="false" placeholder="false">Close</item>
  <item name="BTNcloseMailWindowFromCode.Tooltip" html="false" placeholder="false">Close window</item>
  <item name="BTNcloseMailWindowFromEditor.text" html="false" placeholder="false">Close</item>
  <item name="BTNcloseMailWindowFromEditor.Tooltip" html="false" placeholder="false">Close window</item>
  <item name="BTNcloseMailWindowFromErrors.text" html="false" placeholder="false">Close</item>
  <item name="BTNcloseMailWindowFromErrors.Tooltip" html="false" placeholder="false">Close window</item>
  <item name="IViewProfileIstantMessaging.DisplaySessionTimeout">Working session expires, in order to change the settings for the instant messaging systems it is necessary to access the platform.</item>
  <item name="IViewProfileIstantMessaging.DisplayProfileUnknown">Unknown user can not change the settings for the instant messaging systems.</item>
  <item name="IViewProfileIstantMessaging.DisplayNotAllowedToSaveSettings">Sorry, do not have permission to modify the settings for the instant messaging systems.</item>
  <item name="IViewProfileIstantMessaging.NoSettings">Sorry, currently the system does NOT allow you to specify the settings for the instant messaging systems.</item>
  <item name="IViewProfileIstantMessaging.DisplayUnableToAddSettings">Sorry, it was not possible to insert a new contact for the istant messaging service</item>
  <item name="IViewProfileIstantMessaging.DisplayUnableToRemoveIstantMessaging">Sorry, it was not possible to delete contacts for the istant messaging service</item>
  <item name="IViewProfileIstantMessaging.DisplayRemovedIstantMessaging">Contact has been removed</item>
  <item name="IViewProfileIstantMessaging.DisplaySettingsAdded">New contact has been added</item>
  <item name="IViewProfileIstantMessaging.DisplaySettingsSaved">Istant messaging contacts settings were successfully saved</item>
  <item name="IViewProfileIstantMessaging.DisplayUnableToSaveSettings">It was not possible to save the istant messaging contacts settings</item>
  <item name="LBimAddress_t.text">Address</item>
  <item name="LBimNotes_t.text">Notes</item>
  <item name="LBimVisibility_t.text">Visibility</item>
  <item name="LBimDefault_t.text">Default</item>
  <item name="LNBaddIstantMessagingItem.text">Add</item>
  <item name="LNBaddIstantMessagingItem.Tooltip">Add new item</item>
  <item name="IstantMessagingVisibility.none">None</item>
  <item name="IstantMessagingVisibility.portalmanagers">Portal Managers</item>
  <item name="IstantMessagingVisibility.communityadministrators">Community owner</item>
  <item name="IstantMessagingVisibility.communitymanagers">Community managers</item>
  <item name="IstantMessagingVisibility.communitymembers">Community members</item>
  <item name="IstantMessagingVisibility.all">All</item>
  <item name="LBimType.skype">Skype</item>
  <item name="LBimType.icq">Icq</item>
  <item name="LBimType.yahoomessenger">Yahoo messenger</item>
  <item name="LBimType.hangout">Hangout</item>
  <item name="LNBdeleteIstantMessagingItem.Tooltip">Delete item</item>
  <item name="LBimDisclaymer.text">ATTENTION: be carful while setting the addresses visibility in this section.</item>
  <item name="LBimShowDisclaimer.text">Show visibitlity legend</item>
  <item name="LBimHideDisclaimer.text">Hide legend</item>
  <item name="LTnoneDisclaimerItem.text">None</item>
  <item name="LTnoneDisclaimerDescription.text">No user will be able to see this contact</item>
  <item name="LTallDisclaimerItem.text">All</item>
  <item name="LTallDisclaimerDescription.text">All platfrom users will be able to see this contact from every community they are enrolled in.</item>
  <item name="LTcommunityadministratorsDisclaimerItem.text">Person in charge</item>
  <item name="LTcommunityadministratorsDisclaimerDescription.text">Only the people in charge of the community will be able to see this contact.</item>
  <item name="LTcommunitymanagersDisclaimerItem.text">Community managers</item>
  <item name="LTcommunitymanagersDisclaimerDescription.text">Only the community managers will be able to see this contact.</item>
  <item name="LTcommunitymembersDisclaimerItem.text">Community members</item>
  <item name="LTcommunitymembersDisclaimerDescription.text">All the people enrolled in the community will be able to see this contact.</item>
  <item name="LTportalmanagersDisclaimerItem.text">Platform managers</item>
  <item name="LTportalmanagersDisclaimerDescription.text">ONLY the system managers will be able to see this contact. Neither the people in charge of the communty nor administrators and members will be allowed to see it.</item>
</Resource>