<?xml version="1.0" encoding="utf-8"?>
<!--eng-->
<Resource xmlns:xsi="http://www.w3.org/2001/XMLSchema-instance" xmlns:xsd="http://www.w3.org/2001/XMLSchema" xmlns="urn:ComolTranslation">
  <item name="serviceTitle" html="false" placeholder="false">User profile management</item>
  <item name="serviceTitle.SRVEDUP" html="false" placeholder="false">Search user</item>
  <item name="serviceNopermission" html="false" placeholder="false">Sorry, you do not have permission to access this page.</item>
  <item name="LBNopermessi.text" html="false" placeholder="false">Sorry, you do not have permission to access this page.</item>
  <item name="LogoutMessage" html="false" placeholder="false">Sorry, your session has expired, you have to log into the system again.</item>
  <item name="OnLoadingTranslation" html="false" placeholder="false">Data loading in progress</item>
  <item name="HYPaddProfile.text" html="false" placeholder="false">New profile</item>
  <item name="HYPaddProfile.ToolTip" html="false" placeholder="false">Adds a new profile</item>
  <item name="HYPaddProfile.status" html="false" placeholder="false">Adds a new profile</item>
  <item name="HYPimportProfile.text" html="false" placeholder="false">Import profies</item>
  <item name="HYPimportProfile.ToolTip" html="false" placeholder="false">Import profiles from external/internal data sources</item>
  <item name="HYPimportProfile.status" html="false" placeholder="false">Import profiles from external/internal data sources</item>
  <item name="LBorganizzazione_t.text" html="false" placeholder="false">Organiz.:</item>
  <item name="DDLorganizations.-1" disambiguation="relativo a organizzazioni" html="false" placeholder="false">--		All		--</item>
  <item name="LBprofileType_t.text" html="false" placeholder="false">Type:</item>
  <item name="DDLprofileType.-1" disambiguation="relativo a tipo profili" html="false" placeholder="false">--		All		--</item>
  <item name="DDLauthenticationType.-1" disambiguation="relativo a tipo di autenticazione" html="false" placeholder="false">--		All		--</item>
  <item name="LBagencyFilter_t.text" html="false" placeholder="false">Agency:</item>
  <item name="DDLagencies.-1" disambiguation="relativo a ente/sede/banca/agenzia" html="false" placeholder="false">--		Any		--</item>
  <item name="LBstatus_t.text" disambiguation="status: attivo/chiuso/in corso/valutazione" html="false" placeholder="false">Status:</item>
  <item name="StatusProfile.AllStatus" disambiguation="relativo a profili" html="false" placeholder="false">--		All		--</item>
  <item name="StatusProfile.Active" disambiguation="relativo a profili" html="false" placeholder="false">Active</item>
  <item name="StatusProfile.Disabled" disambiguation="relativo a profili" html="false" placeholder="false">Disabled</item>
  <item name="StatusProfile.Waiting" disambiguation="relativo a profili" html="false" placeholder="false">Pending</item>
  <item name="LBauthenticationType_t.text" html="false" placeholder="false">Authentic. type:</item>
  <item name="DDLauthenticationType.-1" disambiguation="relativo a tipi di autenticazione" html="false" placeholder="false">--		All		--</item>
  <item name="DDLauthenticationType.0" disambiguation="relativo a tipo di autenticazione" html="false" placeholder="false">--		None		--</item>
  <item name="LBtipoRicerca_t.text" html="false" placeholder="false">Find:</item>
  <item name="SearchProfilesBy.All" html="false" placeholder="false">--				--</item>
  <item name="SearchProfilesBy.Contains" html="false" placeholder="false">Contains</item>
  <item name="SearchProfilesBy.Login" html="false" placeholder="false">Login</item>
  <item name="SearchProfilesBy.Mail" html="false" placeholder="false">Mail</item>
  <item name="SearchProfilesBy.Matricula" html="false" placeholder="false">Matriculation number</item>
  <item name="SearchProfilesBy.Name" html="false" placeholder="false">Name</item>
  <item name="SearchProfilesBy.Surname" html="false" placeholder="false">Surname</item>
  <item name="SearchProfilesBy.TaxCode" html="false" placeholder="false">Tax code</item>
  <item name="LBvalore_t.text" html="false" placeholder="false">Value:</item>
  <item name="LNBtutti.text" html="false" placeholder="false">All</item>
  <item name="LNBaltro.text" disambiguation="caratt.=caratteri" html="false" placeholder="false">Other charact.</item>
  <item name="BTNcerca.text" html="false" placeholder="false">Find</item>
  <item name="BTNcerca.ToolTip" html="false" placeholder="false">Find</item>
  <item name="BTNcerca.status" html="false" placeholder="false">Find</item>
  <item name="CBXautoUpdate.text" disambiguation="agg.=aggiorna" html="false" placeholder="false">Refresh results</item>
  <item name="LBpagesize.text" html="false" placeholder="false">Per page:</item>
  <item name="LBinfo_t.text" disambiguation="I=informazione (un solo carattere)" html="false" placeholder="false">I</item>
  <item name="LBedit.text" disambiguation="M=modifica (un solo carattere)" html="false" placeholder="false">M</item>
  <item name="LBdelete_t.text" disambiguation="C=cancella (un solo carattere)" html="false" placeholder="false">D</item>
  <item name="LBnameSurname_t.text" html="false" placeholder="false">Vital statistics</item>
  <item name="LBmail_t.text" html="false" placeholder="false">Mail</item>
  <item name="LBlogin_t.text" html="false" placeholder="false">Login</item>
  <item name="LBtipo_t.text" html="false" placeholder="false">Type</item>
  <item name="LBstatusInfo_t.text" disambiguation="S=status/condizione (un solo carattere)" html="false" placeholder="false">S</item>
  <item name="LBstatus_t.text" disambiguation="status: attivo/chiuso/in corso/valutazione" html="false" placeholder="false">Status</item>
  <item name="LBauthentication_t.text" disambiguation="auth.=tipo di autenticazione" html="false" placeholder="false">Auth.</item>
  <item name="LBactions.text" html="false" placeholder="false">Actions</item>
  <item name="LBcompanyName_t.text" html="false" placeholder="false">Company Tax Code</item>
  <item name="LBagencyName_t.text" html="false" placeholder="false">Agency name</item>
  <item name="LBdisplayLoginInfo.text" html="false" placeholder="false">Show login:</item>
  <item name="CBXdisplayLoginInfo.text" html="false" placeholder="false">yes</item>
  <item name="HYPinfo.text" disambiguation="I=informazione (un solo carattere)" html="false" placeholder="false">I</item>
  <item name="HYPinfo.status" html="false" placeholder="false">Profile details</item>
  <item name="HYPinfo.ToolTip" html="false" placeholder="false">Profile details</item>
  <item name="HYPedit.text" disambiguation="M=modifica (un solo carattere)" html="false" placeholder="false">M</item>
  <item name="HYPedit.status" html="false" placeholder="false">Modify profile</item>
  <item name="HYPedit.ToolTip" html="false" placeholder="false">Modify profile</item>
  <item name="HYPdelete.text" disambiguation="C=cancella (un solo carattere)" html="false" placeholder="false">D</item>
  <item name="HYPdelete.status" html="false" placeholder="false">Delete profile</item>
  <item name="HYPdelete.ToolTip" html="false" placeholder="false">Delete profile</item>
  <item name="HYPeditType.text" html="false" placeholder="false">Change type</item>
  <item name="HYPeditType.status" html="false" placeholder="false">Change type of the selected profile</item>
  <item name="HYPeditType.ToolTip" html="false" placeholder="false">Change type of the selected profile</item>
  <item name="HYPcommunities.text" html="false" placeholder="false">Associated communities</item>
  <item name="HYPcommunities.status" html="false" placeholder="false">Associated communities</item>
  <item name="HYPcommunities.ToolTip" html="false" placeholder="false">Associated communities</item>
  <item name="staus.activate" disambiguation="verbo" html="false" placeholder="false">Activate</item>
  <item name="staus.activate.ToolTip" html="false" placeholder="false">Activate profile while waiting for confirmation</item>
  <item name="staus.disable" disambiguation="relativo a profilo utente" html="false" placeholder="false">Disable</item>
  <item name="staus.disable.ToolTip" html="false" placeholder="false">Disable profile</item>
  <item name="staus.enable" disambiguation="relativo a profilo utente" html="false" placeholder="false">Enable</item>
  <item name="staus.enable.ToolTip" html="false" placeholder="false">Enable profile</item>
  <item name="LNBlogin.text" html="false" placeholder="false">Logon as ..</item>
  <item name="LNBlogin.status" html="false" placeholder="false">Logon with the selected profile.</item>
  <item name="LNBlogin.ToolTip" html="false" placeholder="false">Logon with the selected profile.</item>
  <item name="HYPreturnToList.text" html="false" placeholder="false">Back to profiles </item>
  <item name="HYPreturnToList.ToolTip" html="false" placeholder="false">Back to profiles </item>
  <item name="HYPreturnToList.status" html="false" placeholder="false">Back to profiles </item>
  <item name="serviceTitleRemove" html="false" placeholder="true" mustcontains="{0}">Delete the profile of {0}</item>
  <item name="LNBconfirmDelete.text" html="false" placeholder="false">Delete</item>
  <item name="LNBconfirmDelete.status" html="false" placeholder="false">Delete definitively the profile from the platform.</item>
  <item name="LNBconfirmDelete.ToolTip" html="false" placeholder="false">Delete definitively the profile from the platform.</item>
  <item name="Delete.Single" html="false" placeholder="true" mustcontains="{0}|{1}">Are you sure you want to permanently delete the profile of {0} ({1}) ?</item>
  <item name="Delete.Multiple" html="false" placeholder="true" mustcontains="{0}|{1}">You are going to delete the profile of {0} ({1}) as well as the associated communities, enrollments, files, etc.&lt;br/&gt;Are you sure you want to continue?</item>
  <item name="LNBpassword.text" html="false" placeholder="false">New password</item>
  <item name="LNBpassword.status" html="false" placeholder="false">Send a new internal password to the selected profile</item>
  <item name="LNBpassword.ToolTip" html="false" placeholder="false">Send a new internal password to the selected profile</item>
  <item name="LNBloginInfoManage.text" html="false" placeholder="false">[Management]</item>
  <item name="LNBloginInfoManage.status" html="false" placeholder="false">Manage the selected profile login data</item>
  <item name="LNBloginInfoManage.ToolTip" html="false" placeholder="false">Manage the selected profile login data</item>
  <item name="LNBloginInfoAdd.text" html="false" placeholder="false">Add</item>
  <item name="LNBloginInfoAdd.status" html="false" placeholder="false">Add to the login credentials of the selected profile</item>
  <item name="LNBloginInfoAdd.ToolTip" html="false" placeholder="false">Add to the login credentials of the selected profile</item>
  <item name="serviceTitleDeleteProfile" html="false" placeholder="false">User profile deletion</item>
  <item name="serviceTitleDeleteNamedProfile" html="false" placeholder="true" mustcontains="{0}">Deletion of {0} 's user profile</item>
  <item name="HYPbackToManagement.text" html="false" placeholder="false">Back</item>
  <item name="HYPbackToManagement.status" html="false" placeholder="false">Back to profiles management</item>
  <item name="HYPbackToManagement.ToolTip" html="false" placeholder="false">Back to profiles management</item>
  <item name="DisplayProfileUnknown" html="false" placeholder="false">Unrecognized or deleted system user.</item>
  <item name="serviceTitleEditProfile" html="false" placeholder="false">Modify user profile</item>
  <item name="serviceTitleEditNamedProfile" html="false" placeholder="true" mustcontains="{0}">Modify user profile of {0}</item>
  <item name="serviceEditProfileNopermission" html="false" placeholder="false">Sorry, you do not have permission to edit this profile.</item>
  <item name="HYPtoProfileAuthentications.text" html="false" placeholder="false">Authentication management</item>
  <item name="HYPtoProfileAuthentications.status" html="false" placeholder="false">Go to profile authentication system smanagement</item>
  <item name="HYPtoProfileAuthentications.ToolTip" html="false" placeholder="false">Go to profile authentication system smanagement</item>
  <item name="LNBsaveTop.text" html="false" placeholder="false">Save</item>
  <item name="LNBsaveTop.status" html="false" placeholder="false">Save changes to profile</item>
  <item name="LNBsaveTop.ToolTip" html="false" placeholder="false">Save changes to profile</item>
  <item name="LNBsaveBottom.text" html="false" placeholder="false">Save</item>
  <item name="LNBsaveBottom.status" html="false" placeholder="false">Save changes to profile</item>
  <item name="LNBsaveBottom.ToolTip" html="false" placeholder="false">Save changes to profile</item>
  <item name="EditDisplayProfileUnknown" html="false" placeholder="false">Profile not detected: it can be deleted or there could be some data access problems (contact the pèlatform administrator).</item>
  <item name="DisplaySessionTimeout" html="false" placeholder="false">Work session has expired, close window and log into the platform again</item>
  <item name="DisplayErrorSaving" html="false" placeholder="false">ERROR: data were not saved correctly, please try again.</item>
  <item name="serviceTitleEditProfileAuthentications" html="false" placeholder="false">Modify user's authentication providers</item>
  <item name="serviceEditProfileAuthenticationsNopermission" html="false" placeholder="false">You do NOT have permission to manage the authentication providers of this user.</item>
  <item name="LNBaddNewProvider.text" html="false" placeholder="false">Add authentication</item>
  <item name="LNBaddNewProvider.status" html="false" placeholder="false">Adds a new authentication provider for the user.</item>
  <item name="LNBaddNewProvider.ToolTip" html="false" placeholder="false">Adds a new authentication provider for the user.</item>
  <item name="serviceTitleEditNamedProfileAuthentications" html="false" placeholder="true" mustcontains="{0}">Modify authentication provider of the user {0}</item>
  <item name="HYPbackToEdit.text" html="false" placeholder="false">Back to profile.</item>
  <item name="HYPbackToEdit.status" html="false" placeholder="false">Back to profile editing</item>
  <item name="HYPbackToEdit.ToolTip" html="false" placeholder="false">Back to profile editing</item>
  <item name="EditProfileAuthentications.DisplayNoPermission" html="false" placeholder="false">You do not have permission to manage the authentication providers of this user.</item>
  <item name="EditProfileAuthentications.DisplayProfileUnknown" html="false" placeholder="false">Profile not detected: it can be deleted or there could be some data access problems (contact the pèlatform administrator).</item>
  <item name="serviceTitleEditProfileType" html="false" placeholder="false">Change profile type</item>
  <item name="serviceEditProfileTypesNopermission" html="false" placeholder="false">You do NOT have permission to change the profile type associated to the user.</item>
  <item name="serviceTitleEditNamedProfileType" html="false" placeholder="true" mustcontains="{0}">Change profile type for the user {0}"</item>
  <item name="LBcurrentUserType_t.text" html="false" placeholder="false">Current profile:</item>
  <item name="LNBsaveTypeTop.text" html="false" placeholder="false">Change type</item>
  <item name="LNBsaveTypeTop.status" html="false" placeholder="false">Change the profile type associated to the user</item>
  <item name="LNBsaveTypeTop.ToolTip" html="false" placeholder="false">Change the profile type associated to the user</item>
  <item name="LNBsaveTypeBottom.text" html="false" placeholder="false">Change type</item>
  <item name="LNBsaveTypeBottom.status" html="false" placeholder="false">Change the profile type associated to the user</item>
  <item name="LNBsaveTypeBottom.ToolTip" html="false" placeholder="false">Change the profile type associated to the user</item>
  <item name="LBnewUserType_t.text" html="false" placeholder="false">Profile type:</item>
  <item name="EditTypeDisplayProfileUnknown" html="false" placeholder="false">The profile to edit was not found in the system</item>
  <item name="newPasswordmailSubject" html="false" placeholder="false">Enter credentials</item>
  <item name="newPasswordmailBody" html="true" placeholder="true" mustcontains="{0}|{1}|{2}|{3}">Dear {0}, as you requested, here are the login credentials to access the web address {3} :&lt;br&gt;Login: {1}&lt;br&gt;Password: {2}&lt;br&gt; .&lt;br&gt;&lt;br&gt;</item>
  <item name="newPasswordmailAdministratorBody" html="true" placeholder="true" mustcontains="{0}|{1}|{2}|{3}">Dear {0}, login credentials have been sent to you:&lt;br&gt;Login: {1}&lt;br&gt;Password: {2}&lt;br&gt; to access the web address {3}.&lt;br&gt;&lt;br&gt;</item>
  <item name="loginWIthOtherAuthentication" html="false" placeholder="true" mustcontains="{0}">Has {0} access modes to the platform."</item>
  <item name="LBloginDisplay" html="false" placeholder="false">Login:</item>
  <item name="HYPback.ModuleCode.PortalIndex.text" html="false" placeholder="false">Back</item>
  <item name="HYPback.ModuleCode.PortalIndex.ToolTip" html="false" placeholder="false">Back to the platform statistics main page of educational paths</item>
  <item name="HYPback.ModuleCode.CommunityIndex.text" html="false" placeholder="false">Back</item>
  <item name="HYPback.ModuleCode.CommunityIndex.ToolTip" html="false" placeholder="false">Back to the community statistics main page of educational paths</item>
  <item name="ProfilesManager.DisplayPasswordChanged" html="false" placeholder="false">Password has been correctly saved for {0}.</item>
  <item name="ProfilesManager.DisplayProfileActivated.true" html="false" placeholder="false">Profile has been correctly activated for {0}.</item>
  <item name="ProfilesManager.DisplayProfileActivated.false" html="false" placeholder="false">Profile has NOT been activated for {0}.</item>
  <item name="ProfilesManager.DisplayProfileDisabled.true" html="false" placeholder="false">Profile has been disabled for {0}.</item>
  <item name="ProfilesManager.DisplayProfileDisabled.false" html="false" placeholder="false">Profile has NOT been disabled for {0}.</item>
  <item name="ProfilesManager.DisplayProfileEnabled.true" html="false" placeholder="false">Profile has been enabled for {0}.</item>
  <item name="ProfilesManager.DisplayProfileEnabled.false" html="false" placeholder="false">Profile has NOT been enabled for {0}.</item>
  <item name="ProfilesManager.DisplayUnableToChangePassword" html="false" placeholder="false">It was not possible to change password for {0}.</item>
  <item name="ProfilesManager.DisplayUnableToSendPassword" html="false" placeholder="false">It was not possible to send the new password to {0}.</item>
  <item name="TranslateModalView.AuthenticationProviders" html="false" placeholder="false">Authentication provider management/platform access</item>
  <item name="LBprofileOrganizationFilter_t.text" html="false" placeholder="false">Organization:</item>
  <item name="DDLorganizations.-1" disambiguation="relativo a organizzazioni" html="false" placeholder="false">--		All		--</item>
  <item name="LBprofileTypeFilter_t.text" html="false" placeholder="false">Type:</item>
  <item name="LBcommunityProfileTypeFilter_t.text" html="false" placeholder="false">Profile:</item>
  <item name="LBcommunityRoleFilter_t.text" html="false" placeholder="false">Role:</item>
  <item name="DDLprofileType.-1" disambiguation="relativo a tipo profili" html="false" placeholder="false">--		All		--</item>
  <item name="DDLauthenticationType.-1" disambiguation="relativo a tipo di autenticazione" html="false" placeholder="false">--		All		--</item>
  <item name="LBprofileAgencyFilter_t.text" html="false" placeholder="false">Agency:</item>
  <item name="LBcommunityAgencyFilter_t.text" html="false" placeholder="false">Agency:</item>
  <item name="DDLprofileAgencies.-1" disambiguation="relativo a ente/sede/banca/agenzia" html="false" placeholder="false">--		Any		--</item>
  <item name="LBprofileStatusFilter_t.text" disambiguation="status: attivo/chiuso/in corso/valutazione" html="false" placeholder="false">Status:</item>
  <item name="LBsubscriptionStatusFilter_t.text" disambiguation="status: attivo/chiuso/in corso/valutazione" html="false" placeholder="false">Status:</item>
  <item name="StatusProfile.AllStatus" disambiguation="relativo a profili" html="false" placeholder="false">--		All		--</item>
  <item name="StatusProfile.Active" disambiguation="relativo a profili" html="false" placeholder="false">Active</item>
  <item name="StatusProfile.Disabled" disambiguation="relativo a profili" html="false" placeholder="false">Disabled</item>
  <item name="StatusProfile.Waiting" disambiguation="relativo a profili" html="false" placeholder="false">Pending</item>
  <item name="LBprofileAuthenticationTypeFilter_t.text" html="false" placeholder="false">Authentic. type:</item>
  <item name="DDLauthenticationType.-1" disambiguation="relativo a tipi di autenticazione" html="false" placeholder="false">--		All		--</item>
  <item name="DDLauthenticationType.0" disambiguation="relativo a tipo di autenticazione" html="false" placeholder="false">--		None		--</item>
  <item name="LBsearchProfileByFilter_t.text" html="false" placeholder="false">Search:</item>
  <item name="LBsearchSubscriptionsByFilter_t.text" html="false" placeholder="false">Search:</item>
  <item name="SearchProfilesBy.All" html="false" placeholder="false">--				--</item>
  <item name="SearchProfilesBy.Contains" html="false" placeholder="false">Contains</item>
  <item name="SearchProfilesBy.Login" html="false" placeholder="false">Login</item>
  <item name="SearchProfilesBy.Mail" html="false" placeholder="false">Mail</item>
  <item name="SearchProfilesBy.Matricula" html="false" placeholder="false">Matricolation number</item>
  <item name="SearchProfilesBy.Name" html="false" placeholder="false">Name</item>
  <item name="SearchProfilesBy.Surname" html="false" placeholder="false">Surname</item>
  <item name="SearchProfilesBy.TaxCode" html="false" placeholder="false">Tax code</item>
  <item name="AlphabetItem.All" html="false" placeholder="false">All</item>
  <item name="AlphabetItem.Other" disambiguation="caratt.=caratteri" html="false" placeholder="false">Other charact.</item>
  <item name="BTNapplyFilters.text" html="false" placeholder="false">Refresh</item>
  <item name="BTNapplyFilters.ToolTip" html="false" placeholder="false">Refresh data in user tables</item>
  <item name="BTNcancel.text" html="false" placeholder="false">Cancel</item>
  <item name="BTNcancel.ToolTip" html="false" placeholder="false">Cancel users selection.</item>
  <item name="BTNselect.text" html="false" placeholder="false">Confirm selection</item>
  <item name="BTNselect.ToolTip" html="false" placeholder="false">Confirm users selection.</item>
  <item name="BTNreviewSelection.text" html="false" placeholder="false">Revise selection</item>
  <item name="BTNreviewSelection.ToolTip" html="false" placeholder="false">Revise selected users.</item>
  <item name="LBuserSurnameHeader_t.text" html="false" placeholder="false">Surname</item>
  <item name="LBuserNameHeader_t.text" html="false" placeholder="false">Name</item>
  <item name="LBuserMailHeader_t.text" html="false" placeholder="false">Mail</item>
  <item name="LBuserProfileTypeHeader_t.text" html="false" placeholder="false">Type</item>
  <item name="LBuserCompanyNameHeader_t.text" html="false" placeholder="false">Company Tax Code</item>
  <item name="LBuserAgencyNameHeader_t.text" html="false" placeholder="false">Agency name</item>
  <item name="LBuserRoleHeader_t.text" html="false" placeholder="false">Role</item>
  <item name="LBuserProfileStatusHeader_t.text" html="false" placeholder="false">Status</item>
  <item name="LTsingleSelectHeader.text" html="false" placeholder="false">Action</item>
  <item name="LNBselectProfileItemsIntoAllPages.text" html="false" placeholder="false">Select on all pages</item>
  <item name="LNBselectProfileItemsIntoAllPages.ToolTip" html="false" placeholder="false">Select all on all pages</item>
  <item name="LNBunselectProfileItemsIntoAllPages.text" html="false" placeholder="false">Deselect on all pages</item>
  <item name="LNBunselectProfileItemsIntoAllPages.ToolTip" html="false" placeholder="false">Deselect all on all pages</item>
  <item name="profileEmptyItems.SystemUsers.true" html="false" placeholder="false">Use filters to get the users you want to select.</item>
  <item name="profileEmptyItems.SystemUsers.false" html="false" placeholder="false">No users found according to the selected filters.</item>
  <item name="profileEmptyItems.CommunityUsers.true" html="false" placeholder="false">Use filters to get the users you want to select.</item>
  <item name="profileEmptyItems.CommunityUsers.false" html="false" placeholder="false">No enrollees found according to the selected filters.</item>
  <item name="profileEmptyItems.None.true" html="false" placeholder="false">Use filters to get the users you want to select.</item>
  <item name="profileEmptyItems.None.false" html="false" placeholder="false">No users found according to the selected filters.</item>
  <item name="LNBselectUser.text" html="false" placeholder="false">Select</item>
  <item name="LNBselectUser.ToolTip" html="false" placeholder="false">Select user.</item>
  <item name="status.Profile.Active" disambiguation="relativo a profili" html="false" placeholder="false">Enabled</item>
  <item name="status.Profile.Disabled" disambiguation="relativo a profili" html="false" placeholder="false">Disabled</item>
  <item name="status.Profile.Waiting" disambiguation="relativo a profili" html="false" placeholder="false">Pending</item>
  <item name="status.Subscription.activemember" disambiguation="relativo a profili" html="false" placeholder="false">Enabled</item>
  <item name="status.Subscription.communityblocked" disambiguation="relativo a profili" html="false" placeholder="false">Blocked</item>
  <item name="status.Subscription.waiting" disambiguation="relativo a profili" html="false" placeholder="false">Pending</item>
  <item name="status.Subscription.none" disambiguation="relativo a profili" html="false" placeholder="false">Enabled</item>
  <item name="StatusCommunitySubscription.all" disambiguation="relativo a profili" html="false" placeholder="false">--		All		--</item>
  <item name="StatusCommunitySubscription.activemember" disambiguation="relativo a profili" html="false" placeholder="false">Enabled</item>
  <item name="StatusCommunitySubscription.blocked" disambiguation="relativo a profili" html="false" placeholder="false">Profile disabled</item>
  <item name="StatusCommunitySubscription.waiting" disambiguation="relativo a profili" html="false" placeholder="false">Pending</item>
  <item name="StatusCommunitySubscription.communityblocked" disambiguation="relativo a profili" html="false" placeholder="false">Blocked</item>
  <item name="noPreviewItems.true" html="false" placeholder="false">No user selected.</item>
  <item name="noPreviewItems.false" html="false" placeholder="false">No users found according to the selected filters.</item>
  <item name="BTNapplyPreviewFilters.text" html="false" placeholder="false">Search</item>
  <item name="BTNapplyPreviewFilters.ToolTip" html="false" placeholder="false">Search</item>
  <item name="LBpreviewDescription.text" html="false" placeholder="false">Selected users:</item>
  <item name="BTNcloseUserSelectionPreview.text" html="false" placeholder="false">Close</item>
  <item name="BTNcloseUserSelectionPreview.ToolTip" html="false" placeholder="false">Close.</item>
  <item name="BTNconfirmSelectionEdit.text" html="false" placeholder="false">Confirm</item>
  <item name="BTNconfirmSelectionEdit.ToolTip" html="false" placeholder="false">Confirm performed changes.</item>
  <item name="BTNconfirmSelectionEditAndInsert.text" html="false" placeholder="false">Confirm and add</item>
  <item name="BTNconfirmSelectionEditAndInsert.ToolTip" html="false" placeholder="false">Confirm and add to the selected users.</item>
  <item name="MaxUsersPreview" html="false" placeholder="false">Attention, {0} users have been selected but the preview shows, by default, only {1} users at a time.</item>
  <item name="MaxUsersPreview.Filter" html="false" placeholder="false">Attention, according to the selected filters, {0} of {1} users have been detected. The preview shows only the first {2}.</item>
  <item name="buttonConfirmLoadAll" html="false" placeholder="false">Load all</item>
  <item name="agencies.ignorefilter">ignore filter</item>
  <item name="agencies.noemployeee">no agency</item>
  <item name="agencies.all">any</item>
</Resource>