﻿<?xml version="1.0" encoding="utf-8"?>
<Resource xmlns="urn:ComolTranslation">
  <item name="LBTitolo.text">Curriculum user list</item>
  <item name="LBTitolo.Show">Curriculum of:</item>
  <item name="LogoutMessage">We are sorry, the session is expired. Retry to login in the system</item>
  <item name="LBtipoRuolo_t.text">Role:</item>
  <item name="LBtipoRicerca_t.text">Search for:</item>
  <item name="DDLtipoRicerca.-1">-- --</item>
  <item name="DDLtipoRicerca.1">Name</item>
  <item name="DDLtipoRicerca.2">Surname</item>
  <item name="LBvalore_t.text">Value:</item>
  <item name="BTNcerca.text">Search</item>
  <item name="LKBaltro.status">Others characters</item>
  <item name="LKBaltro.text">Others</item>
  <item name="LKBaltro.ToolTip">Others characters</item>
  <item name="LKBtutti.status">All</item>
  <item name="LKBtutti.text">All</item>
  <item name="LKBtutti.ToolTip">All</item>
  <item name="Lettera.status">Letter #%%#</item>
  <item name="Lettera.ToolTip">Letter #%%#</item>
  <item name="DGpersona.page">Page &lt;#%%#&gt;</item>
  <item name="DGpersona.ordinamento.0.status">Increasing order by &lt;#%%#&gt;</item>
  <item name="DGpersona.ordinamento.1.status">Decreasing order for &lt;#%%#&gt;</item>
  <item name="DGpersona.ordinamento.2.status">Order by &lt;#%%#&gt;</item>
  <item name="DGpersona.PRSN_Cognome.HeaderText">Surname</item>
  <item name="DGpersona.PRSN_Nome.HeaderText">Name</item>
  <item name="DGpersona.Facolta.HeaderText">Faculty</item>
  <item name="DGpersona.TipoRuolo.HeaderText">Role</item>
  <item name="DDLorganizzazione.-1">&lt; n.d. &gt;</item>
  <item name="Nonspecificato">Not specified</item>
  <item name="LBnoRecord.text">Nessun record presente</item>
  <item name="DGpersona.LKBvisualizzaCurriculum.text">Show Curriculum</item>
  <item name="DGpersona.LKBvisualizzaCurriculum.ToolTip">Show Curriculum</item>
  <item name="DGpersona.LKBvisualizzaCurriculum.status">Show Curriculum</item>
  <item name="DDLtipoRuolo.-1">-- All --</item>
  <item name="LBnomeAutore.text">Curriculum Vitae of: #a#</item>
  <item name="LBnoRecord.text">Nessun record presente</item>
  <item name="TABdati.Text">Personal Data</item>
  <item name="TABdati.ToolTip">Personal Data</item>
  <item name="TABformazione.Text">Institution</item>
  <item name="TABformazione.ToolTip">Institution</item>
  <item name="TABlingua.Text">Language Knowledge</item>
  <item name="TABlingua.ToolTip">Language Knowledge</item>
  <item name="TABesperienze.Text">Work Experiences</item>
  <item name="TABesperienze.ToolTip">Work Experiences</item>
  <item name="TABcompetenze.Text">Competencies</item>
  <item name="TABcompetenze.ToolTip">Competencies</item>
  <item name="LNBapriFiltro.text">&lt;img src='./../images/filtro_open.gif' alt='' align=middle&gt;Show the filter</item>
  <item name="LNBapriFiltro.status">Show the community filter</item>
  <item name="LNBapriFiltro.Tooltip">Show the community filter</item>
  <item name="LNBchiudiFiltro.text">&lt;img src='./../images/filtro_close.gif' alt='' align=middle&gt;Hide the filter</item>
  <item name="LNBchiudiFiltro.status">Hide the filter</item>
  <item name="LNBchiudiFiltro.Tooltip">Hide the filter</item>
  <item name="LKBindietro.text">&lt; Previous</item>
  <item name="LKBindietro.status">Previous Curriculum</item>
  <item name="LKBindietro.Tooltip">Previous Curriculum</item>
  <item name="LKBAvanti.text">Next &gt;</item>
  <item name="LKBAvanti.status">Next Curriculum</item>
  <item name="LKBAvanti.Tooltip">Next Curriculum</item>
</Resource>