﻿<?xml version="1.0" encoding="utf-8"?>
<Resource xmlns="urn:ComolTranslation">
  <item name="LBtitolo.text">European Curriculum</item>
  <item name="LBNopermessi.text">You don't have permission to see this page</item>
  <item name="LogoutMessage">We are sorry, the session has expired. Retry to log into the system</item>
  <item name="TABdati.Text">Personal Data</item>
  <item name="TABdati.ToolTip">Personal Data</item>
  <item name="TABformazione.Text">Institution</item>
  <item name="TABformazione.ToolTip">Institution</item>
  <item name="TABlingua.Text">Language Knowledge</item>
  <item name="TABlingua.ToolTip">Language Knowledge</item>
  <item name="TABesperienze.Text">Work Experiences</item>
  <item name="TABesperienze.ToolTip">Work Experiences</item>
  <item name="LKBinserisciFormazione.text">New</item>
  <item name="LKBinserisciFormazione.status">New Education experience</item>
  <item name="LKBinserisciFormazione.ToolTip">New Education experience</item>
  <item name="LKBinserisciLingua.text">New</item>
  <item name="LKBinserisciLingua.status">Insert a new Known Language</item>
  <item name="LKBinserisciLingua.ToolTip">Insert a new Known Language</item>
  <item name="LKBinserisciEsperienze.text">New</item>
  <item name="LKBinserisciEsperienze.status">Insert a new Work Experience</item>
  <item name="LKBinserisciEsperienze.ToolTip">Insert a new Work Experience</item>
  <item name="LKBaggiungiCurriculum.text">Insert the Curriculum</item>
  <item name="LKBaggiungiCurriculum.status">Insert the Curriculum -</item>
  <item name="LKBaggiungiCurriculum.ToolTip">Insert the Curriculum -</item>
  <item name="LKBmodificaCurriculum.text">Save the settings</item>
  <item name="LKBmodificaCurriculum.status">Save the settings</item>
  <item name="LKBmodificaCurriculum.ToolTip">Save the settings</item>
  <item name="LKBaggiungiCompetenza.text">Save the competencies</item>
  <item name="LKBaggiungiCompetenza.status">Save the competencies</item>
  <item name="LKBaggiungiCompetenza.ToolTip">Save the competencies</item>
  <item name="LKBmodificaCompetenza.text">Save the updated</item>
  <item name="LKBmodificaCompetenza.status">Save the updated</item>
  <item name="LKBmodificaCompetenza.ToolTip">Save the updated</item>
  <item name="LKBaggiungiFormazione.text">New</item>
  <item name="LKBaggiungiFormazione.status">New Education experience</item>
  <item name="LKBaggiungiFormazione.ToolTip">New Education experience</item>
  <item name="LKBmodificaFormazione.text">Save the updated</item>
  <item name="LKBmodificaFormazione.status">Save the updated</item>
  <item name="LKBmodificaFormazione.ToolTip">Save the updated</item>
  <item name="LKBannullaFormazione.text">Undo</item>
  <item name="LKBannullaFormazione.status">Undo</item>
  <item name="LKBannullaFormazione.ToolTip">Undo</item>
  <item name="LKBaggiungiLingua.text">New</item>
  <item name="LKBaggiungiLingua.status">Insert a new Known Language</item>
  <item name="LKBaggiungiLingua.ToolTip">Insert a new Known Language</item>
  <item name="LKBmodificaLingua.text">Save the updated</item>
  <item name="LKBmodificaLingua.status">Save the updated</item>
  <item name="LKBmodificaLingua.ToolTip">Save the updated</item>
  <item name="LKBannullaLingua.text">Undo</item>
  <item name="LKBannullaLingua.status">Undo</item>
  <item name="LKBannullaLingua.ToolTip">Undo</item>
  <item name="LKBaggiungiEsperienza.text">Data save</item>
  <item name="LKBaggiungiEsperienza.status">Data save</item>
  <item name="LKBaggiungiEsperienza.ToolTip">Data save</item>
  <item name="LKBinserisciEsperienza.text">Add new</item>
  <item name="LKBinserisciEsperienza.status">Add new</item>
  <item name="LKBinserisciEsperienza.ToolTip">Add new</item>
  <item name="LKBmodificaEsperienza.text">Save the updated</item>
  <item name="LKBmodificaEsperienza.status">Save the updated</item>
  <item name="LKBmodificaEsperienza.ToolTip">Save the updated</item>
  <item name="LKBannullaEsperienza.text">Undo</item>
  <item name="LKBannullaEsperienza.status">Undo</item>
  <item name="LKBannullaEsperienza.ToolTip">Undo</item>
  <item name="LKBesportaPDF.text">Export in PDF</item>
  <item name="LKBesportaPDF.status">Export all the curriculum in PDF</item>
  <item name="LKBesportaPDF.ToolTip">Export all the curriculum in PDF</item>
  <item name="LKBesportaRTF.text">Export in RTF</item>
  <item name="LKBesportaRTF.status">Export all the curriculum in RTF</item>
  <item name="LKBesportaRTF.ToolTip">Export all the curriculum in RTF</item>
  <item name="TABcompetenze.Text">Competencies</item>
  <item name="TABcompetenze.ToolTip">Competencies</item>
  <item name="PDF.Titolo">European Format#%%#for the curriculum#%%#vitae</item>
  <item name="PDF.InfoPers">Personal information</item>
  <item name="PDF.CapComp.0">Personal Skills and Competencies</item>
  <item name="PDF.CapComp.1">Other Skills and Competencies</item>
</Resource>