<?xml version="1.0" encoding="utf-8"?>
<Resource xmlns:xsi="http://www.w3.org/2001/XMLSchema-instance" xmlns:xsd="http://www.w3.org/2001/XMLSchema" xmlns="urn:ComolTranslation">
  <item name="LBtitolo.text" html="false" placeholder="false">Create activity</item>
  <item name="TitoloModifica" html="false" placeholder="false">Modify activity</item>
  <item name="TitoloInserisci" html="false" placeholder="false">Create activity</item>
  <item name="LBNopermessi.text" html="false" placeholder="false">You do not have permission to access this page.</item>
  <item name="LBrisultato.text" html="false" placeholder="false">Select one of the links below to create a new activity or to go the management page:</item>
  <item name="LogoutMessage" html="false" placeholder="false">Sorry, your session has expired, you have to log into the system again.</item>
  <item name="LNBmanagement.text" html="false" placeholder="false">Go to management</item>
  <item name="LNBmanagement.status" html="false" placeholder="false">Go to management</item>
  <item name="LNBmanagement.ToolTip" html="false" placeholder="false">Go to management</item>
  <item name="LNBcrea.text" html="false" placeholder="false">Save</item>
  <item name="LNBcrea.status" html="false" placeholder="false">Save specified data</item>
  <item name="LNBcrea.ToolTip" html="false" placeholder="false">Save specified data</item>
  <item name="LBdataInizio.text" html="false" placeholder="false">From day: </item>
  <item name="LBLOraInizio.text" html="false" placeholder="false">hours: </item>
  <item name="LBdataFine.text" html="false" placeholder="false">to: </item>
  <item name="LBLOraFine.text" html="false" placeholder="false">hours: </item>
  <item name="LBTipoAttivita.text" html="false" placeholder="false">Activity type: </item>
  <item name="LBdescrizione.text" html="false" placeholder="false">Description: </item>
  <item name="CBXPersona.text" html="false" placeholder="false">People</item>
  <item name="DGPersoneDisp.descrizione.HeaderText" html="false" placeholder="false">People</item>
  <item name="LBnoPersone.text" html="false" placeholder="false">There are no associated people</item>
  <item name="LBassocia.text" html="false" placeholder="false">Associate TO:</item>
  <item name="CBXTesi.text" html="false" placeholder="false">Thesis</item>
  <item name="DGtesiDisponibili.descrizione.HeaderText" html="false" placeholder="false">Thesis:</item>
  <item name="LBnoTesi.text" html="false" placeholder="false">There are no associated theses</item>
  <item name="CBXComunita.text" disambiguation="singolare" html="false" placeholder="false">Community</item>
  <item name="LBPersoneDisponibili.text" html="false" placeholder="false">Associated communities: </item>
  <item name="LNBmodificaPersoneAssociate.text" html="false" placeholder="false">add</item>
  <item name="LNBmodificaPersoneAssociate.ToolTip" html="false" placeholder="false">add users to activity</item>
  <item name="LNBmodificaPersoneAssociate.status" html="false" placeholder="false">add users to activity</item>
  <item name="LBTesiDisponibili.text" html="false" placeholder="false">Associated theses: </item>
  <item name="LNBmodificaTesiAssociate.text" html="false" placeholder="false">add</item>
  <item name="LNBmodificaTesiAssociate.ToolTip" html="false" placeholder="false">add thesis to activity</item>
  <item name="LNBmodificaTesiAssociate.status" html="false" placeholder="false">add thesis to activity</item>
  <item name="LBComunitaDisponibili.text" html="false" placeholder="false">Associated communities:</item>
  <item name="LNBmodificaComunitaAssociate.text" html="false" placeholder="false">add</item>
  <item name="LNBmodificaComunitaAssociate.ToolTip" html="false" placeholder="false">add community to activity</item>
  <item name="LNBmodificaComunitaAssociate.status" html="false" placeholder="false">add community to activity</item>
  <item name="DGComunitaDisponibili.descrizione.HeaderText" disambiguation="singolare" html="false" placeholder="false">Community</item>
  <item name="LBnoComunita.text" html="false" placeholder="false">There are no communities associated.</item>
  <item name="modifica" disambiguation="verbo" html="false" placeholder="false">Modify</item>
  <item name="DGmodifica" disambiguation="verbo" html="false" placeholder="false">Modify</item>
  <item name="DDLnessuna" html="false" placeholder="false">None</item>
  <item name="DDLtutti" html="false" placeholder="false">All</item>
  <item name="info.0" html="false" placeholder="false">Error while performing the operation</item>
  <item name="info.1" html="false" placeholder="false">Activity correctly created !</item>
  <item name="info.2" html="false" placeholder="false">ERROR: activity NOT created</item>
  <item name="info.3" html="false" placeholder="false">ERROR: you must enter a description</item>
  <item name="info.4" html="false" placeholder="false">ERROR: start and end date are NOT correct.</item>
  <item name="info.5" html="false" placeholder="false">Activity modified</item>
  <item name="info.6" html="false" placeholder="false">ERROR: activity NOT modified</item>
  <item name="info.7" html="false" placeholder="false">ERRORE: start date must be less than or equal to end date.</item>
  <item name="info.8" html="false" placeholder="false">ERROR: end date must be greater than or equal to start date.</item>
  <item name="info.9" html="false" placeholder="false">ERROR: not all of the people have been associated to activity;</item>
  <item name="info.10" html="false" placeholder="false">ERROR: not all of the communities have been associated to activity;</item>
  <item name="info.11" html="false" placeholder="false">ERROR: not all of the thesis have been associated to activity;</item>
  <item name="info.-1" html="false" placeholder="false">Are you sure you want to delete the selected activity?</item>
  <item name="info.-2" html="false" placeholder="false">ERROR: activity was NOT deleted</item>
  <item name="LNBvaiAlManagement.text" html="false" placeholder="false">Back to management</item>
  <item name="LNBvaiAlManagement.status" html="false" placeholder="false">Back to management</item>
  <item name="LNBvaiAlManagement.ToolTip" html="false" placeholder="false">Back to management</item>
  <item name="LNBcreaAltro.text" html="false" placeholder="false">Create another activity</item>
  <item name="LNBcreaAltro.status" html="false" placeholder="false">Create another activity</item>
  <item name="LNBcreaAltro.ToolTip" html="false" placeholder="false">Create another activity</item>
</Resource>