<?xml version="1.0" encoding="utf-8"?>
<Resource xmlns:xsi="http://www.w3.org/2001/XMLSchema-instance" xmlns:xsd="http://www.w3.org/2001/XMLSchema" xmlns="urn:ComolTranslation">
  <item name="LBtitolo.text" html="false" placeholder="false">Activity details</item>
  <item name="LBNopermessi.text" html="false" placeholder="false">You do not have permission to access this page.</item>
  <item name="LogoutMessage" html="false" placeholder="false">Sorry, your session has expired, you have to log into the system again.</item>
  <item name="LNBchiudi.text" html="false" placeholder="false">Close window(x)</item>
  <item name="LNBchiudi.status" html="false" placeholder="false">Close window</item>
  <item name="LNBchiudi.ToolTip" html="false" placeholder="false">Close window</item>
  <item name="LBnoInfo.text" html="false" placeholder="false">The activitiy was not found and errors occurred while retriving L'attività desiderata non è stata trovata o vi sono stati degli errori nel recupero delle informazioni.</item>
  <item name="LBdataInizio_t.text" html="false" placeholder="false">From:</item>
  <item name="LBdataFine_t.text" html="false" placeholder="false">To: </item>
  <item name="LBtipoAttivita_t.text" html="false" placeholder="false">Type: </item>
  <item name="LBdescrizione_t.text" html="false" placeholder="false">Description: </item>
  <item name="LBpersone_t.text" html="false" placeholder="false">Users:</item>
  <item name="LBtesi_t.text" html="false" placeholder="false">Thesis:</item>
  <item name="LBcomunita_t.text" disambiguation="singolare" html="false" placeholder="false">Community: </item>
</Resource>