<?xml version="1.0" encoding="utf-8"?>
<Resource xmlns:xsi="http://www.w3.org/2001/XMLSchema-instance" xmlns:xsd="http://www.w3.org/2001/XMLSchema" xmlns="urn:ComolTranslation">
  <item name="LBtitolo.text" html="false" placeholder="false">Select users</item>
  <item name="LBtitoloSearch" html="false" placeholder="false">Select users with associated activities</item>
  <item name="LBNopermessi.text" html="false" placeholder="false">You do not have permission to access this page.</item>
  <item name="LogoutMessage" html="false" placeholder="false">Sorry, your session has expired, you have to log into the system again.</item>
  <item name="BTNAssocia.text" html="false" placeholder="false">Associate</item>
  <item name="BTNAssocia.status" html="false" placeholder="false">Associate users to activity</item>
  <item name="BTNAssocia.ToolTip" html="false" placeholder="false">Associate users to activity</item>
  <item name="BTNAssocia.text.true" html="false" placeholder="false">Select</item>
  <item name="BTNAssocia.status.true" html="false" placeholder="false">Select user/s with associated activities</item>
  <item name="BTNAssocia.ToolTip.true" html="false" placeholder="false">Select user/s with associated activities</item>
  <item name="LBselezionaComunita.text" html="false" placeholder="false">Subscribers to community:</item>
  <item name="DDLComunitaAssociate.-1" html="false" placeholder="false">All</item>
  <item name="LBtipoRuolo_t.text" html="false" placeholder="false">Role:</item>
  <item name="LBtipoPersona_t.text" html="false" placeholder="false">User type:</item>
  <item name="LBnumeroRecord_t.text" html="false" placeholder="false">N° Record:</item>
  <item name="LBtipoRicerca_t.text" html="false" placeholder="false">Search by:</item>
  <item name="LBtipoRicerca_t.text" html="false" placeholder="false">Valore:</item>
  <item name="DDLTipoRuolo.-1" disambiguation="Relativo a tipo ruolo" html="false" placeholder="false">All</item>
  <item name="DDLTipoRicerca.-2" html="false" placeholder="false">Name</item>
  <item name="DDLTipoRicerca.-3" html="false" placeholder="false">Surname</item>
  <item name="DDLTipoRicerca.-4" html="false" placeholder="false">Name/Surname</item>
  <item name="LKBaltro.status" html="false" placeholder="false">Other characters</item>
  <item name="LKBaltro.text" disambiguation="Relativo a caratteri" html="false" placeholder="false">Other</item>
  <item name="LKBaltro.ToolTip" html="false" placeholder="false">Other characters</item>
  <item name="LKBtutti.status" disambiguation="Relativo a caratteri" html="false" placeholder="false">All</item>
  <item name="LKBtutti.text" disambiguation="Relativo a caratteri" html="false" placeholder="false">All</item>
  <item name="LKBtutti.ToolTip" disambiguation="Relativo a caratteri" html="false" placeholder="false">All</item>
  <item name="Lettera.status" disambiguation="lettera=carattere" html="false" placeholder="true" mustcontains="#%%#">Letter #%%#</item>
  <item name="Lettera.ToolTip" disambiguation="lettera=carattere" html="false" placeholder="true" mustcontains="#%%#">Letter #%%#</item>
  <item name="BTNcerca.text" html="false" placeholder="false">Search</item>
  <item name="BTNcerca.status" html="false" placeholder="false">Search</item>
  <item name="BTNcerca.ToolTip" html="false" placeholder="false">Search</item>
  <item name="LBnoIscritti.text" html="false" placeholder="false">No user found based on the inserted parameters</item>
  <item name="LBnoIscritti.0.text" html="false" placeholder="false">Sorry, no user found according to the specified role</item>
  <item name="LBnoIscritti.1.text" html="false" placeholder="false">Sorry, no commnity member found according to the specified search criteria.</item>
</Resource>