<?xml version="1.0" encoding="utf-8"?>
<Resource xmlns:xsi="http://www.w3.org/2001/XMLSchema-instance" xmlns:xsd="http://www.w3.org/2001/XMLSchema" xmlns="urn:ComolTranslation">
  <item name="LBtitolo.text" html="false" placeholder="false">Select thesis</item>
  <item name="LBtitoloSearch" html="false" placeholder="false">Select thesis with associated activities</item>
  <item name="LBNopermessi.text" html="false" placeholder="false">You do not have permission to access this page.</item>
  <item name="LogoutMessage" html="false" placeholder="false">Sorry, your session has expired, you have to log into the system again.</item>
  <item name="LNBapriFiltro.text" html="true" placeholder="false">&lt;img src='./../images/filtro_open.gif' alt='' align=middle&gt;View filter</item>
  <item name="LNBapriFiltro.status" html="false" placeholder="false">View community filter</item>
  <item name="LNBapriFiltro.Tooltip" html="false" placeholder="false">View community filter</item>
  <item name="LNBchiudiFiltro.text" html="true" placeholder="false">&lt;img src='./../images/filtro_close.gif' alt='' align=middle&gt;Hide filters</item>
  <item name="LNBchiudiFiltro.status" html="false" placeholder="false">Hide filters</item>
  <item name="LNBchiudiFiltro.Tooltip" html="false" placeholder="false">Hide filters</item>
  <item name="BTNAssocia.text" html="false" placeholder="false">Associate</item>
  <item name="BTNAssocia.status" html="false" placeholder="false">Associate thesis to activity</item>
  <item name="BTNAssocia.ToolTip" html="false" placeholder="false">Associate thesis to activity</item>
  <item name="BTNAssocia.text.true" html="false" placeholder="false">Select</item>
  <item name="BTNAssocia.status.true" html="false" placeholder="false">Select thesis/theses with associated activities</item>
  <item name="BTNAssocia.ToolTip.true" html="false" placeholder="false">Select thesis/theses with associated activities</item>
  <item name="LBvisualizzaTesi_t.text" html="false" placeholder="false">Display theses:</item>
  <item name="DDLInterna.1" html="false" placeholder="false">Internal</item>
  <item name="DDLInterna.0" html="false" placeholder="false">External</item>
  <item name="LBLivello_t.text" html="false" placeholder="false">Level:</item>
  <item name="DDLLivello.-1" html="false" placeholder="false">All</item>
  <item name="DDLLivello.0" html="false" placeholder="false">Not available</item>
  <item name="LBannoAccademico_t.text" disambiguation="A.A.=Anno accademico" html="false" placeholder="false">A.Y:</item>
  <item name="DDLannoAccademico.-1" disambiguation="relativo ad anno accademico" html="false" placeholder="false">All</item>
  <item name="LBstatoTesi_t.text" html="false" placeholder="false">Thesis status:</item>
  <item name="DDLstatoTesi.-1" html="false" placeholder="false">All</item>
  <item name="LBtipoRicerca_t.text" html="false" placeholder="false">Search thesis:</item>
  <item name="DDLtipoRicerca.-1" html="false" placeholder="false">All</item>
  <item name="DDLtipoRicerca.0" html="false" placeholder="false">as supervisor</item>
  <item name="DDLtipoRicerca.1" html="false" placeholder="false">As student</item>
  <item name="DDLtipoRicerca.2" html="false" placeholder="false">as thesis community member</item>
  <item name="LBorganizzazione_t.text" html="false" placeholder="false">Facolty:</item>
  <item name="DDLorganizzazione.-2" html="false" placeholder="false">Other</item>
  <item name="DDLorganizzazione.-1" html="false" placeholder="false">All</item>
  <item name="DDLorganizzazione.0" html="false" placeholder="false">Not available</item>
  <item name="LBcorsoDiStudi_t.text" html="false" placeholder="false">Course of study:</item>
  <item name="DDLcorsoDiStudi.-2" disambiguation="relativo a corsi di studi" html="false" placeholder="false">Other</item>
  <item name="DDLcorsoDiStudi.-1" disambiguation="relativo a corsi di studi" html="false" placeholder="false">All</item>
  <item name="DDLcorsoDiStudi.0" disambiguation="relativo a corsi di studi" html="false" placeholder="false">Not available</item>
  <item name="LKBaltro.status" html="false" placeholder="false">Other characters</item>
  <item name="LKBaltro.text" disambiguation="Relativo a caratteri" html="false" placeholder="false">Other</item>
  <item name="LKBaltro.ToolTip" html="false" placeholder="false">Other characters</item>
  <item name="LKBtutti.status" disambiguation="Relativo a caratteri" html="false" placeholder="false">All</item>
  <item name="LKBtutti.text" disambiguation="Relativo a caratteri" html="false" placeholder="false">All</item>
  <item name="LKBtutti.ToolTip" disambiguation="Relativo a caratteri" html="false" placeholder="false">All</item>
  <item name="Lettera.status" disambiguation="lettera=carattere" html="false" placeholder="true" mustcontains="#%%#">Letter #%%#</item>
  <item name="Lettera.ToolTip" disambiguation="lettera=carattere" html="false" placeholder="true" mustcontains="#%%#">Letter #%%#</item>
  <item name="DGtesi.page" html="false" placeholder="true" mustcontains="#%%#">Page &lt;#%%#&gt;</item>
  <item name="DGtesi.ordinamento.0.status" html="false" placeholder="true" mustcontains="#%%#">Ascending order by &lt;#%%#&gt;</item>
  <item name="DGtesi.ordinamento.1.status" html="false" placeholder="true" mustcontains="#%%#">Descending order by &lt;#%%#&gt;</item>
  <item name="DGtesi.ordinamento.2.status" html="false" placeholder="true" mustcontains="#%%#">Order by &lt;#%%#&gt;</item>
  <item name="DGtesi.Descrizione.HeaderText" html="false" placeholder="false">Thesis description </item>
  <item name="DGtesi.AnnoAccademico.HeaderText" disambiguation="A.A.=Anno accademico" html="false" placeholder="false">A.Y.</item>
  <item name="LBtitoloTesi_t.text" html="false" placeholder="false">Title:&amp;nbsp;</item>
  <item name="LBstudente_t.text" html="false" placeholder="false">Thesis student:&amp;nbsp;</item>
  <item name="LBanno_t.text" disambiguation="A.A.=Anno accademico" html="false" placeholder="false">A.Y:&amp;nbsp;</item>
  <item name="LBcorsoDiLaurea_t.text" html="false" placeholder="false">Degree in:&amp;nbsp;</item>
  <item name="LBlivello_Tesi_t.text" html="false" placeholder="false">Level:&amp;nbsp;</item>
  <item name="LBtipoTesi_t.text" html="false" placeholder="false">Thesis type:&amp;nbsp;</item>
  <item name="LBnorecord.text" html="false" placeholder="false">No thesis found based on the inserted paramteres.</item>
</Resource>