<?xml version="1.0" encoding="utf-8"?>
<Resource xmlns:xsi="http://www.w3.org/2001/XMLSchema-instance" xmlns:xsd="http://www.w3.org/2001/XMLSchema" xmlns="urn:ComolTranslation">
  <item name="DGTipiAttivita.page" html="false" placeholder="true" mustcontains="#%%#">Page &lt;#%%#&gt;</item>
  <item name="DGTipiAttivita.ordinamento.0.status" html="false" placeholder="true" mustcontains="#%%#">Ascending order by &lt;#%%#&gt;</item>
  <item name="DGTipiAttivita.ordinamento.1.status" html="false" placeholder="true" mustcontains="#%%#">Descending order by &lt;#%%#&gt;</item>
  <item name="DGTipiAttivita.ordinamento.2.status" html="false" placeholder="true" mustcontains="#%%#">Order by &lt;#%%#&gt;</item>
  <item name="LBtitolo.text" html="false" placeholder="false">Personal activities</item>
  <item name="messaggio.1" html="false" placeholder="false">Error while accessing the page.</item>
  <item name="messaggio.2" html="false" placeholder="false">The new activity type was correctly inserted.</item>
  <item name="messaggio.3" html="false" placeholder="false">The new activity type was NOT correctly inserted.</item>
  <item name="DGTipiAttivita.IMBCancella.ImageUrl" html="false" placeholder="false" hidden="true">./../images/x.gif</item>
  <item name="DGTipiAttivita.IMBCancella.AlternateText" html="false" placeholder="false">DELETE this type of activity</item>
  <item name="DGTipiAttivita.IMBCancella.status" html="false" placeholder="false">DELETE this type of activity</item>
  <item name="DGTipiAttivita.IMBCancella.ConfirmText" html="false" placeholder="false">ARE YOU SURE YOU WANT TO DELETE THIS TYPE OF ACTIVITY?</item>
  <item name="DGTipiAttivita.IMBmodifica.ImageUrl" html="false" placeholder="false" hidden="true">./../images/m.gif</item>
  <item name="DGTipiAttivita.IMBmodifica.AlternateText" html="false" placeholder="false">MODIFY this type of activity</item>
  <item name="DGTipiAttivita.IMBmodifica.status" html="false" placeholder="false">MODIFY this type of activity</item>
  <item name="messaggio.4" html="false" placeholder="false">Activity type correctly deleted</item>
  <item name="messaggio.5" html="false" placeholder="false">ERROR: the selected activity type was NOT deleted.</item>
  <item name="messaggio.6" html="false" placeholder="false">Activity type correctly modified</item>
  <item name="messaggio.7" html="false" placeholder="false">ERROR: the selected activity type was NOT modified.</item>
  <item name="messaggio.8" html="false" placeholder="false">Enter a description for the activity type</item>
  <item name="DGTipiAttivita.descrizione.HeaderText" html="false" placeholder="false">Description</item>
  <item name="DGTipiAttivita.default.HeaderText" html="false" placeholder="false">Default</item>
  <item name="DGTipiAttivita.numEventi.HeaderText" html="false" placeholder="false">ACTIVITY n.</item>
  <item name="DGTipiAttivita.IMBCancella.ImageUrl_disabled" html="false" placeholder="false" hidden="true">./../images/x_d.gif</item>
  <item name="DGTipiAttivita.IMBCancella.AlternateText_disabled" html="false" placeholder="false">There are associated ACTIVITIES: IT IS NOT POSSIBLE TO DELETE</item>
  <item name="DGTipiAttivita.IMBCancella.status_disabled" html="false" placeholder="false">There are associated ACTIVITIES: IT IS NOT POSSIBLE TO DELETE</item>
  <item name="attivita" html="false" placeholder="false">Associated activity</item>
  <item name="LNBnuovo.text" html="false" placeholder="false">Add NEW type of activity </item>
  <item name="LNBnuovo.ToolTip" html="false" placeholder="false">Add NEW type of activity </item>
  <item name="LNBnuovo.status" html="false" placeholder="false">Add NEW type of activity </item>
  <item name="LNBannulla.text" html="false" placeholder="false">Cancel</item>
  <item name="LNBannulla.ToolTip" html="false" placeholder="false">Cancel</item>
  <item name="LNBannulla.status" html="false" placeholder="false">Cancel</item>
  <item name="LNBsalva.text" html="false" placeholder="false">Save settings</item>
  <item name="LNBsalva.ToolTip" html="false" placeholder="false">Save settings</item>
  <item name="LNBsalva.status" html="false" placeholder="false">Save settings</item>
  <item name="LNBreturnAgenda.text" html="false" placeholder="false">Close and update data from the agenda</item>
  <item name="LNBreturnAgenda.ToolTip" html="false" placeholder="false">Close and update data from the agenda</item>
  <item name="LNBreturnAgenda.status" html="false" placeholder="false">Close and update data from the agenda</item>
  <item name="LBDescrizione.text" html="false" placeholder="false">Activity description:</item>
  <item name="LBmesseggioDG.text" html="false" placeholder="false">No activity types found in the system.</item>
</Resource>