<?xml version="1.0" encoding="utf-8"?>
<Resource xmlns:xsi="http://www.w3.org/2001/XMLSchema-instance" xmlns:xsd="http://www.w3.org/2001/XMLSchema" xmlns="urn:ComolTranslation">
  <item name="LBNopermessi.text" html="false" placeholder="false">You do not have permission to access this page.</item>
  <item name="LogoutMessage" html="false" placeholder="false">Sorry, your session has expired, you have to log into the system again.</item>
  <item name="IndiceFasi.0" html="false" placeholder="false">New service wizard - Step 1, creation of a new service</item>
  <item name="IndiceFasi.1" html="false" placeholder="true" mustcontains="##">Service wizard ## - Step 2, permissions choice</item>
  <item name="IndiceFasi.5" html="false" placeholder="true" mustcontains="##">Service wizard ## - Step 3, permissions internazionalization </item>
  <item name="IndiceFasi.2" html="false" placeholder="true" mustcontains="##">Service wizard ## - Step 4, associated community type definition </item>
  <item name="IndiceFasi.3" html="false" placeholder="true" mustcontains="##">Service wizard ## - Step 5, permessions/roles definition </item>
  <item name="IndiceFasi.4" html="false" placeholder="false">Service editing wizard  - Step 1, modify service</item>
  <item name="IndiceFasi.6" html="false" placeholder="true" mustcontains="##">Service wizard ## - previous changes confirmation</item>
  <item name="LNBindietro.text" html="false" placeholder="false">Back to list</item>
  <item name="LNBindietro.status" html="false" placeholder="false">Back to list</item>
  <item name="LNBindietro.ToolTip" html="false" placeholder="false">Back to list</item>
  <item name="BTNelenco.text" html="false" placeholder="false">Back to list</item>
  <item name="BTNelenco.status" html="false" placeholder="false">Back to list</item>
  <item name="BTNelenco.ToolTip" html="false" placeholder="false">Back to list</item>
  <item name="BTNelenco2.text" html="false" placeholder="false">Back to list</item>
  <item name="BTNelenco2.status" html="false" placeholder="false">Back to list</item>
  <item name="BTNelenco2.ToolTip" html="false" placeholder="false">Back to list</item>
  <item name="BTNdefault.text" html="false" placeholder="false">Set default</item>
  <item name="BTNdefault.status" html="false" placeholder="false">Set default values</item>
  <item name="BTNdefault.ToolTip" html="false" placeholder="false">Set default values</item>
  <item name="BTNdefault2.text" html="false" placeholder="false">Set default</item>
  <item name="BTNdefault2.status" html="false" placeholder="false">Set default values</item>
  <item name="BTNdefault2.ToolTip" html="false" placeholder="false">Set default values</item>
  <item name="BTNtipocomunitaForAll.text" html="false" placeholder="false">Apply to everyone</item>
  <item name="BTNtipocomunitaForAll.status" html="false" placeholder="false">Apply to all the organizations.</item>
  <item name="BTNtipocomunitaForAll.ToolTip" html="false" placeholder="false">Apply to all the organizations.</item>
  <item name="BTNsalvaDefinizioni.text" html="false" placeholder="false">Save translations</item>
  <item name="BTNsalvaDefinizioni.status" html="false" placeholder="false">Save translations</item>
  <item name="BTNsalvaDefinizioni.ToolTip" html="false" placeholder="false">Save translations</item>
  <item name="BTNsalvaTipiComunita.text" html="false" placeholder="false">Save associations</item>
  <item name="BTNsalvaTipiComunita.status" html="false" placeholder="false">Save service association with the community type</item>
  <item name="BTNsalvaTipiComunita.ToolTip" html="false" placeholder="false">Save service association with the community type</item>
  <item name="BTNsalvaPermessiRuolo.text" html="false" placeholder="false">Save settings</item>
  <item name="BTNsalvaPermessiRuolo.status" html="false" placeholder="false">Save settings</item>
  <item name="BTNsalvaPermessiRuolo.ToolTip" html="false" placeholder="false">Save settings</item>
  <item name="BTNsalvaDati.text" html="false" placeholder="false">Save</item>
  <item name="BTNsalvaDati.status" html="false" placeholder="false">Save data related to the service</item>
  <item name="BTNsalvaDati.ToolTip" html="false" placeholder="false">Save data related to the service</item>
  <item name="BTNsalvaDati2.text" html="false" placeholder="false">Save</item>
  <item name="BTNsalvaDati2.status" html="false" placeholder="false">Save data related to the service</item>
  <item name="BTNsalvaDati2.ToolTip" html="false" placeholder="false">Save data related to the service</item>
  <item name="BTNsalvaPermessi.text" html="false" placeholder="false">Save</item>
  <item name="BTNsalvaPermessi.status" html="false" placeholder="false">Save permissions association</item>
  <item name="BTNsalvaPermessi.ToolTip" html="false" placeholder="false">Save permissions association</item>
  <item name="BTNindietro.text" html="false" placeholder="false">&lt; Back</item>
  <item name="BTNindietro.status" html="false" placeholder="false">&lt; Back</item>
  <item name="BTNindietro.ToolTip" html="false" placeholder="false">&lt; Back</item>
  <item name="BTNindietro2.text" html="false" placeholder="false">&lt; Back</item>
  <item name="BTNindietro2.status" html="false" placeholder="false">&lt; Back</item>
  <item name="BTNindietro2.ToolTip" html="false" placeholder="false">&lt; Back</item>
  <item name="BTNavanti.text" html="false" placeholder="false">Next &gt;</item>
  <item name="BTNavanti.status" html="false" placeholder="false">Next &gt;</item>
  <item name="BTNavanti.ToolTip" html="false" placeholder="false">Next &gt;</item>
  <item name="BTNavanti2.text" html="false" placeholder="false">Next &gt;</item>
  <item name="BTNavanti2.status" html="false" placeholder="false">Next &gt;</item>
  <item name="BTNavanti2.ToolTip" html="false" placeholder="false">Next &gt;</item>
  <item name="BTNconferma.text" html="false" placeholder="false">Confirm changes</item>
  <item name="BTNconferma.status" html="false" placeholder="false">Confirm changes</item>
  <item name="BTNconferma.ToolTip" html="false" placeholder="false">Confirm changes</item>
  <item name="BTNconferma2.text" html="false" placeholder="false">Confirm changes</item>
  <item name="BTNconferma2.status" html="false" placeholder="false">Confirm changes</item>
  <item name="BTNconferma2.ToolTip" html="false" placeholder="false">Confirm changes</item>
  <item name="BTNcrea.text" html="false" placeholder="false">Create</item>
  <item name="BTNcrea.status" html="false" placeholder="false">Create service</item>
  <item name="BTNcrea.ToolTip" html="false" placeholder="false">Create service</item>
  <item name="BTNcrea2.text" html="false" placeholder="false">Create</item>
  <item name="BTNcrea2.status" html="false" placeholder="false">Create service</item>
  <item name="BTNcrea2.ToolTip" html="false" placeholder="false">Create service</item>
  <item name="LBinfoConferma.text" html="false" placeholder="false">By clicking "confirm" all the changes to permissions and community types will be saved. By clicking "Next" these new settings will be applied and used.</item>
  <item name="WizardServizio_Message.0" html="false" placeholder="false">Error while performing the operation</item>
  <item name="WizardServizio_Message.1" html="false" placeholder="false">Service has been correctly created</item>
  <item name="WizardServizio_Message.2" html="false" placeholder="false">Service was modified</item>
  <item name="WizardServizio_Message.3" html="false" placeholder="false">The selected permissions have been associated to the service</item>
  <item name="WizardServizio_Message.4" html="false" placeholder="false">Community types were associated to the service</item>
  <item name="WizardServizio_Message.5" html="false" placeholder="false">Permissions/roles correctly associated</item>
  <item name="WizardServizio_Message.6" html="false" placeholder="false">Operation successfully performed</item>
  <item name="WizardServizio_Message.7" html="false" placeholder="false">Permissions/roles partially associated</item>
  <item name="WizardServizio_Message.-1" html="false" placeholder="false">Specify the servicde name and its identifier</item>
  <item name="WizardServizio_Message.-2" html="false" placeholder="false">The data related to the service were not modified </item>
  <item name="WizardServizio_Message.-3" html="false" placeholder="false">The insertion was not successfully performed</item>
  <item name="WizardServizio_Message.-4" html="false" placeholder="false">To continue you have to specify at least a permission to associate to the service</item>
  <item name="WizardServizio_Message.-5" html="false" placeholder="false">To continue you have to specify at least a community type to associate to the service</item>
  <item name="WizardServizio_Message.-6" html="false" placeholder="false">You do not have the permission to go on</item>
  <item name="WizardServizio_Message.-7" html="false" placeholder="false">You can not go on: no community type detedcted</item>
  <item name="WizardServizio_Message.-8" html="false" placeholder="false">Permissions have been partially associated. </item>
  <item name="WizardServizio_Message.-9" html="false" placeholder="false">The service you wanto ti change was NOT found in the system</item>
  <item name="WizardServizio_Message.-10" html="false" placeholder="false">The data related to internationalization were NOT completely saved into the system</item>
  <item name="WizardServizio_Message.-11" html="false" placeholder="false">Error while associating community types</item>
  <item name="WizardServizio_Message.-12" html="false" placeholder="false">Error in permissions association</item>
  <item name="WizardServizio_Message.-13" html="false" placeholder="false">Attention: you must specify a default language</item>
</Resource>