<?xml version="1.0" encoding="utf-8" ?>
<Resource>  
  <item name="LBNopermessi.text">Non dispone dei permessi necessari per accedere a questa pagina.</item>
  <item name="LTRtabHeader.text">Header</item>
  <item name="LTRtabFooter.text">Footer</item>
  <item name="LTRlegendGeneral.text">General</item>
  <item name="LTRlegendHeaderStyle.text">Style</item>
  <item name="LTRlegendHeaderLogo.text">Logo</item>
  <item name="LTRlegendFooterLogo.text">Logo</item>
  <item name="DeleteLogo">Delete logo '{0}'?</item>
  <item name="DeleteText">Delete text '{0}'?</item>
  <item name="LTRlegendFooterText.text">Text</item>
  <item name="BTNLogoDlgSave.text">Save</item>
  <item name="BTNTextDlgSave.text">Save</item>
  <item name="Label_Skin">Skin</item>
  <item name="Label_Current">Current:</item>
  <item name="Label_ImageUrl">Image Url</item>
  <item name="Label_Link">Link</item>
  <item name="Label_Title">Title</item>
  <item name="Label_Size">Size</item>
  <item name="Label_Actions">Actions</item>
  <item name="Label_Text">Text</item>
  <item name="Label_Language">Language</item>
  <item name="Label_CultureCode">CultureCode</item>
  <item name="Label_BackToList">Back to List</item>
  <item name="Label_FooterLogoDialog">Footer Logo Dialog</item>
  <item name="Label_Image">Image</item>
  <item name="Label_Cancel">Cancel</item>
  <item name="Label_FooterTextDialog">Footer Text Dialog</item>
  <item name="Label_Edit">Edit</item>
  <item name="Label_Add">Add</item>
  <item name="BTNuploadHeader.text">Upload files</item>
  <item name="BTNSkinSave.text">Save Skin</item>
</Resource>