<?xml version="1.0" encoding="utf-8"?>
<Resource xmlns:xsi="http://www.w3.org/2001/XMLSchema-instance" xmlns:xsd="http://www.w3.org/2001/XMLSchema" xmlns="urn:ComolTranslation">
  <item name="LBtitolo.text" html="false" placeholder="false">Thesis level management</item>
  <item name="LBNopermessi.text" html="false" placeholder="false">You do not have permission to access this page.</item>
  <item name="LogoutMessage" html="false" placeholder="false">Sorry, your session has expired, you have to log into the system again.</item>
  <item name="titolo.inserimento" html="false" placeholder="false">Thesis level management: new level</item>
  <item name="titolo.modifica" html="false" placeholder="false">Thesis level management: modify</item>
  <item name="LBnorecord.text" html="false" placeholder="false">No thesis level found in the system.</item>
  <item name="si" html="false" placeholder="false">Yes</item>
  <item name="no" html="false" placeholder="false">No</item>
  <item name="NONcancellabili" html="false" placeholder="false">Not erasable (system)</item>
  <item name="TesiAssociate" html="false" placeholder="false">Not erasable (associated theses)</item>
  <item name="LBnome_t.text" html="false" placeholder="false" mustcontains="*">*Level name</item>
  <item name="LBlinguaNome_t.text" html="false" placeholder="false">&amp;nbsp;Translations(°):</item>
  <item name="LNBinserisci.text" html="false" placeholder="false">Create new</item>
  <item name="LNBinserisci.status" html="false" placeholder="false">Create new</item>
  <item name="LNBinserisci.ToolTip" html="false" placeholder="false">Create new</item>
  <item name="LNBindietro.text" html="false" placeholder="false">Back to list</item>
  <item name="LNBindietro.status" html="false" placeholder="false">Back to list</item>
  <item name="LNBindietro.ToolTip" html="false" placeholder="false">Back to list</item>
  <item name="LNBsalvaDati.text" html="false" placeholder="false">Save</item>
  <item name="LNBsalvaDati.status" html="false" placeholder="false">Save</item>
  <item name="LNBsalvaDati.ToolTip" html="false" placeholder="false">Save</item>
  <item name="DGLivello.page" html="false" placeholder="true" mustcontains="#%%#">Page &lt;#%%#&gt;</item>
  <item name="DGLivello.ordinamento.0.status" html="false" placeholder="true" mustcontains="#%%#">Ascending order by &lt;#%%#&gt;</item>
  <item name="DGLivello.ordinamento.1.status" html="false" placeholder="true" mustcontains="#%%#">Descending order by &lt;#%%#&gt;</item>
  <item name="DGLivello.ordinamento.2.status" html="false" placeholder="true" mustcontains="#%%#">Order by &lt;#%%#&gt;</item>
  <item name="DGLivello.nome.HeaderText" html="false" placeholder="false">Level</item>
  <item name="DGLivello.IMBCancella.status" html="false" placeholder="false">Delete the selected level.</item>
  <item name="DGLivello.IMBCancella.ToolTip" html="false" placeholder="false">Delete the selected level</item>
  <item name="DGLivello.IMBCancella.AlternateText" html="false" placeholder="false">Delete the selected level</item>
  <item name="DGLivello.IMBCancella.ImageUrl" html="true" placeholder="false" hidden="true">./../images/x.gif</item>
  <item name="DGLivello.IMBCancella.ImageUrl_disabled" html="true" placeholder="false" hidden="true">./../images/x_d.gif</item>
  <item name="DGLivello.IMBCancella.status_disabled" html="false" placeholder="false">Level deletion NOT allowed.</item>
  <item name="DGLivello.IMBCancella.AlternateText_disabled" html="false" placeholder="false">Level deletion NOT allowed</item>
  <item name="DGLivello.IMBCancella.ConfirmText" html="false" placeholder="false">Are you sure you want to delete the selected level?</item>
  <item name="DGLivello.IMBmodifica.ImageUrl" html="true" placeholder="false" hidden="true">./../images/m.gif</item>
  <item name="DGLivello.IMBmodifica.ImageUrl_disabled" html="true" placeholder="false" hidden="true">./../images/m_d.gif</item>
  <item name="DGLivello.IMBmodifica.status" html="false" placeholder="false">Modify the selected level.</item>
  <item name="DGLivello.IMBmodifica.ToolTip" html="false" placeholder="false">Modify the selected level.</item>
  <item name="DGLivello.IMBmodifica.AlternateText" html="false" placeholder="false">Modify the selected level.</item>
  <item name="Inserimento.0" html="false" placeholder="false">Error while performing the operation</item>
  <item name="Inserimento.1" html="false" placeholder="false">Livello tesi creato correttamente. ATTENZIONE: finchè non verrà associato ad un tipo, il livello non sarà disponibile nel resto del sistema.</item>
  <item name="Inserimento.2" html="false" placeholder="false">Changes applied</item>
  <item name="Inserimento.4" html="false" placeholder="false">Internationalization settings correctly saved</item>
  <item name="Inserimento.5" html="false" placeholder="false">Level deletion successfully performed</item>
  <item name="Inserimento.-1" html="false" placeholder="false">Specify level name, it is impossible to continue.</item>
  <item name="Inserimento.-2" html="false" placeholder="false">Changes NOT performed</item>
  <item name="Inserimento.-3" html="false" placeholder="false">The new thesis level was NOT correctly created</item>
  <item name="Inserimento.-5" html="false" placeholder="false">ATTENTION: error while savinginternational settings</item>
  <item name="Inserimento.-6" html="false" placeholder="false">Deletion not allowed: livello associato a tesi.</item>
  <item name="Inserimento.-7" html="false" placeholder="false">Deletion not allowed: livello associato a tipo.</item>
</Resource>