<?xml version="1.0" encoding="utf-8"?>
<Resource xmlns:xsi="http://www.w3.org/2001/XMLSchema-instance" xmlns:xsd="http://www.w3.org/2001/XMLSchema" xmlns="urn:ComolTranslation">
  <item name="LBtitoloServizio.text" html="false" placeholder="false">Istitution management</item>
  <item name="LBtitolo.Modifica" html="false" placeholder="false">Istitution management: modify</item>
  <item name="LBtitolo.Inserimento" html="false" placeholder="false">Istitution management: insertion</item>
  <item name="LBNopermessi.text" html="false" placeholder="false">You do not have permission to access this page.</item>
  <item name="LogoutMessage" html="false" placeholder="false">Sorry, your session has expired, you have to log into the system again.</item>
  <item name="DGIstituzione.page" html="false" placeholder="true" mustcontains="#%%#">Page &lt;#%%#&gt;</item>
  <item name="DGIstituzione.ordinamento.0.status" html="false" placeholder="true" mustcontains="#%%#">Ascending order by &lt;#%%#&gt;</item>
  <item name="DGIstituzione.ordinamento.1.status" html="false" placeholder="true" mustcontains="#%%#">Descending order by &lt;#%%#&gt;</item>
  <item name="DGIstituzione.ordinamento.2.status" html="false" placeholder="true" mustcontains="#%%#">Order by &lt;#%%#&gt;</item>
  <item name="LNBnuovo.text" html="false" placeholder="false">New</item>
  <item name="LNBnuovo.status" html="false" placeholder="false">New institution</item>
  <item name="LNBnuovo.ToolTip" html="false" placeholder="false">New institution</item>
  <item name="LNBmodifica.text" html="false" placeholder="false">Save</item>
  <item name="LNBmodifica.status" html="false" placeholder="false">Save changes</item>
  <item name="LNBmodifica.ToolTip" html="false" placeholder="false">Save changes</item>
  <item name="LNBinserisci.text" html="false" placeholder="false">Create</item>
  <item name="LNBinserisci.status" html="false" placeholder="false">Create the new istitution</item>
  <item name="LNBinserisci.ToolTip" html="false" placeholder="false">Create the new istitution</item>
  <item name="LNBannulla.text" html="false" placeholder="false">Back to list</item>
  <item name="LNBannulla.status" html="false" placeholder="false">Back to list</item>
  <item name="LNBannulla.ToolTip" html="false" placeholder="false">Back to list</item>
  <item name="DGIstituzione.ISTT_ragioneSociale.HeaderText" html="false" placeholder="false">Company Tax Code</item>
  <item name="DGIstituzione.ISTT_indirizzo.HeaderText" html="false" placeholder="false">Address</item>
  <item name="DGIstituzione.ISTT_citta.HeaderText" html="false" placeholder="false">City</item>
  <item name="DGIstituzione.ISTT_telefono1.HeaderText" html="false" placeholder="false">Telephone</item>
  <item name="DGIstituzione.ISTT_homePage.HeaderText" html="false" placeholder="false">Home page</item>
  <item name="BTNCancella.text" html="false" placeholder="false">Delete photo</item>
  <item name="BTNCancella.status" html="false" placeholder="false">Delete photo</item>
  <item name="BTNCancella.ToolTip" html="false" placeholder="false">Delete photo</item>
  <item name="BTNUploadFoto.text" html="false" placeholder="false">Picture upload</item>
  <item name="BTNUploadFoto.status" html="false" placeholder="false">Picture upload</item>
  <item name="BTNUploadFoto.ToolTip" html="false" placeholder="false">Picture upload</item>
  <item name="LBcap_t.text" disambiguation="codice di avviamento postale" html="false" placeholder="false" mustcontains="*">*Zip code:</item>
  <item name="LBcitta_t.text" html="false" placeholder="false" mustcontains="*">*City:</item>
  <item name="LBfax_t.text" html="false" placeholder="false">Fax:</item>
  <item name="LBhomepage_t.text" html="false" placeholder="false">Home page:</item>
  <item name="LBindirizzo_t.text" html="false" placeholder="false" mustcontains="*">*Address:</item>
  <item name="LBlogo_t.text" html="false" placeholder="false">Logo(356x43):</item>
  <item name="LBlogoModifica_t.text" html="false" placeholder="false">Logo(356x43):</item>
  <item name="LBprovincia_t.text" html="false" placeholder="false">Province:</item>
  <item name="LBragionesociale_t.text" html="false" placeholder="false" mustcontains="*">*Company Tax Code:</item>
  <item name="LBstato_t.text" disambiguation="stato=nazione" html="false" placeholder="false">Status:</item>
  <item name="LBtelefono1_t.text" html="false" placeholder="false">Telephone 1:</item>
  <item name="LBtelefono2_t.text" html="false" placeholder="false">Telephone 2:</item>
  <item name="LBuniversita_t.text" html="false" placeholder="false">University:</item>
  <item name="CHBisUniversità.text" html="false" placeholder="false">Yes</item>
</Resource>