<?xml version="1.0" encoding="utf-8"?>
<Resource xmlns:xsi="http://www.w3.org/2001/XMLSchema-instance" xmlns:xsd="http://www.w3.org/2001/XMLSchema" xmlns="urn:ComolTranslation">
  <item name="LBtitolo.text" html="false" placeholder="false">Roles management</item>
  <item name="LBNopermessi.text" html="false" placeholder="false">You do not have permission to access this page.</item>
  <item name="LogoutMessage" html="false" placeholder="false">Sorry, your session has expired, you have to log into the system again.</item>
  <item name="DGtipoRuolo.page" html="false" placeholder="true" mustcontains="#%%#">Page &lt;#%%#&gt;</item>
  <item name="DGtipoRuolo.ordinamento.0.status" html="false" placeholder="true" mustcontains="#%%#">Ascending order by &lt;#%%#&gt;</item>
  <item name="DGtipoRuolo.ordinamento.1.status" html="false" placeholder="true" mustcontains="#%%#">Descending order by &lt;#%%#&gt;</item>
  <item name="DGtipoRuolo.ordinamento.2.status" html="false" placeholder="true" mustcontains="#%%#">Order by &lt;#%%#&gt;</item>
  <item name="DGtipoRuolo.nome.HeaderText" html="false" placeholder="false">Role</item>
  <item name="DGtipoRuolo.hasComunita.HeaderText" html="false" placeholder="false">Associated communities</item>
  <item name="titolo.inserimento" html="false" placeholder="false">Roles management: new role</item>
  <item name="titolo.modifica" html="false" placeholder="false">Roles management: modify</item>
  <item name="titolo.permessi" html="false" placeholder="false">Roles management: permissions/associated services</item>
  <item name="LBnorecord.text" html="false" placeholder="false">No role type detected</item>
  <item name="si" html="false" placeholder="false">Yes</item>
  <item name="no" html="false" placeholder="false">No</item>
  <item name="NONcancellabili" html="false" placeholder="false">Not erasable (system)</item>
  <item name="ComunitaAssociate" html="false" placeholder="false">Role used in one or more communities</item>
  <item name="LBnome_t.text" html="false" placeholder="false" mustcontains="*">*Role name</item>
  <item name="LBdescrizione_t.text" html="false" placeholder="false">Description</item>
  <item name="LBlivello_t.text" html="false" placeholder="false">Level</item>
  <item name="LBruoli_t.text" html="false" placeholder="false">Associate roles</item>
  <item name="LBlivelloRuolo_t.text" html="false" placeholder="false">&amp;nbsp;Level:</item>
  <item name="LBlinguaNome_t.text" html="false" placeholder="false">&amp;nbsp;Translations(°):</item>
  <item name="LBlinguaDescrizione_t.text" html="false" placeholder="false">&amp;nbsp;Translations(°):</item>
  <item name="LBtipoComunitaIns_t.text" html="false" placeholder="false">&amp;nbsp;Community type:</item>
  <item name="LNBinserisci.text" html="false" placeholder="false">Create new</item>
  <item name="LNBinserisci.status" html="false" placeholder="false">Create new</item>
  <item name="LNBinserisci.ToolTip" html="false" placeholder="false">Create new</item>
  <item name="LNBindietro.text" html="false" placeholder="false">Back to list</item>
  <item name="LNBindietro.status" html="false" placeholder="false">Back to list</item>
  <item name="LNBindietro.ToolTip" html="false" placeholder="false">Back to list</item>
  <item name="LNBsalvaDati.text" html="false" placeholder="false">Save</item>
  <item name="LNBsalvaDati.status" html="false" placeholder="false">Save</item>
  <item name="LNBsalvaDati.ToolTip" html="false" placeholder="false">Save</item>
  <item name="LBdescrz_t.text" html="false" placeholder="false">Description:</item>
  <item name="LNBvisualizzaPermessi.text" html="false" placeholder="false">Permissions/roles defitnition</item>
  <item name="LNBvisualizzaPermessi.status" html="false" placeholder="false">Permissions/roles defitnition</item>
  <item name="LNBvisualizzaPermessi.ToolTip" html="false" placeholder="false">Permissions/roles defitnition</item>
  <item name="DGtipoRuolo.IMBCancella.status" html="false" placeholder="false">Delete the selected role.</item>
  <item name="DGtipoRuolo.IMBCancella.ToolTip" html="false" placeholder="false">Delete the selected role</item>
  <item name="DGtipoRuolo.IMBCancella.AlternateText" html="false" placeholder="false">Delete the selected role</item>
  <item name="DGtipoRuolo.IMBCancella.ImageUrl" html="false" placeholder="false" hidden="true">./../images/x.gif</item>
  <item name="DGtipoRuolo.IMBCancella.ImageUrl_disabled" html="false" placeholder="false" hidden="true">./../images/x_d.gif</item>
  <item name="DGtipoRuolo.IMBCancella.status_disabled" html="false" placeholder="false">Role deletion NOT allowed</item>
  <item name="DGtipoRuolo.IMBCancella.AlternateText_disabled" html="false" placeholder="false">Role deletion NOT allowed</item>
  <item name="DGtipoRuolo.IMBCancella.ConfirmText" html="false" placeholder="false">Are you sure you want to delete the selected role?</item>
  <item name="DGtipoRuolo.IMBmodifica.status" html="false" placeholder="false">Modify the selected role.</item>
  <item name="DGtipoRuolo.IMBmodifica.ToolTip" html="false" placeholder="false">Modify the selected role</item>
  <item name="DGtipoRuolo.IMBmodifica.AlternateText" html="false" placeholder="false">Modify the selected role</item>
  <item name="Inserimento.0" html="false" placeholder="false">Error while performing the operation</item>
  <item name="Inserimento.1" html="false" placeholder="false">Role type correctly created</item>
  <item name="Inserimento.2" html="false" placeholder="false">Changes applied</item>
  <item name="Inserimento.3" html="false" placeholder="false">Services correctly associated </item>
  <item name="Inserimento.4" html="false" placeholder="false">Permissions settings correctly saved</item>
  <item name="Inserimento.5" html="false" placeholder="false">Role deletion successfully performed</item>
  <item name="Inserimento.-1" html="false" placeholder="false">Role type missing. Impossible to continue.</item>
  <item name="Inserimento.-2" html="false" placeholder="false">Changes NOT performed</item>
  <item name="Inserimento.-3" html="false" placeholder="false">The new role was NOT correctly created</item>
  <item name="Inserimento.-4" html="false" placeholder="false">ATTENTION: select a priority level</item>
  <item name="Inserimento.-5" html="false" placeholder="false">ATTENTION: no service detected</item>
  <item name="Inserimento.-6" html="false" placeholder="false">ATTENTION: no comunity type found</item>
  <item name="Inserimento.-7" html="false" placeholder="false">ATTENTION: permissions partially associated !</item>
  <item name="Inserimento.-8" html="false" placeholder="false">ATTENTION: error while savinginternational settings</item>
  <item name="Default" html="false" placeholder="false">Default</item>
  <item name="LNBreplica.text" html="false" placeholder="false">Apply to others</item>
  <item name="LNBreplica.status" html="false" placeholder="false">Apply to all the organizations.</item>
  <item name="LNBreplica.ToolTip" html="false" placeholder="false">Apply to all the organizations.</item>
  <item name="LNBdefault.text" html="false" placeholder="false">Default values</item>
  <item name="LNBdefault.status" html="false" placeholder="false">Set default values</item>
  <item name="LNBdefault.ToolTip" html="false" placeholder="false">Set default values</item>
</Resource>