<?xml version="1.0" encoding="utf-8" ?>
<Resource>
	<item name="LNBportal.text">Associate to Portal</item>
	<item name="BTNsaveShare.text">Save</item>
	<item name="BTNsaveShare1.text">Save</item>
    <item name="BTNsaveCopy.text">Save</item>
    <item name="Delete">Delete '{0}'?</item>
    <item name="Cancel">Cancel</item>
    <item name="ShareSkinDialog">Share Skin</item>
    <item name="SeeMoreDialog">Associate Skin</item>
    <item name="CopySkinDialog">Copy Skin</item>
    <item name="SkinNameLabel">Skin name: </item>
    <item name="Label_Edit">Edit</item>
    <item name="Label_New">New</item>
    <item name="Label_Add">Add</item>
    <item name="Label_Copy">Copy</item>
    <item name="Label_Share">Share</item>
    <item name="Label_Search">Search</item>

    <item name="TabType.0">Unassigned</item>
    <item name="TabType.1">Portal</item>
    <item name="TabType.3">Organization</item>
    <item name="TabType.2">Community</item>
    <item name="TabType.-1">All</item>
</Resource>