<?xml version="1.0" encoding="utf-8"?>
<Resource xmlns:xsi="http://www.w3.org/2001/XMLSchema-instance" xmlns:xsd="http://www.w3.org/2001/XMLSchema" xmlns="urn:ComolTranslation">
  <item name="LBtitolo.text" html="false" placeholder="false">File Category Management</item>
  <item name="LBNopermessi.text" html="false" placeholder="false">You do not have permission to access this page.</item>
  <item name="LogoutMessage" html="false" placeholder="false">Sorry, your session has expired, you have to log into the system again.</item>
  <item name="DGcategoria.page" html="false" placeholder="true" mustcontains="#%%#">Page &lt;#%%#&gt;</item>
  <item name="DGcategoria.ordinamento.0.status" html="false" placeholder="true" mustcontains="#%%#">Ascending order by &lt;#%%#&gt;</item>
  <item name="DGcategoria.ordinamento.1.status" html="false" placeholder="true" mustcontains="#%%#">Descending order by &lt;#%%#&gt;</item>
  <item name="DGcategoria.ordinamento.2.status" html="false" placeholder="true" mustcontains="#%%#">Order by &lt;#%%#&gt;</item>
  <item name="DGcategoria.nome.HeaderText" html="false" placeholder="false">Role</item>
  <item name="DGcategoria.FileAssociati.HeaderText" html="false" placeholder="false">Associated communities</item>
  <item name="titolo.inserimento" html="false" placeholder="false">File Category Management: new category</item>
  <item name="titolo.modifica" html="false" placeholder="false">File Category Management: modify</item>
  <item name="LBnorecord.text" html="false" placeholder="false">No file category found in the system.</item>
  <item name="si" html="false" placeholder="false">Yes</item>
  <item name="no" html="false" placeholder="false">No</item>
  <item name="NONcancellabili" html="false" placeholder="false">Not erasable (system)</item>
  <item name="FileAssociati" html="false" placeholder="false">Category used in one or more community</item>
  <item name="LBnome_t.text" html="false" placeholder="false" mustcontains="*">*Category name</item>
  <item name="LBlinguaNome_t.text" html="false" placeholder="false">&amp;nbsp;Translations(°):</item>
  <item name="LBelencoTipiComunita_t.text" html="false" placeholder="false">&amp;nbsp;Community type:</item>
  <item name="LNBinserisci.text" html="false" placeholder="false">Create new</item>
  <item name="LNBinserisci.status" html="false" placeholder="false">Create new</item>
  <item name="LNBinserisci.ToolTip" html="false" placeholder="false">Create new</item>
  <item name="LNBindietro.text" html="false" placeholder="false">Back to list</item>
  <item name="LNBindietro.status" html="false" placeholder="false">Back to list</item>
  <item name="LNBindietro.ToolTip" html="false" placeholder="false">Back to list</item>
  <item name="LNBsalvaDati.text" html="false" placeholder="false">Save</item>
  <item name="LNBsalvaDati.status" html="false" placeholder="false">Save</item>
  <item name="LNBsalvaDati.ToolTip" html="false" placeholder="false">Save</item>
  <item name="DGcategoria.IMBCancella.status" html="false" placeholder="false">Delete the selected category.</item>
  <item name="DGcategoria.IMBCancella.ToolTip" html="false" placeholder="false">Delete the selected category</item>
  <item name="DGcategoria.IMBCancella.AlternateText" html="false" placeholder="false">Delete the selected category</item>
  <item name="DGcategoria.IMBCancella.ImageUrl" html="true" placeholder="false" hidden="true">./../images/x.gif</item>
  <item name="DGcategoria.IMBCancella.ImageUrl_disabled" html="true" placeholder="false" hidden="true">./../images/x_d.gif</item>
  <item name="DGcategoria.IMBCancella.status_disabled" html="false" placeholder="false">Category deletion NOT allowed.</item>
  <item name="DGcategoria.IMBCancella.AlternateText_disabled" html="false" placeholder="false">Category deletion NOT allowed</item>
  <item name="DGcategoria.IMBCancella.ConfirmText" html="false" placeholder="false">Are you sure you want to delete the selected category?</item>
  <item name="DGcategoria.IMBmodifica.status" html="false" placeholder="false">Modify selected category.</item>
  <item name="DGcategoria.IMBmodifica.ToolTip" html="false" placeholder="false">Modify selected category</item>
  <item name="DGcategoria.IMBmodifica.AlternateText" html="false" placeholder="false">Modify selected category</item>
  <item name="Inserimento.0" html="false" placeholder="false">Error while performing the operation</item>
  <item name="Inserimento.1" html="false" placeholder="false">File category correctly created</item>
  <item name="Inserimento.2" html="false" placeholder="false">Changes applied</item>
  <item name="Inserimento.4" html="false" placeholder="false">Internationalization settings correctly saved</item>
  <item name="Inserimento.5" html="false" placeholder="false">Category deletion successfully performed</item>
  <item name="Inserimento.-1" html="false" placeholder="false">Specify categoty name, it is impossible to continue</item>
  <item name="Inserimento.-2" html="false" placeholder="false">Changes NOT performed</item>
  <item name="Inserimento.-3" html="false" placeholder="false">New category was not successfully created</item>
  <item name="Inserimento.-4" html="false" placeholder="false">ATTENTION: no comunity type found</item>
  <item name="Inserimento.-5" html="false" placeholder="false">ATTENTION: error while savinginternational settings</item>
</Resource>