<?xml version="1.0" encoding="utf-8"?>
<Resource xmlns:xsi="http://www.w3.org/2001/XMLSchema-instance" xmlns:xsd="http://www.w3.org/2001/XMLSchema" xmlns="urn:ComolTranslation">
  <item name="LBtitolo.text" html="false" placeholder="false">Internationalization</item>
  <item name="LBNopermessi.text" html="false" placeholder="false">You do not have permission to access this page.</item>
  <item name="LogoutMessage" html="false" placeholder="false">Sorry, your session has expired, you have to log into the system again.</item>
  <item name="LBXtabelle.-1" html="false" placeholder="false">-- No tables --</item>
  <item name="DDLCampi.-1" html="false" placeholder="false">-- Not available fields --</item>
  <item name="LBvaloreOld_t.text" html="false" placeholder="false">Records value:</item>
  <item name="Inserimento.0" html="false" placeholder="false">Inserited</item>
  <item name="Inserimento.1" html="false" placeholder="false">Specify a value</item>
  <item name="Inserimento.2" html="false" placeholder="false">Not inserted</item>
  <item name="Eliminazione.3" html="false" placeholder="false">Deleted</item>
  <item name="Eliminazione.4" html="false" placeholder="false">Not deleted</item>
  <item name="DGValoriCampo.LNGU_nome.HeaderText" html="false" placeholder="false">Language</item>
  <item name="DGValoriCampo.INTR_Valore.HeaderText" html="false" placeholder="false">Description</item>
  <item name="BTNConferma.text" html="false" placeholder="false">OK</item>
  <item name="BTNConferma.ToolTip" html="false" placeholder="false">Enter value</item>
  <item name="BTNConferma.status" html="false" placeholder="false">Enter value</item>
  <item name="BTNAnnulla.text" html="false" placeholder="false">CANCEL</item>
  <item name="BTNAnnulla.ToolTip" html="false" placeholder="false">Discard changes</item>
  <item name="BTNAnnulla.status" html="false" placeholder="false">Discard changes</item>
  <item name="BTNElimina.text" html="false" placeholder="false">DELETE</item>
  <item name="BTNElimina.ToolTip" html="false" placeholder="false">Delete value</item>
  <item name="BTNElimina.status" html="false" placeholder="false">Delete value</item>
  <item name="BTNElimina.ConfirmText" html="false" placeholder="false">Delete selected value?</item>
  <item name="BTNdxRecord.text" html="false" placeholder="false" hidden="true">&gt;</item>
  <item name="BTNdxRecord.ToolTip" html="false" placeholder="false">Go to next record</item>
  <item name="BTNdxRecord.status" html="false" placeholder="false">Go to next record</item>
  <item name="BTNsxRecord.text" html="false" placeholder="false" hidden="true">&lt;</item>
  <item name="BTNsxRecord.ToolTip" html="false" placeholder="false">Go to previous record</item>
  <item name="BTNsxRecord.status" html="false" placeholder="false">Go to previous record</item>
  <item name="BTNsuLingua.text" html="false" placeholder="false" hidden="true">&lt;</item>
  <item name="BTNsuLingua.ToolTip" html="false" placeholder="false">Go to previous language</item>
  <item name="BTNsuLingua.status" html="false" placeholder="false">Go to previous language</item>
  <item name="BTNgiuLingua.text" html="false" placeholder="false" hidden="true">&gt;</item>
  <item name="BTNgiuLingua.ToolTip" html="false" placeholder="false">Go to previous language</item>
  <item name="BTNgiuLingua.status" html="false" placeholder="false">Go to previous language</item>
  <item name="LBlingua_t.text" html="false" placeholder="false">Language:</item>
  <item name="LBTraduzione_t.text" html="false" placeholder="false">Translation:</item>
  <item name="BTNimport.text" html="false" placeholder="false">Import</item>
  <item name="BTNImportOk.text" html="false" placeholder="false">Add</item>
  <item name="LBimport.text" html="false" placeholder="false">Select language</item>
  <item name="BTNchiudi.text" html="false" placeholder="false">Close</item>
</Resource>