<?xml version="1.0" encoding="utf-8"?>
<Resource xmlns:xsi="http://www.w3.org/2001/XMLSchema-instance" xmlns:xsd="http://www.w3.org/2001/XMLSchema" xmlns="urn:ComolTranslation">
  <item name="LBtitolo.text" html="false" placeholder="false">Comunità OnLine informations</item>
  <item name="LBNopermessi.text" html="false" placeholder="false">You do not have permission to access this page.</item>
  <item name="LogoutMessage" html="false" placeholder="false">Sorry, your session has expired, you have to log into the system again.</item>
  <item name="DGnewsGlobali.IMBinfo.ImageUrl" html="false" placeholder="false" hidden="true">images/proprieta.gif</item>
  <item name="DGnewsGlobali.IMBinfo.status" html="false" placeholder="false">Infos</item>
  <item name="DGnewsGlobali.IMBinfo.AlternateText" html="false" placeholder="false">Infos</item>
  <item name="DGnewsGlobali.IMBmodifica.ImageUrl" html="false" placeholder="false" hidden="true">images/m.gif</item>
  <item name="DGnewsGlobali.IMBmodifica.status" disambiguation="verbo" html="false" placeholder="false">Modify.</item>
  <item name="DGnewsGlobali.IMBmodifica.AlternateText" disambiguation="verbo" html="false" placeholder="false">Modify</item>
  <item name="DGnewsGlobali.IMBcancella.ImageUrl" html="false" placeholder="false" hidden="true">images/x.gif</item>
  <item name="DGnewsGlobali.IMBcancella.status" html="false" placeholder="false">Delete selected news</item>
  <item name="DGnewsGlobali.IMBcancella.AlternateText" html="false" placeholder="false">Delete</item>
  <item name="DGnewsGlobali.IMBcancella.ImageUrl_disabled" html="false" placeholder="false" hidden="true">images/x_d.gif</item>
  <item name="DGnewsGlobali.IMBmodifica.ImageUrl_disabled" html="false" placeholder="false" hidden="true">images/m_d.gif</item>
  <item name="DGnewsGlobali.IMBinfo.ImageUrl_disabled" html="false" placeholder="false" hidden="true">images/proprieta.gif</item>
  <item name="DGnewsGlobali.IMBcancella.ConfirmText" html="false" placeholder="false">Are you sure you want to delete the selected News?</item>
  <item name="DGnewsGlobali.NEWS_testoBreve.HeaderText" html="false" placeholder="false">Short text</item>
  <item name="DGnewsGlobali.NEWS_CreataIl.HeaderText" html="false" placeholder="false">Created on</item>
  <item name="DGnewsGlobali.NEWS_mostraDal.HeaderText" html="false" placeholder="false">Visible </item>
  <item name="DGnewsGlobali.NEWS_tutteComunita.HeaderText" disambiguation="singolare" html="false" placeholder="false">Community</item>
  <item name="DGnewsGlobali.NEWS_visibile.HeaderText" html="false" placeholder="false">Visible</item>
  <item name="DGnewsGlobali.NEWS_visibile.Text.1" html="false" placeholder="false">Show</item>
  <item name="DGnewsGlobali.NEWS_visibile.ToolTip" html="false" placeholder="false">Change the visibility of the selected item </item>
  <item name="DGnewsGlobali.NEWS_visibile.status" html="false" placeholder="false">Change visibility</item>
  <item name="DGnewsGlobali.ordinamento.0.status" html="false" placeholder="true" mustcontains="#%%#">Ascending order by &lt;#%%#&gt;</item>
  <item name="DGnewsGlobali.ordinamento.1.status" html="false" placeholder="true" mustcontains="#%%#">Descending order by &lt;#%%#&gt;</item>
  <item name="DGnewsGlobali.ordinamento.2.status" html="false" placeholder="true" mustcontains="#%%#">Order by &lt;#%%#&gt;</item>
  <item name="DGnewsGlobali.page" html="false" placeholder="true" mustcontains="#%%#">Page &lt;#%%#&gt;</item>
  <item name="DGnewsGlobali.NEWS_visibile.Text.0" html="false" placeholder="false">Hide</item>
  <item name="DGnewsGlobali.NEWS_tutteComunita.Text.1" html="false" placeholder="false">-- All --</item>
  <item name="DGnewsGlobali.NEWS_tutteComunita.Text.0" html="false" placeholder="false">-- several --</item>
  <item name="DGnewsGlobali.NEWS_validita.Text.0" html="false" placeholder="true" mustcontains="#%%#">From #%%#</item>
  <item name="DGnewsGlobali.NEWS_validita.Text.1" html="false" placeholder="true" mustcontains="#%%#">Till the #%%#</item>
  <item name="DGnewsGlobali.NEWS_validita.Text.2" html="false" placeholder="true" mustcontains="#%%#">From #%%# to %##%</item>
  <item name="LNBaggiungiNews.status" html="false" placeholder="false">Add News</item>
  <item name="LNBaggiungiNews.text" html="false" placeholder="false">Add News</item>
  <item name="LBpaginazione_t.text" html="false" placeholder="false">N° record:</item>
  <item name="LBnorecord.text" html="false" placeholder="false">Sorry, currently there are no global news.</item>
  <item name="LBtitoloInsMod.text.0" html="false" placeholder="false" />
  <item name="LBtitoloInsMod.text.1" html="false" placeholder="false" />
  <item name="LBmostraDal_t.text" html="false" placeholder="false">Show from:</item>
  <item name="LBmostraAl_t.text" html="false" placeholder="false">Show till:</item>
  <item name="LBtestoLingue.text" html="false" placeholder="false">News data:</item>
  <item name="LBtestoBreve_t.text" html="false" placeholder="false">Short text:</item>
  <item name="LBtesto_t.text" html="false" placeholder="false">Info text:</item>
  <item name="LBautore_t.text" html="false" placeholder="false">Author:</item>
  <item name="LBvisibile_t.text" html="false" placeholder="false">Visible:</item>
  <item name="CBXvisibile.text" html="false" placeholder="false">Yes</item>
  <item name="LBtutteComunita_t.text" html="false" placeholder="false">Associated:</item>
  <item name="RBLtutteComunita.0" html="false" placeholder="false">to one or more specified communities</item>
  <item name="RBLtutteComunita.1" html="false" placeholder="false">independent from community</item>
  <item name="LBorganizzazione_c.text" html="false" placeholder="false">Organization:&amp;nbsp;</item>
  <item name="LBtipoFiltro.text" html="false" placeholder="false">Community type:&amp;nbsp;</item>
  <item name="LBannoAccademico_c.text" disambiguation="A.A.=Anno accademico" html="false" placeholder="false">A.Y.:&amp;nbsp;</item>
  <item name="LBperiodo_c.text" html="false" placeholder="false">Period:&amp;nbsp;</item>
  <item name="LBtipoCorsoDiStudi.text" html="false" placeholder="false">Type:&amp;nbsp;</item>
  <item name="LNBannulla.text" html="false" placeholder="false">Cancel</item>
  <item name="LNBannulla.ToolTip" html="false" placeholder="false">Cancel</item>
  <item name="LNBannulla.status" html="false" placeholder="false">Cancel</item>
  <item name="LNBsave.1.text" html="false" placeholder="false">Add</item>
  <item name="LNBsave.1.ToolTip" html="false" placeholder="false">Add</item>
  <item name="LNBsave.1.status" html="false" placeholder="false">Add</item>
  <item name="LNBsave.0.text" disambiguation="verbo" html="false" placeholder="false">Modify</item>
  <item name="LNBsave.0.ToolTip" disambiguation="verbo" html="false" placeholder="false">Modify</item>
  <item name="LNBsave.0.status" disambiguation="verbo" html="false" placeholder="false">Modify</item>
  <item name="VLDsommario.HeaderText" html="false" placeholder="false">Detected errors</item>
  <item name="RVFtestoBreve.ErrorMessage" html="false" placeholder="false">Specify the short news text</item>
  <item name="RVFtestoBreve.Text" html="false" placeholder="false" hidden="true">*</item>
  <item name="RVFtestoLungo.Text" html="false" placeholder="false" hidden="true">*</item>
  <item name="RVFtestoLungo.ErrorMessage" html="false" placeholder="false">Specify the extended news text</item>
  <item name="DDLtipoCorsoStudi.-1" disambiguation="relativo a corsi di studi" html="false" placeholder="false">-- All --</item>
  <item name="DDLorganizzazione.0" disambiguation="relativo ad organizzazione" html="false" placeholder="false">-- None --</item>
  <item name="DDLorganizzazione.-1" disambiguation="relativo ad organizzazioni" html="false" placeholder="false">-- All --</item>
  <item name="DDLannoAccademico.0" disambiguation="relativo ad anno accademico" html="false" placeholder="false">-- None --</item>
  <item name="DDLannoAccademico.-1" disambiguation="relativo ad anno accademico" html="false" placeholder="false">-- All --</item>
  <item name="DDLTipo.-1" disambiguation="relativo a tipo comunità" html="false" placeholder="false">-- All --</item>
  <item name="DDLtipoCorsoStudi-.1" disambiguation="relativo a corsi di studi" html="false" placeholder="false">-- All --</item>
  <item name="oRootNode.ToolTip" html="false" placeholder="false">Community list:</item>
  <item name="oRootNode.Text" disambiguation="singolare" html="false" placeholder="false">Community: </item>
  <item name="NoNode.Text" html="false" placeholder="false">No community found</item>
  <item name="NoNode.ToolTip" html="false" placeholder="false">No community found</item>
  <item name="LBmessaggio.text" html="false" placeholder="false">ATTENTION: always specify the default language [D]</item>
</Resource>