﻿<?xml version="1.0" encoding="utf-8" ?>
<!--en version-->
<Resource xmlns="urn:ComolTranslation">
 <!-- UC TOP BAR-->
  <item name="view.Tile.text">tile</item>
  <item name="view.Tile.ToolTip">View as tile</item>
  <item name="view.Combined.text">combined</item>
  <item name="view.Combined.ToolTip">View as combined list</item>
  <item name="view.List.text">list</item>
  <item name="view.List.ToolTip">View as list</item>
  <item name="LBviewSelectorDescription.text">Change view style</item>
  <item name="LBgroupedSelectorDescription.text" disambiguation="* intese comunità regruppate per etichette/ecc">Group by:</item>
  <item name="BTNsearchByName.text">Search</item>
  <item name="BTNsearchByName.ToolTip">Search from your communities</item>
  <item name="GroupItemsBy.None">none</item>
  <item name="GroupItemsBy.Tile">Community tile</item>
  <item name="GroupItemsBy.CommunityType">Community type</item>
  <item name="GroupItemsBy.Tag">Community label</item>
  <item name="GroupItemsBy.Service">Service</item>
  <item name="HYPeditNoticeboard.text">Edit</item>
  <item name="HYPeditNoticeboard.ToolTip">Edit this message</item>
  <item name="LTnoticeboardTitle.text">Noticeboard</item>
  <item name="HYPprintNoticeboard.text">Print</item>
  <item name="HYPprintNoticeboard.ToolTip">Print this message</item>
  <item name="Noticeboard.expand">Expand</item>
  <item name="LBspanExpandList.text">click to expand</item>
  <item name="LBspanCollapseList.text">click to collapse</item>
  <item name="LBorderBySelectorDescription.text">Sort by:</item>
  <item name="OrderItemsBy.LastAccess">last access</item>
  <item name="OrderItemsBy.CreatedOn">created on</item>
  <item name="OrderItemsBy.ClosedOn">closed on</item>
  <item name="OrderItemsBy.Name">A to Z</item>
  <item name="OrderItemsBy.ActivatedOn">activated on</item>
  <item name="LBthcommunityInfo.text">Name</item>
  <item name="LTthcommunityInfo.text">Info</item>
  <item name="LBthgenericDateTime.OrderItemsBy.LastAccess">Last access</item>
  <item name="LBthgenericDateTime.OrderItemsBy.CreatedOn">Created on</item>
  <item name="LBthgenericDateTime.OrderItemsBy.ClosedOn">Closed on</item>
  <item name="LBthgenericDateTime.OrderItemsBy.Name">Name</item>
  <item name="LBthgenericDateTime.OrderItemsBy.ActivatedOn">Activated on</item>
  <item name="OrderItemsBy.LastAccess.True">Sort by last access in ascending order</item>
  <item name="OrderItemsBy.CreatedOn.True">Sort by creation date in ascending order</item>
  <item name="OrderItemsBy.ClosedOn.True">Sort by closing date in ascending order</item>
  <item name="OrderItemsBy.Name.True">Sort by A to Z</item>
  <item name="OrderItemsBy.ActivatedOn.True">Sort by activation date in ascending order</item>
  <item name="OrderItemsBy.LastAccess.False">Sort by last date in descending order</item>
  <item name="OrderItemsBy.CreatedOn.False">Sort by closing date in descending order</item>
  <item name="OrderItemsBy.ClosedOn.False">Sort by activation date in descending order</item>
  <item name="OrderItemsBy.Name.False">Sort by Z to A</item>
  <item name="OrderItemsBy.ActivatedOn.False">Sort by activation date in descending order</item>
  <item name="LBcommunityTagsTitle.text">Label:</item>
  <item name="LNBviewAll.text">View more</item>
  <item name="LNBviewAll.ToolTip">View more communities</item>
  <item name="LNBviewLess.text">View less</item>
  <item name="LNBviewLess.ToolTip">View less communities</item>
  <item name="LBstatus.SubscriptionStatus.waiting">Access waiting approvation</item>
  <item name="LBstatus.SubscriptionStatus.blocked">Access disabled</item>
  <item name="LBstatus.SubscriptionStatus.activemember">Access available</item>
  <item name="LBstatus.SubscriptionStatus.communityblocked">Access disabled</item>
  <item name="AutoDisplayTitle.MyCommunities">Communities</item>
  <item name="AutoDisplayTitle.MyOrganization">Organizations</item>
  <item name="LTminiTileTitle.text">Other communities</item>
  <item name="LTmessageTileDashboard.CreatedOn" disambiguation="*inteso come messaggio della bacheca creato il 20 giugno, 2014">Created on {0},{1}</item>
  <item name="LTmessageTileDashboard.ModifiedOn" disambiguation="*inteso come messaggio della bacheca modificato il 20 giugno, 2014">Updated on {0},{1}</item>
<item name="HYPnews.Tooltip">There are news for this community</item>
</Resource>