<?xml version="1.0" encoding="utf-8"?>
<Resource xmlns:xsi="http://www.w3.org/2001/XMLSchema-instance" xmlns:xsd="http://www.w3.org/2001/XMLSchema" xmlns="urn:ComolTranslation">
  <item name="serviceTitleLinkCommunityFile" disambiguation="voce=voce/elemento del diario delle lezioni/quarderno attività" html="false" placeholder="false">Add community material to item</item>
  <item name="nopermissionLinkCommunityFile" disambiguation="voce=voce/elemento del diario delle lezioni/quarderno attività" html="false" placeholder="false">You do not have permission to add/remove  community materials from the item.</item>
  <item name="HYPbackToFileManagement.Text" html="false" placeholder="false">Back to management</item>
  <item name="HYPbackToFileManagement.status" disambiguation="voce=voce/elemento del diario delle lezioni/quarderno attività" html="false" placeholder="false">Back to management of the item associated materials </item>
  <item name="HYPbackToFileManagement.ToolTip" disambiguation="voce=voce/elemento del diario delle lezioni/quarderno attività" html="false" placeholder="false">Back to management of the item associated materials </item>
  <item name="LNBlinkToItem.Text" html="false" placeholder="false">Associate</item>
  <item name="LNBlinkToItem.status" disambiguation="voce=voce/elemento del diario delle lezioni/quarderno attività" html="false" placeholder="false">Associate one or more community files to item</item>
  <item name="LNBlinkToItem.ToolTip" disambiguation="voce=voce/elemento del diario delle lezioni/quarderno attività" html="false" placeholder="false">Associate one or more community files to item</item>
  <item name="serviceTitleMultipleUpload" disambiguation="voce=voce/elemento del diario delle lezioni/quarderno attività" html="false" placeholder="false">Add several file to diary item</item>
  <item name="nopermissionMultipleUpload" html="false" placeholder="false">You do not have permission to add several files to the diary item.</item>
  <item name="HYPbackToItems.text" disambiguation="voce=voce/elemento del diario delle lezioni/quarderno attività" html="false" placeholder="false">Back to items</item>
  <item name="HYPbackToItems.ToolTip" html="false" placeholder="false">Back to diary</item>
  <item name="HYPbackToItems.status" html="false" placeholder="false">Back to diary</item>
  <item name="HYPbackToItem.text" disambiguation="voce=voce/elemento del diario delle lezioni/quarderno attività" html="false" placeholder="false">Back to item</item>
  <item name="HYPbackToItem.ToolTip" disambiguation="voce=voce/elemento del diario delle lezioni/quarderno attività" html="false" placeholder="false">Back to item</item>
  <item name="HYPbackToItem.status" disambiguation="voce=voce/elemento del diario delle lezioni/quarderno attività" html="false" placeholder="false">Back to item</item>
  <item name="HYPbackToFileManagement.text" html="false" placeholder="false">Back to management</item>
  <item name="HYPbackToFileManagement.ToolTip" disambiguation="voce=voce/elemento del diario delle lezioni/quarderno attività" html="false" placeholder="false">Torna alla gestione del materiale associato alla voce</item>
  <item name="HYPbackToFileManagement.status" disambiguation="voce=voce/elemento del diario delle lezioni/quarderno attività" html="false" placeholder="false">Torna alla gestione del materiale associato alla voce</item>
  <item name="LNBupload.text" disambiguation="carica=upload" html="false" placeholder="false">Upload</item>
  <item name="LNBupload.ToolTip" disambiguation="carica=upload" html="false" placeholder="false">Upload new material</item>
  <item name="LNBupload.status" disambiguation="carica=upload" html="false" placeholder="false">Upload new material</item>
  <item name="LTuploadToCommunity_t.text" disambiguation="voce=voce/elemento del diario delle lezioni/quarderno attività" html="false" placeholder="false">Add to community and associate item</item>
  <item name="LTuploadToWorkBook_t.text" disambiguation="voce=voce/elemento del diario delle lezioni/quarderno attività" html="false" placeholder="false">Add file ONLY to the diary item</item>
  <item name="serviceTitleManagementFile" disambiguation="voce=voce/elemento del diario delle lezioni/quarderno attività;materiale=file" html="false" placeholder="false">Diary item materials management</item>
  <item name="nopermissionManagementFile" disambiguation="voce=voce/elemento del diario delle lezioni/quarderno attività;materiale=file" html="false" placeholder="false">You do not have permission to manage the materials of this diary item.</item>
  <item name="HYPmultipleUpload.text" disambiguation="carica=upload" html="false" placeholder="false">Multiple upload</item>
  <item name="HYPmultipleUpload.ToolTip" disambiguation="carica=upload" html="false" placeholder="false">Upload several files at once</item>
  <item name="HYPmultipleUpload.status" disambiguation="carica=upload" html="false" placeholder="false">Upload several files at once</item>
  <item name="LTaddFromCommunity_t.text" html="false" placeholder="false">Import community file</item>
  <item name="LTlinkToCommunity.text" html="false" placeholder="false">In this way you can associate one or more files from community materials</item>
  <item name="BTNlinkCommunityFile.text" html="false" placeholder="false">Associate</item>
  <item name="BTNlinkCommunityFile.ToolTip" html="false" placeholder="false">Associate</item>
  <item name="BTNlinkCommunityFile.status" html="false" placeholder="false">Associate</item>
  <item name="LTuploadToCommunity_t.text" disambiguation="voce=voce/elemento del diario delle lezioni/quarderno attività" html="false" placeholder="false">Carica file nella comunità ed associa alla voce</item>
  <item name="BTNaddCommunityFile.text" disambiguation="carica=upload" html="false" placeholder="false">Upload</item>
  <item name="BTNaddCommunityFile.ToolTip" disambiguation="voce=voce/elemento del diario delle lezioni/quarderno attività" html="false" placeholder="false">Upload and associate to item</item>
  <item name="BTNaddCommunityFile.status" disambiguation="voce=voce/elemento del diario delle lezioni/quarderno attività" html="false" placeholder="false">Upload and associate to item</item>
  <item name="LTuploadToDiaryItem_t.text" disambiguation="voce=voce/elemento del diario delle lezioni/quarderno attività;materiale=file" html="false" placeholder="false">Upload material ONLY to this diary item</item>
  <item name="BTNaddToItem.text" disambiguation="carica=upload" html="false" placeholder="false">Upload</item>
  <item name="BTNaddToItem.ToolTip" disambiguation="voce=voce/elemento del diario delle lezioni/quarderno attività" html="false" placeholder="false">Upload file inside the diary item</item>
  <item name="BTNaddToItem.Status" disambiguation="voce=voce/elemento del diario delle lezioni/quarderno attività" html="false" placeholder="false">Upload file inside the diary item</item>
  <item name="LTitemFiles_t.text" disambiguation="voce=voce/elemento del diario delle lezioni/quarderno attività;materiale=file" html="false" placeholder="false">Materials associated to the item</item>
  <item name="serviceTitleItemFileError.text" disambiguation="voce=voce/elemento del diario delle lezioni/quarderno attività;materiale=file" html="false" placeholder="false">Materials associated to the item - error while uploading</item>
  <item name="nopermissionItemFileError.text" disambiguation="voce=voce/elemento del diario delle lezioni/quarderno attività;materiale=file" html="false" placeholder="false">No permission to add materials to the diary item</item>
  <item name="ItemRepositoryStatus" html="false" placeholder="true" hidden="true" mustcontains="{0}|{1}">{0}: {1};</item>
  <item name="communityfile.error" html="false" placeholder="false">Error while uploading the following materials to the community materials:</item>
  <item name="internalfile.error" html="false" placeholder="false">Error while uploading file: </item>
  <item name="LTuploadToDiary_t.text" disambiguation="voce=voce/elemento del diario delle lezioni/quarderno attività" html="false" placeholder="false">Upload files ONLY to diary item</item>
</Resource>