<?xml version="1.0" encoding="utf-8"?>
<Resource xmlns:xsi="http://www.w3.org/2001/XMLSchema-instance" xmlns:xsd="http://www.w3.org/2001/XMLSchema" xmlns="urn:ComolTranslation">
  <item name="serviceTitle" disambiguation="voce=voce/elemento del diario delle lezioni/quarderno attività" html="false" placeholder="true" mustcontains="{0}">Modify diary item {0}</item>
  <item name="nopermission" disambiguation="voce=voce/elemento del diario delle lezioni/quarderno attività" html="false" placeholder="false">You do not have permission to modify this diary item.</item>
  <item name="CBXshowDataInfo.text" html="false" placeholder="false">Show date and time on the list</item>
  <item name="HYPbackToItems.text" disambiguation="voce=voce/elemento del diario delle lezioni/quarderno attività" html="false" placeholder="false">Back to items</item>
  <item name="HYPbackToItems.ToolTip" disambiguation="voce=voce/elemento del diario delle lezioni/quarderno attività" html="false" placeholder="false">Back to items</item>
  <item name="HYPbackToItems.status" disambiguation="voce=voce/elemento del diario delle lezioni/quarderno attività" html="false" placeholder="false">Back to items</item>
  <item name="HYPgoToFileManagement.text" html="false" placeholder="false">Materials management</item>
  <item name="HYPgoToFileManagement.ToolTip" html="false" placeholder="false">Go to materials management</item>
  <item name="HYPgoToFileManagement.status" html="false" placeholder="false">Go to materials management</item>
  <item name="LNBgoToFileManagement.text" html="false" placeholder="false">Materials management</item>
  <item name="LNBgoToFileManagement.ToolTip" html="false" placeholder="false">Save and go to the materials management</item>
  <item name="LNBgoToFileManagement.status" html="false" placeholder="false">Save and go to the materials management</item>
  <item name="LNBsaveItem.text" html="false" placeholder="false">Save</item>
  <item name="LNBsaveItem.ToolTip" html="false" placeholder="false">Save diary item</item>
  <item name="LNBsaveItem.status" html="false" placeholder="false">Save diary item</item>
  <item name="LBtitle_t.text" html="false" placeholder="false">Title:</item>
  <item name="LBvisibleTo_t.text" html="false" placeholder="false">Visible to:</item>
  <item name="RBLvisibleTo.True" html="false" placeholder="false">All community members</item>
  <item name="RBLvisibleTo.False" html="false" placeholder="false">ONLY to the owner</item>
  <item name="LBdate.text" html="false" placeholder="false">Day:</item>
  <item name="LBfrom_t.text" html="false" placeholder="false">from:</item>
  <item name="LBto_t.text" html="false" placeholder="false">at:</item>
  <item name="CMVtime.ErrorMessage" html="false" placeholder="false">End time must be greater than start time</item>
  <item name="BTNsavedData.text" html="false" placeholder="false">Restore</item>
  <item name="BTNsavedData.ToolTip" html="false" placeholder="false">Restore previously saved date and time </item>
  <item name="BTNsavedData.status" html="false" placeholder="false">Restore previously saved date and time </item>
  <item name="LBplace_t.text" html="false" placeholder="false">Site:</item>
  <item name="LBlink_t.text" html="true" placeholder="false">Links:&lt;br/&gt;(comma separated)</item>
  <item name="LBdescription_t.text" html="false" placeholder="false">Description:</item>
  <item name="LNBeditDescription.text" disambiguation="verbo" html="false" placeholder="false">Modify</item>
  <item name="LNBeditDescription.ToolTip" html="false" placeholder="false">Modify description</item>
  <item name="LNBeditDescription.status" html="false" placeholder="false">Modify description</item>
  <item name="LNBsaveDescription.text" html="false" placeholder="false">Save</item>
  <item name="LNBsaveDescription.ToolTip" html="false" placeholder="false">Save description</item>
  <item name="LNBsaveDescription.status" html="false" placeholder="false">Save description</item>
  <item name="LBnote_t.text" html="false" placeholder="false">Notes:</item>
  <item name="LNBeditNote.text" disambiguation="verbo" html="false" placeholder="false">Modify</item>
  <item name="LNBeditNote.ToolTip" html="false" placeholder="false">Modify notes</item>
  <item name="LNBeditNote.status" html="false" placeholder="false">Modify notes</item>
  <item name="LNBsaveNote.text" html="false" placeholder="false">Save</item>
  <item name="LNBsaveNote.ToolTip" html="false" placeholder="false">Save note</item>
  <item name="LNBsaveNote.status" html="false" placeholder="false">Save note</item>
  <item name="LBnoItem.text" html="false" placeholder="false">Save note</item>
  <item name="PortalHome.text" html="false" placeholder="false">Portal - Home</item>
  <item name="serviceAddTitle" disambiguation="voce=voce/elemento del diario delle lezioni/quarderno attività" html="false" placeholder="true" mustcontains="{0}">New diary item of {0}</item>
  <item name="serviceAddTitle.Current" disambiguation="voce=voce/elemento del diario delle lezioni/quarderno attività" html="false" placeholder="true">Nuova voce del diario di comunità</item>
  <item name="nopermissionAdd" disambiguation="voce=voce/elemento del diario delle lezioni/quarderno attività" html="false" placeholder="false">You do not have permission to add a new item to the diary.</item>
  <item name="serviceEditTitle" disambiguation="voce=voce/elemento del diario delle lezioni/quarderno attività" html="false" placeholder="true" mustcontains="{0}">Edit diary item of {0}</item>
  <item name="serviceItemTitle" disambiguation="voce=voce/elemento del diario delle lezioni/quarderno attività" html="false" placeholder="true" mustcontains="{0}">Edit item "{0}"</item>
  <item name="LTitemFiles_t.text" disambiguation="voce=voce/elemento del diario delle lezioni/quarderno attività" html="false" placeholder="true">Item materials</item>
  <item name="LNBgoToFileManagementBottom.text" html="false" placeholder="false">Materials management</item>
  <item name="LNBgoToFileManagementBottom.ToolTip" html="false" placeholder="false">Save and go to the materials management</item>
  <item name="LNBgoToFileManagementBottom.status" html="false" placeholder="false">Save and go to the materials management</item>
  <item name="CBXshowDataInfo.text" html="false" placeholder="false">Mostra la data e l'ora nella lista</item>
  <item name="LBrepeat_t.text" html="false" placeholder="false">Ripetition:</item>
  <item name="RBLrepeat.0" disambiguation="relativo a ripetizione" html="false" placeholder="false">None</item>
  <item name="RBLrepeat.1" disambiguation="relativo a ripetizione" html="false" placeholder="false">  Weekly</item>
  <item name="LBfromDate_t.text" html="false" placeholder="false">From day:</item>
  <item name="LBtoDate_t.text" html="false" placeholder="false">To day:</item>
  <item name="CMVdate.ErrorMessage" html="false" placeholder="false">End date must be greater than start date.</item>
  <item name="CBXshowDataInfo.text" html="false" placeholder="false">Mostra data e ora</item>
  <item name="CBXshowDataInfoWeek.text" html="false" placeholder="false">Show date and time</item>
  <item name="LBinfo.text" html="false" placeholder="false">Il sistema crea delle ripetizioni settimanali nei giorni e negli orari indicati prendendo come data inizio e data fine quelli selezionati dai due calendari soprastanti. Seleziona quindi solo i giorni che ti interessano e indica gli orari corrispondenti di inizio e fine lezione</item>
  <item name="LBfromHour_t.text" html="false" placeholder="false">From:</item>
  <item name="LBtoHour_t.text" html="false" placeholder="false">at:</item>
</Resource>