<?xml version="1.0" encoding="utf-8"?>
<Resource xmlns:xsi="http://www.w3.org/2001/XMLSchema-instance" xmlns:xsd="http://www.w3.org/2001/XMLSchema" xmlns="urn:ComolTranslation">
  <item name="LBTitolo.text" html="false" placeholder="false">Web Meeting - users list</item>
  <item name="Lbl_NoPermessi.text" html="false" placeholder="false">Sorry, you do not have permission to view this page.</item>
  <item name="Lnb_GotToRoomList.text" html="false" placeholder="false">Rooms list</item>
  <item name="Lnb_GotToRoomList.ToolTip" html="false" placeholder="false">Back to rooms list</item>
  <item name="Lnb_GotToRoomList.status" html="false" placeholder="false">Back to rooms list</item>
  <item name="Lbl_From_t.text" description="Orario" html="false" placeholder="false">From</item>
  <item name="Lbl_To_t.text" description="Orario, continua da 'Dalle...'" html="false" placeholder="false">at</item>
</Resource>