<?xml version="1.0" encoding="utf-8"?>
<Resource xmlns:xsi="http://www.w3.org/2001/XMLSchema-instance" xmlns:xsd="http://www.w3.org/2001/XMLSchema" xmlns="urn:ComolTranslation">
  <item name="Lbl_Errore.text" html="false" placeholder="false">Service is not available.</item>
  <item name="LBL_Arrivederci.text" html="false" placeholder="false">Thank you for having used the service</item>
  <item name="Lbl_NoPermission.text" html="false" placeholder="false">Sorry, you do not have permission to view this page.</item>
  <item name="Info.NoSession" html="false" placeholder="false">Sorry, requested session is no more available</item>
</Resource>