<?xml version="1.0" encoding="utf-8"?>
<Resource xmlns:xsi="http://www.w3.org/2001/XMLSchema-instance" xmlns:xsd="http://www.w3.org/2001/XMLSchema" xmlns="urn:ComolTranslation">
  <item name="LTtitle_t.text" description="Template=schema predefinito per la creazione di documenti" html="false" placeholder="false">management of certificate's templates</item>
  <item name="LTtype_t.text" description="Template=schema predefinito per la creazione di documenti" html="false" placeholder="false">Template type</item>
  <item name="LTservices_t.text" html="false" placeholder="false">Service</item>
  <item name="LBLname_t.text" description="Template=schema predefinito per la creazione di documenti" html="false" placeholder="false">Template name:</item>
  <item name="LBLtypeDescription_t.text" description="Template=schema predefinito per la creazione di documenti" html="true" placeholder="false">Select template type.&lt;br/&gt;After creation you will not be able to change type.</item>
  <item name="LBLservicesDescription_t.text" html="true" placeholder="false">Selct associated services.&lt;br/&gt;Such services allow to insert specific parameters in the template body. After the template creation/exportation these parameters will be saved as proper service data.</item>
  <item name="LKBcrea.text" description="Template=schema predefinito per la creazione di documenti" html="false" placeholder="false">Create Template</item>
  <item name="LKBcrea.ToolTip" description="Template=schema predefinito per la creazione di documenti" html="false" placeholder="false">Create Template</item>
  <item name="LKBcrea.status" description="Template=schema predefinito per la creazione di documenti" html="false" placeholder="false">Create Template</item>
  <item name="HYPundo.text" html="false" placeholder="false">Cancel</item>
  <item name="HYPundo.ToolTip" html="false" placeholder="false">Cancel</item>
  <item name="HYPundo.blocked" html="false" placeholder="false">Cancel</item>
  <item name="RBLtype.Term.0" description="Template=schema predefinito per la creazione di documenti" html="false" placeholder="false">Standard Template </item>
  <item name="RBLtype.Definition.0" html="false" placeholder="false">All parameters will be internally managed. it will not be possible to import all data from a skin, but they will be indipendent from it.</item>
  <item name="RBLtype.Term.1" description="Template=schema predefinito per la creazione di documenti" html="false" placeholder="false">System tempalte</item>
  <item name="RBLtype.Definition.1" description="Template=schema predefinito per la creazione di documenti" html="false" placeholder="false">Only for definitive templates. No editing allowed.</item>
  <item name="RBLtype.Term.2" description="Template=schema predefinito per la creazione di documenti" html="false" placeholder="false">Skin Template</item>
  <item name="RBLtype.Definition.2" description="Template=schema predefinito per la creazione di documenti" html="false" placeholder="false">Template uses the current skin data. The output will depend on the commnuity in which you are in, while using the template.</item>
  <item name="RBLtype.Term.3" html="false" placeholder="false">External</item>
  <item name="RBLtype.Definition.3" description="pdf - tipo di file" html="false" placeholder="false">PER IMPLEMENTAZIONI FUTURE. Si prevede che l'utente possa caricare un suo pdf...</item>
  <item name="RBLservices.Term.0" html="false" placeholder="false">System</item>
  <item name="RBLservices.Definition.0" html="false" placeholder="false">Only common tags at system level will be added. Template will be available for all services.</item>
  <item name="RBLservices.Term.1" html="false" placeholder="false">Service</item>
  <item name="RBLservices.Definition.1" html="false" placeholder="false">Associando un template ad uno o più servizi, questo sarà visibile solamente ai servizi selezionati, ma sarà possibile utilizzare etichette specifiche del servizio stesso.</item>
</Resource>