<?xml version="1.0" encoding="utf-8"?>
<Resource xmlns:xsi="http://www.w3.org/2001/XMLSchema-instance" xmlns:xsd="http://www.w3.org/2001/XMLSchema" xmlns="urn:ComolTranslation">
  <item name="LTtitle_t.text" description="Template=schema predefinito per la creazione di documenti" html="false" placeholder="false">management of certificate's templates</item>
  <item name="DisplayToken.Title" html="false" placeholder="false">Wait.</item>
  <item name="DisplayToken.Message" html="false" placeholder="false">File preparation in progress...</item>
  <item name="ServiceNopermission.PreviewAdd" description="Template=schema predefinito per la creazione di documenti" html="false" placeholder="false">You do not have permission to view the new template preview</item>
  <item name="ServiceNopermission.PreviewEdit" description="Template=schema predefinito per la creazione di documenti" html="false" placeholder="false">You do not have permission to view a template preview</item>
  <item name="serviceTitle.PreviewAdd" description="Template=schema predefinito per la creazione di documenti" html="false" placeholder="false">New template preview</item>
  <item name="serviceTitle.PreviewEdit" description="Template=schema predefinito per la creazione di documenti" html="false" placeholder="false">Template preview</item>
  <item name="TemplateFile.Name" html="false" placeholder="false">Preview</item>
  <item name="LKBexportRTF.text" html="false" placeholder="false" mustcontains="RTF">Download RTF</item>
  <item name="LKBexportRTF.ToolTip" html="false" placeholder="false" mustcontains="RTF">Download RTF preview</item>
  <item name="LKBexportRTF.status" html="false" placeholder="false" mustcontains="RTF">Download RTF preview</item>
  <item name="LKBexportPDF.text" html="false" placeholder="false" mustcontains="PDF">Download PDF</item>
  <item name="LKBexportPDF.ToolTip" html="false" placeholder="false" mustcontains="PDF">Download PDF preview</item>
  <item name="LKBexportPDF.status" html="false" placeholder="false" mustcontains="PDF">Download PDF preview</item>
  <item name="HYPbackUrl.text" description="Vai al servizio precedente" html="false" placeholder="false">Back</item>
  <item name="HYPbackUrl.ToolTip" description="Vai al servizio precedente" html="false" placeholder="false">Back to previous service</item>
  <item name="HYPbackUrl.status" description="Vai al servizio precedente" html="false" placeholder="false">Back to previous service</item>
  <item name="HYPedit.text" disambiguation="verbo" html="false" placeholder="false">Modify</item>
  <item name="HYPedit.ToolTip" disambiguation="verbo" html="false" placeholder="false">Modify</item>
  <item name="HYPedit.blocked" disambiguation="verbo" html="false" placeholder="false">Modify</item>
  <item name="HYPlist.text" description="Vai a lista" html="false" placeholder="false">List</item>
  <item name="HYPlist.ToolTip" description="Vai a lista" html="false" placeholder="false">List</item>
  <item name="HYPlist.blocked" description="Vai a lista" html="false" placeholder="false">List</item>
</Resource>