<?xml version="1.0" encoding="utf-8"?>
<Resource xmlns:xsi="http://www.w3.org/2001/XMLSchema-instance" xmlns:xsd="http://www.w3.org/2001/XMLSchema" xmlns="urn:ComolTranslation">
  <item name="LTtitle_t.text" description="Template=schema predefinito per la creazione di documenti" html="false" placeholder="false">management of certificate's templates</item>
  <item name="BTNaddUp.text" description="Skin - veste grafica" html="false" placeholder="false">Import from Skin</item>
  <item name="BTNaddUp.status" description="Skin - veste grafica" html="false" placeholder="false">Import from Skin</item>
  <item name="BTNaddUp.ToolTip" description="Skin - veste grafica" html="false" placeholder="false">Import from Skin</item>
  <item name="NoPermission" html="false" placeholder="false">You don't have permissions to access this service</item>
  <item name="SessionTimeOut" html="false" placeholder="false">Work session has expired, log into the platform again</item>
  <item name="ErrorMsg_none" html="false" placeholder="false">Operation successfully performed.</item>
  <item name="ErrorMsg_NotFound" html="false" placeholder="false">Element not found.</item>
  <item name="ErrorMsg_NotVersionForTemplate" html="false" placeholder="false">No version available.</item>
  <item name="ErrorMsg_NotDraft" html="false" placeholder="false">Version is not saved as draft anymore and it can not be edited.</item>
  <item name="ErrorMsg_NoPremission" html="false" placeholder="false">You do not have permission to modify this element.</item>
  <item name="ErrorMsg_NoTemplate" description="Template=schema predefinito per la creazione di documenti" html="false" placeholder="false">the template is not available.</item>
  <item name="ErrorMsg_IsSystem" description="Template=schema predefinito per la creazione di documenti" html="false" placeholder="false">This is the system template and can not be modified.</item>
  <item name="ErrorMsg_IsDeleted" html="false" placeholder="false">Element was deleted. Recover it if you want to edit it.</item>
  <item name="DisplayToken.Title" html="false" placeholder="false">Wait.</item>
  <item name="DisplayToken.Message" html="false" placeholder="false">File preparation in progress...</item>
  <item name="HYPbackUrl.text" html="false" placeholder="false">Back</item>
  <item name="HYPbackUrl.ToolTip" html="false" placeholder="false">Back to previous service</item>
  <item name="HYPbackUrl.status" html="false" placeholder="false">Back to previous service</item>
  <item name="LKBexportRTF.text" html="false" placeholder="false" mustcontains="RTF">Download RTF</item>
  <item name="LKBexportRTF.ToolTip" html="false" placeholder="false" mustcontains="RTF">Download RTF preview</item>
  <item name="LKBexportRTF.status" html="false" placeholder="false" mustcontains="RTF">Download RTF preview</item>
  <item name="LKBexportPDF.text" html="false" placeholder="false" mustcontains="PDF">Download PDF</item>
  <item name="LKBexportPDF.ToolTip" html="false" placeholder="false" mustcontains="PDF">Download PDF preview</item>
  <item name="LKBexportPDF.status" html="false" placeholder="false" mustcontains="PDF">Download PDF preview</item>
  <item name="HYPlist.text" html="false" placeholder="false">To list</item>
  <item name="HYPlist.ToolTip" description="Template=schema predefinito per la creazione di documenti" html="false" placeholder="false">Back to template list</item>
  <item name="HYPlist.status" description="Template=schema predefinito per la creazione di documenti" html="false" placeholder="false">Back to template list</item>
  <item name="LKBundo.text" html="false" placeholder="false">Cancel</item>
  <item name="LKBundo.ToolTip" html="false" placeholder="false">Cancel changes back to last save</item>
  <item name="LKBundo.status" html="false" placeholder="false">Cancel changes back to last save</item>
  <item name="LKBsave.text" html="false" placeholder="false">Save</item>
  <item name="LKBsave.ToolTip" html="false" placeholder="false">Save changes</item>
  <item name="LKBsave.status" html="false" placeholder="false">Save changes</item>
  <item name="HYPGoToAdvance.text" html="false" placeholder="false">Advanced</item>
  <item name="HYPGoToAdvance.ToolTip" html="false" placeholder="false">Display advanced editor</item>
  <item name="HYPGoToAdvance.ConfirmText" html="false" placeholder="false">Not saved data will be lost, continue?</item>
  <item name="HYPGoToSimple.text" html="false" placeholder="false">Simplified</item>
  <item name="HYPGoToSimple.ToolTip" html="false" placeholder="false">Display simplified editor</item>
  <item name="HYPGoToSimple.ConfirmText" html="false" placeholder="false">Not saved data will be lost, continue?</item>
  <item name="LBLname_t.text" description="Template=schema predefinito per la creazione di documenti" html="false" placeholder="false">Template name</item>
  <item name="LITlayout_t.text" html="false" placeholder="false">Page orientation</item>
  <item name="LBLpagesize.text" html="false" placeholder="false">Page size</item>
  <item name="LBLpageFormat_t.text" description="Formato pagina, es: A4, B0, etc..." html="false" placeholder="false">format</item>
  <item name="PageFormat.Landscape" description="Relativo ad orientamento pagina" html="false" placeholder="false">Horizontal</item>
  <item name="LITbackground_t.text" html="false" placeholder="false">Background</item>
  <item name="LBLtype_t.text" html="false" placeholder="false">Background type</item>
  <item name="RBLbgType.0" html="false" placeholder="false">None </item>
  <item name="RBLbgType.1" html="false" placeholder="false">Color</item>
  <item name="RBLbgType.2" html="false" placeholder="false">Image</item>
  <item name="DDLimageArrange.-1" description="Centratura immagine: centrata" html="false" placeholder="false">Central</item>
  <item name="DDLimageArrange.0" description="Centratura immagine: ripeti affiancate" html="false" placeholder="false">Tiled</item>
  <item name="DDLimageArrange.1" description="Centratura immagine: allargata ad occupare la pagina" html="false" placeholder="false">Stretched</item>
  <item name="CTRLmeasureWidth.Label" description="Dimensione generica" html="false" placeholder="false">Width:</item>
  <item name="CTRLmeasureHeight.Label" description="Dimensione generica" html="false" placeholder="false">Height:</item>
  <item name="CTRLmarginTop.Label" html="false" placeholder="false">Top margins:</item>
  <item name="CTRLmarginRight.Label" html="false" placeholder="false">Right margin:</item>
  <item name="CTRLmarginBottom.Label" html="false" placeholder="false">Bottom margins:</item>
  <item name="CTRLmarginLeft.Label" html="false" placeholder="false">Left margin</item>
  <item name="LITgenerics_t.text" description="Dati generici relativamente alla stampa di una pagina" html="false" placeholder="false">Generic</item>
  <item name="LBLmargin_t.text" html="false" placeholder="false">Margins</item>
  <item name="LBLtitle_t.text" description="title" html="false" placeholder="false">Title</item>
  <item name="LBLsubject_t.text" description="subject" html="false" placeholder="false">Subject</item>
  <item name="LBLauthor_t.text" description="author" html="false" placeholder="false">Author</item>
  <item name="LBLcreator_t.text" description="creator" html="false" placeholder="false">Creator</item>
  <item name="LBLproducer_t.text" description="producer" html="false" placeholder="false">Productor</item>
  <item name="LBLkeywords_t.text" description="keywords" html="false" placeholder="false">Key word</item>
  <item name="LITpdfData.text" html="false" placeholder="false" mustcontains="PDF">PDF data</item>
  <item name="LBLhfPosition_t.text" html="false" placeholder="false">Show header and footer in:</item>
  <item name="LBLbgimage_t.text" html="false" placeholder="false">Image</item>
  <item name="LBLbgImgaArrange_t.text" html="false" placeholder="false">Image positioning</item>
  <item name="LBLbgColor_t.text" html="false" placeholder="false">Color </item>
  <item name="LKBgetSkinHeaderFooter.text" description="Skin - veste grafica" html="false" placeholder="false">Recover from Skin</item>
  <item name="LKBgetSkinHeaderFooter.ToolTip" description="Skin - veste grafica" html="false" placeholder="false">Recover the current skin's elements. </item>
  <item name="LKBgetSkinHeaderFooter.status" description="Skin - veste grafica" html="false" placeholder="false">Recover the current skin's elements. </item>
  <item name="LITlegendHeader.text" html="false" placeholder="false">General</item>
  <item name="LITlegendLeft.text" html="false" placeholder="false">Element to the left</item>
  <item name="LITlegendCenter.text" html="false" placeholder="false">Central element</item>
  <item name="LITlegendRight.text" html="false" placeholder="false">Element to the right</item>
  <item name="LBLpageTag_t.text" description="Tag inteso come segnaposto" html="false" placeholder="false">Page tag </item>
  <item name="LBLtype_t.text" description="Tipologia di un elemento: nessuno, testo, immagine" html="false" placeholder="false">Tipo</item>
  <item name="RBLtype.none" description="Tipologia di un elemento: nessuno=elemento vuoto" html="false" placeholder="false">None </item>
  <item name="RBLtype.txt" description="Tipologia di un elemento: test" html="false" placeholder="false">Text</item>
  <item name="RBLtype.img" description="Tipologia di un elemento: immagine" html="false" placeholder="false">Image</item>
  <item name="UCimgWidth.Label" description="Dimensione generica" html="false" placeholder="false">Width: </item>
  <item name="UCimgHeight.Label" description="Dimensione generica" html="false" placeholder="false">Height: </item>
  <item name="LBaddNewImage_t.text" html="false" placeholder="false">Select image</item>
  <item name="LKBaddImageFile.text" disambiguation="carica=upload" html="false" placeholder="false">Upload</item>
  <item name="LKBaddImageFile.ToolTip" disambiguation="carica=upload" html="false" placeholder="false">Upload the new image</item>
  <item name="LKBaddImageFile.status" disambiguation="carica=upload" html="false" placeholder="false">Upload the new image</item>
  <item name="LITtag_t.text" description="Tag inteso come segnaposto" html="false" placeholder="false">Tag</item>
  <item name="LBLbodyText_t.text" html="false" placeholder="false">Text body: </item>
  <item name="LKBaddSignature.text" html="false" placeholder="false">New decoration</item>
  <item name="LKBaddSignature.ToolTip" html="false" placeholder="false">Add new decoration</item>
  <item name="LKBaddSignature.status" html="false" placeholder="false">Add new decoration</item>
  <item name="LITprevVersion.text" html="false" placeholder="false">Previous versions</item>
  <item name="LBLnosign.text" html="false" placeholder="false">No decoration set.</item>
  <item name="LKBdeletesignature.text" html="false" placeholder="false" hidden="true">X</item>
  <item name="LKBdeletesignature.ToolTip" html="false" placeholder="false">Delete decoration</item>
  <item name="LKBdeletesignature.status" html="false" placeholder="false">Delete decoration</item>
  <item name="CBXuseText.text" html="false" placeholder="false">Use text</item>
  <item name="CBXuseText.ToolTip" html="false" placeholder="false">Use text</item>
  <item name="CBXpdfPositioning.text" html="false" placeholder="false" mustcontains="PDF">Repositioning (Only for PDF)</item>
  <item name="CBXpdfPositioning.ToolTip" html="false" placeholder="false" mustcontains="PDF">Repositioning (Only for PDF)</item>
  <item name="LBLsignText_t.text" html="false" placeholder="false">Text</item>
  <item name="LBLimage_t.text" html="false" placeholder="false">Image</item>
  <item name="UCimageWidth.Label" html="false" placeholder="false">Width: </item>
  <item name="UCimageHeight.Label" html="false" placeholder="false">Height: </item>
  <item name="UCimgPosX.Label" html="false" placeholder="false">Position from left:</item>
  <item name="UCimgPosY.Label" html="false" placeholder="false">Position from below:</item>
  <item name="LBLhfPositionSign_t.text" html="false" placeholder="false">Element position</item>
  <item name="0.text" html="false" placeholder="false">none</item>
  <item name="0.description" html="false" placeholder="false">none</item>
  <item name="1.text" html="false" placeholder="false">Settings</item>
  <item name="1.description" html="false" placeholder="false"> Document properties: size, margins, etc...</item>
  <item name="2.text" html="false" placeholder="false">Header</item>
  <item name="2.description" html="false" placeholder="false">Heading elements of the document</item>
  <item name="3.text" html="false" placeholder="false">Skin elements</item>
  <item name="3.description" html="false" placeholder="false">Header, footer and related test.</item>
  <item name="4.text" html="false" placeholder="false">Text body</item>
  <item name="4.description" html="false" placeholder="false">Document main body</item>
  <item name="5.text" html="false" placeholder="false">Decorations</item>
  <item name="5.description" html="false" placeholder="false">Textual elements or images that can be moved or can be found on the last page of the document.</item>
  <item name="6.text" html="false" placeholder="false">Footer</item>
  <item name="6.description" html="false" placeholder="false">Elements at the bottom of the page.</item>
  <item name="LITskin_t.text" html="false" placeholder="false">Skin selector </item>
  <item name="LBLcommunityID_t.text" disambiguation="singolare" html="false" placeholder="false">Community:</item>
  <item name="LBLorganizationID_t.text" html="false" placeholder="false">Organization :</item>
  <item name="LBLlanguageCode_t.text" html="false" placeholder="false">Language code:</item>
  <item name="LITnote_t.text" html="true" placeholder="false">Notice that the values inserted till now, are needed only to view a skin contents.&lt;br/&gt;The single skin, indeed, is not associated to any current template.</item>
  <item name="LITheaderLogo_t.text" html="false" placeholder="false">Header Logo</item>
  <item name="LITheaderText_t.text" html="false" placeholder="false">Header text</item>
  <item name="LITfooterLogos_t.text" html="false" placeholder="false">Footer logos</item>
  <item name="LITfooterText.text" html="false" placeholder="false">Footer text</item>
  <item name="TemplateTitle" html="false" placeholder="false">Service title</item>
  <item name="LKBundoCome.text" html="false" placeholder="false">Community description</item>
  <item name="LKBundoCom.ToolTip" html="false" placeholder="false">Community description</item>
  <item name="LKBundoCom.status" html="false" placeholder="false">Community description</item>
  <item name="LKBundoOrgn.text" html="false" placeholder="false">Organization description</item>
  <item name="LKBundoOrgn.ToolTip" html="false" placeholder="false">Organization description</item>
  <item name="LKBundoOrgn.status" html="false" placeholder="false">Organization description</item>
  <item name="LKBloade.text" disambiguation="carica=upload" html="false" placeholder="false">Upload</item>
  <item name="LKBload.ToolTip" disambiguation="carica=upload" html="false" placeholder="false">Load data from skins</item>
  <item name="LKBload.status" disambiguation="carica=upload" html="false" placeholder="false">Load data from skins</item>
  <item name="LKBClearCachee.text" html="false" placeholder="false">Delete cache</item>
  <item name="LKBClearCache.ToolTip" html="false" placeholder="false">Delete cache and force skins reloading.</item>
  <item name="LKBClearCache.status" html="false" placeholder="false">Delete cache and force skins reloading.</item>
  <item name="LKBshowOrgnSel.text" html="false" placeholder="false">Select</item>
  <item name="LKBshowOrgnSel.ToolTip" html="false" placeholder="false">Organizations selector </item>
  <item name="LKBshowOrgnSel.status" html="false" placeholder="false">Organizations selector </item>
  <item name="LKBshowOrgnSel.hide" html="false" placeholder="false">Hide selector</item>
  <item name="LKBshowComSel.text" html="false" placeholder="false">Select</item>
  <item name="LKBshowComSel.ToolTip" html="false" placeholder="false">Community selector</item>
  <item name="LKBshowComSel.status" html="false" placeholder="false">Community selector</item>
  <item name="LKBshowComSel.hide" html="false" placeholder="false">Hide selector</item>
  <item name="Step.0.text" html="false" placeholder="false">Seleziona importazione</item>
  <item name="Step.0.description" html="false" placeholder="false">Selezionare l'elemento da cui importare la skin.</item>
  <item name="Step.1.text" html="false" placeholder="false">Seleziona Organizzazione</item>
  <item name="Step.1.description" html="false" placeholder="false">Selezionare l'organizzazione da cui importare la skin.</item>
  <item name="Step.2.text" html="false" placeholder="false">Seleziona Comunità</item>
  <item name="Step.2.description" html="false" placeholder="false">Selezionare la Comunità da cui importare la skin.</item>
  <item name="Step.3.text" html="false" placeholder="false">Associa elementi</item>
  <item name="Step.3.description" html="false" placeholder="false">Specificare quale elemento del template sarà sostituito con l'elemento di skin.</item>
  <item name="LKBundot.text" html="false" placeholder="false">Annulla</item>
  <item name="LKBundot.ToolTip" html="false" placeholder="false">Annulla</item>
  <item name="LKBundot.status" html="false" placeholder="false">Annulla</item>
  <item name="LKBundob.text" html="false" placeholder="false">Annulla</item>
  <item name="LKBundob.ToolTip" html="false" placeholder="false">Annulla</item>
  <item name="LKBundob.status" html="false" placeholder="false">Annulla</item>
  <item name="RBLsource.0.text" html="false" placeholder="false">Corrente</item>
  <item name="RBLsource.0.description" html="false" placeholder="false">Seleziona elementi dalla skin attualmente in uso.</item>
  <item name="RBLsource.1.text" html="false" placeholder="false">Portale</item>
  <item name="RBLsource.1.description" html="false" placeholder="false">Seleziona elementi dalla skin predefinita di portale.</item>
  <item name="RBLsource.2.text" html="false" placeholder="false">Organizzazione</item>
  <item name="RBLsource.2.description" html="false" placeholder="false">Seleziona elementi da una skin associata a una organizzazione.</item>
  <item name="RBLsource.3.text" disambiguation="singolare" html="false" placeholder="false">comunità</item>
  <item name="RBLsource.3.description" html="false" placeholder="false">Seleziona elementi da una skin associata a una comunità.</item>
  <item name="LKBcomSelector.text" html="false" placeholder="false">Open</item>
  <item name="LKBcomSelector.ToolTip" html="false" placeholder="false">Select community</item>
  <item name="LKBcomSelector.status" html="false" placeholder="false">Select community</item>
  <item name="LKBcomSelector.hide" html="false" placeholder="false">Close</item>
  <item name="LKBorgnSelector.text" html="false" placeholder="false">Open</item>
  <item name="LKBorgnSelector.ToolTip" html="false" placeholder="false">Select Organization</item>
  <item name="LKBorgnSelector.status" html="false" placeholder="false">Select Organization</item>
  <item name="LKBorgnSelector.hide" html="false" placeholder="false">Close</item>
  <item name="LKBnextt.text" html="false" placeholder="false">Avanti</item>
  <item name="LKBnextt.ToolTip" html="false" placeholder="false">Avanti</item>
  <item name="LKBnextt.status" html="false" placeholder="false">Avanti</item>
  <item name="LKBnextb.text" html="false" placeholder="false">Avanti</item>
  <item name="LKBnextb.ToolTip" html="false" placeholder="false">Avanti</item>
  <item name="LKBnextb.status" html="false" placeholder="false">Avanti</item>
  <item name="LKBconfirmt.text" disambiguation="verbo" html="false" placeholder="false">Conferma</item>
  <item name="LKBconfirmt.ToolTip" disambiguation="verbo" html="false" placeholder="false">Conferma</item>
  <item name="LKBconfirmt.status" disambiguation="verbo" html="false" placeholder="false">Conferma</item>
  <item name="LKBconfirmb.text" disambiguation="verbo" html="false" placeholder="false">Conferma</item>
  <item name="LKBconfirmb.ToolTip" disambiguation="verbo" html="false" placeholder="false">Conferma</item>
  <item name="LKBconfirmb.status" disambiguation="verbo" html="false" placeholder="false">Conferma</item>
  <item name="LKBbackt.text" html="false" placeholder="false">Indietro</item>
  <item name="LKBbackt.ToolTip" html="false" placeholder="false">Indietro</item>
  <item name="LKBbackt.status" html="false" placeholder="false">Indietro</item>
  <item name="LKBbackb.text" html="false" placeholder="false">Indietro</item>
  <item name="LKBbackb.ToolTip" html="false" placeholder="false">Indietro</item>
  <item name="LKBbackb.status" html="false" placeholder="false">Indietro</item>
  <item name="NewPlacing.10" html="false" placeholder="false">Header - Left</item>
  <item name="NewPlacing.11" html="false" placeholder="false">Header - Center</item>
  <item name="NewPlacing.12" html="false" placeholder="false">Header - Right</item>
  <item name="NewPlacing.20" html="false" placeholder="false">Text body</item>
  <item name="NewPlacing.30" html="false" placeholder="false">Footer - Left</item>
  <item name="NewPlacing.31" html="false" placeholder="false">Footer - Center</item>
  <item name="NewPlacing.32" html="false" placeholder="false">Footer - Right</item>
  <item name="NewPlacing.40" html="false" placeholder="false">Decorations</item>
  <item name="NewPlacing.50" html="false" placeholder="false">ignore</item>
  <item name="RBLsource.0" html="false" placeholder="false">Current</item>
  <item name="RBLsource.1" html="false" placeholder="false">Portal</item>
  <item name="RBLsource.2" html="false" placeholder="false">Organization</item>
  <item name="RBLsource.3" disambiguation="singolare" html="false" placeholder="false">community</item>
  <item name="RblPageSelect.0" disambiguation="Relativo a pagina" html="false" placeholder="false">None</item>
  <item name="RblPageSelect.1" disambiguation="Relativo a pagine" html="false" placeholder="false">All</item>
  <item name="RblPageSelect.-1" disambiguation="Relativo a pagina" html="false" placeholder="false">Specify</item>
  <item name="CBXeven.text" disambiguation="Relativo a pagine" html="false" placeholder="false">Even</item>
  <item name="CBXeven.ToolTip" disambiguation="Relativo a pagine" html="false" placeholder="false">Even</item>
  <item name="CBXodd.text" disambiguation="Relativo a pagine" html="false" placeholder="false">Odd</item>
  <item name="CBXodd.ToolTip" disambiguation="Relativo a pagine" html="false" placeholder="false">Odd</item>
  <item name="CBXfirst.text" disambiguation="Relativo a pagina" html="false" placeholder="false">First</item>
  <item name="CBXfirst.ToolTip" disambiguation="Relativo a pagina" html="false" placeholder="false">First</item>
  <item name="CBXlast.text" disambiguation="Relativo a pagina" html="false" placeholder="false">Last</item>
  <item name="CBXlast.ToolTip" disambiguation="Relativo a pagina" html="false" placeholder="false">Last</item>
  <item name="CBXspecific.text" disambiguation="Relativo a pagina" html="false" placeholder="false">Specify</item>
  <item name="CBXspecific.ToolTip" disambiguation="Relativo a pagina" html="false" placeholder="false">Specify</item>
  <item name="REVpageRange.ErrorMessage" disambiguation="non tradurre" html="false" placeholder="false" hidden="true" mustcontains="(1-3, 6)">(1-3, 6)</item>
  <item name="REVpageRange.text" html="false" placeholder="false" hidden="true" />
  <item name="LKBdeleteSel.text" html="false" placeholder="false">Delete selected</item>
  <item name="LKBdeleteSel.ToolTip" html="false" placeholder="false">Delete selected</item>
  <item name="LKBdeleteSel.status" html="false" placeholder="false">Delete selected</item>
  <item name="LKBrecover.text" disambiguation="non tradurre" html="false" placeholder="false" hidden="true" />
  <item name="LKBrecover.ToolTip" html="false" placeholder="false">Recover</item>
  <item name="LKBrecover.status" html="false" placeholder="false">Recover</item>
  <item name="LKBdelete.text" disambiguation="non tradurre" html="false" placeholder="false" hidden="true" />
  <item name="LKBdelete.ToolTip" html="false" placeholder="false">Delete</item>
  <item name="LKBdelete.status" html="false" placeholder="false">Delete</item>
  <item name="LITcode_t.text" description="Il codice di una specifica versione precedente" html="false" placeholder="false">Code</item>
  <item name="LITrevision_t.text" html="false" placeholder="false">Revisions</item>
  <item name="LITaction_t.text" html="false" placeholder="false">Actions</item>
  <item name="RBLalignment.-1" description="Posizione elemento" html="false" placeholder="false">Left</item>
  <item name="RBLalignment.0" description="Posizione elemento" html="false" placeholder="false">Center</item>
  <item name="RBLalignment.1" description="Posizione elemento" html="false" placeholder="false">Right</item>
  <item name="LBLalignment_t.text" description="Allinamento elemento" html="false" placeholder="false">Allignmenteamento</item>
  <item name="LITrevision_t.text" html="false" placeholder="false">Revisioni</item>
  <item name="Services.Common" disambiguation="common" html="false" placeholder="false">Common</item>
  <item name="LBLcode_t.text" description="Abbreviazione codice/identificativo" html="false" placeholder="false">Code</item>
  <item name="LITcode_t.text" description="Abbreviazione codice/identificativo" html="false" placeholder="false">Cod.</item>
  <item name="PageTag.CurPage" html="false" placeholder="false">Current page number</item>
  <item name="PageTag.CreateDate" html="false" placeholder="false">Data Generazione</item>
  <item name="PageTag.CreateTime" html="false" placeholder="false">Ora Generazione</item>
</Resource>