<?xml version="1.0" encoding="utf-8"?>
<Resource xmlns:xsi="http://www.w3.org/2001/XMLSchema-instance" xmlns:xsd="http://www.w3.org/2001/XMLSchema" xmlns="urn:ComolTranslation">
  <item name="LTtitle_t.text" description="Template=schema predefinito per la creazione di documenti" html="false" placeholder="false">management of certificate's templates</item>
  <item name="LTpartecipant_t.text" description="Template=schema predefinito per la creazione di documenti" html="false" placeholder="false">Template</item>
  <item name="LTassService_t.text" html="false" placeholder="false">Associated services</item>
  <item name="LTstatus_t.text" disambiguation="status: attivo/chiuso/in corso/valutazione" html="false" placeholder="false">Status</item>
  <item name="LTsavedOn_t.text" html="false" placeholder="false">Saved on </item>
  <item name="LTaction_t.text" html="false" placeholder="false">Actions</item>
  <item name="TempalteServices.System" html="false" placeholder="false">System</item>
  <item name="Tempalte.Status.IsDefinitive" html="false" placeholder="false">Definitive</item>
  <item name="Tempalte.Status.IsActive" html="false" placeholder="false">Active</item>
  <item name="Tempalte.Status.IsDraft" html="false" placeholder="false">Draft</item>
  <item name="Tempalte.Status.none" html="false" placeholder="false">none</item>
  <item name="Version.Name" html="false" placeholder="true" mustcontains="#Version#">Version #Version#</item>
  <item name="Version.Status.Draft" html="false" placeholder="false">Draft</item>
  <item name="Version.Status.Active" disambiguation="sostantivo" html="false" placeholder="false">Activate</item>
  <item name="Version.Status.None" html="false" placeholder="false">Deprecated</item>
  <item name="LNBtemplateDeleteLogical.ToolTip" html="false" placeholder="false">Logical deletion.</item>
  <item name="LNBtemplateDeleteLogical.status" html="false" placeholder="false">Logical deletion.</item>
  <item name="LNBtemplateDeleteLogical.ConfirmText" html="false" placeholder="false">Confirm deletion?</item>
  <item name="LNBtemplateDeletePhisical.ToolTip" html="false" placeholder="false">Physical deletion.</item>
  <item name="LNBtemplateDeletePhisical.status" html="false" placeholder="false">Physical deletion.</item>
  <item name="LNBtemplateDeletePhisical.ConfirmText" html="false" placeholder="false">Confirm deletion?</item>
  <item name="LNBtemplateDisable.ToolTip" html="false" placeholder="false">Disable.</item>
  <item name="LNBtemplateDisable.status" html="false" placeholder="false">Disable.</item>
  <item name="LNBtemplateDisable.ConfirmText" html="false" placeholder="false">Disable Template. It will be lost. Do you Confirm?</item>
  <item name="LNBtemplateEnable.ToolTip" html="false" placeholder="false">Enable.</item>
  <item name="LNBtemplateEnable.status" html="false" placeholder="false">Enable.</item>
  <item name="LNBtemplateRecover.ToolTip" html="false" placeholder="false">Recover.</item>
  <item name="LNBtemplateRecover.status" html="false" placeholder="false">Recover.</item>
  <item name="LNBversionDeleteLogical.ToolTip" html="false" placeholder="false">Logical deletion.</item>
  <item name="LNBversionDeleteLogical.status" html="false" placeholder="false">Logical deletion.</item>
  <item name="LNBversionDeleteLogical.ConfirmText" html="false" placeholder="false">Confirm deletion?</item>
  <item name="LNBversionDeletePhisical.ToolTip" html="false" placeholder="false">Physical deletion.</item>
  <item name="LNBversionDeletePhisical.status" html="false" placeholder="false">Physical deletion.</item>
  <item name="LNBversionDeletePhisical.ConfirmText" html="false" placeholder="false">It will not be possible to recover this version. Continue?</item>
  <item name="LNBversionEnable.ToolTip" html="false" placeholder="false">Enable.</item>
  <item name="LNBversionEnable.status" html="false" placeholder="false">Enable.</item>
  <item name="LNBversionEnable.ConfirmText" html="false" placeholder="false">Enable Version: it will become permanent, and editing will not be allowed anymore. Do you confirm?</item>
  <item name="LNBversionDisable.ToolTip" html="false" placeholder="false">Disable.</item>
  <item name="LNBversionDisable.status" html="false" placeholder="false">Disable.</item>
  <item name="LNBversionDisable.ConfirmText" html="false" placeholder="false">Disable Version: It will be lost. Do you Confirm?</item>
  <item name="LNBversionRecover.ToolTip" html="false" placeholder="false">Recover version.</item>
  <item name="DisplayToken.Title" html="false" placeholder="false">Wait.</item>
  <item name="DisplayToken.Message" html="false" placeholder="false">File preparation in progress...</item>
  <item name="HYPaddNew.text" description="Template=schema predefinito per la creazione di documenti" html="false" placeholder="false">Add Template</item>
  <item name="RBLtype.-1" html="false" placeholder="false">All</item>
  <item name="RBLtype.1" html="false" placeholder="false">Definitive</item>
  <item name="RBLtype.2" html="false" placeholder="false">Draft</item>
  <item name="RBLtype.3" html="false" placeholder="false">Deleted</item>
  <item name="CBXadvEdit.text" html="false" placeholder="false">Enable advanced editor</item>
  <item name="LNBtemplatePDF.text" description="Lasciare vuoto" disambiguation="non tradurre" html="false" placeholder="false" hidden="true" />
  <item name="LNBtemplatePDF.ToolTip" html="false" placeholder="false" mustcontains="PDF">Export a PDF preview</item>
  <item name="LNBtemplatePDF.status" html="false" placeholder="false" mustcontains="PDF">Export a PDF preview</item>
  <item name="LNBtemplateRTF.text" description="Lasciare vuoto" disambiguation="non tradurre" html="false" placeholder="false" hidden="true" />
  <item name="LNBtemplateRTF.ToolTip" html="false" placeholder="false" mustcontains="RTF">Export a RTF preview</item>
  <item name="LNBtemplateRTF.status" html="false" placeholder="false" mustcontains="RTF">Export a RTF preview</item>
  <item name="LNBtemplateAddVers.text" description="Lasciare vuoto" disambiguation="non tradurre" html="false" placeholder="false" hidden="true" />
  <item name="LNBtemplateAddVers.ToolTip" html="false" placeholder="false">Add new version</item>
  <item name="LNBtemplateAddVers.status" html="false" placeholder="false">Add new version</item>
  <item name="HYPtemplatePreview.text" description="Lasciare vuoto" disambiguation="non tradurre" html="false" placeholder="false" hidden="true" />
  <item name="HYPtemplatePreview.ToolTip" html="false" placeholder="false" mustcontains="HTML">Display HTML preview</item>
  <item name="HYPtemplatePreview.status" html="false" placeholder="false" mustcontains="HTML">Display HTML preview</item>
  <item name="HypTemplateCopy.text" description="Lasciare vuoto" disambiguation="non tradurre" html="false" placeholder="false" hidden="true" />
  <item name="HypTemplateCopy.ToolTip" html="false" placeholder="false">Copy Template</item>
  <item name="HypTemplateCopy.status" html="false" placeholder="false">Copy Template</item>
  <item name="LBLnoItems.text" html="false" placeholder="false">No element found for the specified parameters</item>
  <item name="lblFilter_T.text" html="false" placeholder="false">Filters: </item>
  <item name="Error.NoPermessi" html="false" placeholder="false">You do not have permission to view the page.</item>
  <item name="Error.SessionTimeout" html="false" placeholder="false">Work session has expired</item>
</Resource>