﻿<?xml version="1.0" encoding="utf-8"?>
<Resource xmlns="urn:ComolTranslation">
  <item name="LBinizio_t.text">*Start Date:</item>
  <item name="LBfine_t.text">*End Date:</item>
  <item name="CBXinCorso.text">Current Work</item>
  <item name="LBMeseInizio.text">Month</item>
  <item name="LBAnnoInizio.text">Year</item>
  <item name="BTNVaiA_applicaInizio.text">go to...</item>
  <item name="LBMeseFine.text">Month</item>
  <item name="LBAnnoFine.text">Year</item>
  <item name="BTNVaiA_applicaFine.text">go to...</item>
  <item name="LBnome_t.text">*Employer Name:</item>
  <item name="LBsettore_t.text">&amp;nbsp;Sector:</item>
  <item name="LBtipoImpiego_t.text">&amp;nbsp;Occupation Pos:</item>
  <item name="LBmansione_t.text">&amp;nbsp;Activities:</item>
  <item name="LBrendiPubblico_t.text">&amp;nbsp;Publish:&amp;nbsp;</item>
  <item name="LBinizio_s.text">&amp;nbsp;Start Date:</item>
  <item name="LBfine_s.text">End Date:</item>
  <item name="LBnome_s.text">&amp;nbsp;Employer Name:</item>
  <item name="LBsettore_s.text">&amp;nbsp;Sector:</item>
  <item name="LBtipoImpiego_s.text">&amp;nbsp;Occupation Pos:</item>
  <item name="LBmansione_s.text">&amp;nbsp;Activities:</item>
  <item name="LBrendiPubblico_s.text">&amp;nbsp;Publish:&amp;nbsp;</item>
  <item name="null">Null</item>
  <item name="si">Yes</item>
  <item name="no">No</item>
  <item name="LKBmodifica.text">Edit</item>
  <item name="LKBmodifica.status">Edit</item>
  <item name="LKBmodifica.ToolTip">Edit</item>
  <item name="LKBelimina.text">Delete</item>
  <item name="LKBelimina.status">Delete</item>
  <item name="LKBelimina.ToolTip">Delete</item>
  <item name="LKBelimina.ConfirmText">Are you sure to delete?</item>
  <item name="errore">ERROR: the start date must be before the end date</item>
  <item name="PDF.ExpLav">Work experience</item>
  <item name="PDF.Date">Period (from to)</item>
  <item name="PDF.NomeDat">Name and address of the employer</item>
  <item name="PDF.TipoSett">Type of business or sector</item>
  <item name="PDF.TipoImp">Occupation</item>
  <item name="PDF.MansResp">Main activities and responsibilities</item>
</Resource>