﻿<?xml version="1.0" encoding="utf-8"?>
<Resource xmlns="urn:ComolTranslation">
  <item name="LBnome_t.text">*Name:</item>
  <item name="LBrendiPubblico_t.text">Publish:&amp;nbsp;</item>
  <item name="LBnote.text">Notes</item>
  <item name="LBmostraDatiSensibili_t.text">Show private info:&amp;nbsp;</item>
  <item name="LBmostraRecapiti_t.text">Show telephone numbers:&amp;nbsp;</item>
  <item name="LBcognome_t.text">*Surname:</item>
  <item name="LBdatanascita_t.text">*Date of birth(dd/mm/yyyy):</item>
  <item name="LBsesso_t.text">&amp;nbsp;Sex:</item>
  <item name="RBLSesso.0">Woman</item>
  <item name="RBLSesso.1">Men&amp;nbsp;&amp;nbsp;&amp;nbsp;</item>
  <item name="LBindirizzo_t.text">&amp;nbsp;Address:</item>
  <item name="LBcap_t.text">&amp;nbsp;ZIP:</item>
  <item name="LBcitta_t.text">&amp;nbsp;City:</item>
  <item name="LBtelefono_t.text">&amp;nbsp;Telephone:</item>
  <item name="LBcellulare_t.text">&amp;nbsp;Mobile Phone:</item>
  <item name="LBfax_t.text">&amp;nbsp;Fax:</item>
  <item name="LBmail_t.text">*Mail:</item>
  <item name="LBnazionalita_t.text">&amp;nbsp;Nazionality:</item>
  <item name="LBmadrelingua_t.text">&amp;nbsp;Mother Tongue:</item>
  <item name="LBpatente_t.text">&amp;nbsp;Driving lic:</item>
  <item name="errore2">Sorry, and error as occoured</item>
  <item name="errore1">Success in the insertion</item>
  <item name="errore3">Modify correclty executed</item>
  <item name="Si">Yes</item>
  <item name="No">No</item>
  <item name="nd">n.d.</item>
  <item name="LBnome_s.text">&amp;nbsp;Name:</item>
  <item name="LBcognome_s.text">&amp;nbsp;Surname:</item>
  <item name="LBdatanascita_s.text">&amp;nbsp;Birth Date:</item>
  <item name="LBmail_s.text">&amp;nbsp;Mail:</item>
  <item name="Uomo">Man</item>
  <item name="Donna">Woman</item>
  <item name="PDF.Nome">Name</item>
  <item name="PDF.Ind">Address</item>
  <item name="PDF.Tel">Telephone</item>
  <item name="PDF.Fax">Fax</item>
  <item name="PDF.Mail">E-mail</item>
  <item name="PDF.Nazion">Nationality</item>
  <item name="PDF.Data">Birth Date</item>
</Resource>