﻿<?xml version="1.0" encoding="utf-8"?>
<Resource xmlns="urn:ComolTranslation">
  <item name="LBnome_t.text">*Language:</item>
  <item name="LBnessuna.text">None</item>
  <item name="LBlimitata.text">Limited</item>
  <item name="LBdiscreta.text">Discrete</item>
  <item name="LBbuona.text">Good</item>
  <item name="LBottima.text">Very Good</item>
  <item name="LBmadrelingua.text">Mother tongue</item>
  <item name="LBlettura_t.text">&amp;nbsp;Reading capability:</item>
  <item name="LBscrittura_t.text">&amp;nbsp;Writing capability:</item>
  <item name="LBespressioneOrale_t.text">&amp;nbsp;Speaking capability:</item>
  <item name="LBrendiPubblico_t.text">&amp;nbsp;Publish:&amp;nbsp;</item>
  <item name="LBnome_s.text">&amp;nbsp;Name:</item>
  <item name="LBlettura_s.text">&amp;nbsp;Reading capability:</item>
  <item name="LBscrittura_s.text">&amp;nbsp;Writing capability:</item>
  <item name="LBespressioneOrale_s.text">&amp;nbsp;Speaking capability:</item>
  <item name="LBrendiPubblico_s.text">&amp;nbsp;Publish:&amp;nbsp;</item>
  <item name="LKBmodifica.text">Edit</item>
  <item name="LKBmodifica.status">Edit</item>
  <item name="LKBmodifica.ToolTip">Edit</item>
  <item name="LKBelimina.text">Delete</item>
  <item name="LKBelimina.status">Delete</item>
  <item name="LKBelimina.ToolTip">Delete</item>
  <item name="LKBelimina.ConfirmText">Are you sure to delete?</item>
  <item name="Nessuna">None</item>
  <item name="Limitata">Limited</item>
  <item name="Discreta">Discrete</item>
  <item name="Buona">Good</item>
  <item name="Ottima">Very Good</item>
  <item name="Madrelingua">Mother tongue</item>
  <item name="Si">Yes</item>
  <item name="No">No</item>
  <item name="PDF.MadreL">Mother tongue</item>
  <item name="PDF.Altre">Other languages</item>
  <item name="PDF.Capacita.0">Reading capability</item>
  <item name="PDF.Capacita.1">Writing capability</item>
  <item name="PDF.Capacita.2">Speaking capability</item>
</Resource>