﻿<?xml version="1.0" encoding="utf-8"?>
<Resource xmlns="urn:ComolTranslation">
  <item name="LBcompetenzeRelazionali_t.text">Social Skills</item>
  <item name="LBcompetenzeOrganizzative_t.text">Organisational Skills:</item>
  <item name="LBcompetenzeTecniche_t.text">Technical Skills:</item>
  <item name="LBaltreCompetenze_t.text">Other competencies:</item>
  <item name="LBulterioriInfo_t.text">Other info:</item>
  <item name="PDF.CC.Relaz.0">Social Skills and Competences</item>
  <item name="PDF.CC.Relaz.1">Live and work with other people in a multicultural environment</item>
  <item name="PDF.CC.ORGN.0">Organisational skills and competences</item>
  <item name="PDF.CC.ORGN.1">E.g. coordination and administration of people, projects, bilances.</item>
  <item name="PDF.CC.CTec.0">Technical Skills and Competences</item>
  <item name="PDF.CC.CTec.1">With computer and technical machines</item>
  <item name="PDF.CC.CArt.0">Artistic Skills and competences</item>
  <item name="PDF.CC.CArt.1">Music, writing, painting ecc.</item>
  <item name="PDF.CC.CAltre.0">Other skills and competences</item>
  <item name="PDF.CC.CAltre.1">Other skills and competences</item>
  <item name="PDF.Patente">Driving</item>
  <item name="PDF.Altro">Other information</item>
</Resource>