﻿<?xml version="1.0" encoding="utf-8" ?>
<Resource xmlns:xsi="http://www.w3.org/2001/XMLSchema-instance">

  
  <item name="LBL_User_t.text">Utenti: </item>
  <item name="Lbl_FileName_t.text">File: </item>
  <item name="LBL_OrgnName_t.text">Organizzazione: </item>


  <item name="LBL_ActivityName_t.text">Attività: </item>

  <item name="LBL_ACT_TimeMin_t.text">Tempo minimo</item>
  <item name="LBL_ACT_TimeAvg_t.text">Tempo medio</item>
  <item name="LBL_ACT_TimeMax_t.text">Tempo massimo</item>

  <item name="LBL_ACT_ScoreRawMin_t.text">Punteggio grezzo minimo</item>
  <item name="LBL_ACT_ScoreRawAvg_t.text">Punteggio grezzo medio</item>
  <item name="LBL_ACT_ScoreRawMax_t.text">Punteggio grezzo massimo</item>

  <item name="LBL_ACT_ScoreSCMin_t.text">Punteggio scalato minimo</item>
  <item name="LBL_ACT_ScoreSCAvg_t.text">Punteggio scalato medio</item>
  <item name="LBL_ACT_ScoreSCMax_t.text">Punteggio scalato massimo</item>



  <item name="NoPermission">Spiacenti. Non si hanno i permessi necessari per visualizzare il servizio.</item>
  <item name="NoUser">Non è stato selezionato alcun utente.</item>
  <item name="NoFile">Non è stato selezionato alcun File.</item>
  <item name="NoData">Nessun dato per i parametri immessi.</item>
  
  
  
</Resource>