<?xml version="1.0" encoding="utf-8"?>
<Resource xmlns:xsi="http://www.w3.org/2001/XMLSchema-instance" xmlns:xsd="http://www.w3.org/2001/XMLSchema" xmlns="urn:ComolTranslation">
  <item name="LBtitolo.text" html="false" placeholder="false">Memo management</item>
  <item name="LBNopermessi.text" html="false" placeholder="false">You do not have permission to access this page.</item>
  <item name="LogoutMessage" html="false" placeholder="false">Sorry, your session has expired, you have to log into the system again.</item>
  <item name="TABcrea.Text" html="false" placeholder="false">Create Memo</item>
  <item name="TABcrea.ToolTip" html="false" placeholder="false">Create Memo</item>
  <item name="TABinviati.Text" html="false" placeholder="false">Sent</item>
  <item name="TABinviati.ToolTip" html="false" placeholder="false">Sent memos</item>
  <item name="TABricevuti.Text" html="false" placeholder="false">Received</item>
  <item name="TABricevuti.ToolTip" html="false" placeholder="false">Received memos</item>
  <item name="TABpersonali.Text" html="false" placeholder="false">Personals</item>
  <item name="TABpersonali.ToolTip" html="false" placeholder="false">Personal memos</item>
  <item name="LNBcancellaTutti.text" html="false" placeholder="false">Select all</item>
  <item name="LNBcancellaTutti.status" html="false" placeholder="false">Delete all memos.</item>
  <item name="LNBcancellaTutti.ToolTip" html="false" placeholder="false">Delete all memos.</item>
  <item name="LNBcancellaTutti.ConfirmText" html="false" placeholder="false">Are you sure you want to delete all memos?</item>
  <item name="LNBnascondiTutti.text" html="false" placeholder="false">Hide all</item>
  <item name="LNBnascondiTutti.status" html="false" placeholder="false">Hide all memos</item>
  <item name="LNBnascondiTutti.ToolTip" html="false" placeholder="false">Hide all memos</item>
  <item name="LNBnascondiTutti.ConfirmText" html="false" placeholder="false">Are you sure you want to hide all memos</item>
  <item name="LNBinserisci.text" html="false" placeholder="false">Create Memo</item>
  <item name="LNBinserisci.status" html="false" placeholder="false">Create Memo.</item>
  <item name="LNBmodifica.text" html="false" placeholder="false">Modify Memo</item>
  <item name="LNBmodifica.status" html="false" placeholder="false">Modify Memo.</item>
  <item name="LNBelenco.text" html="false" placeholder="false">Back to list</item>
  <item name="LNBelenco.status" html="false" placeholder="false">Back to list</item>
  <item name="inserimento.True" html="false" placeholder="false">Memo insertion correctly performed.</item>
  <item name="inserimento.False" html="false" placeholder="false">It was not possible to add the Memo</item>
</Resource>