<?xml version="1.0" encoding="utf-8"?>
<Resource xmlns:xsi="http://www.w3.org/2001/XMLSchema-instance" xmlns:xsd="http://www.w3.org/2001/XMLSchema" xmlns="urn:ComolTranslation">
  <item name="DGmemo.page" html="false" placeholder="true" mustcontains="#%%#">Page &lt;#%%#&gt;</item>
  <item name="DGmemo.ordinamento.0.status" html="false" placeholder="true" mustcontains="#%%#">Ascending order by &lt;#%%#&gt;</item>
  <item name="DGmemo.ordinamento.1.status" html="false" placeholder="true" mustcontains="#%%#">Descending order by &lt;#%%#&gt;</item>
  <item name="DGmemo.ordinamento.2.status" html="false" placeholder="true" mustcontains="#%%#">Order by &lt;#%%#&gt;</item>
  <item name="LBnoRecord.text" html="false" placeholder="false">No memo found.</item>
  <item name="LBpaginazione_t.text" html="false" placeholder="false">N° record:</item>
  <item name="LNBcancella.text" html="false" placeholder="false">Delete Memo</item>
  <item name="LNBcancella.status" html="false" placeholder="false">Delete Memo</item>
  <item name="LNBcancella.ToolTip" html="false" placeholder="false">Delete the selected Memo</item>
  <item name="LNBcancella.ConfirmText" html="false" placeholder="false">Are you sure you want to permanently delete the selected memo</item>
  <item name="LNBnascondi.True.text" html="false" placeholder="false">Hide Memo</item>
  <item name="LNBnascondi.False.text" html="false" placeholder="false">Show Memo</item>
  <item name="LNBnascondi.True.status" html="false" placeholder="false">Hide Memo</item>
  <item name="LNBnascondi.False.status" html="false" placeholder="false">Show Memo</item>
  <item name="LNBnascondi.True.ToolTip" html="false" placeholder="false">Hide Memo</item>
  <item name="LNBnascondi.False.ToolTip" html="false" placeholder="false">Show Memo</item>
  <item name="LNBnascondi.True.ConfirmText" html="false" placeholder="false">Are you sure you want to hide the selected Memo?</item>
  <item name="LNBnascondi.False.ConfirmText" html="false" placeholder="false">Are you sure you want to show the selected Memo?</item>
  <item name="LBcreatore_t.text" html="false" placeholder="false">Sender:&amp;nbsp;</item>
  <item name="LBdestinatari_t.text" html="false" placeholder="false">Recipients:&amp;nbsp;</item>
  <item name="LBinserita_t.text" html="false" placeholder="false">Created on</item>
  <item name="LBdataScadenza_t.text" html="false" placeholder="false">Expires on</item>
  <item name="LBcomunita_t.text" html="false" placeholder="false">Community:&amp;nbsp;</item>
  <item name="LNBnascondiSingolo.True.text" html="false" placeholder="false">Hide ONLY for myself</item>
  <item name="LNBnascondiSingolo.False.text" html="false" placeholder="false">Show hidden memo </item>
  <item name="LNBnascondiSingolo.True.status" html="false" placeholder="false">Hide ONLY for myself</item>
  <item name="LNBnascondiSingolo.False.status" html="false" placeholder="false">Show hidden memo </item>
  <item name="LNBnascondiSingolo.True.ToolTip" html="false" placeholder="false">Hide ONLY for myself</item>
  <item name="LNBnascondiSingolo.False.ToolTip" html="false" placeholder="false">Show hidden memo </item>
  <item name="LNBnascondiSingolo.True.ConfirmText" html="false" placeholder="false">Are you sure you want to hide the community Memo only to you?</item>
  <item name="LNBnascondiSingolo.False.ConfirmText" html="false" placeholder="false">Are you sure you want to show the selected Memo, that is currently hidden to you?</item>
</Resource>