<?xml version="1.0" encoding="utf-8"?>
<Resource xmlns:xsi="http://www.w3.org/2001/XMLSchema-instance" xmlns:xsd="http://www.w3.org/2001/XMLSchema" xmlns="urn:ComolTranslation">
  <item name="LBLComunitaDG_t.text" disambiguation="singolare" html="false" placeholder="false">Community :</item>
  <item name="LBLMittenteDG_t.text" html="false" placeholder="false">Sender :</item>
  <item name="LBLDestinatariDG_t.text" html="false" placeholder="false">Recipients :</item>
  <item name="LBLTestoDG_t.text" html="false" placeholder="false">Text :</item>
  <item name="LBLVisibilitàDG_t.text" html="false" placeholder="false">Visible:</item>
  <item name="LBLCreataDG_t.text" html="false" placeholder="false">Created on:</item>
  <item name="LBLAllarmeDG_t.text" html="false" placeholder="false">Alarm: </item>
  <item name="LBLScadenzaDG_t.text" html="false" placeholder="false">Expiration date: </item>
  <item name="Nessuno" html="false" placeholder="false">-- None --</item>
  <item name="Nessuna" html="false" placeholder="false">-- None --</item>
  <item name="DGmemo.IMBModifica.ImageUrl" html="false" placeholder="false" hidden="true">./../../images/m.gif</item>
  <item name="DGmemo.IMBModifica.AlternateText" disambiguation="verbo" html="false" placeholder="false">Modify</item>
  <item name="DGmemo.IMBModifica.status" html="false" placeholder="false">Modify current post</item>
  <item name="DGmemo.IMBModifica.ConfirmText" html="false" placeholder="false">Are you sure you want to modify?</item>
  <item name="DGmemo.IMBelimina.ImageUrl" html="false" placeholder="false" hidden="true">./../../images/x.gif</item>
  <item name="DGmemo.IMBelimina.AlternateText" html="false" placeholder="false">Delete</item>
  <item name="DGmemo.IMBelimina.status" html="false" placeholder="false">Delete current PostIt</item>
  <item name="DGmemo.IMBelimina.ConfirmText" html="false" placeholder="false">Are you sure you want to delete current post?</item>
  <item name="DGmemo.Nascondi.ToolTip" html="false" placeholder="false">Hide</item>
  <item name="DGmemo.Nascondi.status" html="false" placeholder="false">Hide current PostIt</item>
  <item name="DGmemo.Nascondi.ConfirmText" html="false" placeholder="false">Are you sure you want to hide the current PostIt?</item>
  <item name="DGmemo.Nascondi.text" html="false" placeholder="false">Hide</item>
  <item name="DGmemo.Mostra.ToolTip" html="false" placeholder="false">Show</item>
  <item name="DGmemo.Mostra.status" html="false" placeholder="false">Show current post</item>
  <item name="DGmemo.Mostra.ConfirmText" html="false" placeholder="false">Are you sure you want to show the current PostIt?</item>
  <item name="DGmemo.Mostra.text" html="false" placeholder="false">Show</item>
  <item name="DGmemo.PopUp.ToolTip" html="false" placeholder="false">PopUp</item>
  <item name="DGmemo.PopUp.status" html="false" placeholder="false">Current message PopUp</item>
  <item name="DGmemo.PopUp.ConfirmText" html="false" placeholder="false">Are you sure you want to set the PopUp for the current PostIt?</item>
  <item name="DGmemo.PopUp.text" html="false" placeholder="false">PopUp</item>
  <item name="Si" html="false" placeholder="false">Yes</item>
  <item name="No" html="false" placeholder="false">No</item>
</Resource>