<?xml version="1.0" encoding="utf-8"?>
<Resource xmlns:xsi="http://www.w3.org/2001/XMLSchema-instance" xmlns:xsd="http://www.w3.org/2001/XMLSchema" xmlns="urn:ComolTranslation">
  <item name="LBtitolo.text" html="false" placeholder="false">PLatform accesses statistics</item>
  <item name="LBNopermessi.text" html="false" placeholder="false">You do not have permission to access this page.</item>
  <item name="LogoutMessage" html="false" placeholder="false">Sorry, your session has expired, you have to log into the system again.</item>
  <item name="TABgiorno.Text" html="false" placeholder="false">Daily</item>
  <item name="TABgiorno.ToolTip" html="false" placeholder="false">Daily statistics</item>
  <item name="TABsettimanale.Text" html="false" placeholder="false">Weekly</item>
  <item name="TABsettimanale.ToolTip" html="false" placeholder="false">Weekly statistics </item>
  <item name="TABmensile.Text" html="false" placeholder="false">Monthly</item>
  <item name="TABmensile.ToolTip" html="false" placeholder="false">Monthly statistics</item>
  <item name="TABannuale.Text" html="false" placeholder="false">Yearly</item>
  <item name="TABannuale.ToolTip" html="false" placeholder="false">Yearly statistics</item>
  <item name="TABiscritti.Text" html="false" placeholder="false">Enrollees</item>
  <item name="TABiscritti.ToolTip" html="false" placeholder="false">Enrollees</item>
  <item name="LBgiorno_t.text" html="false" placeholder="false">Day:</item>
  <item name="LBmese_t.text" html="false" placeholder="false">Month:</item>
  <item name="LBanno_t.text" html="false" placeholder="false">Year:</item>
  <item name="LBruoli_t.text" html="false" placeholder="false">Role type:</item>
  <item name="LBtotale.text" html="false" placeholder="true" mustcontains="#t#">Overall Accesses: #t#</item>
  <item name="LBtotaleG.text" html="false" placeholder="false">Overall Accesses:</item>
  <item name="LBtotaleG_anno_t.text" html="false" placeholder="false">Yearly:</item>
  <item name="LBtotaleG_mese_t.text" html="false" placeholder="false">Monthly:</item>
  <item name="LBtotaleG_settimana_t.text" html="false" placeholder="false">Weekly:</item>
  <item name="LBtotaleG_giorno_t.text" html="false" placeholder="false">Daily:</item>
  <item name="CBmostraLabel.text" html="false" placeholder="false">Show values</item>
  <item name="CBautopostback.text" html="false" placeholder="false">Auto-Updating</item>
  <item name="BTNesegui.text" html="false" placeholder="false">Run</item>
  <item name="LBMeseInizio.text" html="false" placeholder="false">Month</item>
  <item name="LBAnnoInizio.text" html="false" placeholder="false">Year</item>
  <item name="RBtipoChartSett.0" html="false" placeholder="false">Bar</item>
  <item name="RBtipoChartSett.1" html="false" placeholder="false">StackedBar</item>
  <item name="CBmostraLabelSett.text" html="false" placeholder="false">Show values</item>
  <item name="CBtuttiSett.text" html="false" placeholder="false">All</item>
  <item name="LBtotaleMens.text" html="false" placeholder="false">Total:</item>
  <item name="CBmostraLabelMens.text" html="false" placeholder="false">Show values</item>
  <item name="RBTipoChartMens.0" html="false" placeholder="false">Bar</item>
  <item name="RBTipoChartMens.1" html="false" placeholder="false">StackedBar</item>
  <item name="CBtuttiAnn.text" html="false" placeholder="false">All</item>
  <item name="LBtotaleAnn.text" html="false" placeholder="false">Total:</item>
  <item name="RBtipoChartAnn.0" html="false" placeholder="false">Bar</item>
  <item name="RBtipoChartAnn.1" html="false" placeholder="false">StackedBar</item>
  <item name="LBorganizzazione_t.text" html="false" placeholder="false">Organization:</item>
  <item name="CBLtipoPersona.-1" html="false" placeholder="false">All</item>
  <item name="CBLtipoPersonaSett.-1" html="false" placeholder="false">All</item>
  <item name="CBLtipoPersonaMens.-1" html="false" placeholder="false">All</item>
  <item name="CBLtipoPersonaAnn.-1" html="false" placeholder="false">All</item>
  <item name="CBLtipoPersonaIscritti.-1" html="false" placeholder="false">All</item>
  <item name="DDLmese.-1" disambiguation="relativo a mesi" html="false" placeholder="false">-- All --</item>
  <item name="DDLmeseMens.-1" disambiguation="relativo a mesi" html="false" placeholder="false">-- All --</item>
  <item name="DDLanno.-1" disambiguation="relativo a anni" html="false" placeholder="false">-- All --</item>
  <item name="DDLannoAnn.-1" disambiguation="relativo a anni" html="false" placeholder="false">-- All --</item>
  <item name="DDLannoMens.-1" disambiguation="relativo a anni" html="false" placeholder="false">-- All --</item>
  <item name="DDLgiorno.-1" disambiguation="relativo a giorni" html="false" placeholder="false">-- All --</item>
  <item name="Ore" html="false" placeholder="false">Hours</item>
  <item name="Accessi" html="false" placeholder="false">Accesses N. </item>
  <item name="LBnoRecord.text" html="false" placeholder="false">There are no records for this date</item>
  <item name="tutti" html="false" placeholder="false">All</item>
  <item name="GiorniSett" html="false" placeholder="false">Days of the week</item>
  <item name="GiorniMese" html="false" placeholder="false">Days of the month</item>
  <item name="MesiAnno" html="false" placeholder="false">Months of the yaer</item>
  <item name="DDLorgnIscritti.-1" html="false" placeholder="false">-- All the organizations/faculties --</item>
  <item name="LBtitoloCmnt.text" html="false" placeholder="false">Community accesses statistics</item>
  <item name="CBLtipoRuolo.-1" html="false" placeholder="false">All</item>
  <item name="CBLtipoRuoloSett.-1" html="false" placeholder="false">All</item>
  <item name="CBLtipoRuoloMens.-1" html="false" placeholder="false">All</item>
  <item name="CBLtipoRuoloAnn.-1" html="false" placeholder="false">All</item>
  <item name="CBtutti.text" html="false" placeholder="false">All</item>
  <item name="LBvisualizza_t.text" html="false" placeholder="false">Display:</item>
  <item name="RBLvisualizzaIscrizioni.0" html="false" placeholder="false">System registered users</item>
  <item name="RBLvisualizzaIscrizioni.1" html="false" placeholder="false">Enrollment trend</item>
  <item name="LBannoIscritti_t.text" disambiguation="A.A.=Anno accademico" html="false" placeholder="false">A.Y.:</item>
</Resource>