<?xml version="1.0" encoding="utf-8"?>
<Resource xmlns:xsi="http://www.w3.org/2001/XMLSchema-instance" xmlns:xsd="http://www.w3.org/2001/XMLSchema" xmlns="urn:ComolTranslation">
  <item name="LBtitolo.text" html="false" placeholder="false">PLatform accesses statistics</item>
  <item name="LBNopermessi.text" html="false" placeholder="false">You do not have permission to access this page.</item>
  <item name="LogoutMessage" html="false" placeholder="false">Sorry, your session has expired, you have to log into the system again.</item>
  <item name="TABgiorno.Text" html="false" placeholder="false">Daily</item>
  <item name="TABgiorno.ToolTip" html="false" placeholder="false">Daily statistics</item>
  <item name="TABsettimanale.Text" html="false" placeholder="false">Weekly</item>
  <item name="TABsettimanale.ToolTip" html="false" placeholder="false">Weekly statistics </item>
  <item name="TABmensile.Text" html="false" placeholder="false">Monthly</item>
  <item name="TABmensile.ToolTip" html="false" placeholder="false">Monthly statistics</item>
  <item name="TABannuale.Text" html="false" placeholder="false">Yearly</item>
  <item name="TABannuale.ToolTip" html="false" placeholder="false">Yearly statistics</item>
  <item name="TABiscritti.Text" html="false" placeholder="false">Enrollees</item>
  <item name="TABiscritti.ToolTip" html="false" placeholder="false">Enrollees</item>
  <item name="LBgiorno_t.text" html="false" placeholder="false">Day:</item>
  <item name="LBmese_t.text" html="false" placeholder="false">Month:</item>
  <item name="LBanno_t.text" html="false" placeholder="false">Year:</item>
  <item name="LBruoli_t.text" html="false" placeholder="false">Role type:</item>
  <item name="LBtotale.text" html="false" placeholder="true" mustcontains="#t#">Overall Accesses: #t#</item>
  <item name="LBtotaleG.text" html="false" placeholder="false">Overall Accesses:</item>
  <item name="LBtotaleG_anno_t.text" html="false" placeholder="false">Yearly:</item>
  <item name="LBtotaleG_mese_t.text" html="false" placeholder="false">Monthly:</item>
  <item name="LBtotaleG_settimana_t.text" html="false" placeholder="false">Weekly:</item>
  <item name="LBtotaleG_giorno_t.text" html="false" placeholder="false">Daily:</item>
  <item name="CBmostraLabel.text" html="false" placeholder="false">Show values</item>
  <item name="CBautopostback.text" html="false" placeholder="false">Auto-Updating</item>
  <item name="BTNesegui.text" html="false" placeholder="false">Run</item>
  <item name="LBMeseInizio.text" html="false" placeholder="false">Month</item>
  <item name="LBAnnoInizio.text" html="false" placeholder="false">Year</item>
  <item name="RBtipoChartSett.0" html="false" placeholder="false">Bar</item>
  <item name="RBtipoChartSett.1" html="false" placeholder="false">StackedBar</item>
  <item name="CBmostraLabel.text" html="false" placeholder="false">Mostra Valori</item>
  <item name="LBorganizzazione_t.text" html="false" placeholder="false">Organization:</item>
  <item name="LBLOpzioni.text" html="false" placeholder="false">Options:</item>
  <item name="LBL_AnnoConf.text" html="false" placeholder="false">Year: </item>
  <item name="CBtutti.text" html="false" placeholder="false">All</item>
  <item name="CBtuttiIscritti.text" html="false" placeholder="false">All</item>
  <item name="RBLtipoChart.0" html="false" placeholder="false">Bar</item>
  <item name="RBLtipoChart.1" html="false" placeholder="false">Stacked Bar</item>
  <item name="RBLvisualizzaAltro.0" html="false" placeholder="false">Comparisons</item>
  <item name="RBLvisualizzaAltro.1" html="false" placeholder="false">Trend</item>
  <item name="RBLvisualizzaIscrizioni.0" html="false" placeholder="false">System registered users</item>
  <item name="RBLvisualizzaIscrizioni.1" html="false" placeholder="false">Enrollment trend</item>
  <item name="Totali" html="false" placeholder="false">Totals</item>
  <item name="tutti" html="false" placeholder="false">All</item>
  <item name="Ore" html="false" placeholder="false">Hours</item>
  <item name="Accessi" html="false" placeholder="false">Accesses</item>
  <item name="GiorniSett" html="false" placeholder="false">Days</item>
  <item name="GiorniMese" html="false" placeholder="false">Days</item>
  <item name="MesiAnno" html="false" placeholder="false">Months</item>
  <item name="LBnoRecord.text" html="false" placeholder="false">No data available for the choosen parameters</item>
  <item name="LNK_DownloadData.text" html="false" placeholder="false">Export data</item>
  <item name="LNK_DownloadData.ToolTip" html="false" placeholder="false">Export data</item>
  <item name="LNK_DownloadData.status" html="false" placeholder="false">Export table with data</item>
  <item name="TBData.HT.Mese" html="false" placeholder="false">Months</item>
  <item name="TBData.HT.Giorno" html="false" placeholder="false">Days</item>
  <item name="TBData.HT.Ora" html="false" placeholder="false">Hours</item>
  <item name="TBData.DT.Giorno.1" html="false" placeholder="false">Mon</item>
  <item name="TBData.DT.Giorno.2" html="false" placeholder="false">Tue</item>
  <item name="TBData.DT.Giorno.3" html="false" placeholder="false">Wed</item>
  <item name="TBData.DT.Giorno.4" html="false" placeholder="false">Thu</item>
  <item name="TBData.DT.Giorno.5" html="false" placeholder="false">Fri</item>
  <item name="TBData.DT.Giorno.6" html="false" placeholder="false">Sat</item>
  <item name="TBData.DT.Giorno.7" html="false" placeholder="false">Sun</item>
  <item name="TBData.DT.Mese.1" html="false" placeholder="false">Jan</item>
  <item name="TBData.DT.Mese.2" html="false" placeholder="false">Feb</item>
  <item name="TBData.DT.Mese.3" html="false" placeholder="false">Tue</item>
  <item name="TBData.DT.Mese.4" html="false" placeholder="false">Apr</item>
  <item name="TBData.DT.Mese.5" html="false" placeholder="false">May</item>
  <item name="TBData.DT.Mese.6" html="false" placeholder="false">Down</item>
  <item name="TBData.DT.Mese.7" html="false" placeholder="false">Jul</item>
  <item name="TBData.DT.Mese.8" html="false" placeholder="false">Aug</item>
  <item name="TBData.DT.Mese.9" html="false" placeholder="false">Set</item>
  <item name="TBData.DT.Mese.10" html="false" placeholder="false">Oct</item>
  <item name="TBData.DT.Mese.11" html="false" placeholder="false">Nov</item>
  <item name="TBData.DT.Mese.12" html="false" placeholder="false">Dec</item>
  <item name="Export.Giornaliera" html="false" placeholder="false">Daily</item>
  <item name="Export.Settimanale" html="false" placeholder="false">Weekly</item>
  <item name="Export.Mensile" html="false" placeholder="false">Monthly</item>
  <item name="Export.Annuale" html="false" placeholder="false">Yearly</item>
  <item name="Export.Iscritti" html="false" placeholder="false">Enrollees</item>
  <item name="Export.Ore" html="false" placeholder="false">Hours</item>
  <item name="Export.Giorni" html="false" placeholder="false">Days</item>
  <item name="Export.Mesi" html="false" placeholder="false">Months</item>
  <item name="Export.Tutti" html="false" placeholder="false">All</item>
  <item name="Export.Totale" html="false" placeholder="false">Total</item>
  <item name="Export.Title" html="false" placeholder="false">Community statistics</item>
</Resource>