<?xml version="1.0" encoding="utf-8"?>
<Resource xmlns:xsi="http://www.w3.org/2001/XMLSchema-instance" xmlns:xsd="http://www.w3.org/2001/XMLSchema" xmlns="urn:ComolTranslation">
  <item name="HYPbackHistory.text" html="false" placeholder="false">Back</item>
  <item name="HYPbackHistory.ToolTip" html="false" placeholder="false">Back to the previous summary screen</item>
  <item name="Day" html="false" placeholder="false">Daily</item>
  <item name="Week" html="false" placeholder="false">Weekly</item>
  <item name="Month" html="false" placeholder="false">Monthly</item>
  <item name="Year" html="false" placeholder="false">Yearly</item>
  <item name="LBmessage.Text" html="false" placeholder="false">You do not have permission to view this kind of statistics.</item>
  <item name="DisplaySessionTimeout" html="false" placeholder="false">Work session has expired. In order to see this kind of statistics you have to login to the system again.</item>
  <item name="ModuleInfo" html="false" placeholder="true" mustcontains="{0}">{0} service statistics</item>
  <item name="DisplayUserInfo" html="false" placeholder="true" mustcontains="{0}|{1}">Service statistics {0} - {1}</item>
  <item name="DisplayUserInfo.ToolTip" html="false" placeholder="true" mustcontains="{0}|{1}">{0} service statistics for the user {1}</item>
  <item name="DisplayInfo" html="false" placeholder="true" mustcontains="{0}|{1}">Service statistics {0} - {1}</item>
  <item name="DisplayInfo.ToolTip" html="false" placeholder="true" mustcontains="{0}|{1}">{0} service statistics for the community {1}</item>
  <item name="DisplayInfo.Complete" html="false" placeholder="true" mustcontains="{0}|{1}">Service statistics {0} - {1}</item>
  <item name="DisplayInfo.Complete.ToolTip" html="false" placeholder="true" mustcontains="{0}|{1}|{2}">{0} service statistics for the user {1} (community {2}).</item>
  <item name="LBaccessNumber_t.Text" html="false" placeholder="false">Accesses number</item>
  <item name="LBusageTime_t.Text" html="false" placeholder="false">Usage time</item>
  <item name="LBinfo_t.Day" html="false" placeholder="false" />
  <item name="LBinfo_t.Week" html="false" placeholder="false">Day of the week</item>
  <item name="LBinfo_t.Month" html="false" placeholder="true" mustcontains="{0}">Month {0}</item>
  <item name="Giorno.1" html="false" placeholder="false">Mon</item>
  <item name="Giorno.2" html="false" placeholder="false">Tue</item>
  <item name="Giorno.3" html="false" placeholder="false">Wed</item>
  <item name="Giorno.4" html="false" placeholder="false">Thu</item>
  <item name="Giorno.5" html="false" placeholder="false">Fri</item>
  <item name="Giorno.6" html="false" placeholder="false">Sat</item>
  <item name="Giorno.7" html="false" placeholder="false">Sun</item>
  <item name="Mese_short.1" html="false" placeholder="false">Jan</item>
  <item name="Mese_short.2" html="false" placeholder="false">Feb</item>
  <item name="Mese_short.3" html="false" placeholder="false">Tue</item>
  <item name="Mese_short.4" html="false" placeholder="false">Apr</item>
  <item name="Mese_short.5" html="false" placeholder="false">May</item>
  <item name="Mese_short.6" html="false" placeholder="false">Down</item>
  <item name="Mese_short.7" html="false" placeholder="false">Jul</item>
  <item name="Mese_short.8" html="false" placeholder="false">Aug</item>
  <item name="Mese_short.9" html="false" placeholder="false">Set</item>
  <item name="Mese_short.10" html="false" placeholder="false">Oct</item>
  <item name="Mese_short.11" html="false" placeholder="false">Nov</item>
  <item name="Mese_short.12" html="false" placeholder="false">Dec</item>
  <item name="Mese.1" html="false" placeholder="false">January</item>
  <item name="Mese.2" html="false" placeholder="false">February</item>
  <item name="Mese.3" html="false" placeholder="false">March</item>
  <item name="Mese.4" html="false" placeholder="false">April</item>
  <item name="Mese.5" html="false" placeholder="false">May</item>
  <item name="Mese.6" html="false" placeholder="false">June</item>
  <item name="Mese.7" html="false" placeholder="false">July</item>
  <item name="Mese.8" html="false" placeholder="false">August</item>
  <item name="Mese.9" html="false" placeholder="false">September</item>
  <item name="Mese.10" html="false" placeholder="false">October</item>
  <item name="Mese.11" html="false" placeholder="false">November</item>
  <item name="Mese.12" html="false" placeholder="false">December</item>
  <item name="Grouping.1" disambiguation="singolare" html="false" placeholder="false">Community name</item>
  <item name="Grouping.2" html="false" placeholder="false">Service name</item>
  <item name="Grouping.3" html="false" placeholder="false">User name</item>
</Resource>