<?xml version="1.0" encoding="utf-8"?>
<Resource xmlns:xsi="http://www.w3.org/2001/XMLSchema-instance" xmlns:xsd="http://www.w3.org/2001/XMLSchema" xmlns="urn:ComolTranslation">
  <item name="LBtitolo.text" html="false" placeholder="false">Accesses/usage statistics</item>
  <item name="LBNopermessi.text" html="false" placeholder="false">You do not have permission to access this page.</item>
  <item name="LogoutMessage" html="false" placeholder="false">Sorry, your session has expired, you have to log into the system again.</item>
  <item name="LTsearch.text" html="false" placeholder="false">Name and surname</item>
  <item name="BTNsearch.text" html="false" placeholder="false">Search</item>
  <item name="BTNsearch.ToolTip" html="false" placeholder="false">Search user by name and surname</item>
  <item name="HYPbackHistory.Personal.text" html="false" placeholder="false">Back</item>
  <item name="HYPbackHistory.Personal.ToolTip" html="false" placeholder="false">Back to personal sytem statistics</item>
  <item name="HYPbackHistory.SystemUsers.text" html="false" placeholder="false">Users list</item>
  <item name="HYPbackHistory.SystemUsers.ToolTip" html="false" placeholder="false">Back to the list of the system users.</item>
  <item name="HYPbackHistory.CommunityUsers.text" html="false" placeholder="false">Users list</item>
  <item name="HYPbackHistory.CommunityUsers.ToolTip" disambiguation="comunità=singolare" html="false" placeholder="false">Back to the list of the community users</item>
  <item name="HYPbackHistory.PersonalCommunity.text" html="false" placeholder="false">Back</item>
  <item name="HYPbackHistory.PersonalCommunity.ToolTip" disambiguation="comunità=singolare" html="false" placeholder="false">Back to your community statistics</item>
  <item name="HYPbackHistory.GenericSystem.text" html="false" placeholder="false">System statistics </item>
  <item name="HYPbackHistory.GenericSystem.ToolTip" html="false" placeholder="false">Back to system statistics</item>
  <item name="HYPbackHistory.GenericCommunity.text" disambiguation="comunità=singolare" html="false" placeholder="false">Community statistics</item>
  <item name="HYPbackHistory.GenericCommunity.ToolTip" disambiguation="comunità=singolare" html="false" placeholder="false">Back to community statistics</item>
  <item name="LTtotalUsageTime.Personal.text" html="false" placeholder="true" mustcontains="{0}|{1}">Personal accesses: {0}. Platform personal usage: {1}</item>
  <item name="LTtotalUsageTime.SystemUsers.text" html="false" placeholder="true" mustcontains="{0}|{1}">User accesses: {0}. Platform usage: {1}</item>
  <item name="LTtotalUsageTime.CommunityUsers.text" disambiguation="comunità=singolare" html="false" placeholder="true" mustcontains="{0}|{1}">Member access: {0}. Community usage: {1}</item>
  <item name="LTtotalUsageTime.GenericUser.text" disambiguation="comunità=singolare" html="false" placeholder="true" mustcontains="{0}|{1}">User accesses: {0}. Community usage: {1}</item>
  <item name="LTtotalUsageTime.PersonalCommunity.text" disambiguation="comunità=singolare" html="false" placeholder="true" mustcontains="{0}|{1}">Member access: {0}. Community usage: {1}</item>
  <item name="LTtotalUsageTime.GenericSystem.text" disambiguation="comunità=singolare" html="false" placeholder="true" mustcontains="{0}|{1}">Platform accesses: {0}. Platform usage: {1}</item>
  <item name="LTtotalUsageTime.GenericCommunity.text" disambiguation="comunità=singolare" html="false" placeholder="true" mustcontains="{0}|{1}">Community accesses: {0}. Community usage: {1}</item>
  <item name="LTtotalUsageTime.UserOnLine.text" html="false" placeholder="true" mustcontains="{0}">On line users: {0}</item>
  <item name="LTtotalUsageTime.CommunityUserOnLine.text" disambiguation="comunità=singolare" html="false" placeholder="true" mustcontains="{0}|{1}">{0} Community on line members: {1}</item>
  <item name="UsageTime.Year" html="false" placeholder="true" mustcontains="{0}|{1}|{2}|{3}|{4}|{5}">{0} years, {1} mounths, {2} days, {3} hours, {4} min, {5} sec.</item>
  <item name="UsageTime.Month" html="false" placeholder="true" mustcontains="{0}|{1}|{2}|{3}|{4}">{0} mounths, {1} days, {2} hours, {3} min, {4} sec.</item>
  <item name="UsageTime.Day" html="false" placeholder="true" mustcontains="{0}|{1}|{2}|{3}">{0} days, {1} hours, {2} min, {3} sec.</item>
  <item name="UsageTime.Hour" html="false" placeholder="true" mustcontains="{0}|{1}|{2}">{0} hours, {1} min, {2} sec.</item>
  <item name="UsageTime.Minute" html="false" placeholder="true" mustcontains="{0}|{1}">{0} min, {1} sec.</item>
  <item name="UsageTime.Second" html="false" placeholder="true" mustcontains="{0}">{0} sec."</item>
  <item name="LastAction.Year" html="false" placeholder="true" mustcontains="{0}|{1}|{2}|{3}|{4}|{5}">{0} years, {1} mounths, {2} days, {3} hours, {4} min, {5} sec. fa</item>
  <item name="LastAction.Month" html="false" placeholder="true" mustcontains="{0}|{1}|{2}|{3}|{4}">{0} mounths, {1} days, {2} hours, {3} min, {4} sec. fa</item>
  <item name="LastAction.Day" html="false" placeholder="true" mustcontains="{0}|{1}|{2}|{3}">{0} days, {1} hours, {2} min, {3} sec. fa</item>
  <item name="LastAction.Hour" html="false" placeholder="true" mustcontains="{0}|{1}|{2}">{0} hours, {1} min, {2} sec. ago</item>
  <item name="LastAction.Minute" html="false" placeholder="true" mustcontains="{0}|{1}">{0} min, {1} sec. ago</item>
  <item name="LastAction.Second" html="false" placeholder="true" mustcontains="{0}">{0} sec. ago</item>
  <item name="GDVstatistic.Community.HeaderText" disambiguation="singolare" html="false" placeholder="false">Community</item>
  <item name="GDVstatistic.UsageTime.HeaderText" html="false" placeholder="false">Usage time</item>
  <item name="GDVstatistic.AccessNumber.HeaderText" html="false" placeholder="false">Accesses</item>
  <item name="GDVstatistic.Details.HeaderText" html="false" placeholder="false">Details</item>
  <item name="GDVstatistic.Owner.HeaderText" html="false" placeholder="false">User</item>
  <item name="GDVstatistic.Community.AccessibleHeaderText" disambiguation="singolare" html="false" placeholder="false">Community</item>
  <item name="GDVstatistic.UsageTime.AccessibleHeaderText" html="false" placeholder="false">Usage time</item>
  <item name="GDVstatistic.AccessNumber.AccessibleHeaderText" html="false" placeholder="false">Accesses</item>
  <item name="GDVstatistic.Details.AccessibleHeaderText" html="false" placeholder="false">Details</item>
  <item name="GDVstatistic.Owner.AccessibleHeaderText" html="false" placeholder="false">User</item>
  <item name="GDVstatistic.ModuleName.HeaderText" html="false" placeholder="false">Service</item>
  <item name="GDVstatistic.ModuleName.AccessibleHeaderText" html="false" placeholder="false">Service</item>
  <item name="GDVstatistic.ActionName.HeaderText" html="false" placeholder="false">Action</item>
  <item name="GDVstatistic.ActionName.AccessibleHeaderText" html="false" placeholder="false">Action</item>
  <item name="GDVstatistic.LastAction.HeaderText" html="false" placeholder="false">Activity</item>
  <item name="GDVstatistic.LastAction.AccessibleHeaderText" html="false" placeholder="false">Activity</item>
  <item name="GDVstatistic.FirstAction.HeaderText" html="false" placeholder="false">Access</item>
  <item name="GDVstatistic.FirstAction.AccessibleHeaderText" html="false" placeholder="false">Access</item>
  <item name="Direction.1" html="false" placeholder="false">Ascending order</item>
  <item name="Direction.2" html="false" placeholder="false">Descending order</item>
  <item name="Unsubscribed" html="false" placeholder="false"> - (No more enrolled)</item>
  <item name="StatisticView.MySystem.Text" html="false" placeholder="false">Personal statistics</item>
  <item name="StatisticView.MySystem.ToolTip" html="false" placeholder="false">Personal statistics</item>
  <item name="StatisticView.UsersSystem.Text" html="false" placeholder="false">Platform users statistics </item>
  <item name="StatisticView.UsersSystem.ToolTip" html="false" placeholder="false">View platform users statistics.</item>
  <item name="StatisticView.System.Text" html="false" placeholder="false">Platform statistics</item>
  <item name="StatisticView.System.ToolTip" html="false" placeholder="false">View platform usage statistics.</item>
  <item name="StatisticView.MyCommunity.Text" html="false" placeholder="false">Personal statistics</item>
  <item name="StatisticView.MyCommunity.ToolTip" html="false" placeholder="false">Personal statistics</item>
  <item name="StatisticView.UsersCommunity.Text" html="false" placeholder="false">Users statistics </item>
  <item name="StatisticView.UsersCommunity.ToolTip" disambiguation="comunità=singolare" html="false" placeholder="false">View community users statistics.</item>
  <item name="StatisticView.Community.Text" disambiguation="comunità=singolare" html="false" placeholder="false">Community statistics</item>
  <item name="StatisticView.Community.ToolTip" disambiguation="comunità=singolare" html="false" placeholder="false">View community usage statistics.</item>
  <item name="Personal.Text" html="false" placeholder="false">Personal statistics</item>
  <item name="Personal.ToolTip" html="false" placeholder="false">Personal statistics</item>
  <item name="SystemUsers.Text" html="false" placeholder="false">Platform users statistics. </item>
  <item name="SystemUsers.ToolTip" html="false" placeholder="false">View platform users statistics.</item>
  <item name="CommunityUsers.Text" html="false" placeholder="false">Users statistics </item>
  <item name="CommunityUsers.ToolTip" disambiguation="comunità=singolare" html="false" placeholder="false">View community users statistics.</item>
  <item name="GenericUser.Text" html="false" placeholder="false">User statistics </item>
  <item name="GenericUser.ToolTip" html="false" placeholder="false">View usage statistics of a platform user.</item>
  <item name="PersonalCommunity.Text" html="false" placeholder="false">Personal statistics</item>
  <item name="PersonalCommunity.ToolTip" disambiguation="comunità=singolare" html="false" placeholder="false">View usage statistics of the community services.</item>
  <item name="GenericSystem.Text" html="false" placeholder="false">Platform statistics</item>
  <item name="GenericSystem.ToolTip" html="false" placeholder="false">View platform usage statistics.</item>
  <item name="GenericCommunity.Text" disambiguation="comunità=singolare" html="false" placeholder="false">Community statistics</item>
  <item name="GenericCommunity.ToolTip" disambiguation="comunità=singolare" html="false" placeholder="false">View usage statistics of the community services.</item>
  <item name="UserOnLine.Text" html="false" placeholder="false">On Line Users</item>
  <item name="UserOnLine.ToolTip" html="false" placeholder="false">Display on line users list</item>
  <item name="CommunityUserOnLine.Text" html="false" placeholder="false">On Line Users</item>
  <item name="CommunityUserOnLine.ToolTip" html="false" placeholder="false">Display on line users list</item>
  <item name="summary.Personal" html="false" placeholder="true" mustcontains="{0}">Platform usage personal statistics of {0} </item>
  <item name="summary.Community" disambiguation="comunità=singolare" html="false" placeholder="true" mustcontains="{0}">Usage statistics foe the community "{0}" </item>
  <item name="summary.Modules" html="false" placeholder="true" mustcontains="{0}">Service "{0}" </item>
  <item name="summary.PersonalCommunity" disambiguation="comunità=singolare" html="false" placeholder="true" mustcontains="{0}|{1}">User {0} - Community "{1}" </item>
  <item name="summary.PersonalModules" html="false" placeholder="true" mustcontains="{0}|{1}">User {0} - Service "{1}" </item>
  <item name="summary.CommunityModules" disambiguation="comunità=singolare" html="false" placeholder="true" mustcontains="{0}|{1}">Community {0} - Service "{1}" </item>
  <item name="summary.PersonalCommunityModules" disambiguation="comunità=singolare" html="false" placeholder="true" mustcontains="{0}|{1}|{2}">User {0} - Community {1} - Service "{2}" </item>
  <item name="summary.Portal" html="false" placeholder="false">Platform usage statistics</item>
  <item name="summary.OnLineSystem" html="false" placeholder="true" mustcontains="{0}|{1}">{0} user online in the platform:  in {1} work sessions.</item>
  <item name="summary.OnLineCommunity" html="false" placeholder="true" mustcontains="{0}|{1}|{2}">{1} user online in the community "{0}" in {2} work sessions.</item>
  <item name="summary.1.1.OnLineSystem" html="false" placeholder="true" mustcontains="{0}|{1}">{0} user online in the platform:  in {1} work sessions.</item>
  <item name="summary.1.n.OnLineSystem" html="false" placeholder="true" mustcontains="{0}|{1}">{0} user online in the platform:  in {1} work sessions.</item>
  <item name="summary.n.1.OnLineSystem" html="false" placeholder="true" mustcontains="{0}|{1}">{0} user online in the platform:  in {1} work sessions.</item>
  <item name="summary.1.1.OnLineCommunity" html="false" placeholder="true" mustcontains="{0}|{1}|{2}">{1} user online in the community "{0}" in {2} work sessions.</item>
  <item name="summary.1.n.OnLineCommunity" html="false" placeholder="true" mustcontains="{0}|{1}|{2}">{1} user online in the community "{0}" in {2} work sessions.</item>
  <item name="summary.n.1.OnLineCommunity" html="false" placeholder="true" mustcontains="{0}|{1}|{2}">{1} user online in the community "{0}" in {2} work sessions.</item>
  <item name="Context.GenericAction" html="false" placeholder="false">- generic -</item>
  <item name="Context.GenericCommunityName" html="false" placeholder="false">- generic community -</item>
  <item name="Context.GenericModuleName" html="false" placeholder="false">- generic -</item>
  <item name="Context.GenericPerson" html="false" placeholder="true" mustcontains="{0}|{1}">User {0}. {1}</item>
  <item name="Context.PortalName" html="false" placeholder="false">Portal</item>
  <item name="LBsearcyByUsername_t.text" html="false" placeholder="false">Name/Surname:</item>
  <item name="BTNsearchByUserName.text" html="false" placeholder="false">Find</item>
  <item name="LBsearcyByCommunity_t.text" disambiguation="singolare" html="false" placeholder="false">Community name:</item>
  <item name="BTNsearchByCommunity.text" html="false" placeholder="false">Find</item>
  <item name="UnknownUser" html="false" placeholder="false">Unknown user, impossible to get statistics.</item>
  <item name="PortalName" html="false" placeholder="false">Portal</item>
  <item name="HYPbackHistory.MySystem.text" html="false" placeholder="false">Back</item>
  <item name="HYPbackHistory.MySystem.ToolTip" html="false" placeholder="false">Back to personal sytem statistics</item>
  <item name="HYPbackHistory.UsersSystem.text" html="false" placeholder="false">Users list</item>
  <item name="HYPbackHistory.UsersSystem.ToolTip" html="false" placeholder="false">Back to the list of the system users.</item>
  <item name="HYPbackHistory.System.text" html="false" placeholder="false">System statistics </item>
  <item name="HYPbackHistory.System.ToolTip" html="false" placeholder="false">Back to system statistics</item>
  <item name="HYPbackHistory.UserSystem.text" html="false" placeholder="false">Back</item>
  <item name="HYPbackHistory.UserSystem.ToolTip" html="false" placeholder="false">Back to user statistics.</item>
  <item name="HYPbackHistory.UserCommunitySystem.text" html="false" placeholder="false">Back</item>
  <item name="HYPbackHistory.UserCommunitySystem.ToolTip" html="false" placeholder="false">Back to community statistics</item>
</Resource>