<?xml version="1.0" encoding="utf-8"?>
<Resource xmlns:xsi="http://www.w3.org/2001/XMLSchema-instance" xmlns:xsd="http://www.w3.org/2001/XMLSchema" xmlns="urn:ComolTranslation">
  <item name="LBtitolo.text" html="false" placeholder="false">last news</item>
  <item name="LBNopermessi.text" html="false" placeholder="false">You do not have permission to access this page.</item>
  <item name="LogoutMessage" html="false" placeholder="false">Sorry, your session has expired, you have to log into the system again.</item>
  <item name="HYPdetails.text" html="false" placeholder="false">News details</item>
  <item name="HYPdetails.ToolTip" html="false" placeholder="false">Display details of the News occurred in the community.</item>
  <item name="HYPdetails.AlternateText" html="false" placeholder="false">Display details of the News occurred in the community.</item>
  <item name="HYPbackHistory.text" html="false" placeholder="false">Back</item>
  <item name="HYPbackHistory.ToolTip" html="false" placeholder="false">Back.</item>
  <item name="HYPbackHistory.Personal.text" html="false" placeholder="false">Back to list</item>
  <item name="HYPbackHistory.Personal.ToolTip" html="false" placeholder="false">Back to list</item>
  <item name="titolo.portale" html="false" placeholder="false">Last news in the community</item>
  <item name="titolo.comunita" html="false" placeholder="true" mustcontains="{0}">Last news in current community</item>
  <item name="titolo.comunita" html="false" placeholder="false">Ultime novita' nella comunità corrente</item>
  <item name="ToDayTranslated" html="false" placeholder="false">Today news</item>
  <item name="YesterdayTranslated" html="false" placeholder="false">Yesterday news</item>
  <item name="DayModeType.TodayYesterday" html="false" placeholder="false">Yesterday and today</item>
  <item name="DayModeType.LastWeek" html="false" placeholder="false">Last week</item>
  <item name="DayModeType.LastMonth" html="false" placeholder="false">Last  month</item>
  <item name="DayModeType.AllNews" html="false" placeholder="false">All</item>
  <item name="All" html="false" placeholder="false">Anyone</item>
  <item name="RBLview.1" html="false" placeholder="false">Display by community</item>
  <item name="RBLview.2" html="false" placeholder="false">Display by date</item>
  <item name="LTnonews.text" html="true" placeholder="false">&lt;h3&gt;No news for the selected date.&lt;/h3&gt;</item>
  <item name="Portale" html="false" placeholder="false">Portal - Home</item>
  <item name="titolo.Loader" html="false" placeholder="false">Access to community services</item>
  <item name="titolo.NewsReader" html="false" placeholder="false">Community News management</item>
  <item name="LTnoCommunityAccess.text" html="true" placeholder="true" mustcontains="{0}">&lt;h4&gt;Access to the {0} community is currently not possible.&lt;/h4&gt;</item>
  <item name="CommunityAccess" html="false" placeholder="false">Access to {0} community.</item>
  <item name="NoNewsFrom" html="false" placeholder="true" mustcontains="{0}|{1}|{2}">No news since the last access to th community {2} occurred on {0} at {1}</item>
  <item name="NoAllNews" html="false" placeholder="false">No news in the last 30 days.</item>
  <item name="HYPbackAllNewsRead.text" html="false" placeholder="false">Mark as read</item>
  <item name="HYPbackAllNewsRead.ToolTip" html="false" placeholder="false">Go to previous page and set news as "read".</item>
  <item name="HYPbackAllNewsRead.AlternateText" html="false" placeholder="false">Go to previous page and set news as "read".</item>
</Resource>