<?xml version="1.0" encoding="utf-8"?>
<Resource xmlns:xsi="http://www.w3.org/2001/XMLSchema-instance" xmlns:xsd="http://www.w3.org/2001/XMLSchema" xmlns="urn:ComolTranslation">
  <item name="PortalName" html="false" placeholder="false">Portal</item>
  <item name="DisplayUnknownMessage" html="false" placeholder="false">The requested message does not exist or was deleted.</item>
  <item name="DisplayEmptyMessage" html="false" placeholder="false">There are no messages on the noticeboard</item>
  <item name="LTsessionTimeout.text" html="false" placeholder="false">Work session has expired. In order to see the message you have to login to the system again.</item>
  <item name="LTnoPermission.text" html="false" placeholder="false">Sorry, you do not have permission to view this message.</item>
  <item name="ContainerName" mustcontains="{0}" placeholder="true">Noticeboard - {0}</item>
  <item name="LTnoticeboardRenderTitle.text">Noticeboard</item>
  <item name="HYPeditNoticeboard.text">Edit</item>
  <item name="HYPeditNoticeboard.ToolTip">Edit this message</item>
  <item name="LTnoticeboardTitle.text">Noticeboard</item>
  <item name="HYPprintNoticeboard.text">Print</item>
  <item name="HYPprintNoticeboard.ToolTip">Print this message</item>
  <item name="RemovedUserName">Deleted user</item>
  <item name="UnknownUserName">Unknown user</item>
  <item name="LTnoticeboardHistoryTitle.text">History</item>
  <item name="NoticeboardRenderPage.NoPermessi">You do not have permission to view the messages in the message board</item>
  <item name="NoticeboardRenderPage.SessionTimeout">The work session ended, it is NOT possible to see the messages in the message board without logging in again</item>
  <item name="LNBpreviousMessages.text" disambiguation="riferito ai messaggi precedenti all'interno della history dei messaggi della bacheca">Previous</item>
  <item name="LNBpreviousMessages.Tooltip" disambiguation="riferito ai messaggi precedenti all'interno della history dei messaggi della bacheca">Previous messages</item>
  <item name="LNBnextMessages.text" disambiguation="riferito ai messaggi precedenti all'interno della history dei messaggi della bacheca">Next</item>
  <item name="LNBnextMessages.Tooltip" disambiguation="riferito ai messaggi precedenti all'interno della history dei messaggi della bacheca">Next messages</item>
  <item name="LNBaddEmptyMessage.text">Empty noticeboard</item>
  <item name="LNBaddEmptyMessage.ToolTip">Empty noticeboard</item>
  <item name="HYPeditWihSimpleEditor.text" mustcontains="HTML">Modify in HTML</item>
  <item name="HYPeditWihSimpleEditor.ToolTip" mustcontains="HTML">Modify message currently displayed in HTML</item>
  <item name="HYPeditWihAdvancedEditor.text" disambiguation="verbo">Modify</item>
  <item name="HYPeditWihAdvancedEditor.ToolTip">Modify message currently displayed</item>
  <item name="LNBdelete.text">Delete</item>
  <item name="LNBdelete.ToolTip">Delete the message definitively from history</item>
  <item name="LNBvirtualDeleteMessage.text">Trash</item>
  <item name="LNBvirtualDeleteMessage.ToolTip">Put the message in the trashbin (recoverable)</item>
  <item name="LNBvirtualUndeleteMessage.text">Recover</item>
  <item name="LNBvirtualUndeleteMessage.ToolTip">Recover message from the trashbin</item>
  <item name="LNBvirtualUndeleteAndActivate.text">Recover and activate</item>
  <item name="LNBvirtualUndeleteAndActivate.ToolTip">Recover message from the trashbin and activate it</item>
  <item name="LNBsetActive.text">Activate</item>
  <item name="LNBsetActive.ToolTip">Activates the displayed messagge</item>
  <item name="HYPnewWihAdvancedEditor.text">New message</item>
  <item name="HYPnewWihAdvancedEditor.ToolTip">>Create a new message on noticeboard</item>
  <item name="HYPnewWihSimpleEditor.text">New HTML message</item>
  <item name="HYPnewWihSimpleEditor.ToolTip">Create a new HTML message on noticeboard</item>
</Resource>