<?xml version="1.0" encoding="utf-8"?>
<Resource xmlns:xsi="http://www.w3.org/2001/XMLSchema-instance" xmlns:xsd="http://www.w3.org/2001/XMLSchema" xmlns="urn:ComolTranslation">
  <item name="serviceTitle" html="false" placeholder="false">Projects management</item>
  <item name="LBtitolo.text" html="false" placeholder="false">Workbooks list</item>
  <item name="LBNopermessi.text" html="false" placeholder="false">You do not have permission to view this page</item>
  <item name="LBtitoloSuperiore.text" html="false" placeholder="false">ADD CHILDREN ACTIVITIES</item>
  <item name="LBselectParent.text" html="false" placeholder="false">SELECT PARENT ACTIVITY</item>
  <item name="LBtaskProperties.text" html="false" placeholder="false">INSERT PROPERTIES OF THE CHILD ACTIVITY OF</item>
  <item name="LBmanageResource.text" html="false" placeholder="false">USERS OFACTIVITY CHILDREN</item>
  <item name="LBaddUsersTitle.text" html="false" placeholder="false">ADD USERS TO ACTIVITY</item>
  <item name="LBresume.text" html="false" placeholder="false">FINAL SUMMARY OF THE CHILD ACTIVITY OF</item>
  <item name="LBmanagerError.text" html="false" placeholder="false">"Every activity needs an associated manager"</item>
  <item name="HYPreturnToTaskList.text" html="false" placeholder="false">Main page</item>
  <item name="HYPreturnToTaskList.status" html="false" placeholder="false">Main page</item>
  <item name="HYPreturnToTaskList.ToolTip" html="false" placeholder="false">Main page</item>
  <item name="CancelButton.text" html="false" placeholder="false">Undo all</item>
  <item name="CancelButton.ToolTip" html="false" placeholder="false">Undo all</item>
  <item name="FinishButton.text" html="false" placeholder="false">Save</item>
  <item name="FinishButton.ToolTip" html="false" placeholder="false">Save</item>
  <item name="BTNchangeParent.text" html="false" placeholder="false">Change parent activity</item>
  <item name="BTNchangeParent.ToolTip" html="false" placeholder="false">Change parent activity</item>
  <item name="BTNpreviousButton.text" html="false" placeholder="false">Previous</item>
  <item name="BTNpreviousButton.ToolTip" html="false" placeholder="false">Previous</item>
  <item name="BTNAddAnotherChild.text" html="false" placeholder="false">Add another child activity</item>
  <item name="BTNAddAnotherChild.ToolTip" html="false" placeholder="false">Add another child activity</item>
  <item name="BTNnext.ToolTip.addUsers" html="false" placeholder="false">Add Users</item>
  <item name="BTNnext.ToolTip.addUsers" html="false" placeholder="false">Aggiungi Utenti</item>
  <item name="BTNnext.text.selectParent" html="false" placeholder="false">Next</item>
  <item name="BTNnext.ToolTip.selectParent" html="false" placeholder="false">Next</item>
  <item name="BTNnext.text" html="false" placeholder="false">Next</item>
  <item name="BTNnext.ToolTip" html="false" placeholder="false">Next</item>
  <item name="ERROR:TaskDeleted" html="false" placeholder="false">Impossible to add children to a deleted activity</item>
</Resource>