<?xml version="1.0" encoding="utf-8"?>
<Resource xmlns:xsi="http://www.w3.org/2001/XMLSchema-instance" xmlns:xsd="http://www.w3.org/2001/XMLSchema" xmlns="urn:ComolTranslation">
  <item name="serviceTitle" html="false" placeholder="false">Projects management</item>
  <item name="TBStasklist.1" disambiguation="plurale" html="false" placeholder="false">Daily activity</item>
  <item name="TBStasklist.2" html="false" placeholder="false">Projects</item>
  <item name="TBStasklist.3" disambiguation="plurale" html="false" placeholder="false">Activity Management</item>
  <item name="TBStasklist.4" html="false" placeholder="false">Administration</item>
  <item name="LTfilterby.text" html="false" placeholder="false">Filter by :</item>
  <item name="LTorder.text" html="false" placeholder="false">Group by :</item>
  <item name="LTshowActive.text" disambiguation="status: attivo/chiuso/in corso/valutazione" html="false" placeholder="false">Status :</item>
  <item name="DDLfilterBy.1" html="false" placeholder="false">All communities</item>
  <item name="DDLfilterBy.2" html="false" placeholder="false">Current community</item>
  <item name="DDLfilterBy.3" html="false" placeholder="false">Portal</item>
  <item name="DDLfilterBy.4" html="false" placeholder="false">Current personal community</item>
  <item name="DDLfilterBy.5" html="false" placeholder="false">All personal communities</item>
  <item name="LTsortby.text" html="false" placeholder="false">Order by :</item>
  <item name="DDLsortBy.1" html="false" placeholder="false">Deadline</item>
  <item name="DDLsortBy.2" html="false" placeholder="false">Name</item>
  <item name="HYPaddProject.text" html="false" placeholder="false">New project</item>
  <item name="HYPaddProject.status" html="false" placeholder="false">New project</item>
  <item name="HYPaddProject.ToolTip" html="false" placeholder="false">New project</item>
  <item name="HYPmodifica.ToolTip" disambiguation="verbo" html="false" placeholder="false">Modify</item>
  <item name="HYPmodifica.status" disambiguation="verbo" html="false" placeholder="false">Modify</item>
  <item name="HYPmodifica.text" disambiguation="verbo" html="false" placeholder="false">Modify</item>
  <item name="RBLview.1" disambiguation="singolare" html="false" placeholder="false">Community</item>
  <item name="RBLview.2" html="false" placeholder="false">Project</item>
  <item name="RBLview.3" html="false" placeholder="false">Active</item>
  <item name="RBLview.4" html="false" placeholder="false">Completed</item>
  <item name="RBLview.5" html="false" placeholder="false">Future</item>
  <item name="RBLselectPrj.3" html="false" placeholder="false">Active</item>
  <item name="RBLselectPrj.4" html="false" placeholder="false">Completed</item>
  <item name="RBLselectPrj.5" html="false" placeholder="false">Future</item>
  <item name="LTheaderStatus.text" disambiguation="S=status/condizione (un solo carattere)" html="false" placeholder="false">S</item>
  <item name="LTheaderDelete.text" disambiguation="C=cancella (un solo carattere)" html="false" placeholder="false">D</item>
  <item name="LTheaderModify.text" disambiguation="M=modifica (un solo carattere)" html="false" placeholder="false">M</item>
  <item name="LTheaderTask.text" disambiguation="singolare" html="false" placeholder="false">Activity</item>
  <item name="LTheaderProject.text" html="false" placeholder="false">PROJECT </item>
  <item name="LTheaderDeadline.text" html="false" placeholder="false">DEADLINE</item>
  <item name="LTheaderCompleteness.text" html="false" placeholder="false">COMPLETION</item>
  <item name="LNBelimina.text" html="false" placeholder="false">Virtual deletion</item>
  <item name="LNBundelete.text" html="false" placeholder="false">Restore</item>
  <item name="LNBdelete.text" html="false" placeholder="false">Definitive deletion</item>
  <item name="LNBelimina.ConfirmText" html="false" placeholder="false">Are you sure you want to delete the activity and all its related sub-activities?</item>
  <item name="LNBdelete.ConfirmText" html="false" placeholder="false">Are you sure you want to permanently delete the activity and all its related sub-activities?</item>
  <item name="LNBelimina.ToolTip" html="false" placeholder="false">Virtual deletion</item>
  <item name="LNBundelete.ToolTip" html="false" placeholder="false">Restore</item>
  <item name="LNBdelete.ToolTip" html="false" placeholder="false">Definitive deletion</item>
  <item name="IMcompletedTask.AlternateText" html="false" placeholder="false">Completed</item>
  <item name="IMstartedTask.AlternateText" html="false" placeholder="false">Active</item>
  <item name="IMnotStartedTask.AlternateText" html="false" placeholder="false">Not active</item>
  <item name="IMsuspendedTask.AlternateText" html="false" placeholder="false">Suspended</item>
  <item name="IMpendingTask.AlternateText" html="false" placeholder="false">Under evaluation</item>
  <item name="Taskrole.ProjectOwner" html="false" placeholder="false">Owner</item>
  <item name="Taskrole.Manager" html="false" placeholder="false">Manager</item>
  <item name="Taskrole.Resource" html="false" placeholder="false">Resource</item>
  <item name="Taskrole.Customized_Resource" html="false" placeholder="false">Custom resource</item>
  <item name="Taskrole.Visitor" html="false" placeholder="false">Visitor</item>
  <item name="LBLtitle.text" html="false" placeholder="false">Title:</item>
  <item name="LBLroles.text" html="false" placeholder="false">Roles:</item>
  <item name="LBlegendaVD.text" disambiguation="singolare" html="false" placeholder="false">Deleted activity</item>
  <item name="LBlegendaVD2.text" html="false" placeholder="false">Project deleted</item>
  <item name="ltlscript" html="false" placeholder="false">Parent activity deleted, it is not possible to restore the activity.</item>
</Resource>