<?xml version="1.0" encoding="utf-8"?>
<Resource xmlns:xsi="http://www.w3.org/2001/XMLSchema-instance" xmlns:xsd="http://www.w3.org/2001/XMLSchema" xmlns="urn:ComolTranslation">
  <item name="serviceTitle" html="false" placeholder="false">Projects management</item>
  <item name="LBpersonal.text" html="false" placeholder="false">Portal personal Tasklist:</item>
  <item name="LBpersonalDescription.text" html="false" placeholder="false">Allows to create a personal generic activities list, not linked to any particular community. Activities will be visible only to the owner and the related resources.</item>
  <item name="LBpersonalCommunity.text" html="false" placeholder="false">Community personal Tasklist:</item>
  <item name="LBpersonalCommunityDescription.text" html="false" placeholder="false">Allows to create an activity list in a specific community. Activities will be visible only to owner and the associated resources but NOT to administrators.</item>
  <item name="LBcommunity.text" html="false" placeholder="false">Public comunity tasklist</item>
  <item name="LBcommunityDescription.text" html="false" placeholder="false">Allows to create an activity list for community users. Activities will be visible to all associated resources. Only administrators can create this type of tasklist.</item>
  <item name="LNBcommunity.text" html="false" placeholder="false">Choose</item>
  <item name="LNBcommunity.status" html="false" placeholder="false">Allows to create an activity list for community users. Activities will be visible to all associated resources. Only administrators can create this type of tasklist.</item>
  <item name="LNBcommunity.ToolTip" html="false" placeholder="false">Allows to create an activity list for community users. Activities will be visible to all associated resources. Only administrators can create this type of tasklist.</item>
  <item name="LNBpersonal.text" html="false" placeholder="false">Choose</item>
  <item name="LNBpersonal.status" html="false" placeholder="false">Allows to create a personal generic activities list, not linked to any particular community. Activities will be visible only to the owner and the related resources.</item>
  <item name="LNBpersonal.ToolTip" html="false" placeholder="false">Allows to create a personal generic activities list, not linked to any particular community. Activities will be visible only to the owner and the related resources.</item>
  <item name="LNBpersonalCommunity.text" html="false" placeholder="false">Choose</item>
  <item name="LNBpersonalCommunity.status" html="false" placeholder="false">Allows to create an activity list for community users. Activities will be visible to all associated resources. Only administrators can create this type of tasklist.</item>
  <item name="LNBpersonalCommunity.ToolTip" html="false" placeholder="false">Allows to create an activity list for community users. Activities will be visible to all associated resources. Only administrators can create this type of tasklist.</item>
  <item name="LBtitoloSuperiore.text" html="false" placeholder="false">ADD A PROJECT</item>
  <item name="LBprojectType.text" html="false" placeholder="false">SELECT THE ACTIVITY LIST TYPE BY CLICKING "CHOOSE" </item>
  <item name="LBselectCommunity.text" html="false" placeholder="false">SELECT COMMUNITY IN WHICH YOU WANT TO CREATE AN ACTIVITY LIST</item>
  <item name="LBprojectProperties.text" html="false" placeholder="false">ACTIVITY LIST DATA</item>
  <item name="BTNnext.text" html="false" placeholder="false">Next</item>
  <item name="BTNnext.ToolTip" html="false" placeholder="false">Next</item>
  <item name="PreviousButton.text" html="false" placeholder="false">Previous</item>
  <item name="PreviousButton.ToolTip" html="false" placeholder="false">Previous</item>
  <item name="CancelButton.text" html="false" placeholder="false">Cancel</item>
  <item name="CancelButton.ToolTip" html="false" placeholder="false">Cancel</item>
  <item name="FinishButton.text" html="false" placeholder="false">Save</item>
  <item name="FinishButton.ToolTip" html="false" placeholder="false">Save</item>
</Resource>