<?xml version="1.0" encoding="utf-8"?>
<Resource xmlns:xsi="http://www.w3.org/2001/XMLSchema-instance" xmlns:xsd="http://www.w3.org/2001/XMLSchema" xmlns="urn:ComolTranslation">
  <item name="serviceTitle" html="false" placeholder="false">Projects management</item>
  <item name="Title" html="false" placeholder="false"> Gantt Diagram of</item>
  <item name="Legend.Project" html="false" placeholder="false">Project</item>
  <item name="Legend.Completed" html="false" placeholder="false">Completed activity</item>
  <item name="Legend.NotStarted" html="false" placeholder="false">Not started activity</item>
  <item name="Legend.Started" html="false" placeholder="false">Started activity</item>
  <item name="HYPprevius.text" html="false" placeholder="false">Previous page</item>
  <item name="HYPprevius.status" html="false" placeholder="false">Previous page</item>
  <item name="HYPprevius.ToolTip" html="false" placeholder="false">Previous page</item>
  <item name="HYPreturnError.text" html="false" placeholder="false">Main page</item>
  <item name="HYPreturnError.status" html="false" placeholder="false">Main page</item>
  <item name="HYPreturnError.ToolTip" html="false" placeholder="false">Main page</item>
</Resource>