<?xml version="1.0" encoding="utf-8"?>
<Resource xmlns:xsi="http://www.w3.org/2001/XMLSchema-instance" xmlns:xsd="http://www.w3.org/2001/XMLSchema" xmlns="urn:ComolTranslation">
  <item name="serviceTitle" html="false" placeholder="false">Projects management</item>
  <item name="LBroles.text" html="false" placeholder="false">Roles</item>
  <item name="LBuserName.text" html="false" placeholder="false">Name</item>
  <item name="LBcompleteness.text" html="false" placeholder="false">Completion</item>
</Resource>