<?xml version="1.0" encoding="utf-8"?>
<Resource xmlns:xsi="http://www.w3.org/2001/XMLSchema-instance" xmlns:xsd="http://www.w3.org/2001/XMLSchema" xmlns="urn:ComolTranslation">
  <item name="serviceTitle" html="false" placeholder="false">Projects management</item>
  <item name="BTNswitchUserSelection.text" disambiguation="Assegnamento di una risorsa ad un task" html="false" placeholder="false">Assignment fast/classic</item>
  <item name="LBroles.text" html="false" placeholder="false">Roles</item>
  <item name="LBquickRole.text" html="false" placeholder="false">Roles</item>
  <item name="HYPdetail.text" html="false" placeholder="false">Go to task details</item>
  <item name="HYPreturn.text" html="false" placeholder="false">Back</item>
</Resource>