<?xml version="1.0" encoding="utf-8"?>
<Resource xmlns:xsi="http://www.w3.org/2001/XMLSchema-instance" xmlns:xsd="http://www.w3.org/2001/XMLSchema" xmlns="urn:ComolTranslation">
  <item name="serviceTitle" html="false" placeholder="false">Projects management</item>
  <item name="CancelButton.text" html="false" placeholder="false">Cancel</item>
  <item name="CancelButton.ToolTip" html="false" placeholder="false">Cancel</item>
  <item name="FinishButton.text" html="false" placeholder="false">Save</item>
  <item name="FinishButton.ToolTip" html="false" placeholder="false">Save</item>
  <item name="NextButton.text" html="false" placeholder="false">Next</item>
  <item name="NextButton.ToolTip" html="false" placeholder="false">Next</item>
  <item name="PreviousButton.text" html="false" placeholder="false">Previous</item>
  <item name="PreviousButton.ToolTip" html="false" placeholder="false">Previous</item>
  <item name="LBselectResource.Undelete" html="false" placeholder="false">SELECT USERS TO ASSIGN TO ACTIVITY</item>
  <item name="LBresumeUsers.Undelete" html="false" placeholder="false">CONFIRM USERS TO ASSIGN TO THE ACTIVITY</item>
  <item name="LBtitoloSuperiore.Undelete" html="false" placeholder="false">RESTORE ACTIVITY</item>
  <item name="LBselectResource.VirtualDelete" html="false" placeholder="false">SELECT USERS TO ASSIGN TO ACTIVITY</item>
  <item name="LBresumeUsers.VirtualDelete" html="false" placeholder="false">CONFIRM USERS TO ASSIGN TO THE ACTIVITY</item>
  <item name="LBtitoloSuperiore.VirtualDelete" html="false" placeholder="false">DELETE ACTIVITY</item>
</Resource>