<?xml version="1.0" encoding="utf-8"?>
<Resource xmlns:xsi="http://www.w3.org/2001/XMLSchema-instance" xmlns:xsd="http://www.w3.org/2001/XMLSchema" xmlns="urn:ComolTranslation">
  <item name="serviceTitle" html="false" placeholder="false">Projects management</item>
  <item name="HYPreturnToTaskList.text" html="false" placeholder="false">Main page</item>
  <item name="HYPreturnToTaskList.status" html="false" placeholder="false">Main page</item>
  <item name="HYPreturnToTaskList.ToolTip" html="false" placeholder="false">Main page</item>
  <item name="HypFileManagement.text" html="false" placeholder="false">File management</item>
  <item name="HypFileManagement.status" html="false" placeholder="false">File management</item>
  <item name="HypFileManagement.ToolTip" html="false" placeholder="false">File management</item>
</Resource>