<?xml version="1.0" encoding="utf-8"?>
<Resource xmlns:xsi="http://www.w3.org/2001/XMLSchema-instance" xmlns:xsd="http://www.w3.org/2001/XMLSchema" xmlns="urn:ComolTranslation">
  <item name="serviceTitle" html="false" placeholder="false">Projects management</item>
  <item name="serviceTitleLinkCommunityFile" html="false" placeholder="false">Add a community file to the activity</item>
  <item name="nopermissionLinkCommunityFile" html="false" placeholder="false">You do not have permission to add/remove a community file from the activity.</item>
  <item name="HYPbackToFileManagement.Text" html="false" placeholder="false">Back to management</item>
  <item name="HYPbackToFileManagement.status" html="false" placeholder="false">Back to management of the activity associated materials </item>
  <item name="HYPbackToFileManagement.ToolTip" html="false" placeholder="false">Back to management of the activity associated materials </item>
  <item name="LNBlinkToItem.Text" html="false" placeholder="false">Associate</item>
  <item name="LNBlinkToItem.status" html="false" placeholder="false">Associate one or more community files to activity</item>
  <item name="LNBlinkToItem.ToolTip" html="false" placeholder="false">Associate one or more community files to activity</item>
  <item name="serviceTitleMultipleUpload" html="false" placeholder="false">Add more files to the project acrtivities</item>
  <item name="nopermissionMultipleUpload" html="false" placeholder="false">You do not have permission to add several files to the project activity.</item>
  <item name="HYPbackToItems.text" html="false" placeholder="false">Main page</item>
  <item name="HYPbackToItems.ToolTip" html="false" placeholder="false">Main page</item>
  <item name="HYPbackToItems.status" html="false" placeholder="false">Main page</item>
  <item name="HYPbackToItem.text" html="false" placeholder="false">Back to activity</item>
  <item name="HYPbackToItem.ToolTip" html="false" placeholder="false">Back to activity</item>
  <item name="HYPbackToItem.status" html="false" placeholder="false">Back to activity</item>
  <item name="HYPbackToFileManagement.text" html="false" placeholder="false">Back to management</item>
  <item name="HYPbackToFileManagement.ToolTip" html="false" placeholder="false">Torna alla gestione del materiale associato all'attività</item>
  <item name="HYPbackToFileManagement.status" html="false" placeholder="false">Torna alla gestione del materiale associato all'attività</item>
  <item name="LNBupload.text" disambiguation="carica=upload" html="false" placeholder="false">Upload</item>
  <item name="LNBupload.ToolTip" disambiguation="carica=upload" html="false" placeholder="false">Upload a new file</item>
  <item name="LNBupload.status" disambiguation="carica=upload" html="false" placeholder="false">Upload a new file</item>
  <item name="LTuploadToCommunity_t.text" html="false" placeholder="false">Upload file to the community and associate to activity</item>
  <item name="LTuploadToWorkBook_t.text" html="false" placeholder="false">Add file ONLY to the project activity</item>
  <item name="serviceTitleManagementFile" html="false" placeholder="false">Materials management.</item>
  <item name="nopermissionManagementFile" html="false" placeholder="false">You do not have permission to manage the materials of this project activity</item>
  <item name="serviceTitleManagementFile" html="false" placeholder="false">Gestione materiale .</item>
  <item name="HYPmultipleUpload.text" disambiguation="carica=upload" html="false" placeholder="false">Multiple upload</item>
  <item name="HYPmultipleUpload.ToolTip" disambiguation="carica=upload" html="false" placeholder="false">Upload several files at once</item>
  <item name="HYPmultipleUpload.status" disambiguation="carica=upload" html="false" placeholder="false">Upload several files at once</item>
  <item name="LTaddFromCommunity_t.text" html="false" placeholder="false">Import community file</item>
  <item name="LTlinkToCommunity.text" html="false" placeholder="false">In this way you can associate one or more files from community materials</item>
  <item name="BTNlinkCommunityFile.text" html="false" placeholder="false">Associate</item>
  <item name="BTNlinkCommunityFile.ToolTip" html="false" placeholder="false">Associate</item>
  <item name="BTNlinkCommunityFile.status" html="false" placeholder="false">Associate</item>
  <item name="LTuploadToCommunity_t.text" disambiguation="carica=upload" html="false" placeholder="false">Carica file nella comunità ed associa all'attività</item>
  <item name="BTNaddCommunityFile.text" disambiguation="carica=upload" html="false" placeholder="false">Upload</item>
  <item name="BTNaddCommunityFile.ToolTip" disambiguation="carica=upload" html="false" placeholder="false">Upload and associate to activity</item>
  <item name="BTNaddCommunityFile.status" disambiguation="carica=upload" html="false" placeholder="false">Upload and associate to activity</item>
  <item name="LTuploadToDiaryItem_t.text" disambiguation="carica=upload" html="false" placeholder="false">Upload file ONLY to this project activity</item>
  <item name="BTNaddToItem.text" disambiguation="carica=upload" html="false" placeholder="false">Upload</item>
  <item name="BTNaddToItem.ToolTip" disambiguation="carica=upload" html="false" placeholder="false">Upload file inside the project activity</item>
  <item name="BTNaddToItem.Status" disambiguation="carica=upload" html="false" placeholder="false">Upload file inside the project activity</item>
  <item name="LTitemFiles_t.text" html="false" placeholder="false">Files associated to the project activity</item>
  <item name="serviceTitleItemFileError.text" html="false" placeholder="false">Files associated to the activity - upload error</item>
  <item name="nopermissionItemFileError.text" html="false" placeholder="false">No permission to add a new file to the project activity</item>
  <item name="ItemRepositoryStatus" html="false" placeholder="true" hidden="true" mustcontains="{0}|{1}">{0}: {1};</item>
  <item name="communityfile.error" html="false" placeholder="false">Error while uploading the following files to the community materials:</item>
  <item name="internalfile.error" html="false" placeholder="false">Error while uploading file: </item>
  <item name="LTuploadToDiary_t.text" disambiguation="carica=upload" html="false" placeholder="false">Upload files ONLY to project activity</item>
</Resource>