<?xml version="1.0" encoding="utf-8"?>
<Resource xmlns:xsi="http://www.w3.org/2001/XMLSchema-instance" xmlns:xsd="http://www.w3.org/2001/XMLSchema" xmlns="urn:ComolTranslation">
  <item name="serviceTitle" html="false" placeholder="false">Projects management</item>
  <item name="LBrole.text" html="false" placeholder="false">Role:</item>
  <item name="None.DDLRole" html="false" placeholder="false">None </item>
  <item name="ProjectOwner.DDLRole" html="false" placeholder="false">Project owner</item>
  <item name="Manager.DDLRole" html="false" placeholder="false">Manager</item>
  <item name="Resource.DDLRole" html="false" placeholder="false">Resource</item>
  <item name="Customized_Resource.DDLRole" html="false" placeholder="false">Custom resource</item>
  <item name="Visitor.DDLRole" html="false" placeholder="false">Visitor</item>
  <item name="CKBisResource.text" html="false" placeholder="false">Partecipate as resource come risorsa</item>
</Resource>