<?xml version="1.0" encoding="utf-8"?>
<Resource xmlns:xsi="http://www.w3.org/2001/XMLSchema-instance" xmlns:xsd="http://www.w3.org/2001/XMLSchema" xmlns="urn:ComolTranslation">
  <item name="serviceTitle" html="false" placeholder="false">Projects management</item>
  <item name="TaskTitle" html="false" placeholder="false">TASK</item>
  <item name="DeadlineTitle" html="false" placeholder="false">DEADLINE</item>
  <item name="StartDateTitle" html="false" placeholder="false">START DATE</item>
  <item name="EndDateTitle" html="false" placeholder="false">END DATE</item>
  <item name="CompletenessTitle" html="false" placeholder="false">COMPLETION</item>
  <item name="StatusTitle" disambiguation="S=status/condizione (un solo carattere)" html="false" placeholder="false">S</item>
  <item name="PriorityTitle" disambiguation="P=priorità di un task (un solo carattere)" html="false" placeholder="false">P</item>
  <item name="DeleteTitle" disambiguation="C=cancella (un solo carattere)" html="false" placeholder="false">D</item>
  <item name="ModifyTitle" disambiguation="M=modifica (un solo carattere)" html="false" placeholder="false">M</item>
  <item name="HYPreturnToTaskList.text" html="false" placeholder="false">Main page</item>
  <item name="HYPreturnToTaskList.status" html="false" placeholder="false">Main page</item>
  <item name="HYPreturnToTaskList.ToolTip" html="false" placeholder="false">Main page</item>
  <item name="HYPtaskMap.text" html="false" placeholder="false">General map</item>
  <item name="HYPtaskMap.status" html="false" placeholder="false">General map</item>
  <item name="HYPtaskMap.ToolTip" html="false" placeholder="false">General map</item>
  <item name="HYPdetail.text" html="false" placeholder="false">Task details</item>
  <item name="HYPdetail.status" html="false" placeholder="false">Task details</item>
  <item name="HYPdetail.ToolTip" html="false" placeholder="false">Task details</item>
  <item name="LBwbsLevel.text" html="false" placeholder="false">WBS level</item>
  <item name="LBlegendaVD.text" html="false" placeholder="false">Task deleted</item>
  <item name="LNBup.text" html="false" placeholder="false">Up</item>
  <item name="LNBup.ToolTip" html="false" placeholder="false">Move upward</item>
  <item name="LNBdown.text" html="false" placeholder="false">Down</item>
  <item name="LNBdown.ToolTip" html="false" placeholder="false">Move downward</item>
  <item name="TaskStatus.completed" html="false" placeholder="false">Completed</item>
  <item name="TaskStatus.notStarted" html="false" placeholder="false">Not started</item>
  <item name="TaskStatus.pending" html="false" placeholder="false">Pending</item>
  <item name="TaskStatus.suspended" html="false" placeholder="false">Suspended</item>
  <item name="TaskStatus.started" html="false" placeholder="false">Started</item>
  <item name="TaskPriority.critical" disambiguation="relativo a Priorita'" html="false" placeholder="false">Critical</item>
  <item name="TaskPriority.high" disambiguation="relativo a Priorita'" html="false" placeholder="false">High</item>
  <item name="TaskPriority.normal" disambiguation="relativo a Priorita'" html="false" placeholder="false">Normal</item>
  <item name="TaskPriority.low" disambiguation="relativo a Priorita'" html="false" placeholder="false">Low</item>
  <item name="HYPswichTask.text" html="false" placeholder="false">Trade Tasks' places in the WBS</item>
  <item name="HYPswichTask.status" html="false" placeholder="false">Trade Tasks' places in the WBS</item>
  <item name="HYPswichTask.ToolTip" html="false" placeholder="false">Trade Tasks' places in the WBS</item>
  <item name="HYPaddSubTask.text" html="false" placeholder="false">Add children Tasks</item>
  <item name="HYPaddSubTask.status" html="false" placeholder="false">Add children Tasks</item>
  <item name="HYPaddSubTask.ToolTip" html="false" placeholder="false">Add children Tasks</item>
  <item name="HYPgantt.text" html="false" placeholder="false">Gantt Diagram</item>
  <item name="HYPgantt.status" html="false" placeholder="false">Gantt Diagram</item>
  <item name="HYPgantt.ToolTip" html="false" placeholder="false">Gantt Diagram</item>
  <item name="HYPmodify.ToolTip" disambiguation="verbo" html="false" placeholder="false">Modify</item>
  <item name="HYPmodify.status" disambiguation="verbo" html="false" placeholder="false">Modify</item>
  <item name="HYPmodify.text" disambiguation="verbo" html="false" placeholder="false">Modify</item>
  <item name="LNBdelete.text" html="false" placeholder="false">Delete</item>
  <item name="LNBdelete.ToolTip" html="false" placeholder="false">Definitive deletion</item>
  <item name="LNBdelete.ConfirmText" html="false" placeholder="false">Are you sure you want to permanently delete the selected activity and all relate sub-activities?</item>
  <item name="LNBvirtualDelete.text" html="false" placeholder="false">Virtual deletion</item>
  <item name="LNBvirtualDelete.ToolTip" html="false" placeholder="false">Virtual deletion</item>
  <item name="LNBvirtualDelete.ConfirmText" html="false" placeholder="false">Are you sure you want to permanently delete the activity and all its related sub-activities?</item>
  <item name="LNBundelete.text" html="false" placeholder="false">Restore</item>
  <item name="LNBundelete.ToolTip" html="false" placeholder="false">Restore</item>
  <item name="LBTselectTask.text" html="false" placeholder="false">Select</item>
  <item name="LBTselectTask.ToolTip" html="false" placeholder="false">Select</item>
  <item name="LThideStartDate.Text" description="tradurre solo: 'Mostra/Nascondi la Data d'Inizio' " html="true" placeholder="false">
    &lt;a href="" name="hide_startDate" class="hideColumn Link_Menu"&gt;Show/Hide start date&lt;/a&gt;
  </item>
  <item name="LThideEndDate.Text" description="tradurre solo: 'Mostra/Nascondi la Data di Fine' " html="true" placeholder="false">
    &lt;a href="" name="hide_endDate" class="hideColumn Link_Menu"&gt;Show/Hide end date&lt;/a&gt;
  </item>
  <item name="LThideDeletedTask.Text" description="tradurre solo: 'Mostra/Nascondi i Task Cancellati' " html="true" placeholder="false">
    &lt;a href="" class="hideDeleted Link_Menu" &gt;Show/Hide deleted Tasks&lt;/a&gt;
  </item>
  <item name="Return" html="false" placeholder="false">Back</item>
  <item name="Error.ParentDeleted" html="false" placeholder="false">Parent activity deleted, it is not possible to restore the activity.</item>
</Resource>