<?xml version="1.0" encoding="utf-8"?>
<Resource xmlns:xsi="http://www.w3.org/2001/XMLSchema-instance" xmlns:xsd="http://www.w3.org/2001/XMLSchema" xmlns="urn:ComolTranslation">
  <item name="serviceTitle" html="false" placeholder="false">Projects management</item>
  <item name="LBtitleEdit.text" html="false" placeholder="false">Modify activity details</item>
  <item name="LBcategoryEdit.text" html="false" placeholder="false">Category:</item>
  <item name="LBcategoryTitle.text" html="false" placeholder="false">Category:</item>
  <item name="LBnameTitleEdit.text" html="false" placeholder="false">Name:</item>
  <item name="LBcommunityTitle.text" disambiguation="singolare" html="false" placeholder="false">Community:</item>
  <item name="LBcommunityTitleEdit.text" disambiguation="singolare" html="false" placeholder="false">Community:</item>
  <item name="LBprojectTitle.text" html="false" placeholder="false">Project:</item>
  <item name="LBprojectTitleEdit.text" html="false" placeholder="false">Project:</item>
  <item name="LBdescriptionTitle.text" html="false" placeholder="false">Description:</item>
  <item name="LBdescriptionTitleEdit.text" html="false" placeholder="false">Description:</item>
  <item name="LBstartDateTitle.text" html="false" placeholder="false">Start date:</item>
  <item name="LBstartDateTitleEdit.text" html="false" placeholder="false">Start date:</item>
  <item name="LBendDateTitle.text" html="false" placeholder="false">End date:</item>
  <item name="LBendDateTitleEdit.text" html="false" placeholder="false">End date:</item>
  <item name="LBdeadlineTitle.text" html="false" placeholder="false">Deadline:</item>
  <item name="LBdeadlineTitleEdit.text" html="false" placeholder="false">Deadline:</item>
  <item name="LBtaskCompletenessTitle.text" html="false" placeholder="false">Task completion:</item>
  <item name="LBtaskCompletenessTitleEdit.text" html="false" placeholder="false">Overall completion of the activity:</item>
  <item name="LBpersonalCompletnessTitle.text" html="false" placeholder="false">Personal completion of the activity</item>
  <item name="LBpersonalCompletenessTitleEdit.text" html="false" placeholder="false">Personal completion of the activity</item>
  <item name="LBnote.text" html="false" placeholder="false">Notes:</item>
  <item name="LBnoteTitleEdit.text" html="false" placeholder="false">Notes:</item>
  <item name="BTNsaveTask.text" html="false" placeholder="false">Save</item>
  <item name="BTNsaveTask.ToolTip" html="false" placeholder="false">Save activity</item>
  <item name="BTNupdatePersonalCompleteness.text" html="false" placeholder="false">Update personal completion</item>
  <item name="BTNupdatePersonalCompleteness.ToolTip" html="false" placeholder="false">Update personal completion</item>
  <item name="BTNupdatePersonalCompletenessEdit.text" html="false" placeholder="false">Update personal completion</item>
  <item name="BTNupdatePersonalCompletenessEdit.ToolTip" html="false" placeholder="false">Update personal completion</item>
  <item name="HYPaddSubTask.text" html="false" placeholder="false">Add children activities</item>
  <item name="HYPaddSubTask.status" html="false" placeholder="false">Add children activities</item>
  <item name="HYPaddSubTask.ToolTip" html="false" placeholder="false">Add children activities</item>
  <item name="HYPaddSubTaskEdit.text" html="false" placeholder="false">Add children activities</item>
  <item name="HYPaddSubTaskEdit.status" html="false" placeholder="false">Add children activities</item>
  <item name="HYPaddSubTaskEdit.ToolTip" html="false" placeholder="false">Add children activities</item>
  <item name="HYPreturnToTaskList.text" html="false" placeholder="false">Main page</item>
  <item name="HYPreturnToTaskList.status" html="false" placeholder="false">Main page</item>
  <item name="HYPreturnToTaskList.ToolTip" html="false" placeholder="false">Main page</item>
  <item name="HYPreturnToTaskListEdit.text" html="false" placeholder="false">Main page</item>
  <item name="HYPreturnToTaskListEdit.status" html="false" placeholder="false">Main page</item>
  <item name="HYPreturnToTaskListEdit.ToolTip" html="false" placeholder="false">Main page</item>
  <item name="TaskStatus.completed" description="stato di un task" html="false" placeholder="false">Completed</item>
  <item name="TaskStatus.notStarted" description="stato di un task" html="false" placeholder="false">Not started</item>
  <item name="TaskStatus.pending" description="stato di un task" html="false" placeholder="false">Pending</item>
  <item name="TaskStatus.suspended" description="stato di un task" html="false" placeholder="false">Suspended</item>
  <item name="TaskStatus.started" description="stato di un task" html="false" placeholder="false">Started</item>
  <item name="TaskPriority.critical" disambiguation="relativo a Priorita'" html="false" placeholder="false">Critical</item>
  <item name="TaskPriority.high" disambiguation="relativo a Priorita'" html="false" placeholder="false">High</item>
  <item name="TaskPriority.normal" disambiguation="relativo a Priorita'" html="false" placeholder="false">Normal</item>
  <item name="TaskPriority.low" disambiguation="relativo a Priorita'" html="false" placeholder="false">Low</item>
  <item name="HYPgoToProjectMapEdit.text" html="false" placeholder="false">Project map</item>
  <item name="HYPgoToProjectMapEdit.status" html="false" placeholder="false">Project map</item>
  <item name="HYPgoToProjectMapEdit.ToolTip" html="false" placeholder="false">Project map</item>
  <item name="HYPgoToProjectMap.text" html="false" placeholder="false">Project map</item>
  <item name="HYPgoToProjectMap.status" html="false" placeholder="false">Project map</item>
  <item name="HYPgoToProjectMap.ToolTip" html="false" placeholder="false">Project map</item>
  <item name="HYPgantt.text" html="false" placeholder="false">Gantt Diagram</item>
  <item name="HYPgantt.status" html="false" placeholder="false">Gantt Diagram</item>
  <item name="HYPgantt.ToolTip" html="false" placeholder="false">Gantt Diagram</item>
  <item name="HYPganttEdit.text" html="false" placeholder="false">Gantt Diagram</item>
  <item name="HYPganttEdit.status" html="false" placeholder="false">Gantt Diagram</item>
  <item name="HYPganttEdit.ToolTip" html="false" placeholder="false">Gantt Diagram</item>
  <item name="Error.NoteLength" html="false" placeholder="false">4000 characters limit exceeded</item>
  <item name="Portal" html="false" placeholder="false">Portal</item>
</Resource>