<?xml version="1.0" encoding="utf-8"?>
<Resource xmlns:xsi="http://www.w3.org/2001/XMLSchema-instance" xmlns:xsd="http://www.w3.org/2001/XMLSchema" xmlns="urn:ComolTranslation">
  <item name="serviceTitle" html="false" placeholder="false">Projects management</item>
  <item name="DDLquickRole.2" html="false" placeholder="false">Manager</item>
  <item name="DDLquickRole.3" html="false" placeholder="false">Resource</item>
  <item name="DDLquickRole.5" html="false" placeholder="false">Visitor</item>
  <item name="LBquickRole.text" html="false" placeholder="false">Role :</item>
</Resource>