﻿<?xml version="1.0" encoding="utf-8" ?>
<!--eng-->
<Resource xmlns="urn:ComolTranslation">

	<item name="LTpageTitle_t.text">Ticket</item>
	<item name="LTtitle_t.text">Ticket</item>
	
	<item name="LBLsender_t.text">Sender</item>
	<item name="LBLlanguage_t.text">Language</item>
	<item name="LBLname_t.text">Name</item>
	<item name="LBLsname_t.text">Surname</item>
	<item name="LBLmail_t.text">Mail</item>
	<item name="LBLcontent_t.text">Content</item>
	<item name="LBLtitle_t.text">Title</item>
	<item name="LBLcategory_t.text">Category</item>
	<item name="LBLcommunity_t.text">Community</item>
	<item name="LBLtext_t.text">Text</item>
	<item name="LBLnotificheMail_t.text">Mail notifications</item>

	<item name="LBLnoPermission.text">Too many tickets opened or no permissions. Please, close the window.</item>
	
	<item name="LKBsaveDraft.text">Save draft</item>
	<item name="LKBsaveDraft.ToolTip">Save Ticket as draft</item>
	<item name="LKBsaveDraft.status">Save Ticket as draft</item>
	<item name="LKBsend.text">Send</item>
	<item name="LKBsend.ToolTip">Send Ticket</item>
	<item name="LKBsend.status">Send Ticket</item>

	<item name="Community.Portal">Portal</item>

	<item name="HYPbackTop.text">Back</item>
	<item name="HYPbackTop.ToolTip">Back to list</item>
	<item name="HYPbackTop.status">Back to list</item>

	<item name="UserName.System">System</item>

	<item name="Error.ToMuchTicket">Too many opened tickets. It is impossible to manage other tickets.</item>
	<item name="Error.NoCategory">Category not selected. Please select one.</item>
	<item name="Error.NoTitle">Ticket title not set.</item>
	<item name="Error.NoText">Ticket text not set.</item>
	<item name="Error.dBUnknown">Internal error.</item>

	<item name="Category.select">Select</item>

	<item name="HYPopenCommunities.text">Modify</item>
	<item name="HYPopenCommunities.ToolTip">Change community. Show specific community categories.</item>
	<item name="HYPopenCommunities.status">Change community.</item>

	<item name="CommunitiesDialog.Title">Choose community</item>
</Resource>