﻿<?xml version="1.0" encoding="utf-8" ?>
<!--eng-->
<Resource xmlns="urn:ComolTranslation">

	<item name="LBLlanguage_t.text">Language</item>

    <item name="Page.Title.External">External ticket</item>
    
	<item name="LTpageTitle_t.text">Ticket</item>
    <!--<item name="LTcontentTitle_t.text">Ticket - Accesso esterno</item>

	<item name="LIT_ViewTitle.text.login">Ticket: accesso esterno</item>
	<item name="LIT_ViewTitle.text.register.init">Ticket: registrazione</item>
	<item name="LIT_ViewTitle.text.register.sended">Ticket: registrazione effettuata</item>
	<item name="LIT_ViewTitle.text.recover.init">Ticket: recupero credenziali</item>
	<item name="LIT_ViewTitle.text.recover.sended">Ticket: recupero credenziali</item>-->


	<item name="LIT_ViewDescription.text.login">Please enter mail and password to access. &lt;br/&gt; At the first access an activation token could be requested. If you do not have any, please choose "Create account" or "Credentials recovery".</item>
	<item name="LIT_ViewDescription.text.register.init">Please, enter the required registration data. At the end of the procedure you will receive a mail with the login credentials.</item>
	<item name="LIT_ViewDescription.text.register.sended">Account was successfully created.</item>
	<item name="LIT_ViewDescription.text.recover.init">In order to recover or update your credentials, please enter your e-mail address and you will receive a message explaining the recovery procedure.</item>
	<item name="LIT_ViewDescription.text.recover.sended">Recovery mail has been correctly sent</item>
	
	<item name="LBLloginmail_t.text">Mail</item>
	<item name="LBLloginmail_t.ToolTip">e-mail address</item>
	<item name="LBLlogincode_t.text">Password</item>
	<item name="LBLlogincode_t.ToolTip">Password entered during registration</item>

	<item name="LBLrecMail_t.text">Mail</item>
	<item name="LBLrecMail_t.ToolTip">Entered e-mail address</item>
	
	
	<item name="LITloginmailHint.text">Your mail</item>
	<item name="LITlogincodeHint.text">Password</item>

	<item name="LBLregmail_t.text">E-Mail</item>
	<item name="LBLregmail_t.ToolTip">Valid e-mail address</item>
	<item name="LBLregname_t.text">Name</item>
	<item name="LBLregname_t.ToolTip">Name utente</item>
	<item name="LBLregSname_t.text">Surname</item>
	<item name="LBLregSname_t.ToolTip">User surname</item>

	<item name="LBLregPwd.text">Password</item>
	<item name="LBLregPwd.ToolTip">Password</item>

	<item name="LBLregPwd2.text">Enter password again</item>
	<item name="LBLregPwd2.ToolTip">Enter password again</item>

   <item name="LITregmailHint.text">Your mail</item>
	<item name="LITregnameHint.text">Your name</item>
	<item name="LITregSnameHint.text">Your surname</item>
	<item name="LITtokenHint.text">Access validation token</item>

	<item name="LITregmailHint">Valid e-mail address</item>
	<item name="LITregnameHint">Name</item>
	<item name="LITregSnameHint">Surname</item>
	<item name="LITrecMailHint">Entered mail address</item>
	
	<item name="LITreged.text" description="Testo visualizzato al termine della registrazione" placeholder="true" html="true">
		First registration step completed. An e-amil has been sent to your account.&lt;br/&gt;
		Dati inseriti:&lt;br/&gt;
		Cognome e nome: {displayname}&lt;br/&gt;
		Mail: {mail}&lt;br/&gt;
	</item>
	
	<item name="Error.InvalidMail">Invalid mail</item>
	<item name="Error.InvaliCode">Invalid password</item>
	<item name="Error.InvalidMailFormat">Invalid mail format</item>
	<item name="Error.RequiredField">Requested field</item>
	<item name="Error.MailInTicket">Mail already registered in the system. Try "Recover password".</item>
	<item name="Error.MailNotSended">Internal error. Mail not received.</item>
	<item name="Error.ExpiredToken">Token has expired. Retry with the last received token or try the password recovery procedure.</item>

	<item name="Error.PasswordFormat">Password format not allowed (TO-DO)</item>
	<item name="Error.PasswordNotEqual">Entered Passwords do not match</item>

    <item name="Error.Captcha">Invalid captcha</item>
    
	<item name="BTNenter.text">Enter</item>
	<item name="BTNenter.ToolTip">Access Ticket service</item>
	<item name="BTNenter.status">Access Ticket service</item>

	<item name="BTNcreate.text">Create</item>
	<item name="BTNcreate.ToolTip">Create access</item>
	<item name="BTNcreate.status">Create access</item>

	<item name="BTNrecover.text">Recovery</item>
	<item name="BTNrecover.ToolTip">Send recovery instructions</item>
	<item name="BTNrecover.status">Send recovery instructions</item>

	<item name="BTNvalidate.text">Validate</item>
	<item name="BTNvalidate.ToolTip">Validate current account</item>
	<item name="BTNvalidate.status">Validate current account</item>
	
	
	<item name="LKBtoLogin.text">Login</item>
	<item name="LKBtoLogin.ToolTip">Login page</item>
	<item name="LKBtoLogin.status">Login page</item>

	<item name="LKBtoCreate.text">Create account</item>
	<item name="LKBtoCreate.ToolTip">Go to "create account" page</item>
	<item name="LKBtoCreate.status">Go to create account</item>

	<item name="LKBtoRecover.text">Credentials recovery</item>
	<item name="LKBtoRecover.ToolTip">Go to the "Credentials recovery" page</item>
	<item name="LKBtoRecover.status">Go to the "Credentials recovery" page</item>


    <item name="LBcaptcha_t.text">Captcha</item>
    <item name="LBcaptcha_t.ToolTip">Enter the text you see in the picture.</item>

    <item name="Captcha.AudioLinkButtonText">Listen text</item>

    <item name="StepTitle.login">External access</item>
    <item name="StepTitle.register">Registration</item>
    <item name="StepTitle.recover">Credential recovery</item>
</Resource>