﻿<?xml version="1.0" encoding="utf-8" ?>
<!--eng-->
<Resource xmlns="urn:ComolTranslation">
	<item name="LTpageTitle_t.text">TicketSystem category list</item>
	<item name="LTtitle_t.text">TicketSystem category list</item>
	
	<item name="LITnoData_t.text">No category found</item>
	
	<item name="LKtable.text">Table</item>
	<item name="LKtable.ToolTip">Table</item>
	<item name="LKtable.status">Table</item>

	<item name="LKtree.text">Tree</item>
	<item name="LKtree.ToolTip">Tree</item>
	<item name="LKtree.status">Tree</item>

	<item name="LKuser.text">Users</item>
	<item name="LKuser.ToolTip">Users</item>
	<item name="LKuser.status">Users</item>

	<item name="LBLmain_t.text">Drag to reorder categories.</item>
	<item name="LBLmain_t.ToolTip">Drag to reorder categories.</item>


	<item name="LKBsave.text" >Save</item>
	<item name="LKBsave.ToolTip">Save</item>
	<item name="LKBsave.status">Save</item>
	
	<item name="LKBsave.ConfirmText">Changes will be saved, do you want to continue?</item>

    <item name="Message.Saved">Changes successfully saved.</item>
    <item name="Message.Unsaved">Internal error: changes not saved.</item>
    <item name="Message.NoModified">No changes applied.</item>
    
</Resource>