﻿<?xml version="1.0" encoding="utf-8" ?>
<!--eng-->
<Resource xmlns="urn:ComolTranslation">

	<item name="LTpageTitle_t.text">Ticket management</item>
	<item name="LTcontentTitle_t.text">Ticket management</item>

	<item name="LITrequest_t.text">Request code</item>
	<item name="LITstatus_t.text">Status</item>
	<item name="LITcategory_t.text">Category</item>
	<item name="LITreqSet_Show.text">Show details</item>
	<item name="LITreqSet_Hide.text">Hide details</item>

	<item name="LBLstatus_t.text">Status</item>
	<item name="LBLcommunity_t.text">Community</item>
	<item name="LBLcategoryInit_t.text">Category creation</item>
	<item name="LBLcategoryCur.text">Current category</item>
	<item name="LBLassignTo_t.text">Reassign category</item>

	<item name="HYPbackTop.text">Back</item>
	<item name="HYPbackTop.ToolTip">Back</item>
	<item name="HYPbackTop.status">Back</item>
	<item name="HYPbackBottom.text">Back</item>
	<item name="HYPbackBottom.ToolTip">Back</item>
	<item name="HYPbackBottom.status">Back</item>

	<item name="LKBchangeStatus.text">Change status</item>
	<item name="LKBchangeStatus.ToolTip">Change status</item>
	<item name="LKBchangeStatus.status">Change status</item>

	<item name="LKBassCate.text">Change category</item>
	<item name="LKBassCate.ToolTip">Change category</item>
	<item name="LKBassCate.text">Change category</item>

	<item name="LKBreassign.text">Assign Resolver</item>
	<item name="LKBreassign.ToolTip">Assign Resolver</item>
	<item name="LKBreassign.status">Assign Resolver</item>

	<item name="LKBreassignCom.text">Assign commnuity user</item>
	<item name="LKBreassignCom.ToolTip">Assign community user</item>
	<item name="LKBreassignCom.status">Assign community user</item>

	<item name="LKBshowAll.text">All</item>
	<item name="LKBshowAll.ToolTip">All</item>
	<item name="LKBshowAll.status">All</item>

	<item name="LKBshowMsg.text">Only messages</item>
	<item name="LKBshowMsg.ToolTip">Show user messages only</item>
	<item name="LKBshowMsg.status">Show user messages only</item>

	<item name="LKBshowSys.text">Notifications only</item>
	<item name="LKBshowSys.status">Show system messages only</item>
	<item name="LKBshowSys.ToolTip">Show system messages only</item>
	
	<item name="LKBorderRecent.text">Recents on top</item>
	<item name="LKBorderRecent.ToolTip">Sort tickets putting the recent ones on top</item>
	<item name="LKBorderRecent.status">Sort tickets by putting the recent ones on top</item>
	
	<item name="LKBorderOlder.text">Recents on bottom</item>
	<item name="LKBorderOlder.ToolTip">Sort tickets putting the recent ones at the bottom</item>
	<item name="LKBorderOlder.status">Sort tickets putting the recent ones at the bottom</item>
	
	<item name="LITmessagesExpCol.Collapse">Reduce</item>
	<item name="LITmessagesExpCol.Expand">Expand</item>

	<item name="LBLucMessage_t.text">Message text</item>
	<item name="LBLucMessage_t.ToolTip">Message text</item>
	<item name="LBLucStatus_t.text">Status</item>
	<item name="LBLucStatus_t.ToolTip">modify status</item>

	<item name="LKBucSubmit.text">Send</item>
	<item name="LKBucSubmit.ToolTip">Send</item>
	<item name="LKBucSubmit.status">Send</item>

	<item name="LKBreopen.text">Reopen</item>
	<item name="LKBreopen.ToolTip">Reopen Ticket</item>
	<item name="LKBreopen.status">Reopen Ticket</item>
	<item name="LKBreopen.ConfirmText">Ticket will be reopened, do you want to continue?</item>
	
	<item name="LKBhide.text">Hide</item>
	<item name="LKBhide.ToolTip">Hide message to the user</item>
	<item name="LKBhide.status">Hide message to the user</item>

	<item name="LKBshow.text">Show</item>
	<item name="LKBshow.ToolTip">Show message to the user</item>
	<item name="LKBshow.status">Show message to the user</item>
	
	<item name="CBXucShowToUser.text">Hide message to the user</item>
	<item name="CBXucShowToUser.ToolTip">Hide message to the user</item>
	
	<item name="Status.open">Open</item>
	<item name="Status.inProcess">In progress</item>
	<item name="Status.userRequest">Waiting for user feedback</item>
	<item name="Status.closeSolved">Closed and resolved</item>
	<item name="Status.closeUnsolved">Closed and NOT resolved</item>

	<item name="UserType.Partecipant">Participant</item>
	<item name="UserType.Manager">Manager</item>
	<item name="UserType.Resolver">Resolver</item>
	<item name="UserType.Category">Category</item>
	<item name="UserType.CategoryManager">Manager Catagory</item>
	<item name="UserType.CategoryResolver">Resolver Category</item>
	<item name="UserType.System">System</item>

	<item name="HYPedit.text">Modify</item>
	<item name="HYPedit.ToolTip">Modify</item>
	<item name="HYPedit.status">Modify</item>

	<item name="UserName.System">System</item>
	<item name="Assignment.none">- none -</item>

	<item name="Category.select">Select</item>
	<item name="ChangeStatus.message" mustcontains="{newstatus}">Status changed in '{newstatus}'.</item>

	<item name="SysMessage.filesAdded">Some files were added to the ticket by {user} on {date}</item>
	<item name="SysMessage.riassignedToCategory">The ticket was reassigned to {ToCategory} category by {user} on {date}</item>
	<item name="SysMessage.riassignedToUser">The ticket was reassigned to {ToUser} by {user} on {date}</item>
	<item name="SysMessage.statusChanged">Ticket {toStatus} by {user} on {date}</item>

	<item name="ToStatus.open" description="Sostituisce il placeholder toStatus di SysMessage.*">has been reopened</item>
	<item name="ToStatus.inProcess" description="Sostituisce il placeholder toStatus di SysMessage.*">is in progress</item>
	<item name="ToStatus.userRequest" description="Sostituisce il placeholder toStatus di SysMessage.*">is waiting for user's feedback</item>
	<item name="ToStatus.closeSolved" description="Sostituisce il placeholder toStatus di SysMessage.*">has been closed and resolved</item>
	<item name="ToStatus.closeUnsolved" description="Sostituisce il placeholder toStatus di SysMessage.*">has been closed and not resolved</item>

	<item name="Errors.NoPermission">You do not have the permission to perform this action.</item>
	<item name="Errors.NotFound">Ticket does not exist.</item>
	<item name="Errors.IsDraft">Ticket draft. As long as the user does not send it, the ticket can not be managed.</item>

	<item name="Message.ChangeCategory">Reassigned to a different category.</item>
  <item name="Message.ChangeUser">Reassigned to a different user.</item>
  <item name="Message.ChangeStatus" placeholder="true" mustcontains="{newstatus}">Status was modified in {newstatus}</item>


	<item name="Error.Reassign.Category">Category assigment error.</item>
	<item name="Error.Reassign.User">User assigment error.</item>
	<item name="Error.Reopen">Error while reopening the ticket.</item>
	<item name="Error.Send.NoMessage">Sending error: no message.</item>
	<item name="Error.Send.TicketNotFound">Sending error: Ticket not found.</item>
	<item name="Error.Send.TicketClosed">Sending error: Ticket closed.</item>
	<item name="Error.Send.DraftTicket">Sending error: Ticket draft.</item>
	<item name="Error.Send.NoPermission">Sending error: No permission.</item>

	<item name="Community.Portal">Portal</item>

	<item name="Modal.InternalUsers.Title">Assign Ticket</item>
	<item name="Modal.InternalUsers.Description">Select the user to whom assign the ticket.</item>
	
</Resource>