﻿<?xml version="1.0" encoding="utf-8" ?>
<!--eng-->
<Resource xmlns="urn:ComolTranslation">
	<item name="LNBupdateComType.text">Refresh community types</item>
	<item name="LNBupdateComType.ToolTip">Adds to the list potential missing community types</item>
	<item name="LNBupdateComType.status">Adds to the list potential missing community types</item>

	<item name="LNBsaveSettings.text">Save</item>
	<item name="LNBsaveSettings.ToolTip">Save changes</item>
	<item name="LNBsaveSettings.status">Save changes</item>

	<item name="CBXexternalLimit.text">Limit external user tickets</item>
	<!--<item name="CBXexternalLimit.ToolTip">Limita il numero di Ticket che possono essere creati da utenti esterni</item>-->
	<item name="CBXinternalLimit.text">Limit internal user tickets</item>
	<!--<item name="CBXinternalLimit.ToolTip">Limita il numero di Ticket che possono essere creati da utenti esterni</item>-->

	<item name="LBcategoryTree_t.text">Ticket categories</item>
	<item name="LBcategoryTree_t.ToolTip">Ticket public categories</item>

	<item name="LBcategoryTreeError.text">No category found. This service will be disabled.</item>
	<item name="LBcategoryTreeError.ToolTip"></item>

	<item name="LBcommunityType_t.text">Community type settings</item>
	<item name="LBcommunityType_t.ToolTip">Define which type of tickets can be created in different community types</item>

	<item name="LBnoComTypes.text">No community type found. Please click "Refresh community types".</item>
	<item name="LBnoComTypes.ToolTip">No community type found. Please click "Refresh community types".</item>

	<item name="LBLsettings_Name_t.text">Community type</item>
	<item name="LBLsettings_Name_t.ToolTip">Community type</item>
	<item name="LBLsettings_ViewTicket_t.text">Display ticket type</item>
	<item name="LBLsettings_ViewTicket_t.ToolTip">Display ticket type</item>
	<item name="LBLsettings_Public_t.text">Create Publics</item>
	<item name="LBLsettings_Public_t.ToolTip">Create a public type of Ticket</item>
	<item name="LBLsettings_Ticket_t.text">Create Ticket</item>
	<item name="LBLsettings_Ticket_t.ToolTip">Create Ticket that can be seen only by whom can see elements of "Ticket" type</item>
	<item name="LBLsettings_Private_t.text">Create Privates</item>
	<item name="LBLsettings_Private_t.ToolTip">Create Tickets that can be seen only from inside the community</item>

	<item name="LBLpublicNum_t.text">public</item>
	<item name="LBLpublicNum_t.ToolTip">Public categories amount</item>
	<item name="LBLcommunityNum_t.text">community</item>
	<item name="LBLcommunityNum_t.ToolTip">Community categories amount</item>
	<item name="LBLticketNum_t.text">ticket</item>
	<item name="LBLticketNum_t.ToolTip">Ticket categories amount</item>
	
	<item name="LTpageTitle_t.text">Ticket system global administration</item>
	<item name="LTtitle_t.text">Ticket system global administration</item>

	<item name="LIT_hypCategory.text">Show categories</item>
	
	<item name="CategoriesDialog.Title">Available categories</item>
</Resource>