<?xml version="1.0" encoding="utf-8" ?>
<!--eng-->
<Resource xmlns="urn:ComolTranslation">

	<item name="LTpageTitle_t.text">Tickets list</item>
	<item name="LTcontentTitle_t.text">Tickets list</item>
	
	<item name="LBLStatus_t.text">Status</item>
	<item name="LBLtitle_t.text">Subject</item>
	<item name="LBLdate_t.text">Date</item>

	<item name="LBLStatus_t.ToolTip">Ticket status</item>
	<item name="LBLtitle_t.ToolTip">Ticket subject</item>
	<item name="LBLdate_t.ToolTip">Date</item>

	<item name="CBXStart.text">after the</item>
	<item name="CBXend.text">before the </item>
	<item name="CBXupdatedOnly.text">Show only with news</item>
	
	<item name="CBXStart.ToolTip">show only after the</item>
	<item name="CBXend.ToolTip">show only before the</item>
	<item name="CBXupdatedOnly">Show only tickets with news</item>
	
	<item name="LKBfilter.text">Filter</item>
	<item name="LKBfilter.ToolTip">Update data with the set values</item>
	<item name="LKBfilter.status">Update data with the set values</item>

	<item name="DDLdateField.CreateOn">Sending date</item>
	<item name="DDLdateField.LastModify">Last modified on</item>
	
	<item name="LITcode_t.text" description="Limitare il numero caratteri!">Cod.</item>
	<item name="LITtitle_t.text">Subject</item>
	<item name="LITcategory_t.text">Category</item>
	<item name="LITLife_t.text">Age</item>
	<item name="LITsended_t.text">Sending</item>
	<item name="LITlastModify_t.text">Created on</item>
	<item name="LITstatus_t.text">Status</item>
	<item name="LITaction_t.text">Actions</item>

	<item name="HYPadd.text">New</item>
	<item name="HYPadd.ToolTip">Open new ticket</item>
	<item name="HYPadd.status">Open new ticket</item>

	<item name="CBXshowPreview.text">Show ticket preview</item>
	<item name="CBXshowPreview.ToolTip">Show ticket preview</item>
	<item name="CBXshowId.text">Show ticket code</item>
	<item name="CBXshowId.ToolTip">Show ticket code</item>
	<item name="CBXshowCategory.text">Show category</item>
	<item name="CBXshowCategory.ToolTip">Show category</item>
	<item name="CBXshowLastUpd.text">Show last update</item>
	<item name="CBXshowLastUpd.ToolTip">Show last update</item>
	
	<item name="Status.draft">Draft</item>
	<item name="Status.open">Open</item>
	<item name="Status.inProcess">In progress</item>
	<item name="Status.userRequest">Waiting</item>
	<item name="Status.closeSolved">Closed and resolved</item>
	<item name="Status.closeUnsolved">Closed and NOT resolved</item>
	<item name="Status.All">all</item>

	<item name="LBLusr_t.text">User: </item>
	<item name="LBLusr_t.alt">User</item>
	
	<item name="LBLnumTicket_t.text">Ticket: </item>
	<item name="LBLnumTicket_t.alt">Ticket informations</item>

	<item name="LITnumDraft.title">Draft</item>
	<item name="LITnumOpen.title">Open</item>
	<item name="LITnumInProg.title">In progress</item>
	<item name="LITnumRequest.title">User request</item>
	<item name="LITnumSolved.title">Closed and resolved</item>
	<item name="LITnumClosed.title">Closed and NOT resolved</item>

	<item name="LITnumDraft.text">Draft</item>
	<item name="LITnumOpen.text">Open</item>
	<item name="LITnumInProg.text">In progress</item>
	<item name="LITnumRequest.text">User request</item>
	<item name="LITnumSolved.text">Closed and resolved</item>
	<item name="LITnumClosed.text">Closed and NOT resolved</item>
	
	<item name="LITtimeMore.text" description="testo aggiuntivo per data aggiornamento">Updated on:</item>

	<item name="LBLlife.text" mustcontains="{day},{hour}">{day} days, {hour} hours</item>
	<item name="LBLlife.alt" mustcontains="{date}">Sent on {date}</item>

	<item name="UserName.System">System</item>

	<item name="HYPmanagement.text">Management</item>
	<item name="HYPmanagement.ToolTip">Ticket management</item>
	<item name="HYPmanagement.status">Ticket management</item>
	
</Resource>