<?xml version="1.0" encoding="utf-8" ?>
<!--eng-->
<Resource xmlns="urn:ComolTranslation">

	<item name="LTpageTitle_t.text">Ticket list</item>
	<item name="LTcontentTitle_t.text">Ticket list</item>

	<item name="HYPbackTop.text">Back</item>
	<item name="HYPbackTop.ToolTip">Back</item>
	<item name="HYPbackTop.status">Back</item>

	<item name="HYPbackBot.text">Back</item>
	<item name="HYPbackBot.ToolTip">Back</item>
	<item name="HYPbackBot.status">Back</item>
	
	<item name="LBLstatus_t.text">Status</item>
	<item name="LBLstatus_t.ToolTip">Status</item>
	
	<item name="LBLsubject_t.text">Title</item>
	<item name="LBLsubject_t.ToolTip">Title</item>
	
	<item name="LBLlang_t.text">Language</item>
	<item name="LBLlang_t.ToolTip">Language</item>
	
	<item name="LBLdateField_t.text">Date</item>
	<item name="LBLdateField_t.ToolTip">Date</item>
	
	<item name="LBLcategory_t.text">Category</item>
	<item name="LBLcategory_t.ToolTip">Category</item>
	
	<item name="LBLnumTicket_t.text">Tickets</item>
	<item name="LBLnumTicket_t.ToolTip">Tickets</item>

	<item name="LKBfilter.text">Apply filters</item>
	<item name="LKBfilter.ToolTip">Apply filters</item>
	<item name="LKBfilter.status">Apply filters</item>
	
	<item name="LITnumOpen.title">Open</item>
	<item name="LITnumInProg.title">In progress</item>
	<item name="LITnumRequest.title">User request</item>
	<item name="LITnumSolved.title">Closed and resolved</item>
	<item name="LITnumClosed.title">Closed, NOT resolved</item>

	<item name="LITnumOpen.text">Open</item>
	<item name="LITnumInProg.text">In progress</item>
	<item name="LITnumRequest.text">User request</item>
	<item name="LITnumSolved.text">Closed and resolved</item>
	<item name="LITnumClosed.text">Closed, NOT resolved</item>
	
	<item name="Status.open">Open</item>
	<item name="Status.inProcess">In progress</item>
	<item name="Status.userRequest">Waiting</item>
	<item name="Status.closeSolved">Closed and resolved</item>
	<item name="Status.closeUnsolved">Closed, NOT resolved</item>
	<item name="Status.All">All</item>

	<item name="Languages.All">All</item>

	<item name="DateField.Creation">Creation</item>
	<item name="DateField.LastModify">Last modified on</item>
	<item name="DateField.LastAssignment">Last assigned on</item>
	<item name="DateField.LastMessage">Last sent message</item>

	<item name="CBXonlyNoAnswers.text">Without answers</item>
	<item name="CBXonlyNotAssigned.text">Not assigned</item>
	<item name="CBXonlyWithNews.text">With news</item>
	<item name="CBXStart.text">after</item>
	<item name="CBXend.text">before</item>

	<item name="CBXonlyNoAnswers.ToolTip">Without answers</item>
	<item name="CBXonlyNotAssigned.ToolTip">Not assigned</item>
	<item name="CBXonlyWithNews.ToolTip">With news</item>
	<item name="CBXStart.ToolTip">after</item>
	<item name="CBXend.ToolTip">before</item>
	
	<item name="CBXshowId.text">Show code</item>
	<item name="CBXshowLang.text">Show language</item>
	<item name="CBXshowCommunity.text">Show community</item>
	<item name="CBXshowCategory.text">Show category</item>

	<item name="CBXshowId.ToolTip">Show code</item>
	<item name="CBXshowLang.ToolTip">Show language</item>
	<item name="CBXshowCommunity.ToolTip">Show community</item>
	<item name="CBXshowCategory.ToolTip">Show category</item>

	<item name="LITlkbBulk.text">Massive operations On/Off</item>

	<item name="LITtblSelAll_t.text">Select all</item>
	<item name="LITtblDeSelAll_t.text">Deselect all</item>
	<item name="LITcode_t.text">Cod.</item>
	<item name="LITsubject_t.text">Subject</item>
	<item name="LITlang_t.text">Lang.</item>
	<item name="LITcommunity_t.text">Community</item>
	<item name="LITass_t.text">Assigned to</item>
	<item name="LITcategory_t.text">Category</item>
	<item name="LITsub_t.text">Sent</item>
	<item name="LITstatus_t.text">Status</item>
	<item name="LITact_t.text">Actions</item>

	<item name="LITempty.text">No ticket found.</item>

	<item name="Attachments.text">{num} attachments</item>

	<item name="DDLcate.All.Name">All</item>
	<item name="DDLcate.All.Desciption">All the categories you can access</item>

	<item name="AssignmentTo.None">none</item>

	<item name="Category.select">Select</item>
	<item name="ChangeStatus.message" mustcontains="{newstatus}">Status modified in '{newstatus}'.</item>

	<item name="LBLerror.NoPermission">You do not have the permission to see this page.</item>

	<item name="HYPmine.text">My tickets</item>
	<item name="HYPmine.ToolTip">My personal tickets</item>
	<item name="HYPmine.status">My personal tickets</item>

	<item name="HYPadd.text">New</item>
	<item name="HYPadd.ToolTip">Open new Ticket</item>
	<item name="HYPadd.status">Open new Ticket</item>

	<item name="HYPedit.text" description="Bottoni: lasciare vuoto"></item>
	<item name="HYPedit.ToolTip">Ticket management</item>
	<item name="HYPedit.status">Ticket management</item>


	<item name="LKBassign.text" description="Bottoni: lasciare vuoto"></item>
	<item name="LKBassign.ToolTip">Assign</item>
	<item name="LKBassign.status">Assign</item>

	<item name="LKBreopen.text" description="Bottoni: lasciare vuoto"></item>
	<item name="LKBreopen.ToolTip">Reopen</item>
	<item name="LKBreopen.status">Reopen</item>

	<item name="LKBcloseSolved.text" description="Bottoni: lasciare vuoto"></item>
	<item name="LKBcloseSolved.ToolTip">Close - solved</item>
	<item name="LKBcloseSolved.status">Close - solved</item>

	<item name="LKBcloseUnSolved.text" description="Bottoni: lasciare vuoto"></item>
	<item name="LKBcloseUnSolved.ToolTip">Close - not solved</item>
	<item name="LKBcloseUnSolved.status">Close - not solved</item>
</Resource>