﻿<?xml version="1.0" encoding="utf-8" ?>
<!--eng-->
<Resource xmlns="urn:ComolTranslation">

	<item name="LBLsname_t.text">Surname</item>
	<item name="LBLname_t.text">Name</item>
	<item name="LBLmail_t.text">Mail</item>

	<item name="LKBselect.text">Select</item>
	<item name="LKBselect.ToolTip">Select current user</item>
	<item name="LKBselect.ConfirmText">The ticket will be assigned to the user, overwriting the existent assignment. Do you want to continue?</item>
	<item name="LKBselect.status">Select current user</item>
	
</Resource>