<?xml version="1.0" encoding="utf-8"?>
<Resource xmlns:xsi="http://www.w3.org/2001/XMLSchema-instance" xmlns:xsd="http://www.w3.org/2001/XMLSchema" xmlns="urn:ComolTranslation">
  <item name="Lit_PageTitle.text" html="false" placeholder="false">Glossary</item>
  <item name="Lit_PageTitle_top.text" html="false" placeholder="false">Glossary</item>
  <item name="Step1.Title" html="false" placeholder="false">Step 1: Select community</item>
  <item name="Step1.Description" html="false" placeholder="false">Select </item>
  <item name="Step2.Title" html="false" placeholder="false">Step 2: Select glossary</item>
  <item name="Step2.Description" html="false" placeholder="false">Select glossaries to import</item>
  <item name="Step3.Title" html="false" placeholder="false">Step 3: Confirm</item>
  <item name="Step3.Description" html="false" placeholder="false">Confirm choices</item>
  <item name="Step4.Title" html="false" placeholder="false">Import concluded</item>
  <item name="Step4.Description" html="false" placeholder="false" hidden="true" />
  <item name="BTNbackTop.text" html="false" placeholder="false">&lt; Back</item>
  <item name="BTNbackTop.ToolTip" html="false" placeholder="false">Previous step</item>
  <item name="BTNbackTop.status" html="false" placeholder="false">Previous step</item>
  <item name="BTNnextTop.text" html="false" placeholder="false">Next &gt;</item>
  <item name="BTNnextTop.ToolTip" html="false" placeholder="false">Next step</item>
  <item name="BTNnextTop.status" html="false" placeholder="false">Next step</item>
  <item name="BTNcompleteTop.text" disambiguation="verbo" html="false" placeholder="false">Confirm</item>
  <item name="BTNcompleteTop.ToolTip" html="false" placeholder="false">Confirm choices</item>
  <item name="BTNcompleteTop.status" html="false" placeholder="false">Confirm choices</item>
  <item name="BTNbackBottom.text" html="false" placeholder="false">&lt; Back</item>
  <item name="BTNbackBottom.ToolTip" html="false" placeholder="false">Previous step</item>
  <item name="BTNbackBottom.status" html="false" placeholder="false">Previous step</item>
  <item name="BTNnextBottom.text" html="false" placeholder="false">Next &gt;</item>
  <item name="BTNnextBottom.ToolTip" html="false" placeholder="false">Next step</item>
  <item name="BTNnextBottom.status" html="false" placeholder="false">Next step</item>
  <item name="BTNcompleteBottom.text" disambiguation="verbo" html="false" placeholder="false">Confirm</item>
  <item name="BTNcompleteBottom.ToolTip" html="false" placeholder="false">Confirm choices</item>
  <item name="BTNcompleteBottom.status" html="false" placeholder="false">Confirm choices</item>
  <item name="Lbl_NoItemSelected.text" html="false" placeholder="false">No glossary selected.</item>
  <item name="Complete.Pre" html="false" placeholder="false">Import completed: </item>
  <item name="Complete.Post" html="false" placeholder="false"> imported glossaries.</item>
  <item name="Lbl_Error.NoCommunity" html="false" placeholder="false">You must select a community.</item>
  <item name="Lbl_NoItemSelected.text" html="false" placeholder="false">Nessun glossario selezionato.</item>
  <item name="lit_NumElement_t.text" html="false" placeholder="false">terms</item>
  <item name="Lbl_SelectedGlossary_t" html="false" placeholder="false">Selected glossaries:</item>
</Resource>