﻿<?xml version="1.0" encoding="utf-8"?>
<Resource xmlns:xsi="http://www.w3.org/2001/XMLSchema-instance">
  <item name="BtSendAll.text">Invia</item>
  <item name="BtSendTo.text">Send to..</item>
  <item name="BtPrivate.text">Send private</item>
  <item name="SelUt">User not selected</item>
  <item name="IBPan1_Chat.ImageUrl">./../../images/Chat/Chat_Hot.gif</item>
  <item name="IBPan1_Chat.AlternateText">Chat</item>
  <item name="IBPan1_Chat.status">Chat</item>
  <item name="IBClear.ImageUrl">./../../images/clear.gif</item>
  <item name="IBClear.AlternateText">Delete</item>
  <item name="IBClear.status">Delete</item>
  <item name="IBPan2_Stili.ImageUrl">./../../images/Chat/Sty_HOT.gif</item>
  <item name="IBPan2_Stili.AlternateText">Styles</item>
  <item name="IBPan2_Stili.status">Styles</item>
  <item name="IBPan3_Smile.ImageUrl">./../../images/Chat/Smi_Hot.gif</item>
  <item name="IBPan3_Smile.status">Emoticon</item>
  <item name="IBPan3_Smile.AlternateText">Emoticon</item>
  <item name="IBPan4_Tools.ImageUrl">./../../images/Chat/Stru_HOT.gif</item>
  <item name="IBPan4_Tools.status">Settings</item>
  <item name="IBPan4_Tools.AlternateText">Settings</item>
  <item name="IBPan5_File.ImageUrl">./../../images/Chat/File_Hot.gif</item>
  <item name="IBPan5_File.status">File</item>
  <item name="IBPan5_File.AlternateText">File</item>
  <item name="IBPan6_Utenti.ImageUrl">./../../images/Chat/Ut_Hot.gif</item>
  <item name="IBPan6_Utenti.status">Users</item>
  <item name="IBPan6_Utenti.AlternateText">Users</item>
  <item name="IBPan7_Comunita.ImageUrl">./../../images/Chat/Com_Hot.gif</item>
  <item name="IBPan7_Comunita.status">Community</item>
  <item name="IBPan7_Comunita.AlternateText">Community</item>
  <item name="ImgLinkHelp.Url">./../../images/Chat/Hlp_HOT.gif</item>
  <item name="ImgLinkHelp.status">Help</item>
  <item name="ImgLinkHelp.AlternateText">Help</item>
  <item name="IBExit.Url">./../../images/Chat/exit.gif</item>
  <item name="IBExit.status">Logout</item>
  <item name="IBExit.AlternateText">Logout</item>
  <item name="Lbl_Link_Help.Text">Help</item>
  <item name="UtentiCom.text">Users number</item>
</Resource>