﻿<?xml version="1.0" encoding="utf-8"?>
<Resource xmlns:xsi="http://www.w3.org/2001/XMLSchema-instance">
  <item name="LblFunzione.Text">Function</item>
  <item name="LblNote.Text">&lt;p&gt;&lt;b&gt;WARNING&lt;/b&gt;&lt;p&gt;. The administrators are not responsible for the content and the files uploaded by the users.</item>
  <item name="LblPuls1.Text">View file details: name, dimension, owner, upload date.</item>
  <item name="LblPuls2.Text">Show the file list link</item>
  <item name="LblPuls3.Text">Delete the selected files. After that the file will be lost.</item>
  <item name="LblPuls4.Text">Open this window.</item>
  <item name="LblPuls5.Text">Upload the selected file.</item>
  <item name="LblPuls6.Text">Select the file to upload.</item>
  <item name="LblPuls7.Text">Indicate that it is not possible to upload a file.</item>
  <item name="LblPuls8.Text">Indicate that it is possible to upload a file.</item>
  <item name="LblPuls9.Text">Update the available file list.</item>
  <item name="LblPuls10.Text">Available file list.</item>
  <item name="LblTasto.Text">Button</item>
</Resource>