﻿<?xml version="1.0" encoding="utf-8"?>
<Resource xmlns:xsi="http://www.w3.org/2001/XMLSchema-instance">
  <item name="LBtitolo.text">User management: Add a new user</item>
  <item name="LBNopermessi.text">You don't have the permission to see this page</item>
  <item name="LogoutMessage">We are sorry, the session is expired. Retry to login in the system</item>
  <item name="LBlink.text">If the chat window doesn't open until 10 seconds please click on</item>
  <item name="LNBapri.text">this link</item>
  <item name="LNBapri.status">Click on the link if the chat window doesn't open until 10 seconds</item>
  <item name="LNBapri.ToolTip">Open the chat window</item>
</Resource>