﻿<?xml version="1.0" encoding="utf-8"?>
<Resource xmlns:xsi="http://www.w3.org/2001/XMLSchema-instance">
  <item name="Label1.text">Available files:</item>
  <item name="BtFileInfo.text">Informazioni</item>
  <item name="BtnDownload.text">Download</item>
  <item name="BtRemove.text">Remove</item>
  <item name="BtHelp.text">Help</item>
  <item name="BtSend.text">Invia</item>
  <item name="IBAggiorna.ImageUrl">./../images/aggiorna.gif</item>
  <item name="IBAggiorna.status">Update</item>
  <item name="IBAggiorna.AlternateText">Update</item>
  <item name="LblFileInfo1.text">Warning!!</item>
  <item name="LblFileInfo2.text">-</item>
  <item name="Responsab.Titolo">Warning!!</item>
  <item name="Responsab.Desc">-</item>
  <item name="InfoFile.Titolo">File info:</item>
  <item name="InfoFile.Desc">No selected files.</item>
  <item name="Download">Click to download.</item>
  <item name="HL_Help">Help</item>
  <item name="UplOK">Upload avilable</item>
  <item name="UplInCorso">Upload... Waiting..</item>
  <item name="ErrGenerico">ERROR.</item>
  <item name="ErrSize">File over 2Mb</item>
  <item name="ErrFileExist">Existing file.</item>
  <item name="ErrNoAut">Unauthorized download</item>
  <item name="ErrNoError">Fille correctly uploaded!</item>
  <item name="ErrElimOk">File deleted</item>
  <item name="Nota1">NOTES:</item>
  <item name="Nota2">For security reasons the ".ex" and ".com" files are renominated with the extensions ".ex_e" and ".co_m".</item>
  <item name="NotaFileMod">File name modified in</item>
  <item name="InfoNome">Nome file: </item>
  <item name="InfoDim">Dimensioni: </item>
  <item name="InfoDimByte">Byte:</item>
  <item name="InfoTempo">Uploaded at:</item>
  <item name="InfoUploader">Uploaded by:</item>
  <item name="InfoNote">Note: </item>
</Resource>