﻿<?xml version="1.0" encoding="utf-8"?>
<Resource xmlns:xsi="http://www.w3.org/2001/XMLSchema-instance">
  <item name="IMBaggiorna.ImageUrl">./../../Images/aggiorna.gif</item>
  <item name="IMBaggiorna.status">Update</item>
  <item name="IMBaggiorna.AlternateText">Update</item>
  <item name="IMBblocca.ImageUrl">./../../Images/lucchetto_closed.gif</item>
  <item name="IMBblocca.status">Block the user</item>
  <item name="IMBblocca.AlternateText">Block the user</item>
  <item name="IMBsblocca.ImageUrl">./../../Images/lucchetto_open.gif</item>
  <item name="IMBsblocca.status">Unlock the user</item>
  <item name="IMBsblocca.AlternateText">Unlock the user</item>
  <item name="BAMSetLvl.Text">Set level</item>
</Resource>