﻿<?xml version="1.0" encoding="utf-8"?>
<Resource xmlns:xsi="http://www.w3.org/2001/XMLSchema-instance">
  <item name="Lbl_IBChat.text">Show the message hiding the other tools</item>
  <item name="Label16.text">Set the text forma.</item>
  <item name="Label15.text">Show the emoticons</item>
  <item name="Lbl_IBStrum.text">Show the available elements</item>
  <item name="Label20.text">Updating time</item>
  <item name="Label10.text">Delete the current messages</item>
  <item name="Label25.text">Open the management file window</item>
  <item name="Lbl_IBUtenti.text">Show the online users list</item>
  <item name="Lbl_ElencoUtenti.text">Online user list</item>
  <item name="Label26.text">Chat administrator.</item>
  <item name="Label27.text">Modify the other users levels and show all the messages</item>
  <item name="Label28.text">Generic User</item>
  <item name="Label29.text">Can write and read all the message. Can modify all the messages.</item>
  <item name="Label30.text">Only read (OUT)</item>
  <item name="Label31.text">Can only read the messages. Not write.</item>
  <item name="Label32.text">Out the chat (OUT)</item>
  <item name="Label33.text">The user doesn't have the persmission to access at the chat. (Irregular user)</item>
  <item name="Label34.text">Blocked user</item>
  <item name="Label35.text">The user and his messages have been blocked. </item>
  <item name="Label21.text">Block a User</item>
  <item name="Label23.text">Unlock a User</item>
  <item name="Lbl_Refresh.text">Update the user list</item>
  <item name="Lbl_IBCom.text">View the available community list</item>
  <item name="Lbl_Help.text">Open this window</item>
  <item name="Label4.text">Send a message to all the chat participants</item>
  <item name="Label6.text">Send a public message to the selected users. To select more users press CTRL + the users.</item>
  <item name="Label8.text">SEnt a private message to the selected users. To select more users press CTRL + the users.</item>
  <item name="BtPrivate.text">Send private</item>
  <item name="BtSendTo">Send to</item>
  <item name="BtSendAll">Invia</item>
</Resource>