<?xml version="1.0" encoding="utf-8"?>
<Resource xmlns:xsi="http://www.w3.org/2001/XMLSchema-instance" xmlns:xsd="http://www.w3.org/2001/XMLSchema" xmlns="urn:ComolTranslation">
  <item name="LBtitolo.text" html="false" placeholder="false">Calendar</item>
  <item name="LBtitoloMese" html="false" placeholder="false">Monthly Calendar</item>
  <item name="LBNopermessi.text" html="false" placeholder="false">You do not have permission to access this page.</item>
  <item name="LogoutMessage" html="false" placeholder="false">Sorry, your session has expired, you have to log into the system again.</item>
  <item name="CBEventiTutti.text" html="false" placeholder="false">All</item>
  <item name="BTNfiltroEventi.status" html="false" placeholder="false">display selected events</item>
  <item name="BTNfiltroEventi.text" html="false" placeholder="false">events...</item>
  <item name="BTNfiltroEventi.ToolTip" html="false" placeholder="false">display selected events</item>
  <item name="BTNApplicaFiltroEventi.status" html="false" placeholder="false">Choose events to display</item>
  <item name="BTNApplicaFiltroEventi.text" html="false" placeholder="false">apply</item>
  <item name="BTNApplicaFiltroEventi.ToolTip" html="false" placeholder="false">Choose events to display</item>
  <item name="LBFiltroComunita.text" html="false" placeholder="false">COMMUNITY FILTER</item>
  <item name="LKBgoTOannuale.status" html="false" placeholder="false">swich to yearly view</item>
  <item name="LKBgoTOannuale.text" html="false" placeholder="false">yearly</item>
  <item name="LKBgoTOannuale.ToolTip" html="false" placeholder="false">yearly view</item>
  <item name="LKBgoTOsettimanale.text" html="false" placeholder="false">weekly</item>
  <item name="LKBgoTOsettimanale.ToolTip" html="false" placeholder="false">weekly view</item>
  <item name="LKBgoTOsettimanale.status" html="false" placeholder="false">swich to weekly view</item>
  <item name="LKB_temp.status" html="false" placeholder="false">weekly visualization</item>
  <item name="LBLVisualizzazione.text" html="false" placeholder="false">swich to view:</item>
  <item name="LBLcambiaMese.text" html="false" placeholder="false">Change month:</item>
  <item name="LBLEventiVisual.text" html="false" placeholder="false">events to display: </item>
  <item name="CBEventiTutti.text" html="false" placeholder="false">tutti</item>
  <item name="BTNfiltroEventi.text" html="false" placeholder="false">eventi...</item>
  <item name="BTNfiltroEventi.ToolTip" html="false" placeholder="false">visualizza eventi selezionati</item>
  <item name="BTNfiltroEventi.status" html="false" placeholder="false">visualizza eventi selezionati</item>
  <item name="BTNApplicaFiltroEventi.text" html="false" placeholder="false">applica</item>
  <item name="BTNApplicaFiltroEventi.ToolTip" html="false" placeholder="false">scegli eventi da visualizzare</item>
  <item name="BTNApplicaFiltroEventi.status" html="false" placeholder="false">scegli eventi da visualizzare</item>
  <item name="BTNVai.text" html="false" placeholder="false">view month</item>
  <item name="BTNVai.ToolTip" html="false" placeholder="false">display selected month</item>
  <item name="BTNVai.status" html="false" placeholder="false">View selected month</item>
  <item name="LKBSettimana.text" disambiguation="non tradurre" html="true" placeholder="false" hidden="true">--&gt;</item>
  <item name="LKBSettimana.ToolTip" html="false" placeholder="false">view the selected week</item>
  <item name="LKBSettimana.status" html="false" placeholder="false">view the selected week</item>
  <item name="LKBgoTOmensile.text" html="false" placeholder="false">monthly</item>
  <item name="LKBgoTOmensile.ToolTip" html="false" placeholder="false">monthly visualization</item>
  <item name="LKBgoTOmensile.status" html="false" placeholder="false">swich to monthly view</item>
  <item name="LBLcambiaAnno.text" html="false" placeholder="false">change year:</item>
  <item name="LKBMese.status" html="false" placeholder="false">monthly visualization</item>
  <item name="CBXLFiltroEventi.-1" html="false" placeholder="false">personal events</item>
  <item name="CBXLFiltroEventi.-2" html="false" placeholder="false">none</item>
  <item name="legenda.piuEventi" html="false" placeholder="false">Day with several events</item>
  <item name="LINKanno" html="false" placeholder="true" mustcontains="#anno#">View events of the year #anno#</item>
  <item name="LINKmese" html="false" placeholder="true" mustcontains="#mese#">View events of #mese#</item>
  <item name="TipoPersonale" html="false" placeholder="false">Personal event </item>
</Resource>