<?xml version="1.0" encoding="utf-8"?>
<Resource xmlns:xsi="http://www.w3.org/2001/XMLSchema-instance" xmlns:xsd="http://www.w3.org/2001/XMLSchema" xmlns="urn:ComolTranslation">
  <item name="LBtitolo.text" html="false" placeholder="false">WEEKLY CALENDAR</item>
  <item name="LogoutMessage" html="false" placeholder="false">Sorry, your session has expired, you have to log into the system again.</item>
  <item name="LBGestEVNT.text" html="false" placeholder="false">EVENTS MANAGEMENT</item>
  <item name="LKBInserisciEvento.text" html="false" placeholder="false">Add</item>
  <item name="LKBInserisciEvento.ToolTip" html="false" placeholder="false">enter a new event</item>
  <item name="LKBelimina.text" html="false" placeholder="false">delete</item>
  <item name="LKBelimina.ToolTip" html="false" placeholder="false">Delete selected event</item>
  <item name="LKBmodifica.text" disambiguation="verbo" html="false" placeholder="false">modify</item>
  <item name="LKBmodifica.ToolTip" html="false" placeholder="false">modify the selected event</item>
  <item name="IMBlingua_1.status" html="false" placeholder="false">Display in italian</item>
  <item name="IMBlingua_1.blocked" html="false" placeholder="false">In implementation.</item>
  <item name="IMBlingua_2.status" html="false" placeholder="false">Show in English.</item>
  <item name="IMBlingua_2.blocked" html="false" placeholder="false">In implementation.</item>
  <item name="IMBlingua_3.status" html="false" placeholder="false">Show in German.</item>
  <item name="IMBlingua_3.blocked" html="false" placeholder="false">In implementation.</item>
  <item name="IMBlingua_4.status" html="false" placeholder="false">Show in Français.</item>
  <item name="IMBlingua_4.blocked" html="false" placeholder="false">In implementation.</item>
  <item name="IMBlingua_5.status" html="false" placeholder="false">Show in Espanõl.</item>
  <item name="IMBlingua_5.blocked" html="false" placeholder="false">In implementation.</item>
  <item name="LKBInserisciEvento.status" html="false" placeholder="false">Event insertion</item>
  <item name="LKBelimina.status" html="false" placeholder="false">Event deletion</item>
  <item name="LKBmodifica.status" html="false" placeholder="false">modify event</item>
  <item name="LKBtrova.text" html="false" placeholder="false">find</item>
  <item name="LKBtrova.ToolTip" html="false" placeholder="false">Find an event</item>
  <item name="LKBtrova.status" html="false" placeholder="false">open events search page</item>
  <item name="info.1" html="false" placeholder="false">-- DELETED EVENT --</item>
  <item name="info.2" html="true" placeholder="false">ALL RECURRING EVENTS&lt;br&gt;-- HAVE BEEN DELETED--</item>
  <item name="RBLEliminaEventi.0" html="false" placeholder="false">onlu this event</item>
  <item name="RBLEliminaEventi.1" html="false" placeholder="false">all recurring events</item>
  <item name="BTNElimina.text" html="false" placeholder="false">DELETE</item>
  <item name="BTNElimina.ToolTip" html="false" placeholder="false">Event/s deletion</item>
  <item name="BTNElimina.ConfirmText" html="false" placeholder="false">Are you sure you want to delete this/these event/si?</item>
  <item name="BTNAnnulla.text" html="false" placeholder="false">CANCEL</item>
  <item name="BTNAnnulla.ToolTip" html="false" placeholder="false">Cancel operation</item>
  <item name="LKBsettPrec.text" html="false" placeholder="false" hidden="true">&lt;&lt;</item>
  <item name="LKBsettPrec.ToolTip" html="false" placeholder="false">previous week</item>
  <item name="LKBsettPrec.status" html="false" placeholder="false">go to previous week</item>
  <item name="LKBsettSucc.text" html="false" placeholder="false" hidden="true">&gt;&gt;</item>
  <item name="LKBsettSucc.ToolTip" html="false" placeholder="false">next week</item>
  <item name="LKBsettSucc.status" html="false" placeholder="false">go to next week</item>
  <item name="LBLFiltri.text" html="false" placeholder="false">CALENDAR FILTER</item>
  <item name="BTNfiltraGiorni.text" html="false" placeholder="false">days...</item>
  <item name="BTNfiltraGiorni.ToolTip" html="false" placeholder="false">select days to view</item>
  <item name="LBLfiltroORE.text" html="false" placeholder="false">hours</item>
  <item name="BTNfiltraGiorni.status" html="false" placeholder="false">Choose days to display</item>
  <item name="LKBtuttiIgiorni.text" html="false" placeholder="false">&amp;nbsp;&amp;nbsp; all &amp;nbsp;&amp;nbsp;</item>
  <item name="LKBtuttiIgiorni.ToolTip" html="false" placeholder="false">Select all days</item>
  <item name="LKBtuttiIgiorni.status" html="false" placeholder="false">Select all days</item>
  <item name="BTNApplicaFiltroG.text" html="false" placeholder="false">apply</item>
  <item name="BTNApplicaFiltroG.ToolTip" html="false" placeholder="false">display only selected days</item>
  <item name="BTNApplicaFiltroG.status" html="false" placeholder="false">display only selected days</item>
  <item name="LBLfiltroEventi.text" html="false" placeholder="false">EVENTS FILTER</item>
  <item name="CBEventiTutti.text" html="false" placeholder="false">All</item>
  <item name="BTNfiltroEventi.text" html="false" placeholder="false">events...</item>
  <item name="BTNfiltroEventi.ToolTip" html="false" placeholder="false">display selected events</item>
  <item name="BTNfiltroEventi.status" html="false" placeholder="false">display selected events</item>
  <item name="BTNApplicaFiltroEventi.text" html="false" placeholder="false">apply</item>
  <item name="BTNApplicaFiltroEventi.ToolTip" html="false" placeholder="false">Choose events to display</item>
  <item name="BTNApplicaFiltroEventi.status" html="false" placeholder="false">Choose events to display</item>
  <item name="LBFiltroComunita.text" html="false" placeholder="false">COMMUNITY FILTER</item>
  <item name="RBLFiltroComunita.-1" html="false" placeholder="false">all</item>
  <item name="RBLFiltroComunita.0" html="false" placeholder="false">current</item>
  <item name="LBLCLNminiMESE.text" html="false" placeholder="false">month</item>
  <item name="LBLCLNminiANNO.text" html="false" placeholder="false">year</item>
  <item name="LBLvaiA.text" html="false" placeholder="false">go to:</item>
  <item name="BTNVaiA_oggi.text" html="false" placeholder="false">today</item>
  <item name="BTNVaiA_oggi.ToolTip" html="false" placeholder="false">find today on calendar</item>
  <item name="BTNVaiA_oggi.status" html="false" placeholder="false">find today on calendar</item>
  <item name="LKBvediCALmini.text" html="false" placeholder="false">view calendar...</item>
  <item name="LKBvediCALmini.ToolTip" html="false" placeholder="false">View calendar</item>
  <item name="LKBvediCALmini.status" html="false" placeholder="false">View calendar</item>
  <item name="LBLdettEventoTitolo.text" html="false" placeholder="false">ERROR DETAILS</item>
  <item name="LBLdettEventoNome.text" html="false" placeholder="false">Event </item>
  <item name="LBLdettEventoCNMT.text" html="false" placeholder="false">Community</item>
  <item name="LBLdettEventoTipo.text" html="false" placeholder="false">Type</item>
  <item name="LBLdettEventoInizio.text" html="false" placeholder="false">Start</item>
  <item name="LBLdettEventoFine.text" html="false" placeholder="false">End</item>
  <item name="LBLdettEventoLink.text" html="false" placeholder="false">Link </item>
  <item name="LBLdettEventoLuogo.text" html="false" placeholder="false">Site</item>
  <item name="LKBchiudiDettaglio.ToolTip" html="false" placeholder="false">Closes event detail</item>
  <item name="LKBchiudiDettaglio.status" html="false" placeholder="false">Closes event detail</item>
  <item name="LKBzoom.text" html="false" placeholder="false">zoom</item>
  <item name="LKBzoom.ToolTip" html="false" placeholder="false">View event detail page</item>
  <item name="LKBzoom.status" html="false" placeholder="false">View event detail page</item>
  <item name="LBLVisualizzazione.text" html="false" placeholder="false">visualization</item>
  <item name="LKBgoTOmensile.text" html="false" placeholder="false">monthly</item>
  <item name="LKBgoTOmensile.ToolTip" html="false" placeholder="false">monthly view</item>
  <item name="LKBgoTOmensile.status" html="false" placeholder="false">monthly view</item>
  <item name="LKBgoTOannuale.text" html="false" placeholder="false">yearly</item>
  <item name="LKBgoTOannuale.ToolTip" html="false" placeholder="false">yearly view</item>
  <item name="LKBgoTOannuale.status" html="false" placeholder="false">yearly view</item>
  <item name="LKBbackTOall.text" html="true" placeholder="false">&lt;-- Weekly view</item>
  <item name="LKBbackTOall.ToolTip" html="false" placeholder="false">View whole week</item>
  <item name="LKBbackTOall.status" html="false" placeholder="false">View whole week</item>
  <item name="LBnopermessi.text" html="false" placeholder="false">SERVICE NOT AVAILABLE - PLEASE, RETRY LATER</item>
  <item name="calendarioSettimanale.comunita" disambiguation="singolare" html="false" placeholder="false">community"</item>
  <item name="calendarioSettimanale.del" html="false" placeholder="false">of</item>
  <item name="info.3" html="false" placeholder="false">You do not have permission to modify this event</item>
  <item name="info.4" html="false" placeholder="false">You do not have permission to delete this event</item>
  <item name="CBXLFiltroEventi.-1" html="false" placeholder="false">personal event</item>
  <item name="CBXLFiltroEventi.-2" html="false" placeholder="false">none</item>
  <item name="LKBelimina.blocked" html="false" placeholder="false">To delete an event you must previously select it</item>
  <item name="LKBmodifica.blocked" html="false" placeholder="false">To modifiy an event you must previously select it </item>
  <item name="LKBexport.text" html="false" placeholder="false" mustcontains="XLS">SAVE in XLS</item>
  <item name="LKBexport.ToolTip" html="false" placeholder="false">Export the weekly calendar in Excel</item>
  <item name="LKBexport.status" html="false" placeholder="false">Export the weekly calendar in Excel</item>
  <item name="LKBIcalendar.text" html="false" placeholder="false" mustcontains="iCal">Save iCal</item>
  <item name="LKBIcalendar.ToolTip" html="false" placeholder="false">Export  the selected event in iCalendar format</item>
  <item name="LKBIcalendar.status" html="false" placeholder="false">Export  the selected event in iCalendar format</item>
  <item name="BTNElimina.status" html="false" placeholder="false">Event/s deletion</item>
  <item name="BTNAnnulla.status" html="false" placeholder="false">Cancel operation</item>
  <item name="BTNModifica.text" disambiguation="verbo" html="false" placeholder="false">MODIFY</item>
  <item name="BTNModifica.ToolTip" html="false" placeholder="false">Modify event/s</item>
  <item name="BTNModifica.status" html="false" placeholder="false">Modify event/s</item>
  <item name="LKBelimina.ConfirmText" html="false" placeholder="false">Are you sure you want to delete this/these event/si?</item>
  <item name="LKBchiudiDettaglio.text" html="false" placeholder="false" hidden="true">X</item>
  <item name="LKBcreaReminder.text" html="false" placeholder="false">create reminder</item>
  <item name="LKBcreaReminder.ToolTip" html="false" placeholder="false">create reminder for this event</item>
  <item name="LKBcreaReminder.status" html="false" placeholder="false">create reminder for this event</item>
  <item name="LBAvviso.text" html="false" placeholder="false">Alert type:  </item>
  <item name="BTNCreaReminder.text" html="false" placeholder="false">CREATE</item>
  <item name="BTNCreaReminder.ToolTip" html="false" placeholder="false">Create reminder for the selected event</item>
  <item name="BTNCreaReminder.status" html="false" placeholder="false">Create reminder for the selected event</item>
  <item name="BTNCreaReminder.ConfirmText" html="false" placeholder="false">Do you confirm the creation of the reminder for the selected event?</item>
  <item name="info.5" html="false" placeholder="false">REMINDER CORRECTLY CREATED</item>
  <item name="info.6" html="true" placeholder="false">- ! ERROR ! -&lt;BR&gt;REMINDER NOT CREATED - retry</item>
  <item name="BTNAnnullaCreazRem.text" html="false" placeholder="false">CANCEL</item>
  <item name="BTNAnnullaCreazRem.ToolTip" html="false" placeholder="false">Cancel creation of the reminder</item>
  <item name="BTNAnnullaCreazRem.status" html="false" placeholder="false">Cancel creation of the reminder</item>
  <item name="evento.nascosto" html="false" placeholder="false">- HIDDEN -</item>
  <item name="evento.sospeso" html="false" placeholder="false">- SUSPENDED -</item>
  <item name="mail.agenda" html="false" placeholder="false">DAYLY DATEBOOK</item>
  <item name="CLNmini.mesePrecedente" html="false" placeholder="false">Previous month</item>
  <item name="CLNmini.meseSuccessivo" html="false" placeholder="false">Next month</item>
</Resource>