<?xml version="1.0" encoding="utf-8"?>
<Resource xmlns:xsi="http://www.w3.org/2001/XMLSchema-instance" xmlns:xsd="http://www.w3.org/2001/XMLSchema" xmlns="urn:ComolTranslation">
  <item name="LogoutMessage" html="false" placeholder="false">Sorry, your session has expired, you have to log into the system again.</item>
  <item name="LBtipoEventoTesto.text" html="false" placeholder="false">Type:</item>
  <item name="LBcomunitaTesto.text" disambiguation="singolare" html="false" placeholder="false">Community</item>
  <item name="LBluogoTesto.text" html="false" placeholder="false">Site</item>
  <item name="LBAulaTesto.text" html="false" placeholder="false">Classroom</item>
  <item name="LBInizioTesto.text" html="false" placeholder="false">Start</item>
  <item name="LBFineTesto.text" html="false" placeholder="false">End</item>
  <item name="LBAnnoAccTesto.text" disambiguation="A.A.=Anno accademico" html="false" placeholder="false">Academic year.</item>
  <item name="LBReferenteTesto.text" html="false" placeholder="false">Contact person</item>
  <item name="LBLinkTesto.text" html="false" placeholder="false">Link</item>
  <item name="LBvisibileTesto.text" html="false" placeholder="false">Visible</item>
  <item name="LBNoteTesto.text" html="false" placeholder="false">Notes</item>
  <item name="LBProgramma.text" html="false" placeholder="false">Program</item>
  <item name="BTNChiudi.text" html="false" placeholder="false">CLOSE</item>
  <item name="BTNChiudi.ToolTip" html="false" placeholder="false">Close event detail</item>
  <item name="BTNChiudi.status" html="false" placeholder="false">Close event detail</item>
  <item name="dettaglioEvento.del" html="false" placeholder="false">of</item>
</Resource>