<?xml version="1.0" encoding="utf-8"?>
<Resource xmlns:xsi="http://www.w3.org/2001/XMLSchema-instance" xmlns:xsd="http://www.w3.org/2001/XMLSchema" xmlns="urn:ComolTranslation">
  <item name="LBtitolo.text" html="false" placeholder="false">Event insertion for the community</item>
  <item name="LBtitoloPersonale.text" html="false" placeholder="false">Personal event insertion</item>
  <item name="LBNopermessi.text" html="false" placeholder="false">You do not have permission to access this page.</item>
  <item name="LogoutMessage" html="false" placeholder="false">Sorry, your session has expired, you have to log into the system again.</item>
  <item name="LBNomeEvento.text" html="false" placeholder="false">Name:</item>
  <item name="RFVNomeEvento.ErrorMessage" html="false" placeholder="false">ENTER A NAME FOR THE EVENT</item>
  <item name="REVNomeEvento.ErrorMessage" html="false" placeholder="false" mustcontains="100">Event name too long (max 100 characters)</item>
  <item name="LBCategoria.text" html="false" placeholder="false">Type:</item>
  <item name="LBdataInizio.text" html="false" placeholder="false">Start date:</item>
  <item name="LBDataFine.text" html="false" placeholder="false">END:</item>
  <item name="LBFineRpetizione.text" html="false" placeholder="false">End of the repetition:</item>
  <item name="LBLErrData.text" html="false" placeholder="false">INVALID end date</item>
  <item name="LBLOraInizio.text" html="false" placeholder="false">Start time:</item>
  <item name="LBLOra1.text" html="false" placeholder="false">hours</item>
  <item name="LBLMinuti1.text" html="false" placeholder="false">minutes</item>
  <item name="LBLErrORAInizio.text" html="false" placeholder="false">INVALID start time </item>
  <item name="LBLOraFine.text" html="false" placeholder="false">End time:</item>
  <item name="LBLOra2.text" html="false" placeholder="false">hours</item>
  <item name="LBLMinuti2.text" html="false" placeholder="false">minutes</item>
  <item name="LBLErrORAFine.text" html="false" placeholder="false">INVALID end time</item>
  <item name="LBRipetizione.text" html="false" placeholder="false">Ripetition:</item>
  <item name="RBLRipetizione.0" disambiguation="relativo a ripetizione di un evento" html="false" placeholder="false">none</item>
  <item name="RBLRipetizione.1" html="false" placeholder="false">daily</item>
  <item name="RBLRipetizione.2" html="false" placeholder="false">weekly</item>
  <item name="RBLRipetizione.3" html="false" placeholder="false">monthly</item>
  <item name="RBLRipetizione.4" html="false" placeholder="false">yearly</item>
  <item name="RBLRipetizione.5" html="false" placeholder="false">endless</item>
  <item name="RBCriteriGiornalieri1.text" html="false" placeholder="false">Every</item>
  <item name="LBCGgiorno.text" html="false" placeholder="false">day/s</item>
  <item name="RVnumeroGiorni.text" html="false" placeholder="false" mustcontains="1|365">enter values between 1 and 365</item>
  <item name="RFVnumeroGiorni.Text" html="false" placeholder="false">Enter days number</item>
  <item name="RDBferiali.text" html="false" placeholder="false">every working day</item>
  <item name="RDBfestivi.text" html="false" placeholder="false">every non-working day</item>
  <item name="LBCSOgni.text" html="false" placeholder="false">Every</item>
  <item name="LBCSSettimane.text" html="false" placeholder="false">weeek/s of:</item>
  <item name="RFVnumeroSettimane.Text" html="false" placeholder="false">Enter weeks number</item>
  <item name="RVnumeroSettimane.text" html="false" placeholder="false" mustcontains="1|54">enter values between 1 and 54</item>
  <item name="LBdal.text" html="false" placeholder="false">From</item>
  <item name="LBal.text" html="false" placeholder="false">At</item>
  <item name="weekday.1" html="false" placeholder="false">Monday</item>
  <item name="weekday.2" html="false" placeholder="false">Tuesday</item>
  <item name="weekday.3" html="false" placeholder="false">Wednesday</item>
  <item name="weekday.4" html="false" placeholder="false">Thursday</item>
  <item name="weekday.5" html="false" placeholder="false">Friday</item>
  <item name="weekday.6" html="false" placeholder="false">Saturday</item>
  <item name="weekday.0" html="false" placeholder="false">Sunday</item>
  <item name="RBCriterioMensile1.text" html="false" placeholder="false">The day</item>
  <item name="RfvCMnumeroGiorni.Text" html="false" placeholder="false">Enter days number</item>
  <item name="RVCMNumeroGiorni.text" html="false" placeholder="false" mustcontains="1|31">enter values between 1 and 31</item>
  <item name="LBLCMOgni.text" html="false" placeholder="false">Every</item>
  <item name="LBLCMMesi.text" html="false" placeholder="false">month/s</item>
  <item name="RFVCMNumeroMesi.Text" html="false" placeholder="false">Enter months number</item>
  <item name="RVCMNumeroMesi.text" html="false" placeholder="false" mustcontains="1|24">enter values between 1 and 24</item>
  <item name="DDLRicorrenzaMensile1.1" html="false" placeholder="false">first</item>
  <item name="DDLRicorrenzaMensile1.2" html="false" placeholder="false">second</item>
  <item name="DDLRicorrenzaMensile1.3" html="false" placeholder="false">Third</item>
  <item name="DDLRicorrenzaMensile1.4" html="false" placeholder="false">fourth</item>
  <item name="DDLRicorrenzaMensile1.5" html="false" placeholder="false">last</item>
  <item name="LBLCMOgni2.text" html="false" placeholder="false">Every</item>
  <item name="LBLCMMesi2.text" html="false" placeholder="false">month/s</item>
  <item name="RBLCriterioAnnuale1.text" html="false" placeholder="false">Every</item>
  <item name="LBLCAOgni.text" html="false" placeholder="false">of every</item>
  <item name="LBLCAAnni.text" html="false" placeholder="false">year/s</item>
  <item name="RBLCriterioAnnuale2.text" html="false" placeholder="false">Every</item>
  <item name="DDLRicorrenzaAnnuale1.1" html="false" placeholder="false">first</item>
  <item name="DDLRicorrenzaAnnuale1.2" html="false" placeholder="false">second</item>
  <item name="DDLRicorrenzaAnnuale1.3" html="false" placeholder="false">Third</item>
  <item name="DDLRicorrenzaAnnuale1.4" html="false" placeholder="false">fourth</item>
  <item name="DDLRicorrenzaAnnuale1.5" html="false" placeholder="false">last</item>
  <item name="LBLCAdi.text" html="false" placeholder="false">of</item>
  <item name="LBLCAdiOgni.text" html="false" placeholder="false">of every</item>
  <item name="LBLCAanno2.text" html="false" placeholder="false">year/s</item>
  <item name="LBLuogo.text" html="false" placeholder="false">Site:</item>
  <item name="REVLuogo.ErrorMessage" html="false" placeholder="false" mustcontains="200">EVENT SITE TOO LONG (max 200 characters)</item>
  <item name="LBAula.text" html="false" placeholder="false">Classroom:</item>
  <item name="REVAula.ErrorMessage" html="false" placeholder="false" mustcontains="50">ROOM NAME TOO LONG (max 50 characters)</item>
  <item name="LBNote.text" html="false" placeholder="false">Notes:</item>
  <item name="LBProgramma_t.text" html="false" placeholder="false">Program:</item>
  <item name="LBLink.text" html="false" placeholder="false">Links:</item>
  <item name="LBAnnoAccademico.text" disambiguation="A.A.=Anno accademico" html="false" placeholder="false">A.Y.:</item>
  <item name="LBAvviso.text" html="false" placeholder="false">Alert type:</item>
  <item name="LBvisualizzazione.text" html="false" placeholder="false">Visible:</item>
  <item name="LNBcalendario.text" html="false" placeholder="false">Go to calendar</item>
  <item name="LNBcalendario.ToolTip" html="false" placeholder="false">Go to weekly calendar</item>
  <item name="LNBcalendario.status" html="false" placeholder="false">Go to weekly calendar</item>
  <item name="LNBcrea.text" html="false" placeholder="false">Create</item>
  <item name="LNBcrea.ToolTip" html="false" placeholder="false">Create event</item>
  <item name="LNBcrea.status" html="false" placeholder="false">Create event</item>
  <item name="LBinfo.1" html="true" placeholder="false">&lt;br&gt;&lt;br&gt; OK &lt;BR&gt; Insertion succeeded &lt;br&gt;&lt;br&gt;</item>
  <item name="LBinfo.2" html="true" placeholder="false">&lt;br&gt;&lt;br&gt;ATTENZIONE !! &lt;br&gt; -- Insertion error -- &lt;br&gt;&lt;br&gt;</item>
  <item name="LBinfo.3" html="true" placeholder="false">&lt;br&gt;&lt;br&gt;ATTENZIONE !! &lt;br&gt; -- No proper date found in the time span &lt;br&gt;&lt;br&gt;specificato --</item>
  <item name="LNBcreaNuovo.text" html="false" placeholder="false">New event</item>
  <item name="LNBcreaNuovo.ToolTip" html="false" placeholder="false">Create a new event</item>
  <item name="LNBcreaNuovo.status" html="false" placeholder="false">Create a new event</item>
  <item name="Inserimento.EventoPersonale" html="false" placeholder="false">personal event</item>
  <item name="Inserimento.cambiaInizio" html="false" placeholder="false">change start date</item>
  <item name="Inserimento.nascondiCalendario" html="false" placeholder="false">hide calendar</item>
  <item name="Inserimento.cambiaFine" html="false" placeholder="false">change end date</item>
  <item name="inserimento.nessuno" html="false" placeholder="false">None </item>
  <item name="LBMacro.text" html="false" placeholder="false">Macro:</item>
  <item name="CBMacro.text" html="false" placeholder="false">Yes (hidden calendar duration)</item>
  <item name="CBVisibile.text" html="false" placeholder="false">Yes</item>
  <item name="erroreData" html="false" placeholder="false">Start time must be less than end time.</item>
  <item name="LBnoteNormale_t.text" html="false" placeholder="false">Notes:</item>
  <item name="LBprogrammaNormale_t.text" html="false" placeholder="false">Program:</item>
  <item name="LNBsalvaNote.text" html="false" placeholder="false">Close editor</item>
  <item name="LNBsalvaNote.status" html="false" placeholder="false">Close notepad</item>
  <item name="LNBsalvaNote.ToolTip" html="false" placeholder="false">Close notepad</item>
  <item name="LNBmodificaNote.text" html="false" placeholder="false">Modify text</item>
  <item name="LNBmodificaNote.status" html="false" placeholder="false">Modify text</item>
  <item name="LNBmodificaNote.ToolTip" html="false" placeholder="false">Modify text</item>
  <item name="LNBsalvaProgramma.text" html="false" placeholder="false">Close editor</item>
  <item name="LNBsalvaProgramma.status" html="false" placeholder="false">Close editor</item>
  <item name="LNBsalvaProgramma.ToolTip" html="false" placeholder="false">Close editor</item>
  <item name="LNBmodificaProgramma.text" html="false" placeholder="false">Modify text</item>
  <item name="LNBmodificaProgramma.status" html="false" placeholder="false">Modify text</item>
  <item name="LNBmodificaProgramma.ToolTip" html="false" placeholder="false">Modify text</item>
  <item name="Inserimento.-5" html="false" placeholder="false">ATTENTION: a valid date is missing in order to save the event.</item>
  <item name="Inserimento.-4" html="false" placeholder="false">ATTENTION: the event was inserted but schedule was not saved correctly.</item>
  <item name="Inserimento.-3" html="false" placeholder="false">ATTENTION: start/end date are not correct</item>
  <item name="Inserimento.-2" html="false" placeholder="false">ATTENTION: the personal event was NOT successfully inserted into the system</item>
  <item name="Inserimento.-1" html="false" placeholder="false">ATTENTION: the event was NOT successfully inserted into the system</item>
  <item name="Inserimento.0" html="false" placeholder="false">ATTENTION: error while creating the event.</item>
  <item name="Inserimento.1" html="false" placeholder="false">L'evento è stato inserito correttamente, per inserire un nuovo evento o spostarsi al calendario settimanale premere sui pulsanti posti in alto.</item>
  <item name="Inserimento.2" html="false" placeholder="false">Event was successfully modified</item>
</Resource>