<?xml version="1.0" encoding="utf-8"?>
<Resource xmlns:xsi="http://www.w3.org/2001/XMLSchema-instance" xmlns:xsd="http://www.w3.org/2001/XMLSchema" xmlns="urn:ComolTranslation">
  <item name="LBtitolo.text" html="false" placeholder="false">Modify community event</item>
  <item name="LBtitolo.Personale" html="false" placeholder="false">Modify personal event</item>
  <item name="LBNopermessi.text" html="false" placeholder="false">You do not have permission to access this page.</item>
  <item name="LogoutMessage" html="false" placeholder="false">Sorry, your session has expired, you have to log into the system again.</item>
  <item name="LBNomeEvento.text" html="false" placeholder="false">Name:</item>
  <item name="RFVNomeEvento.ErrorMessage" html="false" placeholder="false">ENTER A NAME FOR THE EVENT</item>
  <item name="REVNomeEvento.ErrorMessage" html="false" placeholder="false" mustcontains="100">Event name too long (max 100 characters)</item>
  <item name="LBCategoria.text" html="false" placeholder="false">Type:</item>
  <item name="LBdataInizio.text" html="false" placeholder="false">Start date:</item>
  <item name="LBDataFine.text" html="false" placeholder="false">End:</item>
  <item name="LBLErrData.text" html="false" placeholder="false">INVALID end date</item>
  <item name="LBLOraInizio.text" html="false" placeholder="false">Start time:</item>
  <item name="LBLOra1.text" html="false" placeholder="false">hours</item>
  <item name="LBLMinuti1.text" html="false" placeholder="false">minutes</item>
  <item name="LBLErrORAInizio.text" html="false" placeholder="false">INVALID start time </item>
  <item name="LBLOraFine.text" html="false" placeholder="false">End time:</item>
  <item name="LBLOra2.text" html="false" placeholder="false">hours</item>
  <item name="LBLMinuti2.text" html="false" placeholder="false">minutes</item>
  <item name="LBLErrORAFine.text" html="false" placeholder="false">INVALID end time</item>
  <item name="LBLuogo.text" html="false" placeholder="false">Site:</item>
  <item name="REVLuogo.ErrorMessage" html="false" placeholder="false" mustcontains="200">EVENT SITE TOO LONG (max 200 characters)</item>
  <item name="LBAula.text" html="false" placeholder="false">Classroom:</item>
  <item name="REVAula.ErrorMessage" html="false" placeholder="false" mustcontains="50">ROOM NAME TOO LONG (max 50 characters)</item>
  <item name="LBnote_t.text" html="false" placeholder="false">Notes:</item>
  <item name="LBProgramma.text" html="false" placeholder="false">Program:</item>
  <item name="LBLink.text" html="false" placeholder="false">Links:</item>
  <item name="LBAnnoAccademico.text" disambiguation="A.A.=Anno accademico" html="false" placeholder="false">A.Y.:</item>
  <item name="LBAvviso.text" html="false" placeholder="false">Alert type:</item>
  <item name="LBvisualizzazione.text" html="false" placeholder="false">Visible:</item>
  <item name="LNBcalendario.text" html="false" placeholder="false">Go to calendar</item>
  <item name="LNBcalendario.ToolTip" html="false" placeholder="false">Go to weekly calendar</item>
  <item name="LNBcalendario.status" html="false" placeholder="false">Go to weekly calendar</item>
  <item name="LNBmodifica.text" html="false" placeholder="false">Save</item>
  <item name="LNBmodifica.ToolTip" html="false" placeholder="false">Save changes</item>
  <item name="LNBmodifica.status" html="false" placeholder="false">Save changes</item>
  <item name="LBinfo.1" html="true" placeholder="false">&lt;br&gt;&lt;br&gt; OK &lt;BR&gt; event correctly modified &lt;br&gt;&lt;br&gt;</item>
  <item name="LBinfo.2" html="true" placeholder="false">&lt;br&gt;&lt;br&gt;ATTENZIONE !! &lt;br&gt; -- Modification not succeeded -- &lt;br&gt;&lt;br&gt;</item>
  <item name="LBinfo.3" html="true" placeholder="false">&lt;br&gt;&lt;br&gt;ATTENZIONE !! &lt;br&gt; -- The start date of the event must be lesser than the end date -- &lt;br&gt;&lt;br&gt;</item>
  <item name="LNBricerca.text" html="false" placeholder="false">Back to search</item>
  <item name="LNBricerca.ToolTip" html="false" placeholder="false">Back to search page</item>
  <item name="LNBricerca.status" html="false" placeholder="false">Back to search page</item>
  <item name="Modifica.nessuna" html="false" placeholder="false">None</item>
  <item name="Modifica.nessuno" html="false" placeholder="false">None </item>
  <item name="LBMacro.text" description="Operazioni" html="false" placeholder="false">Macro:</item>
  <item name="CBMacro.text" html="false" placeholder="false">Yes (hidden calendar duration)</item>
  <item name="CBVisibile.text" html="false" placeholder="false">Yes</item>
  <item name="erroreData" html="false" placeholder="false">Start time must be less than end time.</item>
  <item name="LBnoteNormale_t.text" html="false" placeholder="false">Notes:</item>
  <item name="LBprogrammaNormale_t.text" html="false" placeholder="false">Program:</item>
  <item name="LNBsalvaNote.text" html="false" placeholder="false">Close editor</item>
  <item name="LNBsalvaNote.status" html="false" placeholder="false">Close editor</item>
  <item name="LNBsalvaNote.ToolTip" html="false" placeholder="false">Close editor</item>
  <item name="LNBmodificaNote.text" html="false" placeholder="false">Open Editor</item>
  <item name="LNBmodificaNote.status" html="false" placeholder="false">Open Editor</item>
  <item name="LNBmodificaNote.ToolTip" html="false" placeholder="false">Open Editor</item>
  <item name="LNBsalvaProgramma.text" html="false" placeholder="false">Close editor</item>
  <item name="LNBsalvaProgramma.status" html="false" placeholder="false">Close editor</item>
  <item name="LNBsalvaProgramma.ToolTip" html="false" placeholder="false">Close editor</item>
  <item name="LNBmodificaProgramma.text" html="false" placeholder="false">Open Editor</item>
  <item name="LNBmodificaProgramma.status" html="false" placeholder="false">Open Editor</item>
  <item name="LNBmodificaProgramma.ToolTip" html="false" placeholder="false">Open Editor</item>
  <item name="Inserimento.-7" html="false" placeholder="false">ATTENTION: start date and hour must be less than end date and hour.</item>
  <item name="Inserimento.-6" html="false" placeholder="false">ATTENTION: error while editing data</item>
  <item name="Inserimento.-5" html="false" placeholder="false">ATTENTION: a valid date is missing in order to save the event.</item>
  <item name="Inserimento.-4" html="false" placeholder="false">ATTENTION: the event was modified but NOT l'evento è stato modificato ma NON sono state salvate le modifiche al programma</item>
  <item name="Inserimento.-3" html="false" placeholder="false">ATTENTION: start/end date are not correct</item>
  <item name="Inserimento.-2" html="false" placeholder="false">ATTENTION: the personal event was NOT successfully modified </item>
  <item name="Inserimento.-1" html="false" placeholder="false">ATTENTION: event was NOT correctly modified</item>
  <item name="Inserimento.0" html="false" placeholder="false">ATTENTION: error while editing the selected organization.</item>
  <item name="Inserimento.1" html="false" placeholder="false">L'evento è stato inserito correttamente, per inserire un nuovo evento o spostarsi al calendario settimanale premere sui pulsanti posti in alto.</item>
  <item name="Inserimento.2" html="false" placeholder="false">Event was successfully modified</item>
  <item name="Inserimento.3" html="false" placeholder="false">Event was already modified</item>
</Resource>