<?xml version="1.0" encoding="utf-8"?>
<Resource xmlns:xsi="http://www.w3.org/2001/XMLSchema-instance" xmlns:xsd="http://www.w3.org/2001/XMLSchema" xmlns="urn:ComolTranslation">
  <item name="LBtitolo.text" html="false" placeholder="false">Find event</item>
  <item name="LBNopermessi.text" html="false" placeholder="false">You do not have permission to access this page.</item>
  <item name="LogoutMessage" html="false" placeholder="false">Sorry, your session has expired, you have to log into the system again.</item>
  <item name="DGEventi.page" html="false" placeholder="true" mustcontains="#%%#">Page &lt;#%%#&gt;</item>
  <item name="DGEventi.ordinamento.0.status" html="false" placeholder="true" mustcontains="#%%#">Ascending order by &lt;#%%#&gt;</item>
  <item name="DGEventi.ordinamento.1.status" html="false" placeholder="true" mustcontains="#%%#">Descending order by &lt;#%%#&gt;</item>
  <item name="DGEventi.ordinamento.2.status" html="false" placeholder="true" mustcontains="#%%#">Order by &lt;#%%#&gt;</item>
  <item name="DGEventi.IMBcancella.ImageUrl" disambiguation="non tradurre" html="false" placeholder="false" hidden="true" mustcontains="../images/x.gif">../images/x.gif</item>
  <item name="DGEventi.IMBcancella.status" html="false" placeholder="false">Delete selected event</item>
  <item name="DGEventi.IMBcancella.AlternateText" html="false" placeholder="false">Delete</item>
  <item name="DGEventi.IMBcancella.ImageUrl_disabled" disambiguation="non tradurre" html="false" placeholder="false" hidden="true" mustcontains="../images/x_d.gif">../images/x_d.gif</item>
  <item name="DGEventi.IMBcancella.ConfirmText" html="false" placeholder="false">Are you sure you want to delete the selected event?</item>
  <item name="DGEventi.IMBmodifica.ImageUrl" disambiguation="non tradurre" html="false" placeholder="false" hidden="true" mustcontains="../images/m.gif">../images/m.gif</item>
  <item name="DGEventi.IMBmodifica.status" html="false" placeholder="false">modify the selected event.</item>
  <item name="DGEventi.IMBmodifica.AlternateText" disambiguation="verbo" html="false" placeholder="false">Modify</item>
  <item name="DGEventi.TPEV_nome.HeaderText" html="false" placeholder="false">Category</item>
  <item name="DGEventi.ORRI_inizio.HeaderText" html="false" placeholder="false">Start</item>
  <item name="DGEventi.ORRI_fine.HeaderText" html="false" placeholder="false">End</item>
  <item name="DGEventi.annoAccademico.HeaderText" disambiguation="A.A.=Anno accademico" html="false" placeholder="false">A.Y.</item>
  <item name="DGEventi.CMNT_nome.HeaderText" disambiguation="singolare" html="false" placeholder="false">Community</item>
  <item name="DGEventi.EVNT_nome.HeaderText" html="false" placeholder="false">Event name</item>
  <item name="DDLricerca.4" html="false" placeholder="false">List all the stored events</item>
  <item name="DDLricerca.3" html="false" placeholder="false">Search events that occur on a date</item>
  <item name="DDLricerca.0" html="false" placeholder="false">Search events that occur between two dates</item>
  <item name="DDLricerca.5" html="false" placeholder="false">Search all events, except for the ones between the two dates</item>
  <item name="DDLricerca.1" html="false" placeholder="false">Search events that occur before a date</item>
  <item name="DDLricerca.2" html="false" placeholder="false">Search events that occur after a date</item>
  <item name="DDLricerca.6" html="false" placeholder="false">Search events modified after a date</item>
  <item name="LBvisualizzazione.text" html="false" placeholder="false">Show events of:</item>
  <item name="LKBgoTOsettimanale.text" html="false" placeholder="false">this week</item>
  <item name="LKBgoTOsettimanale.status" html="false" placeholder="false">Show the events of this week.</item>
  <item name="LKBgoTOsettimanale.ToolTip" html="false" placeholder="false">Show the events of this week.</item>
  <item name="LKBgoTOmensile.text" html="false" placeholder="false">this month</item>
  <item name="LKBgoTOmensile.status" html="false" placeholder="false">Show the events of this month.</item>
  <item name="LKBgoTOmensile.ToolTip" html="false" placeholder="false">Show the events of this month.</item>
  <item name="LKBgoTOannuale.text" html="false" placeholder="false">this year</item>
  <item name="LKBgoTOannuale.status" html="false" placeholder="false">Show the events of this year.</item>
  <item name="LKBgoTOannuale.status" html="false" placeholder="false">Mostra gli eventi di quest'anno.</item>
  <item name="LBdataInizio.text" html="false" placeholder="false">Start date:</item>
  <item name="LBDataFine.text" html="false" placeholder="false">End date:</item>
  <item name="LBtipoRicerca_t.text" html="false" placeholder="false">Search type:</item>
  <item name="LBFiltroComunita.text" disambiguation="singolare" html="false" placeholder="false">Community:</item>
  <item name="RBLFiltroComunita.-1" html="false" placeholder="false">all</item>
  <item name="RBLFiltroComunita.0" html="false" placeholder="false">current</item>
  <item name="LBdataInizio.0" html="false" placeholder="false">Events between the:</item>
  <item name="LBdataFine.0" html="false" placeholder="false"> and the:</item>
  <item name="LBdataInizio.1" html="false" placeholder="false">Events before the:</item>
  <item name="LBdataInizio.2" html="false" placeholder="false">Events after:</item>
  <item name="LBdataInizio.3" html="false" placeholder="false">Events on:</item>
  <item name="LBdataInizio.4" html="false" placeholder="false">Events modified after:</item>
  <item name="LBdataInizio.5" html="false" placeholder="false">Events before the:</item>
  <item name="LBDataFine.5" html="false" placeholder="false"> and after the:</item>
  <item name="DDLCategoria.-1" html="false" placeholder="false">All</item>
  <item name="BTNCerca.text" html="false" placeholder="false">Find</item>
  <item name="BTNCerca.status" html="false" placeholder="false">Find events</item>
  <item name="BTNCerca.ToolTip" html="false" placeholder="false">Find events</item>
  <item name="LBnoRecord.1" html="false" placeholder="false">No events found, according to the specified search criteria</item>
  <item name="LBnoRecord.2" html="false" placeholder="false">! ERRORE ! - Service unavailable, retry later</item>
  <item name="DDLCategoria.0" html="false" placeholder="false">personal event</item>
  <item name="LBLErrData.text" html="false" placeholder="false">Attention! Start date must be less than end date!</item>
  <item name="LBcategoria.text" html="false" placeholder="false">Category:</item>
  <item name="LBAzione_t.text" html="false" placeholder="false">Filters</item>
  <item name="LNBelimina.text" html="false" placeholder="false">Delete selected</item>
  <item name="LNBelimina.status" html="false" placeholder="false">Delete selected events.</item>
  <item name="LNBelimina.ToolTip" html="false" placeholder="false">Show selected events.</item>
  <item name="ConfermaSelezione" html="false" placeholder="false">ATTENTION: select at least an event to delete. </item>
  <item name="Conferma" html="false" placeholder="false">ATTENTION: selected eventa will be definitively deleted. Press OK to continue.</item>
</Resource>