﻿<?xml version="1.0" encoding="utf-8"?>
<Resource xmlns:xsi="http://www.w3.org/2001/XMLSchema-instance">
  <item name="LBinfoModFile.text">Needed "*" fields !</item>
  <item name="LBuploadIn_t.text">Create in:</item>
  <item name="LBnomeFile_t.text">Filename: </item>
  <item name="LBnomeCartella_t.text">*Folder name:</item>
  <item name="LBdescrizione_t.text">Description:</item>
  <item name="LBcategoria_t.text">Category:</item>
  <item name="DDLcategoria.0">not recognized</item>
  <item name="LBtipologia_t.text">Type:</item>
  <item name="DDLtipologia.0">not recognized</item>
  <item name="LBdataUpload_t.text">Insertion date:</item>
  <item name="LBdepositatoDa_t.text">Depositato da: </item>
  <item name="LBproprietario_t.text">Owner:</item>
  <item name="LBpercorso_t.text">Path:</item>
  <item name="LBautore_t.text">Author/s:</item>
  <item name="LBinfo1_t.text">Info 1:</item>
  <item name="LBinfo2_t.text">Info 2:</item>
  <item name="LBinfo3_t.text">Info 3:</item>
  <item name="LBvisibile_t.text">Visible:&amp;nbsp;</item>
  <item name="LBordine_t.text">View Priority:</item>
  <item name="RBLvisibile.1">To all</item>
  <item name="RBLvisibile.0">Only to the owner</item>
  <item name="LBinsertChar.text">Only char from &lt;b&gt;a&lt;/b&gt; to &lt;b&gt;z&lt;/b&gt;, from &lt;b&gt;0&lt;/b&gt; to &lt;b&gt;9&lt;/b&gt;, &lt;b&gt;-&lt;/b&gt; and &lt;b&gt;&lt;u&gt;&amp;nbsp;&amp;nbsp;&lt;/u&gt;&lt;/b&gt;</item>
  <item name="LBcomunita_t.text">Community:</item>
  <item name="LBdestinazione_t.text">Destination</item>
  <item name="creata">( Created by #%%# )</item>
  <item name="stato.True">The enrollment MUST be validated.</item>
  <item name="stato.False">Access allowed to everybody</item>
  <item name="stato.image.True">lucchetto_closed.gif</item>
  <item name="stato.image.False">lucchetto_open.gif</item>
  <item name="status.Bloccata">(status = Blocked)</item>
  <item name="status.Archiviata">(status = Achieved)</item>
  <item name="oRootNodeComunita.ToolTip">Destination Community</item>
  <item name="oRootNodeComunita.Text">Community:</item>
  <item name="NoNodeComunita.Text">The user hasn't got the permission to upload a file in any community</item>
  <item name="NoNodeComunita.ToolTip">The user hasn't got the permission to upload a file in any community</item>
  <item name="oRootNodeCartelle.ToolTip">Base Folder</item>
  <item name="oRootNodeCartelle.Text">Base Folder</item>
  <item name="LBinfoFile_t.text">File: </item>
  <item name="LBaggiornaIn_t.text">Copy in:</item>
  <item name="LNBaggiungi.text">Add community</item>
  <item name="LNBaggiungi.status">Add community</item>
  <item name="LNBaggiungi.Tooltip">Add community</item>
  <item name="LNBannulla.text">Undo</item>
  <item name="LNBannulla.status">Undo</item>
  <item name="LNBannulla.Tooltip">Undo</item>
  <item name="LNBconferma.text">Confirm</item>
  <item name="LNBconferma.status">Confirm</item>
  <item name="LNBconferma.Tooltip">Confirm</item>
  <item name="inserimento.-6">Tipologia file mancante !</item>
  <item name="inserimento.-5">Errore nel salvataggio dei dati !</item>
  <item name="inserimento.-4">File not found !</item>
  <item name="inserimento.-3">Non tutti i campi obbligatori risultano completi !</item>
  <item name="inserimento.-2">La categoria del file non è disponibile, impossibile salvare le modifiche !</item>
  <item name="inserimento.-1">Errore nella modifica dei dati, operazione non completata!</item>
  <item name="inserimento.0">The file wasn't created yet!</item>
  <item name="inserimento.-7">The directory wasn't created yet!</item>
  <item name="inserimento.1">Inserimento avvenuto correttamente.</item>
  <item name="inserimento.2">Modifica avvenuta correttamente.</item>
  <item name="inserimento.4">The directory was correctly created</item>
  <item name="inserimento.5">The file was correctly created</item>
  <item name="inserimento.-8">Il file esiste già !</item>
  <item name="inserimento.-9">Errore nell'upload del file !</item>
  <item name="inserimento.-10">The directory already exists</item>
  <item name="dir">Folder:&amp;nbsp;</item>
  <item name="LBspostaIn_t.text">Destination Folder.:</item>
  <item name="LBfileSpostare_t.text">File to move:</item>
  <item name="LBseleziona_t.text">Select:</item>
  <item name="RBLselezionaFile.0">Single</item>
  <item name="RBLselezionaFile.1">All</item>
  <item name="LBcurrentPath_t.text">Actual Path:</item>
  <item name="LBnomeDir_t.text">Folder:</item>
  <item name="LBsovrascrivi_t.text">Substitute the existents:</item>
  <item name="CBXsovra.text">Yes</item>
  <item name="senzaProprietario">File without owner</item>
  <item name="LBinfoDelete_t.text">WARNING: select the file and folder to delete. After pressing "Delete" all the selection will NOT be available again!</item>
  <item name="DGFileDisponibile.FLDS_Ordine.HeaderText">Order</item>
  <item name="DGFileDisponibile.FLDS_Nome.HeaderText">File</item>
  <item name="DGFileDisponibile.FLDS_dataInserimento.HeaderText">Upload Date</item>
  <item name="DGFileDisponibile.page">Page &lt;#%%#&gt;</item>
  <item name="DGFileDisponibile.ordinamento.0.status">Incrising order by &lt;#%%#&gt;</item>
  <item name="DGFileDisponibile.ordinamento.1.status">Decreasing order for &lt;#%%#&gt;</item>
  <item name="DGFileDisponibile.ordinamento.2.status">Order by &lt;#%%#&gt;</item>
  <item name="DGFileDisponibile.Download.HeaderText">Download</item>
  <item name="SENZAproprietario">File senza proprietario</item>
  <item name="NONvisibile">File not visible</item>
  <item name="LBinfoOrdinamento_t.text">Please set the priority index for the file list. The value must be bewteen 1 and #num#.</item>
  <item name="LBordinamento_t.text">Order:</item>
  <item name="RBLordinamento.0">Actual</item>
  <item name="RBLordinamento.1">for upload date</item>
  <item name="LBnoFile.text">No file into the selected folder</item>
  <item name="LBsommarioDir_info.text">Folder statistics</item>
  <item name="LBcartella_t.text">Folder</item>
  <item name="LBcartellaDim_t.text">Dim.</item>
  <item name="LBcartellaNum_t.text">N. Material</item>
  <item name="LBcartellaDown_t.text">Download</item>
  <item name="LBsommarioDirTop_info.text">Top Ten Folder</item>
  <item name="LBcartellaTop_t.text">Folder</item>
  <item name="LBcartellaTopDim_t.text">Dim.</item>
  <item name="LBcartellaTopDown_t.text">Download</item>
  <item name="LBsommarioFile_info.text">Material Statistics</item>
  <item name="LBestensione_t.text">Type</item>
  <item name="LBfileDim_t.text">Dim.</item>
  <item name="LBfileNum_t.text">N°</item>
  <item name="LBfileDown_t.text">Download</item>
  <item name="LBtotTenFile_t.text">Top Ten Material</item>
  <item name="LBfileTop_t.text">Name</item>
  <item name="LBfileTopDim_t.text">Dim.</item>
  <item name="LBfileTopDown_t.text">Download</item>
  <item name="DDLstatoComunita.-1">All</item>
  <item name="DDLstatoComunita.0">Active</item>
  <item name="DDLstatoComunita.1">Achieved</item>
  <item name="DDLstatoComunita.2">Blocked</item>
  <item name="Totali.Text">Total</item>
  <item name="LBnumIscrizioni.Text">N° members:</item>
  <item name="RBLnumeroIscritti.0">Unlimited</item>
  <item name="RBLnumeroIscritti.1">Close Number</item>
  <item name="Localization.Cancel">Undo</item>
  <item name="Localization.ElapsedTime">Spent Time:</item>
  <item name="Localization.EstimatedTime">Estimated Time:</item>
  <item name="Localization.Total">Total</item>
  <item name="Localization.TotalFiles">Total file:</item>
  <item name="Localization.TransferSpeed">Transfer Speed:</item>
  <item name="Localization.Uploaded">Uploaded</item>
  <item name="Localization.UploadedFiles">Uploaded files:</item>
  <item name="Localization.CurrentFileName">Uploading files:</item>
	<item name="fileName">File name:</item>
	<item name="fileType">File type:</item>
	<item name="fileType.1">Standard</item>
	<item name="fileType.2">Scorm</item>
	<item name="pagetitle"></item>
	<item name="nopermission">You don't have the permission to see this page</item>
</Resource>