<?xml version="1.0" encoding="utf-8" ?> 
<Resource>
	<item name="LBimporta_t.text">Seleziona il materiale da importare nella comunità attuale</item>
	<item name="LBsorgente_t.text">Comunità sorgente:</item>
	<item name="LBuploadIn_t.text">Importa In:</item>
	<item name="LBfile_t.text">Scelta materiale:</item>
	<item name="RBLimporta.-1">Selezione completa</item>
	<item name="RBLimporta.1">Selezione manuale</item>
	<item name="LBvisibilita_t.text">Visibilità:</item>
	<item name="RBLvisibilita.-1">Invariata</item>
	<item name="RBLvisibilita.1">Tutti visibili</item>
	<item name="RBLvisibilita.0">Tutti nascosti</item>
	<item name="LBmateriale_t.text">Materiale:</item>
	<item name="oRootNode.Text">Root</item>
	<item name="oRootNode.ToolTip">Root</item>
</Resource>