﻿<?xml version="1.0" encoding="utf-8"?>
<Resource xmlns:xsi="http://www.w3.org/2001/XMLSchema-instance">
  <item name="LBvai_t.text">Folder:&amp;nbsp;</item>
  <item name="oRootNode.Text">Base folder</item>
  <item name="oRootNode.ToolTip">Base folder</item>
  <item name="LBpercorso_t.text">Folder:&amp;nbsp;</item>
  <item name="LNBroot.text">&lt;img src="./../images/freccia_dx.gif"&gt;&amp;nbsp;Base Folder</item>
  <item name="LNBroot.status">Base folder</item>
  <item name="LNBroot.ToolTip">Go to the base folder</item>
  <item name="LNBfolderUp.text">&amp;nbsp;Up Level Folder</item>
  <item name="LNBfolderUp.status">&amp;nbsp;Up Level Folder</item>
  <item name="LNBfolderUp.ToolTip">&amp;nbsp;Up Level Folder</item>
  <item name="LBgoToFolder_t.text">Go to the folder:&amp;nbsp;</item>
</Resource>