<?xml version="1.0" encoding="utf-8"?>
<Resource xmlns:xsi="http://www.w3.org/2001/XMLSchema-instance" xmlns:xsd="http://www.w3.org/2001/XMLSchema" xmlns="urn:ComolTranslation">
  <item name="LBquizTitle.text" html="false" placeholder="false">Questionnaire</item>
  <item name="LBmandatoryTitle.text" html="false" placeholder="false">Mandatory</item>
  <item name="LBvisibleTitle.text" html="false" placeholder="false">Visible</item>
  <item name="LBautogenerated.text" html="false" placeholder="false">Automatically generated</item>
  <item name="LBsaveCertificate.text" html="false" placeholder="false">Save Certificate</item>
  <item name="LBactiveOnMinCompletion.text" html="false" placeholder="false">Active if minimum completion is reached</item>
  <item name="LBactiveOnMinMark.text" html="false" placeholder="false">Active if minimum evaluation is reached</item>
  <item name="LBtemplate.text" html="false" placeholder="false">Template</item>
  <item name="LBcertificateNameTitle.text" html="false" placeholder="false">Certificate name</item>
  <item name="DefaultCertificateName" html="false" placeholder="false">Certificate</item>
  <item name="BTNsave.text" html="false" placeholder="false">Save</item>
  <item name="HYPviewActivity.text" html="false" placeholder="false">View activity</item>
  <item name="yes" html="false" placeholder="false">Yes</item>
  <item name="no" html="false" placeholder="false">No</item>
  <item name="Error.Generic" html="false" placeholder="false">System error</item>
  <item name="Error.NotPermission" html="false" placeholder="false">No permissions to perform the operation</item>
  <item name="Error.NotManageable" html="false" placeholder="false">Path blocked</item>
  <item name="Error.Url" html="false" placeholder="false">Wrong address</item>
  <item name="Error.Data" html="false" placeholder="false">Error while saving data</item>
  <item name="Success.Save" html="false" placeholder="false">Correctly saved</item>
  <item name="EpError.EmptyActivities" html="true" placeholder="false">&lt;script language="javascript" type="text/javascript"&gt;alert('Impossible to edit visibility. There are empty activities');&lt;/script&gt;</item>
  <item name="HYPerror.text" html="false" placeholder="false">Display educational paths list </item>
  <item name="HYPerror.ToolTip" html="false" placeholder="false">Display educational paths list </item>
  <item name="LBusePathEndDateStatistics.text" html="false" placeholder="false">Data after deadline</item>
  <item name="LBactiveAfterPathEndDate.text" html="false" placeholder="false">Allow to generate later</item>
  <item name="LTusePathEndDateStatistics.text" html="false" placeholder="true" mustcontains="{options}">inserisci i risultati ottenuti entro l'eventuale limite temporale di partecipazione al percorso {options}</item>
  <item name="LTactiveAfterPathEndDate.text" html="false" placeholder="true" mustcontains="{options}">allow certification issue after the path participation deadline {options}</item>
  <item name="EndDate.Options.Not" html="false" placeholder="false">(currently NOT set)</item>
  <item name="EndDate.Options.Date" html="false" placeholder="true" mustcontains="{date}">(currently set on the {date})</item>
  <item name="EndDate.Options.Parcipipant" html="false" placeholder="false">(based on the time limitation set on the participant)</item>
  <item name="LNBgenerateCertification.text" description="non tradurre" html="false" placeholder="true" mustcontains="{0}">{0}</item>
  <item name="LNBgenerateCertification.ToolTip" html="false" placeholder="false">View certificate</item>
  <item name="CertificationActionBegin" html="false" placeholder="true" mustcontains="{0}">Download the certificate "{0}"</item>
  <item name="CertificationActionInfo" html="false" placeholder="true" mustcontains="{0}">Action of generation of a certificate "{0}".</item>
  <item name="HYPpreviewCertification.text" html="false" placeholder="false">Preview</item>
  <item name="HYPpreviewCertification.ToolTip" html="false" placeholder="false">Certificate preview</item>
  <item name="LBanyone.text" description="non tradurre" html="false" placeholder="false" hidden="true">---</item>
  <item name="Certification.AutoGenerated" html="false" placeholder="false">automatically generate and save</item>
  <item name="Certification.SaveCertificate" html="false" placeholder="false">Save at first run</item>
  <item name="Certification.OnlyUserDownload" html="false" placeholder="false">Generate at every  ad ogni richiesta (nessun salvataggio)</item>
  <item name="Certification.ActiveOnMinCompletion" html="false" placeholder="true" mustcontains="{0}">Activate on minimum completion ({0})</item>
  <item name="Certification.ActiveOnMinMark" html="false" placeholder="true" mustcontains="{0}">Activate minimum score ({0})</item>
  <item name="Certification.infoQuiz" html="false" placeholder="false">Activate according to the questionnaires:</item>
  <item name="Certification.infoQuiz.True.True" html="false" placeholder="true" mustcontains="{0}">{0} (mandatory and with data contained in the issued certificate)</item>
  <item name="Certification.infoQuiz.True.False" html="false" placeholder="true" mustcontains="{0}">{0} (mandatory for activation)</item>
  <item name="Certification.infoQuiz.False.True" html="false" placeholder="true" mustcontains="{0}">{0} (data contained in the issued certificate)</item>
  <item name="DisplayMessageToken.pdf" html="false" placeholder="false">The creation of the requested certificate in PDF is in progress. Wait a few seconds to download it.</item>
  <item name="DisplayMessageToken.rtf" html="false" placeholder="false">The creation of the requested certificate in RTF is in progress. Wait a few seconds to download it.</item>
  <item name="CertificationName" html="false" placeholder="false">Certificate</item>
  <item name="CertificationActionDownload" html="false" placeholder="false">View certificate:</item>
  <item name="LNBgenerateCertification.Download" description="non tradurre" html="false" placeholder="true" mustcontains="{0}">{0}</item>
  <item name="LNBgenerateCertification.ToolTip" html="false" placeholder="false">Visualizza il certificato</item>
  <item name="CertificationActionForGenerate" html="false" placeholder="false">View certificate:</item>
  <item name="LNBgenerateCertification.GenerateDownload" description="non tradurre" html="false" placeholder="true" mustcontains="{0}">{0}</item>
  <item name="LNBgenerateCertification.GenerateToolTip" html="false" placeholder="false">View certificate</item>
  <item name="Certification.FileName" html="false" placeholder="true" mustcontains="{0}">UserCertificate{0}</item>
  <item name="Certification.CertificationDescription" html="false" placeholder="false">Certificate issued ffor the educational path {0}</item>
  <item name="DisplayRemovedTemplate" html="false" placeholder="true" mustcontains="{0}">View the certificate {0} (impossible to generate it, due to missing template)</item>
  <item name="DisplayUnselectedTemplate" html="false" placeholder="true" mustcontains="{0}">View the certificate {0} (impossible to generate it, due to wrong manager settings)</item>
  <item name="DisplayUnselectedTemplateInfo" html="false" placeholder="true" mustcontains="{0}">View the certificate {0} (impossible to generate it, due to missing Template selection)</item>
  <item name="LBcertificationName_t.text" html="false" placeholder="false">Certificate name:</item>
  <item name="LBcertificationSavingOption_t.text" html="false" placeholder="false">Save sul server il certificato emesso:</item>
  <item name="LBcertificationAutogenerateOption_t.text" html="false" placeholder="false">automatically generate:</item>
  <item name="LBcertificationMinCompletionActivationOption_t.text" html="false" placeholder="false">Active if minimum completion is reached:</item>
  <item name="LBcertificationMinMarkActivationOption_t.text" html="false" placeholder="false">Active if minimum evaluation is reached:</item>
  <item name="LBusePathEndDateStatistics_t.text" html="false" placeholder="false">Use data after expiration</item>
  <item name="LBactiveAfterPathEndDate_t.text" html="false" placeholder="false">Allow to generate later:</item>
  <item name="LBselectedMandatoryOption.True" html="false" placeholder="false" hidden="true">X</item>
  <item name="LBselectedMandatoryOption.True.ToolTip" html="false" placeholder="false">Mandatory</item>
  <item name="LBselectedMandatoryOption.False" html="false" placeholder="false" hidden="true" />
  <item name="LBselectedMandatoryOption.False.ToolTip" html="false" placeholder="false">Not mandatory</item>
  <item name="LBselectedVisibleOption.True" html="false" placeholder="false" hidden="true">X</item>
  <item name="LBselectedVisibleOption.True.ToolTip" html="false" placeholder="false">Data present in the certificate</item>
  <item name="LBselectedVisibleOption.False" html="false" placeholder="false" hidden="true" />
  <item name="LBselectedVisibleOption.False.ToolTip" html="false" placeholder="false">Data NOT present in the certificate</item>

  <item name="Certification.AllowWithEmptyPlaceHolders.True">Si (consente la produzione dell'attestato anche in caso di segnaposti NON valorizzati)</item>
  <item name="Certification.AllowWithEmptyPlaceHolders.False">NO (NON consente la produzione dell'attestato in caso di segnaposti NON valorizzati)</item>
  <item name="LBcertificationAllowWithEmptyPlaceHolders_t.text">Genera con segnaposti vuoti:</item>
  <item name="LBallowWithEmptyPlaceHolders.text">Genera con segnaposti vuoti</item>
</Resource>