<?xml version="1.0" encoding="utf-8"?>
<Resource xmlns:xsi="http://www.w3.org/2001/XMLSchema-instance" xmlns:xsd="http://www.w3.org/2001/XMLSchema" xmlns="urn:ComolTranslation">
  <item name="HYPnewUnitNote.text" html="false" placeholder="false">Add note</item>
  <item name="HYPnewUnitNote.ToolTip" html="false" placeholder="false">Add note</item>
  <item name="HYPnewActNote.text" html="false" placeholder="false">Add note</item>
  <item name="HYPnewActNote.ToolTip" html="false" placeholder="false">Add note</item>
  <item name="HYPstat.text" html="false" placeholder="false">Statistics</item>
  <item name="HYPstat.ToolTip" html="false" placeholder="false">Statistics</item>
  <item name="NoPlayerActivities" html="false" placeholder="false">No activity in the Player</item>
  <item name="Error.Generic" html="false" placeholder="false">System error</item>
  <item name="Error.NotPermission" html="false" placeholder="false">No permissions to perform the operation</item>
  <item name="Error.Url" html="false" placeholder="false">Wrong address</item>
  <item name="Error.PathNotFind" html="false" placeholder="false">Educational path not found</item>
  <item name="HYPupdateUnit.text" disambiguation="verbo" html="false" placeholder="false">Modify</item>
  <item name="HYPupdateUnit.ToolTip" html="false" placeholder="false">Modify Unit</item>
  <item name="LKBdeleteUnit.text" html="false" placeholder="false">Delete Unit</item>
  <item name="LKBdeleteUnit.ToolTip" html="false" placeholder="false">Delete Unit</item>
  <item name="LKBdeleteUnit.ConfirmText" html="false" placeholder="false">Are you sure you want to delete the unit?</item>
  <item name="HYPnewAct.text" html="false" placeholder="false">Add activity</item>
  <item name="HYPnewAct.ToolTip" html="false" placeholder="false">Add activity</item>
  <item name="LKBdeleteAct.text" html="false" placeholder="false">Delete activity</item>
  <item name="LKBdeleteAct.ToolTip" html="false" placeholder="false">Delete activity</item>
  <item name="LKBdeleteAct.ConfirmText" html="false" placeholder="false">Are you sure you want to delete the current activity?</item>
  <item name="LKBdeleteRule.text" html="false" placeholder="false">Delete rule</item>
  <item name="LKBdeleteRule.ToolTip" html="false" placeholder="false">Delete rule</item>
  <item name="LKBdeleteRule.ConfirmText" html="false" placeholder="false">Are you sure you want to delete the current rule?</item>
  <item name="HYPupdateAct.text" disambiguation="verbo" html="false" placeholder="false">Modify</item>
  <item name="HYPupdateAct.ToolTip" html="false" placeholder="false">Modify activity</item>
  <item name="HYPlistEduPath.text" html="false" placeholder="false">Display educational paths list </item>
  <item name="HYPlistEduPath.ToolTip" html="false" placeholder="false">Display educational paths list </item>
  <item name="HYPnewUnit.text" html="false" placeholder="false">Add Unit</item>
  <item name="HYPnewUnit.ToolTip" html="false" placeholder="false">Add Unit</item>
  <item name="NothingEndDate" html="false" placeholder="false">The end date does not exist</item>
  <item name="LKBvisibActivity.text" html="false" placeholder="false">Change the visibility of the activity</item>
  <item name="LKBvisibActivity.ToolTip" html="false" placeholder="false">Change the visibility of the activity</item>
  <item name="LKBvisibUnit.text" html="false" placeholder="false">Change the visibility of the unit</item>
  <item name="LKBvisibUnit.ToolTip" html="false" placeholder="false">Change the visibility of the unit</item>
  <item name="LBunitList.text" html="false" placeholder="false">Units list</item>
  <item name="Activity" html="false" placeholder="false">Activity</item>
  <item name="Points" html="false" placeholder="false"> points)</item>
  <item name="Unit" html="false" placeholder="false">Unit</item>
  <item name="Before" html="false" placeholder="false">Before the</item>
  <item name="After" html="false" placeholder="false">After the</item>
  <item name="Between" html="false" placeholder="true" mustcontains="{0}|{1}">Between the {0} and the {1}</item>
  <item name="HYPerror.text" html="false" placeholder="false">Display educational paths list </item>
  <item name="HYPerror.ToolTip" html="false" placeholder="false">Display educational paths list </item>
  <item name="LBplayerTitle.text" html="false" placeholder="false">Last activity performed</item>
  <item name="LBdescriptionTitle.text" html="false" placeholder="false">Description:</item>
  <item name="LBdateTitle.text" html="false" placeholder="false">Date:</item>
  <item name="LBstatusPlayerTitle.text" html="false" placeholder="false">Status:</item>
  <item name="StatusStatistic.Browsed" html="false" placeholder="false">Not started</item>
  <item name="StatusStatistic.Started" html="false" placeholder="false">Started</item>
  <item name="StatusStatistic.CompletedPassed" html="false" placeholder="false">Completed and passed</item>
  <item name="LKBdown.text" html="false" placeholder="false">Move down</item>
  <item name="LKBdown.ToolTip" html="false" placeholder="false">Move down</item>
  <item name="LKBdown.ConfirmText" html="false" placeholder="false">Move down</item>
  <item name="LKBup.text" html="false" placeholder="false">Move up</item>
  <item name="LKBup.ToolTip" html="false" placeholder="false">Move up</item>
  <item name="LKBup.ConfirmText" html="false" placeholder="false">Move up</item>
  <item name="ActivityMandatory" html="false" placeholder="false">Activity is mandatory</item>
  <item name="UnitMandatory" html="false" placeholder="false">Unit is mandatory</item>
  <item name="Visible" html="false" placeholder="false">Object is visible</item>
  <item name="NotVisible" html="false" placeholder="false">Object is not visible</item>
  <item name="LKBaddActivityRule.text" html="false" placeholder="false">Add rule</item>
  <item name="LKBaddActivityRule.ToolTip" html="false" placeholder="false">Adds a rule to activity</item>
  <item name="LKBaddUnitRule.text" html="false" placeholder="false">Add rule</item>
  <item name="LKBaddUnitRule.ToolTip" html="false" placeholder="false">Add a new rule to Unit</item>
  <item name="LNBcreateUnitRule.text" html="false" placeholder="false">Save</item>
  <item name="LNBcreateUnitRule.ToolTip" html="false" placeholder="false">Save rule</item>
  <item name="LKBeditRule.text" disambiguation="verbo" html="false" placeholder="false">Modify</item>
  <item name="LKBeditRule.ToolTip" html="false" placeholder="false">Modify rule</item>
  <item name="COVlowerThan.ErrorMessage" html="true" placeholder="false">&lt;br&gt;Completion must be an integer.</item>
  <item name="COVbetween.ErrorMessage" html="true" placeholder="false">&lt;br&gt;Maximum completion must be lesser than the minimum completion.</item>
  <item name="RVlowerThan.ErrorMessage" html="true" placeholder="false">&lt;br&gt;Completion value must be between 0 and 100</item>
  <item name="LITactivity1c.text" html="false" placeholder="true" mustcontains="{0}">Rules of activation of {0}</item>
  <item name="LITactivity3.text" html="false" placeholder="false">Activity</item>
  <item name="LITactivity3.text.unit" html="false" placeholder="false">Unit</item>
  <item name="LITactivity4.text" html="false" placeholder="false">is active if</item>
  <item name="LITactivity5.text" html="false" placeholder="false">has a completion level:</item>
  <item name="LITexplanation.text" html="true" placeholder="false">
      &lt;b&gt;EXPLANATION&lt;/b&gt;&lt;br /&gt;if
      "&lt;span class='activity Act2-lbl'&gt;Act2&lt;/span&gt;" is completed
      &lt;span class='condition'&gt; &lt;/span&gt; thes is activated
      "&lt;span class='activity Act1-lbl'&gt;{0}&lt;/span&gt;"&lt;br /&gt;
      "&lt;span class='activity Act1-lbl'&gt;{0}&lt;/span&gt;" is activated if
      "&lt;span class='activity Act2-lbl'&gt;Act2&lt;/span&gt;" is completed  &lt;span class='condition'&gt; &lt;/span&gt;"
      &lt;/span&gt;
    </item>
  <item name="MSGstarted" html="true" placeholder="false">&lt;br&gt;ATTENZIONE: It is not possible to edit this path: it is not stopped or already has received answers.&lt;br&gt;&lt;br&gt;</item>
  <item name="ExecutedWeight" html="false" placeholder="false">Score reached: </item>
  <item name="Blocked.True" html="false" placeholder="false">Blocked</item>
  <item name="Blocked.False" html="false" placeholder="false">Not blocked</item>
  <item name="TextNote" html="false" placeholder="false">Note</item>
  <item name="BTNswitch.text" disambiguation="verbo" html="false" placeholder="false">Confirm</item>
  <item name="BTNswitch.ToolTip" disambiguation="verbo" html="false" placeholder="false">Confirm</item>
  <item name="HYPannulSwitch.text" html="false" placeholder="false">Cancel</item>
  <item name="HYPannulSwitch.ToolTip" html="false" placeholder="false">Cancel</item>
  <item name="LBswitch.text" html="false" placeholder="false">Attention! Si sta modificando la posizione di un'attività alla quale sono associate una o più regole. Lo spostamento in un'altra Unità comporterà la cancellazione delle regole impostate. Si intende procedere?</item>
  <item name="LBswitchCombo.text" html="false" placeholder="false">You are up to modify the position of an activity, to which one or more rules are associated to. Moving it in another unit will cause the loss of the rules till now set. Furthermore check the correspondence of permissions and associated weights compared to the new position. Continue?</item>
  <item name="LbSwitchFirst.text" html="false" placeholder="false">Attention! E' stato effettuato lo spostamento di un' attività tra diverse unità. Verificare la congruenza di permessi e peso associati all'attività rispetto alla nuova posizione</item>
  <item name="IMGhelp" html="false" placeholder="false">Help</item>
  <item name="LBStatusTitle.text" disambiguation="status: attivo/chiuso/in corso/valutazione" html="false" placeholder="false">Status</item>
  <item name="LBStatusImg.text" html="false" placeholder="false">Icon</item>
  <item name="LBmark.text" html="false" placeholder="true" mustcontains="{0}">Mark: ({0}) </item>
  <item name="LBcompletion.text" html="false" placeholder="true" mustcontains="{0}">Completion: ({0}) </item>
  <item name="LKBsave.text" html="false" placeholder="false">Start test</item>
  <item name="LKBsave.ToolTip" html="false" placeholder="false">Start test</item>
  <item name="LKBeduPathView.text" html="false" placeholder="false">Display educational path</item>
  <item name="LKBeduPathView.ToolTip" html="false" placeholder="false">Display educational path</item>
  <item name="LKBreset.text" html="false" placeholder="false">Restart Test</item>
  <item name="LKBreset.ToolTip" html="false" placeholder="false">Restart Test</item>
  <item name="HYPvalidateByAct.text" html="false" placeholder="false">Test educational path</item>
  <item name="HYPvalidateByAct.ToolTip" html="false" placeholder="false">Test educational path</item>
  <item name="SwitchMode.Activity" html="false" placeholder="false">Test activity</item>
  <item name="SwitchMode.Unit" html="false" placeholder="false">Test unit</item>

  <item name="CertificationError.None.savingRequired.False.saved.False">Attestato prodotto correttamente</item>
  <item name="CertificationError.None.savingRequired.False.saved.True">Attestato prodotto correttamente</item>
  <item name="CertificationError.None.savingRequired.True.saved.False">Attestato prodotto correttamente, non è stata salvata una copia sul server web</item>
  <item name="CertificationError.None.savingRequired.True.saved.True">Attestato prodotto correttamente: è stata salvata una copia sul server web</item>
  <item name="CertificationError.Unknown.savingRequired.False.saved.False">Errore sconosciuto nella generazione dell'attestato</item>
  <item name="CertificationError.Unknown.savingRequired.False.saved.True">Errore sconosciuto nella generazione dell'attestato</item>
  <item name="CertificationError.Unknown.savingRequired.True.saved.False">Errore sconosciuto nella generazione dell'attestato, NON è stato possibile salvare una copia dell'attestato  sul server web</item>
  <item name="CertificationError.Unknown.savingRequired.True.saved.True">Errore sconosciuto nella generazione dell'attestato</item>
  <item name="CertificationError.RepositoryError.savingRequired.False.saved.False">Errore sul server web</item>
  <item name="CertificationError.RepositoryError.savingRequired.False.saved.True">Errore sul server web</item>
  <item name="CertificationError.RepositoryError.savingRequired.True.saved.False">Errore sul server web: impossibile procedere con la memorizzazione del file</item>
  <item name="CertificationError.RepositoryError.savingRequired.True.saved.True">Errore sul server web: impossibile procedere con la memorizzazione del file</item>
  <item name="CertificationError.SavingFile.savingRequired.False.saved.False">Errore nella memorizzazione temporanea dell'attestato sul server web per consentirne poi lo scaricamento</item>
  <item name="CertificationError.SavingFile.savingRequired.False.saved.True">Errore nella memorizzazione temporanea dell'attestato sul server web per consentirne poi lo scaricamento</item>
  <item name="CertificationError.SavingFile.savingRequired.True.saved.False">Errore nella memorizzazione dell'attestato sul server web</item>
  <item name="CertificationError.SavingFile.savingRequired.True.saved.True">Errore nella memorizzazione dell'attestato sul server web</item>
  <item name="CertificationError.TransmittingFile.savingRequired.False.saved.False">Errore nella fase di scaricamento dell'attestato</item>
  <item name="CertificationError.TransmittingFile.savingRequired.False.saved.True">Errore nella fase di scaricamento dell'attestato</item>
  <item name="CertificationError.TransmittingFile.savingRequired.True.saved.False">Errore nella fase di scaricamento dell'attestato, NON è stato inoltre creato il relativo file sul server web</item>
  <item name="CertificationError.TransmittingFile.savingRequired.True.saved.True">Errore nella fase di scaricamento dell'attestato, è stato creato comunque il relativo file sul server web</item>
  <item name="CertificationError.ParsingTemplate.savingRequired.False.saved.False">Errore nella generazione del contenuto dell'attestato</item>
  <item name="CertificationError.ParsingTemplate.savingRequired.False.saved.True">Errore nella generazione del contenuto dell'attestato</item>
  <item name="CertificationError.ParsingTemplate.savingRequired.True.saved.False">Errore nella generazione del contenuto dell'attestato</item>
  <item name="CertificationError.ParsingTemplate.savingRequired.True.saved.True">Errore nella generazione del contenuto dell'attestato: è stata creata comunque una copia dell'attestato (anche se illeggibile) sul server web</item>
  <item name="CertificationError.EmptyTemplateItem.savingRequired.False.saved.False">Un campo presente nell'attestato non è stato valorizzato, impossibile salvare l'attestato</item>
  <item name="CertificationError.EmptyTemplateItem.savingRequired.False.saved.True">Un campo presente nell'attestato non è stato valorizzato, impossibile salvare l'attestato</item>
  <item name="CertificationError.EmptyTemplateItem.savingRequired.True.saved.False">Un campo presente nell'attestato non è stato valorizzato, impossibile salvare l'attestato</item>
  <item name="CertificationError.EmptyTemplateItem.savingRequired.True.saved.True">Un campo presente nell'attestato non è stato valorizzato, l'attestato è stato comunque salvato in formato pdf sul server web</item>
  <item name="CertificationError.EmptyTemplateItems.savingRequired.False.saved.False">Alcuni campi presenti nell'attestato risultano NON compilati</item>
  <item name="CertificationError.EmptyTemplateItems.savingRequired.False.saved.True">Alcuni campi presenti nell'attestato risultano NON compilati</item>
  <item name="CertificationError.EmptyTemplateItems.savingRequired.True.saved.False">Alcuni campi presenti nell'attestato risultano NON compilati</item>
  <item name="CertificationError.EmptyTemplateItems.savingRequired.True.saved.True">Alcuni campi presenti nell'attestato risultano NON compilati, l'attestato è stato comunque salvato in formato pdf sul server web</item>
</Resource>