<?xml version="1.0" encoding="utf-8"?>
<Resource xmlns:xsi="http://www.w3.org/2001/XMLSchema-instance" xmlns:xsd="http://www.w3.org/2001/XMLSchema" xmlns="urn:ComolTranslation">
  <item name="CHBshowall.text" html="false" placeholder="false">Show hidden participants</item>
  <item name="EvaluateSubAct" html="false" placeholder="false">Sub-activity evaluation</item>
  <item name="LNBcsv.text" html="false" placeholder="false" mustcontains="Excel">Export in Excel</item>
  <item name="LNBcsv.ToolTip" html="false" placeholder="false" mustcontains="Excel">Export in Excel</item>
  <item name="LNBpdf.text" html="false" placeholder="false" mustcontains="Pdf">Export in Pdf</item>
  <item name="LNBpdf.ToolTip" html="false" placeholder="false" mustcontains="Pdf">Export in Pdf</item>
  <item name="LNBxml.text" html="false" placeholder="false" mustcontains="Xml">Export in Xml</item>
  <item name="LNBxml.ToolTip" html="false" placeholder="false" mustcontains="Xml">Export in Xml</item>
  <item name="HYPuserStat.text" html="false" placeholder="false">Users statistics </item>
  <item name="HYPuserStat.ToolTip" html="false" placeholder="false">Users statistics </item>
  <item name="HYPpathStat.text" html="false" placeholder="false">Educational path statistics</item>
  <item name="HYPpathStat.ToolTip" html="false" placeholder="false">Educational path statistics</item>
  <item name="UserEpStat" html="false" placeholder="false">User statistics in the educational path</item>
  <item name="UsersEpStat" html="false" placeholder="false">Users statistics</item>
  <item name="GlobalEpStat" html="false" placeholder="false">Overall users statistics in the educational path</item>
  <item name="UserActivityStat" html="false" placeholder="false">User statistics in the activity:</item>
  <item name="Path" html="false" placeholder="false">Educational path</item>
  <item name="Unit" disambiguation="singolare" html="false" placeholder="false">Unit</item>
  <item name="Activity" disambiguation="singolare" html="false" placeholder="false">Activity</item>
  <item name="SubActivity" disambiguation="singolare" html="false" placeholder="false">Sub-activities</item>
  <item name="ExportStatistics" html="false" placeholder="false">Export statistics</item>
  <item name="ViewStatistics" html="false" placeholder="false">Statistics</item>
  <item name="StatusStatistic.None" html="false" placeholder="false">Not started</item>
  <item name="StatusStatistic.Browsed" html="false" placeholder="false">Visited</item>
  <item name="StatusStatistic.Started" html="false" placeholder="false">Started</item>
  <item name="StatusStatistic.Completed" html="false" placeholder="false">Completed</item>
  <item name="StatusStatistic.Passed" html="false" placeholder="false">Passed</item>
  <item name="StatusStatistic.CompletedPassed" html="false" placeholder="false">Completed and passed</item>
  <item name="StatusStatistic.NotPassed" html="false" placeholder="false">Not passed</item>
  <item name="LBnameTit.text" html="false" placeholder="false">Name</item>
  <item name="LBmandatoryTit.text" html="false" placeholder="false">Mandatory elements</item>
  <item name="LBToDoTit.text" html="false" placeholder="false">To do elements</item>
  <item name="LBallTit.text" html="false" placeholder="false">All elements</item>
  <item name="LBbarTit.text" html="false" placeholder="false">Progress bar</item>
  <item name="LBcompletionTit.percent.text" html="false" placeholder="false">% completion</item>
  <item name="LBcompletionTit.time.text" html="false" placeholder="false">Completion time</item>
  <item name="LBtypeTit.text" html="false" placeholder="false">Content type</item>
  <item name="LBstatusTit.text" disambiguation="status: attivo/chiuso/in corso/valutazione" html="false" placeholder="false">Status</item>
  <item name="LBactionsTit.text" html="false" placeholder="false">Actions</item>
  <item name="PassedCompleted.Item" html="false" placeholder="false">N° passed elements: </item>
  <item name="NotStarted.Item" html="false" placeholder="false">N° not started elements: </item>
  <item name="Started.Item" html="false" placeholder="false">N° started elements: </item>
  <item name="HYPdetail.ToolTip" html="false" placeholder="false">View details</item>
  <item name="HYPquizstats.ToolTip" html="false" placeholder="false">Quiz statistics</item>
  <item name="HYPstats.ToolTip" html="false" placeholder="false">Statistics</item>
  <item name="HYPcertificates.Text" html="false" placeholder="false">Certificates</item>
  <item name="HYPcertificates.ToolTip" html="false" placeholder="false">Certificates</item>
  <item name="HYPinfo.ToolTip" html="false" placeholder="false">Details</item>
  <item name="HYPeditMetadata.ToolTip" html="false" placeholder="false">Edit Metadata</item>
  <item name="HYPdetail.text" html="false" placeholder="false">Details</item>
  <item name="Error.Generic" html="false" placeholder="false">System error</item>
  <item name="Error.NotPermission" html="false" placeholder="false">No permissions to perform the operation</item>
  <item name="Error.Url" html="false" placeholder="false">Wrong address</item>
  <item name="Error.PathNotFind" html="false" placeholder="false">Educational path not found</item>
  <item name="SubActivityType.Quiz" html="false" placeholder="false">Questionnaire</item>
  <item name="SubActivityType.Forum" html="false" placeholder="false">Forum</item>
  <item name="SubActivityType.File" description="materiale inteso come file/materiale didattico" disambiguation="materiale=file" html="false" placeholder="false">Materials</item>
  <item name="SubActivityType.Wiki" html="false" placeholder="false">Wiki</item>
  <item name="SubActivityType.Text" html="false" placeholder="false">Text</item>
  <item name="LBnoSubAct.text" html="false" placeholder="false">No subactivity found</item>
  <item name="LbTotMandAct.text" html="false" placeholder="false">Total mandatory sub-activities : </item>
  <item name="LbTotMandUnit.text" html="false" placeholder="false">Overall mandatory activities: </item>
  <item name="LbTotMandPath.text" html="false" placeholder="false">Total mandatory units: </item>
  <item name="LbOnlyCompAct.text" html="false" placeholder="false">Mandatory completed sub-activities:</item>
  <item name="LbOnlyCompUnit.text" html="false" placeholder="false">Completed mandatory activities:</item>
  <item name="LbOnlyCompPath.text" html="false" placeholder="false">Completed mandatory units: </item>
  <item name="LbOnlyPassAct.text" html="false" placeholder="false">Mandatory passed sub-activities : </item>
  <item name="LbOnlyPassUnit.text" html="false" placeholder="false">Mandatory passed activities:  </item>
  <item name="LbOnlyPassPath.text" html="false" placeholder="false">Passed mandatory units: </item>
  <item name="LbPassComplAct.text" html="false" placeholder="false">Mandatory complited and passed sub-activities:</item>
  <item name="LbPassComplUnit.text" html="false" placeholder="false">Mandatory activities completed and passed :</item>
  <item name="LbPassComplPath.text" html="false" placeholder="false">Completed and passed mandatory units: </item>
  <item name="IMGmandatory.AlternateText" html="false" placeholder="false">Object is mandatory</item>
  <item name="LBmarkTit.text" html="false" placeholder="false">% Score</item>
  <item name="LbDialogActivity.text" html="false" placeholder="false">Progress of the sub-activities of</item>
  <item name="LbDialogUnit.text" html="false" placeholder="false">Progress of the activities of</item>
  <item name="LbDialogPath.text" html="false" placeholder="false">Progress of the units of</item>
  <item name="HYPeduPathView.text" html="false" placeholder="false">Display path</item>
  <item name="HYPeduPathView.ToolTip" html="false" placeholder="false">Display educational path</item>
  <item name="HYPeduPathList.text" html="false" placeholder="false">Display list</item>
  <item name="HYPeduPathList.ToolTip" html="false" placeholder="false">Display educational paths list </item>
  <item name="HYPback.text" html="false" placeholder="false">Back</item>
  <item name="HYPback.ToolTip" html="false" placeholder="false">Back</item>
  <item name="HYPerror.text" html="false" placeholder="false">Paths list</item>
  <item name="HYPerror.ToolTip" html="false" placeholder="false">Go to the educational paths list </item>
  <item name="LBmarkSubActTit.text" html="false" placeholder="false">% Score</item>
  <item name="LBcompletionSubActTit.text" html="false" placeholder="false">% completion</item>
  <item name="IMGSubActMand.AlternateText" html="false" placeholder="false">Mandatory sub-activities</item>
  <item name="IMGmandatory.AlternateText" html="false" placeholder="false">L'oggetto è obbligatorio</item>
  <item name="FileCreate" html="false" placeholder="false">Educational path</item>
  <item name="DisplayMessageToken" html="false" placeholder="false">The creation of the requested file is in progress. Wait a few seconds to download it.</item>
  <item name="Blocked.True" html="false" placeholder="false">Blocked</item>
  <item name="Blocked.False" html="false" placeholder="false">Not blocked</item>
  <item name="LBnoPartecipant.text" html="false" placeholder="false">No participant to display</item>
  <item name="LKBblocked.text" html="false" placeholder="false">Block/Unblock</item>
  <item name="LKBblocked.ToolTip" html="false" placeholder="false">Block/Unblock</item>
  <item name="BTNevaluate.text" html="false" placeholder="false">Save marks</item>
  <item name="BTNevaluate.ToolTip" html="false" placeholder="false">Save marks</item>
  <item name="LKBeduPathView.text" html="false" placeholder="false">Display educational path</item>
  <item name="LKBeduPathView.ToolTip" html="false" placeholder="false">Display educational path</item>
  <item name="LKBupdateList.text" html="false" placeholder="false">Update participants list</item>
  <item name="LKBupdateList.ToolTip" html="false" placeholder="false">Update participants list</item>
  <item name="LBsaveVote.text" html="false" placeholder="false">Do you want to update the assigned marks?</item>
  <item name="BTNsave.text" html="false" placeholder="false">Save</item>
  <item name="BTNsave.ToolTip" html="false" placeholder="false">Save</item>
  <item name="BTNnoSave.text" html="false" placeholder="false">Do not save</item>
  <item name="BTNnoSave.ToolTip" html="false" placeholder="false">Do not save</item>
  <item name="EduPathTranslations.Path" html="false" placeholder="false">Educational path</item>
  <item name="EduPathTranslations.Unit" disambiguation="singolare" html="false" placeholder="false">Unit</item>
  <item name="EduPathTranslations.Activity" disambiguation="singolare" html="false" placeholder="false">Activity</item>
  <item name="EduPathTranslations.SubActivity" html="false" placeholder="false">Sub-activities</item>
  <item name="EduPathTranslations.SurnameAndName" html="false" placeholder="false">Surname and name </item>
  <item name="EduPathTranslations.Completion" html="false" placeholder="false">% of completion</item>
  <item name="EduPathTranslations.MinCompletion" html="false" placeholder="false">Minimum % of completion</item>
  <item name="EduPathTranslations.Mark" html="false" placeholder="false">% score</item>
  <item name="EduPathTranslations.MinMark" html="false" placeholder="false">% minimum score</item>
  <item name="EduPathTranslations.Status" disambiguation="status: attivo/chiuso/in corso/valutazione" html="false" placeholder="false">Status</item>
  <item name="EduPathTranslations.Name" html="false" placeholder="false">Name</item>
  <item name="EduPathTranslations.CompletedPassed" html="false" placeholder="false">Completed and passed</item>
  <item name="EduPathTranslations.Completed" html="false" placeholder="false">Completed</item>
  <item name="EduPathTranslations.Passed" html="false" placeholder="false">Passed</item>
  <item name="EduPathTranslations.Started" html="false" placeholder="false">Started</item>
  <item name="EduPathTranslations.NotStarted" html="false" placeholder="false">Not started</item>
  <item name="EduPathTranslations.ContentType" html="false" placeholder="false">Content type</item>
  <item name="EduPathTranslations.Quiz" html="false" placeholder="false">Quiz</item>
  <item name="EduPathTranslations.Forum" html="false" placeholder="false">Forum</item>
  <item name="EduPathTranslations.File" html="false" placeholder="false">File</item>
  <item name="EduPathTranslations.Wiki" html="false" placeholder="false">Wiki</item>
  <item name="EduPathTranslations.Mandatory" html="false" placeholder="false">Mandatory</item>
  <item name="EduPathTranslations.Type" html="false" placeholder="false">Object type</item>
  <item name="EduPathTranslations.LevelType" html="false" placeholder="false">Object level</item>
  <item name="EduPathTranslations.PartecipantNumber" html="false" placeholder="false">N° participants</item>
  <item name="EduPathTranslations.Weight" html="false" placeholder="false">Weight</item>
  <item name="EduPathTranslations.Time" html="false" placeholder="false">Time</item>
  <item name="EduPathTranslations.MinTime" html="false" placeholder="false">Minimun time</item>
  <item name="EduPathTranslations.Certification" html="false" placeholder="false">Certificate</item>
  <item name="EduPathTranslations.ParticipantNumber" html="false" placeholder="false">N° users</item>
  <item name="EduPathTranslations.FileCreationError" html="false" placeholder="false">Error while creating file</item>
  <item name="EduPathTranslations.YesOption" html="false" placeholder="false">Yes</item>
  <item name="EduPathTranslations.NoOption" html="false" placeholder="false">No</item>
  <item name="EduPathTranslations.StatisticsInfo" html="false" placeholder="true" mustcontains="{0}">Statistics till {0}</item>
  <item name="EduPathTranslations.CellTitleViewedOn" html="false" placeholder="false">Displayed on</item>
  <item name="EduPathTranslations.CellTitleCompletedOn" html="false" placeholder="false">Completed on</item>
  <item name="EduPathTranslations.CellTitleLastActionOn" html="false" placeholder="false">Last activity on</item>
  <item name="EduPathTranslations.CellTitlePathName" html="false" placeholder="false">Path</item>
  <item name="EduPathTranslations.CellTitleCommunityName" disambiguation="singolare" html="false" placeholder="false">Community</item>
  <item name="EduPathTranslations.CellTitlePathAvailableFrom" html="false" placeholder="false">Available from</item>
  <item name="EduPathTranslations.CellTitlePathAvailableTo" html="false" placeholder="false">Available on</item>
  <item name="EduPathTranslations.CellTitleQuizName" html="false" placeholder="false">Questionnaire</item>
  <item name="EduPathTranslations.CellTitleQuizType" html="false" placeholder="false">Questionnaire type</item>
  <item name="EduPathTranslations.CellTitleQuizAttemptsNumber" html="false" placeholder="false">N° max attempts</item>
  <item name="EduPathTranslations.CellTitleQuizAttemptNumber" html="false" placeholder="false">Attempt n.</item>
  <item name="EduPathTranslations.CellTitleQuizAttemptDate" html="false" placeholder="false">Saved on </item>
  <item name="EduPathTranslations.CellTitleQuizQuestionsSkipped" description="D. = domande" html="false" placeholder="false">Skipped A.</item>
  <item name="EduPathTranslations.CellTitleQuizQuestionsCount" html="false" placeholder="false">N° questions </item>
  <item name="EduPathTranslations.CellTitleQuizCorrectAnswers" description="D. = domande" html="false" placeholder="false">correct A. </item>
  <item name="EduPathTranslations.CellTitleQuizWrongAnswers" description="D. = domande" html="false" placeholder="false">Wrong A. </item>
  <item name="EduPathTranslations.CellTitleQuizUngradedAnswers" description="D. = domande" html="false" placeholder="false">Not evaluated A.</item>
  <item name="EduPathTranslations.CellTitleQuizSemiCorrectAnswers" description="D. = domande" html="false" placeholder="false">Partially correct A.</item>
  <item name="EduPathTranslations.CellTitleQuizAnswersCount" description="D. = domande" html="false" placeholder="false">Completed A.</item>
  <item name="EduPathTranslations.CellTitleMinScore" html="false" placeholder="false">Minimum score</item>
  <item name="EduPathTranslations.CellTitleMaxScore" html="false" placeholder="false">Maximum score</item>
  <item name="EduPathTranslations.CellTitleAttemptScore" html="false" placeholder="false">Obtained score</item>
  <item name="EduPathTranslations.QuestionnaireAttemptsNoLimits" html="false" placeholder="false">No limit</item>
  <item name="EduPathTranslations.DeletedCommunity" description="cod = codice" html="false" placeholder="true" mustcontains="{0}">deleted (cod {0})</item>
  <item name="EduPathTranslations.DeletedUser" description="cod = codice" html="false" placeholder="true" mustcontains="{0}">Deleted (cod {0})</item>
  <item name="EduPathTranslations.DisplayUserInfo" html="false" placeholder="false">Advanced users statistics:</item>
  <item name="EduPathTranslations.DisplayPathsInfos" html="false" placeholder="false">Educational paths:</item>
  <item name="EduPathTranslations.DisplayStartedPathsInfos" html="false" placeholder="false">Started</item>
  <item name="EduPathTranslations.DisplayCompletedPathsInfos" html="false" placeholder="false">Completed</item>
  <item name="EduPathTranslations.DisplayNotStartedPathsInfos" html="false" placeholder="false">Not started</item>
  <item name="EduPathTranslations.AnonymousUser" html="false" placeholder="false">Unknown user</item>
  <item name="EduPathTranslations.CellTitleStartAgencyName" html="false" placeholder="false">Started with the agency</item>
  <item name="EduPathTranslations.CellTitleEndAgencyName" html="false" placeholder="false">Completed with agency</item>
  <item name="EduPathTranslations.CellTitleCurrentAgencyName" html="false" placeholder="false">Actual agency</item>
  <item name="EduPathTranslations.DisplayUserAgencyInfo" html="false" placeholder="true" mustcontains="{0}|{1}|{2}">Agency {0} from {1} to {2}.</item>
  <item name="EduPathTranslations.DisplayCurrentUserAgencyInfo" html="false" placeholder="true" mustcontains="{0}|{1}">Agency {0} from {1} to today. </item>
  <item name="EduPathTranslations.CellTitleIdUser" html="false" placeholder="false">User Id</item>
  <item name="EduPathTranslations.CellTitleIdCommunity" html="false" placeholder="false">Community id</item>
  <item name="EduPathTranslations.CellTitleIdPath" html="false" placeholder="false">Path id</item>
  <item name="EduPathTranslations.CellTitleIdStartAgency" html="false" placeholder="false">Agency Id </item>
  <item name="EduPathTranslations.CellTitleIdEndAgency" html="false" placeholder="false">Agency Id </item>
  <item name="EduPathTranslations.CellTitleIdCurrentAgency" html="false" placeholder="false">Agency Id </item>
  <item name="EduPathTranslations.CellTitleTaxCode" html="false" placeholder="false">Tax Cod.</item>
  <item name="EduPathTranslations.DisplayPathNameInfo" html="false" placeholder="false">Path name:</item>
  <item name="EduPathTranslations.DisplayPathMinCompletionInfo" html="false" placeholder="false">Minimum completion:</item>
  <item name="EduPathTranslations.DisplayPathMinMarkInfo" html="false" placeholder="false">Minimum score:</item>
  <item name="EduPathTranslations.DisplayPathTimeInfo" html="false" placeholder="false">Path duration:</item>
  <item name="EduPathTranslations.DisplayPathStatisticInfos" html="false" placeholder="false">Path statistics:</item>
  <item name="EduPathTranslations.DisplayPathUsersCompleted" html="false" placeholder="false">Completed by:</item>
  <item name="EduPathTranslations.DisplayPathUsersStarted" html="false" placeholder="false">Started by:</item>
  <item name="EduPathTranslations.DisplayPathUsersNotStarted" html="false" placeholder="false">NOT started by:</item>
  <item name="EduPathTranslations.GenericTextAction" html="false" placeholder="false">manual activity</item>
  <item name="EduPathTranslations.CellTitleActivityNumber" disambiguation="singolare" html="false" placeholder="true" mustcontains="{0}">Activity {0}</item>
  <item name="EduPathTranslations.CellTitleSubActivityNumber" disambiguation="singolare" html="false" placeholder="true" mustcontains="{0}">Sub-activity {0}</item>
  <item name="EduPathTranslations.CompletedPassedChar" disambiguation="C=completetato/passato (un solo carattere)" html="false" placeholder="false">D</item>
  <item name="EduPathTranslations.PassedChar" disambiguation="P=passato (un solo carattere)" html="false" placeholder="false">P</item>
  <item name="EduPathTranslations.CompletedChar" disambiguation="C=completetato (un solo carattere)" html="false" placeholder="false">D</item>
  <item name="EduPathTranslations.StartedChar" disambiguation="I=iniziato (un solo carattere)" html="false" placeholder="false">I</item>
  <item name="EduPathTranslations.NotStartedChar" disambiguation="N=non iniziato (un solo carattere)" html="false" placeholder="false">N</item>
  <item name="EduPathTranslations.CellTitleCompletion" html="false" placeholder="false">Overall completion</item>
  <item name="EduPathTranslations.CellTitleMinCompletion" html="false" placeholder="false">Minimum completion</item>
  <item name="EduPathTranslations.CellTitleTotalTime" html="false" placeholder="false">Exploited hours</item>
  <item name="EduPathTranslations.CellTitleTotalMark" html="false" placeholder="false">Obtained score</item>
  <item name="EduPathTranslations.TitleUserInfo" html="false" placeholder="false">User</item>
  <item name="EduPathTranslations.TitleUserInfoTaxCode" html="false" placeholder="false">Tax code</item>
  <item name="EduPathTranslations.TitleStatisticsDate" html="false" placeholder="false">Statistics on</item>
  <item name="EduPathTranslations.CompletedPassedCharInfo" html="false" placeholder="true" mustcontains="{0}">{0} completed and passed</item>
  <item name="EduPathTranslations.PassedCharInfo" html="false" placeholder="true" mustcontains="{0}">{0} passed</item>
  <item name="EduPathTranslations.CompletedCharInfo" html="false" placeholder="true" mustcontains="{0}">{0} completed</item>
  <item name="EduPathTranslations.StartedCharInfo" html="false" placeholder="true" mustcontains="{0}">{0} started</item>
  <item name="EduPathTranslations.NotStartedCharInfo" html="false" placeholder="true" mustcontains="{0}">{0} NOT started</item>
  <item name="EduPathTranslations.CellTitleIdRole" html="false" placeholder="false">Role ID</item>
  <item name="EduPathTranslations.CellTitleIdUnit" html="false" placeholder="false">Unit Id</item>
  <item name="EduPathTranslations.CellTitleIdActivity" html="false" placeholder="false">Activity id</item>
  <item name="EduPathTranslations.CellTitleIdSubActivity" html="false" placeholder="false">Action id</item>
  <item name="EduPathTranslations.CellTitleIdRole" html="false" placeholder="false">Id ruolo</item>
  <item name="EduPathTranslations.TitleUserInfoRole" html="false" placeholder="false">Role:</item>
  <item name="EduPathTranslations.CellTitleIdOrganization" html="false" placeholder="false">Organization ID</item>
  <item name="EduPathTranslations.CellTitleOrganizationName" html="false" placeholder="false">Organization ID</item>
  <item name="EduPathTranslations.CellTitleStartedOn" html="false" placeholder="false">Started on</item>
  <item name="ExecutedWeight" html="false" placeholder="false">Score reached: </item>
  <item name="Min" html="false" placeholder="false"> (Minimum)</item>
  <item name="EvaluationFilter.Evaluated" html="false" placeholder="false">Evaluated users</item>
  <item name="EvaluationFilter.NotEvaluated" html="false" placeholder="false">Users to evaluate</item>
  <item name="EpError.EmptyActivities" html="true" placeholder="false">&lt;script language="javascript" type="text/javascript"&gt;alert('Impossible to edit visibility. There are empty activities');&lt;/script&gt;</item>
  <item name="MSGalert" html="true" placeholder="false">&lt;script language="javascript" type="text/javascript"&gt;alert('Le ore riconosciute per il percorso non corrispondono a quelle riconosciute per le attivita`, impossibile sbloccare.');&lt;/script&gt;</item>
  <item name="LNBexportCertification.ToolTip" html="false" placeholder="false">View document</item>
  <item name="LNBexportCertification.text" html="false" placeholder="false" hidden="true" />
  <item name="NONE" html="false" placeholder="false" hidden="true">---</item>
  <item name="LBpathNameTitle.text" html="false" placeholder="false">Path</item>
  <item name="BTNupdateFilter.text" html="false" placeholder="false">Update</item>
  <item name="LBuserfilterTitle.text" html="false" placeholder="false">Name / Surname</item>
  <item name="LBcommunityRoleTitle.text" html="false" placeholder="false">Community role</item>
  <item name="LBnameheader.text" html="false" placeholder="false">User / Path</item>
  <item name="LBpathheader.text" html="false" placeholder="false">Path</item>
  <item name="LBuserheader.text" html="false" placeholder="false">User</item>
  <item name="LBstatusheader.text" disambiguation="status: attivo/chiuso/in corso/valutazione" html="false" placeholder="false">Status</item>
  <item name="LBcompletionheader.text" html="false" placeholder="false">Completion</item>
  <item name="LBstartdateheader.text" html="false" placeholder="false">Start date</item>
  <item name="LBenddateheader.text" html="false" placeholder="false">End date</item>
  <item name="LBdeadlineheader.text" html="false" placeholder="false">Deadline</item>
  <item name="LBactionheader.text" html="false" placeholder="false">Actions</item>
  <item name="LBservice.text" html="false" placeholder="false">Paths summary</item>
  <item name="LTpageBottom.text" html="false" placeholder="false">Go to page:</item>
  <item name="LTpageTop.text" html="false" placeholder="false">Go to page:</item>
  <item name="HYPlistEduPath.text" html="false" placeholder="false">Display educational paths list </item>
  <item name="LBnotstarted.tooltip" html="false" placeholder="false">Not started</item>
  <item name="LBstarted.tooltip" html="false" placeholder="false">Started</item>
  <item name="LBcompleted.tooltip" html="false" placeholder="false">Completed</item>
  <item name="Aclearit.text" html="false" placeholder="false">Flush</item>
  <item name="LBcommunitynameTitle.text" disambiguation="singolare" html="false" placeholder="false">Community</item>
  <item name="LBstatusTitle.text" disambiguation="status: attivo/chiuso/in corso/valutazione" html="false" placeholder="false">Status</item>
  <item name="LBlegend.text" html="false" placeholder="false">Legend</item>
  <item name="Export.Filename.PathStatistics" html="false" placeholder="true" mustcontains="{0}|{1}|{2}">PathStatistics _{0}_{1}_{2}</item>
  <item name="DisplayMessageToken.PathStatistics" html="false" placeholder="false">The creation of the requested file is in progress. Wait a few seconds to download it.</item>
  <item name="DisplayTitleToken.PathStatistics" html="false" placeholder="false">Overall statistics</item>
  <item name="Export.Filename.UsersStatistics" html="false" placeholder="true" mustcontains="{0}|{1}|{2}">UsersStatistics _{0}_{1}_{2}</item>
  <item name="DisplayMessageToken.UsersStatistics" html="false" placeholder="false">The creation of the requested file is in progress. Wait a few seconds to download it.</item>
  <item name="DisplayTitleToken.UsersStatistics" html="false" placeholder="false">Users statistics </item>
  <item name="DisplayMessageToken.UserStatistics" html="false" placeholder="false">The creation of the requested file is in progress. Wait a few seconds to download it.</item>
  <item name="DisplayTitleToken.UserStatistics" html="false" placeholder="false">Users statistics </item>
  <item name="Export.Filename.SubActivityStatistics" html="false" placeholder="true" mustcontains="{0}|{1}|{2}">ActionStatistics _{0}_{1}_{2}</item>
  <item name="Export.Filename.UserStatistics" html="false" placeholder="true" mustcontains="{0}|{1}|{2}">UserStatistics _on_{0}_{1}_{2}</item>
  <item name="Export.Filename.UserSubActivityStatistics" html="false" placeholder="true" mustcontains="{0}|{1}|{2}">UserActionStatistics_on_{0}_{1}_{2}</item>
  <item name="LNBexportPSstandardToCsv.text" html="false" placeholder="false" mustcontains="CSV">Export displayed data in CSV</item>
  <item name="LNBexportPSstandardToCsv.ToolTip" html="false" placeholder="false" mustcontains="CSV">Export displayed data in CSV</item>
  <item name="LNBexportPSfullToCsv.text" html="false" placeholder="false" mustcontains="CSV">Export all data in CSV</item>
  <item name="LNBexportPSfullToCsv.ToolTip" html="false" placeholder="false" mustcontains="CSV">Export all data in CSV</item>
  <item name="LNBexportPSfullCertificationToCsv.text" html="false" placeholder="false" mustcontains="CSV">Exort certification data in CSV</item>
  <item name="LNBexportPSfullCertificationToCsv.ToolTip" html="false" placeholder="false" mustcontains="CSV">Export certification's valid in CSV</item>
  <item name="LNBexportPSstandardToXml.text" html="false" placeholder="false" mustcontains="XML">Export displayed data in XML</item>
  <item name="LNBexportPSstandardToXml.ToolTip" html="false" placeholder="false" mustcontains="XML">Export displayed data in XML</item>
  <item name="LNBexportPSfullToXml.text" html="false" placeholder="false" mustcontains="XML">Export all data in XML</item>
  <item name="LNBexportPSfullToXml.ToolTip" html="false" placeholder="false" mustcontains="XML">Export all data in XML</item>
  <item name="LNBexportPSfullCertificationToXml.text" html="false" placeholder="false" mustcontains="XML">Exort certification data in XML</item>
  <item name="LNBexportPSfullCertificationToXml.ToolTip" html="false" placeholder="false" mustcontains="XML">Export certification's valid in XML</item>
  <item name="LNBexportPSstandardToPdf.text" html="false" placeholder="false" mustcontains="PDF">Export displayed data in PDF</item>
  <item name="LNBexportPSstandardToPdf.ToolTip" html="false" placeholder="false" mustcontains="PDF">Export displayed data in PDF</item>
  <item name="Export.Filename.FullPathData.True" html="false" placeholder="true" mustcontains="{0}|{1}|{2}|{3}">Path_{0}_CertificationStatistics_{1}_{2}_{3}</item>
  <item name="Export.Filename.FullPathData.False" html="false" placeholder="true" mustcontains="{0}|{1}|{2}|{3}">Path_{0}_CompletedStatistics_{1}_{2}_{3}</item>
  <item name="LNBexportUsersStatisticToCsv.text" html="false" placeholder="false" mustcontains="CSV">Export user statistics CSV</item>
  <item name="LNBexportUsersStatisticToCsv.ToolTip" html="false" placeholder="false" mustcontains="CSV">Export user statistics CSV</item>
  <item name="LNBexportUsersStatisticToXml.text" html="false" placeholder="false" mustcontains="XML">Export user statistics XML</item>
  <item name="LNBexportUsersStatisticToXml.ToolTip" html="false" placeholder="false" mustcontains="XML">Export user statistics XML</item>
  <item name="LNBexportUsersStatisticToPdf.text" html="false" placeholder="false" mustcontains="PDF">Export user statistics PDF</item>
  <item name="LNBexportUsersStatisticToPdf.ToolTip" html="false" placeholder="false" mustcontains="PDF">Export user statistics PDF</item>
  <item name="Export.Filename.UserFullPathData.True" html="false" placeholder="true" mustcontains="{0}|{1}|{2}|{3}">Path_{0}_UserCertificationStatistics_{1}_{2}_{3}</item>
  <item name="Export.Filename.UserFullPathData.False" html="false" placeholder="true" mustcontains="{0}|{1}|{2}|{3}">Path_{0}_CompletedUserStatistics_{1}_{2}_{3}</item>
  <item name="LNBexportUserStatisticToCsv.text" html="false" placeholder="false" mustcontains="CSV">Export displayed data in CSV</item>
  <item name="LNBexportUserStatisticToCsv.ToolTip" html="false" placeholder="false" mustcontains="CSV">Export displayed data in CSV</item>
  <item name="LNBexportUserStatisticToXml.text" html="false" placeholder="false" mustcontains="XML">Export displayed data in XML</item>
  <item name="LNBexportUserStatisticToXml.ToolTip" html="false" placeholder="false" mustcontains="XML">Export displayed data in XML</item>
  <item name="LNBexportUserStatisticToPdf.text" html="false" placeholder="false" mustcontains="PDF">Export displayed data in PDF</item>
  <item name="LNBexportUserStatisticToPdf.ToolTip" html="false" placeholder="false" mustcontains="PDF">Export displayed data in PDF</item>
  <item name="LNBexportUserStatisticfullToXml.text" html="false" placeholder="false" mustcontains="XML">Export all data in XML</item>
  <item name="LNBexportUserStatisticfullToXml.ToolTip" html="false" placeholder="false" mustcontains="XML">Export all data in XML</item>
  <item name="LNBexportUserStatisticfullCertificationToXml.text" html="false" placeholder="false" mustcontains="XML">Exort certification data in XML</item>
  <item name="LNBexportUserStatisticfullCertificationToXml.ToolTip" html="false" placeholder="false" mustcontains="XML">Export certification's valid in XML</item>
  <item name="LNBexportUserStatisticfullToCsv.text" html="false" placeholder="false" mustcontains="CSV">Export all data in CSV</item>
  <item name="LNBexportUserStatisticfullToCsv.ToolTip" html="false" placeholder="false" mustcontains="CSV">Export all data in CSV</item>
  <item name="LNBexportUserStatisticfullCertificationToCsv.text" html="false" placeholder="false" mustcontains="CSV">Exort certification data in CSV</item>
  <item name="LNBexportUserStatisticfullCertificationToCsv.ToolTip" html="false" placeholder="false" mustcontains="CSV">Export certification's valid in CSV</item>

  <item name="CertificationError.None.savingRequired.False.saved.False">Attestato prodotto correttamente</item>
  <item name="CertificationError.None.savingRequired.False.saved.True">Attestato prodotto correttamente</item>
  <item name="CertificationError.None.savingRequired.True.saved.False">Attestato prodotto correttamente, non è stata salvata una copia sul server web</item>
  <item name="CertificationError.None.savingRequired.True.saved.True">Attestato prodotto correttamente: è stata salvata una copia sul server web</item>
  <item name="CertificationError.Unknown.savingRequired.False.saved.False">Errore sconosciuto nella generazione dell'attestato</item>
  <item name="CertificationError.Unknown.savingRequired.False.saved.True">Errore sconosciuto nella generazione dell'attestato</item>
  <item name="CertificationError.Unknown.savingRequired.True.saved.False">Errore sconosciuto nella generazione dell'attestato, NON è stato possibile salvare una copia dell'attestato  sul server web</item>
  <item name="CertificationError.Unknown.savingRequired.True.saved.True">Errore sconosciuto nella generazione dell'attestato</item>
  <item name="CertificationError.RepositoryError.savingRequired.False.saved.False">Errore sul server web</item>
  <item name="CertificationError.RepositoryError.savingRequired.False.saved.True">Errore sul server web</item>
  <item name="CertificationError.RepositoryError.savingRequired.True.saved.False">Errore sul server web: impossibile procedere con la memorizzazione del file</item>
  <item name="CertificationError.RepositoryError.savingRequired.True.saved.True">Errore sul server web: impossibile procedere con la memorizzazione del file</item>
  <item name="CertificationError.SavingFile.savingRequired.False.saved.False">Errore nella memorizzazione temporanea dell'attestato sul server web per consentirne poi lo scaricamento</item>
  <item name="CertificationError.SavingFile.savingRequired.False.saved.True">Errore nella memorizzazione temporanea dell'attestato sul server web per consentirne poi lo scaricamento</item>
  <item name="CertificationError.SavingFile.savingRequired.True.saved.False">Errore nella memorizzazione dell'attestato sul server web</item>
  <item name="CertificationError.SavingFile.savingRequired.True.saved.True">Errore nella memorizzazione dell'attestato sul server web</item>
  <item name="CertificationError.TransmittingFile.savingRequired.False.saved.False">Errore nella fase di scaricamento dell'attestato</item>
  <item name="CertificationError.TransmittingFile.savingRequired.False.saved.True">Errore nella fase di scaricamento dell'attestato</item>
  <item name="CertificationError.TransmittingFile.savingRequired.True.saved.False">Errore nella fase di scaricamento dell'attestato, NON è stato inoltre creato il relativo file sul server web</item>
  <item name="CertificationError.TransmittingFile.savingRequired.True.saved.True">Errore nella fase di scaricamento dell'attestato, è stato creato comunque il relativo file sul server web</item>
  <item name="CertificationError.ParsingTemplate.savingRequired.False.saved.False">Errore nella generazione del contenuto dell'attestato</item>
  <item name="CertificationError.ParsingTemplate.savingRequired.False.saved.True">Errore nella generazione del contenuto dell'attestato</item>
  <item name="CertificationError.ParsingTemplate.savingRequired.True.saved.False">Errore nella generazione del contenuto dell'attestato</item>
  <item name="CertificationError.ParsingTemplate.savingRequired.True.saved.True">Errore nella generazione del contenuto dell'attestato: è stata creata comunque una copia dell'attestato (anche se illeggibile) sul server web</item>
  <item name="CertificationError.EmptyTemplateItem.savingRequired.False.saved.False">Un campo presente nell'attestato non è stato valorizzato, impossibile salvare l'attestato</item>
  <item name="CertificationError.EmptyTemplateItem.savingRequired.False.saved.True">Un campo presente nell'attestato non è stato valorizzato, impossibile salvare l'attestato</item>
  <item name="CertificationError.EmptyTemplateItem.savingRequired.True.saved.False">Un campo presente nell'attestato non è stato valorizzato, impossibile salvare l'attestato</item>
  <item name="CertificationError.EmptyTemplateItem.savingRequired.True.saved.True">Un campo presente nell'attestato non è stato valorizzato, l'attestato è stato comunque salvato in formato pdf sul server web</item>
  <item name="CertificationError.EmptyTemplateItems.savingRequired.False.saved.False">Alcuni campi presenti nell'attestato risultano NON compilati</item>
  <item name="CertificationError.EmptyTemplateItems.savingRequired.False.saved.True">Alcuni campi presenti nell'attestato risultano NON compilati</item>
  <item name="CertificationError.EmptyTemplateItems.savingRequired.True.saved.False">Alcuni campi presenti nell'attestato risultano NON compilati</item>
  <item name="CertificationError.EmptyTemplateItems.savingRequired.True.saved.True">Alcuni campi presenti nell'attestato risultano NON compilati, l'attestato è stato comunque salvato in formato pdf sul server web</item>
  <item name="LNBrefreshCertificate.ToolTip">Rigenera il documento</item>
  <item name="LNBrefreshCertificate.text" hidden="true"> </item>
</Resource>