<?xml version="1.0" encoding="utf-8"?>
<Resource xmlns:xsi="http://www.w3.org/2001/XMLSchema-instance" xmlns:xsd="http://www.w3.org/2001/XMLSchema" xmlns="urn:ComolTranslation">
  <item name="LNBexecute.text" html="false" placeholder="false">Done</item>
  <item name="LNBexecute.ToolTip" html="false" placeholder="false">the requested action has been performed</item>
  <item name="action.unhandled" html="false" placeholder="false">Object type not supported.</item>
  <item name="action.RemovedObject" html="false" placeholder="false">Action deleted.</item>
</Resource>