<?xml version="1.0" encoding="utf-8"?>
<Resource xmlns:xsi="http://www.w3.org/2001/XMLSchema-instance" xmlns:xsd="http://www.w3.org/2001/XMLSchema" xmlns="urn:ComolTranslation">
  <item name="HYPstat.text" html="false" placeholder="false">User statistics </item>
  <item name="HYPstat.ToolTip" html="false" placeholder="false">View user statistics</item>
  <item name="LKBvisibSubAct.text" html="false" placeholder="false">Change action visibililty</item>
  <item name="LKBvisibSubAct.ToolTip" html="false" placeholder="false">Change action visibililty</item>
  <item name="LBdescriptionTitle.text" html="false" placeholder="false">Description:</item>
  <item name="LBdateTitle.text" html="false" placeholder="false">Date:</item>
  <item name="Before" html="false" placeholder="false">Before the</item>
  <item name="After" html="false" placeholder="false">After the</item>
  <item name="Between" html="false" placeholder="true" mustcontains="{0}|{1}">Between the {0} and the {1}</item>
  <item name="SubActivityType.Quiz" html="false" placeholder="false">Questionnaire</item>
  <item name="SubActivityType.Forum" html="false" placeholder="false">Forum</item>
  <item name="SubActivityType.File" description="materiale inteso come file/materiale didattico" disambiguation="materiale=file" html="false" placeholder="false">Materials</item>
  <item name="SubActivityType.Wiki" html="false" placeholder="false">Wiki</item>
  <item name="SubActivityType.Text" html="false" placeholder="false">Text</item>
  <item name="SubActivityType.Certificate" html="false" placeholder="false">Certificate</item>
  <item name="LBdetail.text" html="false" placeholder="false">Details</item>
  <item name="LBcompletionTitle.text" html="false" placeholder="false">% of completion</item>
  <item name="LBstatusTitle.text" disambiguation="status: attivo/chiuso/in corso/valutazione" html="false" placeholder="false">Status</item>
  <item name="HYPupdateSubAct.text" disambiguation="verbo" html="false" placeholder="false">Modify</item>
  <item name="HYPupdateSubAct.ToolTip" html="false" placeholder="false">Modify action</item>
  <item name="LKBdeleteSubAct.text" html="false" placeholder="false">Delete action</item>
  <item name="LKBdeleteSubAct.ToolTip" html="false" placeholder="false">Delete action</item>
  <item name="LKBeditSubAct.text" html="false" placeholder="false">Modify Activity</item>
  <item name="LKBeditSubAct.ToolTip" html="false" placeholder="false">Modify Activity</item>
  <item name="HYPupdateAct.text" disambiguation="verbo" html="false" placeholder="false">Modify</item>
  <item name="HYPupdateAct.ToolTip" html="false" placeholder="false">Modify activity</item>
  <item name="LNBnewSubAct.text" html="false" placeholder="false">Add action</item>
  <item name="LNBnewSubAct.ToolTip" html="false" placeholder="false">Add action</item>
  <item name="LKBeduPathView.text" html="false" placeholder="false">Display educational path</item>
  <item name="LKBeduPathView.ToolTip" html="false" placeholder="false">Display educational path</item>
  <item name="LKBdeleteAct.text" html="false" placeholder="false">Delete activity</item>
  <item name="LKBdeleteAct.ToolTip" html="false" placeholder="false">Delete activity</item>
  <item name="LKBupdateWeight.text" html="false" placeholder="false">Save points</item>
  <item name="LKBupdateWeight.ToolTip" html="false" placeholder="false">Refesh score of the subactivities</item>
  <item name="LKBsetMandatory.text" html="false" placeholder="false">Set/Remove obligatoriness</item>
  <item name="LKBsetMandatory.ToolTip" html="false" placeholder="false">Set/Remove obligatoriness</item>
  <item name="HYPpreviousAct.text" html="false" placeholder="false">Previous activity</item>
  <item name="HYPpreviousAct.ToolTip" html="false" placeholder="false">Go to previous activity</item>
  <item name="HYPnextAct.text" html="false" placeholder="false">Next activity</item>
  <item name="HYPnextAct.ToolTip" html="false" placeholder="false">Next activity</item>
  <item name="LKBdown.text" html="false" placeholder="false">Move down</item>
  <item name="LKBdown.ToolTip" html="false" placeholder="false">Move down</item>
  <item name="LKBdown.ConfirmText" html="false" placeholder="false">Move down</item>
  <item name="LKBup.text" html="false" placeholder="false">Move up</item>
  <item name="LKBup.ToolTip" html="false" placeholder="false">Move up</item>
  <item name="LKBup.ConfirmText" html="false" placeholder="false">Move up</item>
  <item name="ActivityMandatory" html="false" placeholder="false">Activity is mandatory</item>
  <item name="SubActivityMandatory" html="false" placeholder="false">Action is mandatory</item>
  <item name="Error.Generic" html="false" placeholder="false">System error</item>
  <item name="Error.NotPermission" html="false" placeholder="false">No permissions to perform the operation</item>
  <item name="Error.Url" html="false" placeholder="false">Wrong address</item>
  <item name="HYPerror.text" html="false" placeholder="false">View educatinal path</item>
  <item name="HYPerror.ToolTip" html="false" placeholder="false">View educatinal path</item>
  <item name="StatusStatistic.Browsed" html="false" placeholder="false">Not started</item>
  <item name="StatusStatistic.Started" html="false" placeholder="false">Started</item>
  <item name="StatusStatistic.CompletedPassed" html="false" placeholder="false">Completed and passed</item>
  <item name="Visible" html="false" placeholder="false">Action is visible</item>
  <item name="NotVisible" html="false" placeholder="false">Action is not visible</item>
  <item name="MSGstarted" html="true" placeholder="false">&lt;br&gt;ATTENZIONE: It is not possible to edit this activity, path is not stopped, or it has been compiled by some users.&lt;br&gt;&lt;br&gt;</item>
  <item name="Points" html="false" placeholder="false"> points)</item>
  <item name="MSGConfirmUPDweight" html="false" placeholder="false">Updated score.</item>
  <item name="MSGnotSaved" html="false" placeholder="false">ERROR: Punteggi non aggiornati!</item>
  <item name="LBsubActRepository.text" html="false" placeholder="false">Adds one or more actions to the community files</item>
  <item name="LBsubActQuiz.text" html="false" placeholder="false">Create a test action</item>
  <item name="LBsubActText.text" html="false" placeholder="false">Create a text action</item>
  <item name="HYPaddSubText.text" html="false" placeholder="false">Add text</item>
  <item name="HYPaddSubText.ToolTip" html="false" placeholder="false">Create a text action</item>
  <item name="BTNaddQuestionario.text" html="false" placeholder="false">Add a test</item>
  <item name="BTNaddQuestionario.ToolTip" html="false" placeholder="false">Create a test action</item>
  <item name="BTNaddRepositoryActivity.text" html="false" placeholder="false">Add file</item>
  <item name="BTNaddRepositoryActivity.ToolTip" html="false" placeholder="false">Adds one or more action on the community files</item>
  <item name="BTNundoQuizAction.text" html="false" placeholder="false">Change action</item>
  <item name="BTNundoQuizAction.ToolTip" html="false" placeholder="false">Change action</item>
  <item name="LKBexecute.text" html="false" placeholder="false">Performed</item>
  <item name="LKBexecute.ToolTip" html="false" placeholder="false">action performed </item>
  <item name="Blocked.True" html="false" placeholder="false">Blocked</item>
  <item name="Blocked.False" html="false" placeholder="false">Not blocked</item>
  <item name="LBnoSubAct.Manage" html="false" placeholder="false">No action found. To add actions click "Add action"</item>
  <item name="LBnoSubAct.View" html="false" placeholder="false">Currently there is no action in this activity. To go back to the path click "View educational path"</item>
  <item name="LBsubActCertification.text" html="false" placeholder="false">Adds an action that produces a certificate of participation/attendance</item>
  <item name="BTNaddTextAction.text" html="false" placeholder="false">Add textual action</item>
  <item name="BTNaddTextAction.ToolTip" html="false" placeholder="false">Add textual action</item>
  <item name="BTNaddCertificationAction.text" html="false" placeholder="false">Add certification</item>
  <item name="BTNaddCertificationAction.ToolTip" html="false" placeholder="false">Add certification</item>
  <item name="BTNcloseAddActionWindowBottom.text" html="false" placeholder="false">Close window</item>
  <item name="BTNcloseAddActionWindowBottom.ToolTip" html="false" placeholder="false">Close window</item>
  <item name="BTNcloseAddActionWindowTop.text" html="false" placeholder="false">Close window</item>
  <item name="BTNcloseAddActionWindowTop.ToolTip" html="false" placeholder="false">Close window</item>
  <item name="BTNselectActionBottom.text" html="false" placeholder="false">Change action</item>
  <item name="BTNselectActionBottom.ToolTip" html="false" placeholder="false">Change action</item>
  <item name="BTNselectActionTop.text" html="false" placeholder="false">Change action</item>
  <item name="BTNselectActionTop.ToolTip" html="false" placeholder="false">Change action</item>
  <item name="BTNcreateActionBottom.text" html="false" placeholder="false">Create action</item>
  <item name="BTNcreateActionBottom.ToolTip" html="false" placeholder="false">Create action</item>
  <item name="BTNcreateActionTop.text" html="false" placeholder="false">Create action</item>
  <item name="BTNcreateActionTop.ToolTip" html="false" placeholder="false">Create action</item>
  <item name="LTcurrentAction.text" html="false" placeholder="false">Select the action you want to add</item>
  <item name="Selected.TextAction" html="false" placeholder="false">Action of textual type</item>
  <item name="Selected.Certification" html="false" placeholder="false">Generation of the certification document</item>

  <item name="CertificationError.None.savingRequired.False.saved.False">Attestato prodotto correttamente</item>
  <item name="CertificationError.None.savingRequired.False.saved.True">Attestato prodotto correttamente</item>
  <item name="CertificationError.None.savingRequired.True.saved.False">Attestato prodotto correttamente, non è stata salvata una copia sul server web</item>
  <item name="CertificationError.None.savingRequired.True.saved.True">Attestato prodotto correttamente: è stata salvata una copia sul server web</item>
  <item name="CertificationError.Unknown.savingRequired.False.saved.False">Errore sconosciuto nella generazione dell'attestato</item>
  <item name="CertificationError.Unknown.savingRequired.False.saved.True">Errore sconosciuto nella generazione dell'attestato</item>
  <item name="CertificationError.Unknown.savingRequired.True.saved.False">Errore sconosciuto nella generazione dell'attestato, NON è stato possibile salvare una copia dell'attestato  sul server web</item>
  <item name="CertificationError.Unknown.savingRequired.True.saved.True">Errore sconosciuto nella generazione dell'attestato</item>
  <item name="CertificationError.RepositoryError.savingRequired.False.saved.False">Errore sul server web</item>
  <item name="CertificationError.RepositoryError.savingRequired.False.saved.True">Errore sul server web</item>
  <item name="CertificationError.RepositoryError.savingRequired.True.saved.False">Errore sul server web: impossibile procedere con la memorizzazione del file</item>
  <item name="CertificationError.RepositoryError.savingRequired.True.saved.True">Errore sul server web: impossibile procedere con la memorizzazione del file</item>
  <item name="CertificationError.SavingFile.savingRequired.False.saved.False">Errore nella memorizzazione temporanea dell'attestato sul server web per consentirne poi lo scaricamento</item>
  <item name="CertificationError.SavingFile.savingRequired.False.saved.True">Errore nella memorizzazione temporanea dell'attestato sul server web per consentirne poi lo scaricamento</item>
  <item name="CertificationError.SavingFile.savingRequired.True.saved.False">Errore nella memorizzazione dell'attestato sul server web</item>
  <item name="CertificationError.SavingFile.savingRequired.True.saved.True">Errore nella memorizzazione dell'attestato sul server web</item>
  <item name="CertificationError.TransmittingFile.savingRequired.False.saved.False">Errore nella fase di scaricamento dell'attestato</item>
  <item name="CertificationError.TransmittingFile.savingRequired.False.saved.True">Errore nella fase di scaricamento dell'attestato</item>
  <item name="CertificationError.TransmittingFile.savingRequired.True.saved.False">Errore nella fase di scaricamento dell'attestato, NON è stato inoltre creato il relativo file sul server web</item>
  <item name="CertificationError.TransmittingFile.savingRequired.True.saved.True">Errore nella fase di scaricamento dell'attestato, è stato creato comunque il relativo file sul server web</item>
  <item name="CertificationError.ParsingTemplate.savingRequired.False.saved.False">Errore nella generazione del contenuto dell'attestato</item>
  <item name="CertificationError.ParsingTemplate.savingRequired.False.saved.True">Errore nella generazione del contenuto dell'attestato</item>
  <item name="CertificationError.ParsingTemplate.savingRequired.True.saved.False">Errore nella generazione del contenuto dell'attestato</item>
  <item name="CertificationError.ParsingTemplate.savingRequired.True.saved.True">Errore nella generazione del contenuto dell'attestato: è stata creata comunque una copia dell'attestato (anche se illeggibile) sul server web</item>
  <item name="CertificationError.EmptyTemplateItem.savingRequired.False.saved.False">Un campo presente nell'attestato non è stato valorizzato, impossibile salvare l'attestato</item>
  <item name="CertificationError.EmptyTemplateItem.savingRequired.False.saved.True">Un campo presente nell'attestato non è stato valorizzato, impossibile salvare l'attestato</item>
  <item name="CertificationError.EmptyTemplateItem.savingRequired.True.saved.False">Un campo presente nell'attestato non è stato valorizzato, impossibile salvare l'attestato</item>
  <item name="CertificationError.EmptyTemplateItem.savingRequired.True.saved.True">Un campo presente nell'attestato non è stato valorizzato, l'attestato è stato comunque salvato in formato pdf sul server web</item>
  <item name="CertificationError.EmptyTemplateItems.savingRequired.False.saved.False">Alcuni campi presenti nell'attestato risultano NON compilati</item>
  <item name="CertificationError.EmptyTemplateItems.savingRequired.False.saved.True">Alcuni campi presenti nell'attestato risultano NON compilati</item>
  <item name="CertificationError.EmptyTemplateItems.savingRequired.True.saved.False">Alcuni campi presenti nell'attestato risultano NON compilati</item>
  <item name="CertificationError.EmptyTemplateItems.savingRequired.True.saved.True">Alcuni campi presenti nell'attestato risultano NON compilati, l'attestato è stato comunque salvato in formato pdf sul server web</item>
  <item name="LNBcertificate.ToolTip">Scarica l'attestato.</item>
  <item name="LNBrefreshCertificate.ToolTip">Rigenera l'attestato</item>
  <item name="LNBrefreshCertificate.text" hidden="true"> </item>
  <item name="DisplayMessageToken.ViewCertificate">Il file richiesto è in fase di preparazione, attendere qualche secondo per poterlo scaricare.</item>
  <item name="DisplayTitleToken.ViewCertificate">Scaricamento attestato</item>


</Resource>