<?xml version="1.0" encoding="utf-8"?>
<Resource xmlns:xsi="http://www.w3.org/2001/XMLSchema-instance" xmlns:xsd="http://www.w3.org/2001/XMLSchema" xmlns="urn:ComolTranslation">
  <item name="LNBCartellaPrincipale.text" html="false" placeholder="false">Main folder</item>
  <item name="LNBGestioneDomande.text" disambiguation="domande=domande di un questionario" html="false" placeholder="false">Questions management</item>
  <item name="LNBAggiungiLibreria.text" html="false" placeholder="false">Add a library</item>
  <item name="LNBSalva.text" html="false" placeholder="false">Save changes</item>
  <item name="LNBSalva2.text" html="false" placeholder="false">Save changes</item>
  <item name="ErroreOpzioni" html="false" placeholder="false">Request saving failed, set at least one response option</item>
  <item name="ErroreNoCorretta" html="false" placeholder="false">Request saving failed, set at least one correct option or disable the evaluation impostare almeno un'opzione corretta o disattivare la valutazione</item>
  <item name="ErroreTestoDomanda" html="false" placeholder="false">Request saving failed, please enter the text of the request.</item>
  <item name="ErroreLunghezzaOpzione" html="false" placeholder="false">Request saving failed, check the options text lenght</item>
  <item name="LBConferma.text" html="false" placeholder="false">Question correctly added to library</item>
  <item name="LBMessage.text" disambiguation="libreria=libreria di domande" html="false" placeholder="false">Select a library:</item>
  <item name="BTNConferma.text" html="false" placeholder="false">OK</item>
  <item name="LBerrore.text" html="false" placeholder="false">You don't have permissions to</item>
  <item name="1.MNUTipoDomanda" html="false" placeholder="false">RATING </item>
  <item name="2.MNUTipoDomanda" html="false" placeholder="false">NUMERICAL</item>
  <item name="3.MNUTipoDomanda" html="false" placeholder="false">MULTIPLE CHOISE</item>
  <item name="4.MNUTipoDomanda" html="false" placeholder="false">DROPDOWN </item>
  <item name="5.MNUTipoDomanda" html="false" placeholder="false">FREE TEXT</item>
  <item name="LBSceltaDomanda.text" html="false" placeholder="false">SELECT THE TYPE OF QUESTION BY CLICKING "WIZARD" OR "ADVANCED"</item>
  <item name="LNBwizard" html="false" placeholder="false">Wizard</item>
  <item name="LNBavanzato" html="false" placeholder="false">Advanced</item>
  <item name="LibreriaDiDomande" disambiguation="libreria=libreria di domande" html="false" placeholder="false">Libraries</item>
  <item name="Modello" disambiguation="modello=modello di questionario" html="false" placeholder="false">Models</item>
  <item name="Autovalutazione" html="false" placeholder="false">Self-assessment test</item>
  <item name="Sondaggio" html="false" placeholder="false">Polls</item>
  <item name="Questionari" html="false" placeholder="false">Questionnaires</item>
  <item name="Meeting" html="false" placeholder="false">Meeting</item>
  <item name="LibreriaDiDomande" disambiguation="libreria=libreria di domande" html="false" placeholder="false">Librerie</item>
  <item name="Modello" disambiguation="modello=modello di questionario" html="false" placeholder="false">Modelli</item>
  <item name="Autovalutazione" html="false" placeholder="false">Test di autovalutazione</item>
  <item name="Sondaggio" html="false" placeholder="false">Sondaggi</item>
  <item name="Questionari" html="false" placeholder="false">Questionari</item>
  <item name="Meeting" html="false" placeholder="false">Meeting</item>
</Resource>