<?xml version="1.0" encoding="utf-8"?>
<Resource xmlns:xsi="http://www.w3.org/2001/XMLSchema-instance" xmlns:xsd="http://www.w3.org/2001/XMLSchema" xmlns="urn:ComolTranslation">
  <item name="ServiceTitle" html="false" placeholder="false">Compile the quiz </item>
  <item name="ServiceNopermission" html="false" placeholder="false">You do not have permission to compile this questionnaire.</item>
  <item name="DisplayAccessError" html="false" placeholder="true" mustcontains="{0}">You do not have permission to compile the questionnaire "{0}".</item>
  <item name="DisplayAccessErrorU" html="false" placeholder="true" mustcontains="{0}|{1}|{2}">Sorry {1} {2}, you can not compile the questionnaire "{0}".</item>
  <item name="DisplayNoPermission" html="false" placeholder="false">You do not have permission to compile this questionnaire.</item>
  <item name="DisplayUnknownQuesionnaire" html="false" placeholder="false">Questionnaire not found, you can go further with the compilation.</item>
</Resource>