<?xml version="1.0" encoding="utf-8"?>
<Resource xmlns:xsi="http://www.w3.org/2001/XMLSchema-instance" xmlns:xsd="http://www.w3.org/2001/XMLSchema" xmlns="urn:ComolTranslation">
  <item name="LNBNuovoQuestionario.text" disambiguation="libreria=libreria di domande" html="false" placeholder="false">New library</item>
  <item name="LNBNuovaCartella.text" html="false" placeholder="false">New folder</item>
  <item name="LNBNuovoSondaggio.text" html="false" placeholder="false">New poll</item>
  <item name="LNBLibrerieDomande.text" disambiguation="libreria=libreria di domande" html="false" placeholder="false">Questions library</item>
  <item name="LNBCestino.text" html="false" placeholder="false">Trash bin</item>
  <item name="LBerrore.text" html="false" placeholder="false">You do not have permission to access this service</item>
  <item name="LBerroreModello" disambiguation="libreria=libreria di domande" html="false" placeholder="false">This library has been already imported in this community</item>
  <item name="LBLCartella.text" html="false" placeholder="false">Main folder</item>
  <item name="LBTitoloSottoCartelle.text" html="false" placeholder="false">Sub-folders:</item>
  <item name="GRVElenco.headerNome.HeaderText" disambiguation="libreria=libreria di domande" html="false" placeholder="false">Library name</item>
  <item name="GRVElenco.headerModifica.HeaderText" disambiguation="M=modifica (un solo carattere)" html="false" placeholder="false">M</item>
  <item name="GRVElenco.headerElimina.HeaderText" disambiguation="C=cancella (un solo carattere)" html="false" placeholder="false">D</item>
  <item name="GRVElenco.headerImporta.HeaderText" disambiguation="I=importa (un solo carattere)" html="false" placeholder="false">I</item>
  <item name="IMChiuso.AlternateText" html="false" placeholder="false">Closed</item>
  <item name="IMBloccato.AlternateText" html="false" placeholder="false">Blocked</item>
  <item name="IMBAnteprima.AlternateText" html="false" placeholder="false">View preview</item>
  <item name="IMBGestione.AlternateText" disambiguation="verbo" html="false" placeholder="false">Modify</item>
  <item name="IMBDomande.AlternateText" disambiguation="domande=domande di un questionario" html="false" placeholder="false">Questions management</item>
  <item name="IMBElimina.AlternateText" html="false" placeholder="false">Delete</item>
  <item name="IMBElimina.ConfirmText" html="false" placeholder="false">Are you sure you want to permanently delete the library?\n Note: library will be put in the trash bin</item>
  <item name="IMBImporta.AlternateText" html="false" placeholder="false">Import the argument in the current community</item>
  <item name="IMBImporta.ConfirmText" disambiguation="libreria=libreria di domande" html="false" placeholder="false">Library will be imported in the current community. Continue?</item>
  <item name="IMBStatisticheGenerali.AlternateText" html="false" placeholder="false">General statistics</item>
  <item name="IMBStatisticheUtenti.AlternateText" html="false" placeholder="false">Users statistics </item>
  <item name="IMBHelp.AlternateText" html="false" placeholder="false">Help</item>
  <item name="LBHelp.text" html="false" placeholder="false">Help</item>
  <item name="MSGnoQuestionari" html="false" placeholder="false">There are no arguments</item>
  <item name="LBLNomeQuestionario" disambiguation="libreria=libreria di domande" html="false" placeholder="false">Library deletion: </item>
  <item name="LBLTestoDescrizione" disambiguation="libreria=libreria di domande" html="false" placeholder="false">Library is present in several languages, select the ones you want to delete</item>
  <item name="BTNEliminaLingua.text" html="false" placeholder="false">Delete</item>
  <item name="BTNEliminaLingua.ConfirmText" html="false" placeholder="false">Are you sure you want to permanently delete the library?\n Note: library will be put in the trash bin</item>
  <item name="LNKArgomenti.text" html="false" placeholder="false">Display arguments</item>
  <item name="0.TBSGruppi" disambiguation="libreria=libreria di domande" html="false" placeholder="false">Community libraries</item>
  <item name="LibreriaDiDomande" disambiguation="libreria=libreria di domande" html="false" placeholder="false">Libraries</item>
  <item name="Modello" disambiguation="modello=modello di questionario" html="false" placeholder="false">Models</item>
  <item name="Autovalutazione" html="false" placeholder="false">Self-assessment test</item>
  <item name="Sondaggio" html="false" placeholder="false">Polls</item>
  <item name="Questionari" html="false" placeholder="false">Questionnaires</item>
  <item name="Meeting" html="false" placeholder="false">Meeting</item>
</Resource>