<?xml version="1.0" encoding="utf-8"?>
<Resource xmlns:xsi="http://www.w3.org/2001/XMLSchema-instance" xmlns:xsd="http://www.w3.org/2001/XMLSchema" xmlns="urn:ComolTranslation">
  <item name="LBTitolo.text" html="false" placeholder="false">Administration polls list</item>
  <item name="LibreriaDiDomande" disambiguation="libreria=libreria di domande" html="false" placeholder="false">Libraries</item>
  <item name="Modello" disambiguation="modello=modello di questionario" html="false" placeholder="false">Models</item>
  <item name="Autovalutazione" html="false" placeholder="false">Self-assessment test</item>
  <item name="Sondaggio" html="false" placeholder="false">Polls</item>
  <item name="Questionari" html="false" placeholder="false">Questionnaires</item>
  <item name="Meeting" html="false" placeholder="false">Meeting</item>
  <item name="testoUnico" html="true" placeholder="true" mustcontains="{0}|{1}|{2}|{3}|{4}|{5}|{6}|{7}">
        Utilizzando questa pagina si possono amministrare i propri sondaggi.&lt;br&gt;
        Premendo il Pulsante in alto "Nuovo Sondaggio", sarà possibile procedere alla creazione di un nuovo sondaggio, da sottoporre agli utenti.&lt;br&gt;
        La tabella centrale presenta una lista dei sondaggi che sono già stati precedentemente creati.&lt;br&gt;
        Per ogni sondaggio si potranno effettuare le seguenti operazioni:&lt;br&gt;&lt;br&gt;
        {0}: Anteprima di come apparirà il sondaggio agli utenti finali&lt;br&gt;&lt;br&gt;
        {1}: Modifica del sondaggio&lt;br&gt;&lt;br&gt;
        {2}: Gestione delle domande. Qui si potrà inserire, spostare, modificare le domande di un sondaggio.&lt;br&gt;&lt;br&gt;
        {3}: Elimina il sondaggio&lt;br&gt;&lt;br&gt;
        Prima di effettuare le operazioni di modifica, è necessario selezionare la lingua del sondaggio da modificare.&lt;br&gt;
        Aprendo il menu a tendina {4} si potrà scegliere la lingua desiderata.&lt;br&gt;&lt;br&gt;
        Inoltre sulla prima colonna posso essere presenti i seguenti simboli:&lt;br&gt;&lt;br&gt;
        {5} il sondaggio è chiuso (o terminato), quindi non è più possibile effettuare modifiche alla struttura del sondaggio&lt;br&gt;
        Il questionario può essere bloccato o sbloccato per la compilazione cliccando sui seguenti simboli:&lt;br&gt;
        {6} il sondaggio è bloccato, quindi gli utenti non potranno accedervi per la compilazione
        {7} il sondaggio è aperto, quindi è possibile compilarlo&lt;br&gt;
    </item>
  <item name="IMGanteprima" html="false" placeholder="false" hidden="true">&lt;img src="img/anteprima.png"&gt;</item>
  <item name="IMGmodifica" html="false" placeholder="false" hidden="true">&lt;img src="img/modifica.png"&gt;</item>
  <item name="IMGgestioneDomande" html="false" placeholder="false" hidden="true">&lt;img src="img/gestioneDomande.png"&gt;</item>
  <item name="IMGelimina" html="false" placeholder="false" hidden="true">&lt;img src="img/cestino.gif"&gt;</item>
  <item name="IMGdropdownLingue" html="false" placeholder="false" hidden="true">&lt;img src="img/dropdownLingue.png"&gt;</item>
  <item name="IMGchiuso" html="false" placeholder="false" hidden="true">&lt;img src="img/chiuso.png"&gt;</item>
  <item name="IMGbloccato" html="false" placeholder="false" hidden="true">&lt;img src="img/bloccato.png"&gt;</item>
  <item name="IMGlibero" html="false" placeholder="false" hidden="true">&lt;img src="img/libero.png"&gt;</item>
</Resource>