<?xml version="1.0" encoding="utf-8"?>
<Resource xmlns:xsi="http://www.w3.org/2001/XMLSchema-instance" xmlns:xsd="http://www.w3.org/2001/XMLSchema" xmlns="urn:ComolTranslation">
  <item name="LBTitolo.text" html="false" placeholder="false">Polls list</item>
  <item name="LibreriaDiDomande" disambiguation="libreria=libreria di domande" html="false" placeholder="false">Libraries</item>
  <item name="Modello" disambiguation="modello=modello di questionario" html="false" placeholder="false">Models</item>
  <item name="Autovalutazione" html="false" placeholder="false">Self-assessment test</item>
  <item name="Sondaggio" html="false" placeholder="false">Polls</item>
  <item name="Questionari" html="false" placeholder="false">Questionnaires</item>
  <item name="Meeting" html="false" placeholder="false">Meeting</item>
  <item name="testoUnico" html="true" placeholder="true" mustcontains="{0}|{1}|{2}|{4}|{6}">From this page you can view the polls you can participate in.&lt;br&gt;
        To enter a poll you should only click on its name&lt;br&gt;&lt;br&gt;
        The page is made up of sections that you can view by clicking on the section name:br&gt;&lt;br&gt;
        {0} &lt;br&gt;all the polls associated to the community are listed&lt;br&gt;&lt;br&gt;
        {1} &lt;br&gt;ll the public polls in the system are listed&lt;br&gt;&lt;br&gt;
        {2} &lt;br&gt;all the polls, compiled by the user, are listed&lt;br&gt;&lt;br&gt;
        Every poll is displayed in a language, the creator set.&lt;br&gt;
        Polls can be created in different languages; a list of flag icons is displayed, an icon for each available language.&lt;br&gt;
        To select a language just click the flag of the corresponding country.
        &lt;br&gt;&lt;br&gt;{6}&lt;br&gt;
        Furthermore the following symbols can be associated to every poll(first column of the list):&lt;br&gt;
        {4} open poll, compilation allowed&lt;br&gt;
        {5} blocked poll, compilation not allowed&lt;br&gt;&lt;br&gt;
</item>
  <item name="IMGquestionariComunita" html="false" placeholder="false" hidden="true">&lt;img src="img/sondaggiComunita.png"&gt;</item>
  <item name="IMGquestionariPubblici" html="false" placeholder="false" hidden="true">&lt;img src="img/sondaggiPubblici.png"&gt;</item>
  <item name="IMGquestionariCompilati" html="false" placeholder="false" hidden="true">&lt;img src="img/sondaggiCompilati.png"&gt;</item>
  <item name="IMGquestionariInvito" html="false" placeholder="false" hidden="true">&lt;img src="img/sondaggiInvito.png"&gt;</item>
  <item name="IMGlibero" html="false" placeholder="false" hidden="true">&lt;img src="img/libero.png"&gt;</item>
  <item name="IMGbloccato" html="false" placeholder="false" hidden="true">&lt;img src="img/bloccato.png"&gt;</item>
  <item name="IMGbandiereLingue" html="false" placeholder="false" hidden="true">&lt;img src="img/bandiereLingue.png"&gt;</item>
</Resource>