<?xml version="1.0" encoding="utf-8"?>
<Resource xmlns:xsi="http://www.w3.org/2001/XMLSchema-instance" xmlns:xsd="http://www.w3.org/2001/XMLSchema" xmlns="urn:ComolTranslation">
  <item name="LBTitolo.text" html="false" placeholder="false">Contacts</item>
  <item name="LibreriaDiDomande" disambiguation="libreria=libreria di domande" html="false" placeholder="false">Libraries</item>
  <item name="Modello" disambiguation="modello=modello di questionario" html="false" placeholder="false">Models</item>
  <item name="Autovalutazione" html="false" placeholder="false">Self-assessment test</item>
  <item name="Sondaggio" html="false" placeholder="false">Polls</item>
  <item name="Questionari" html="false" placeholder="false">Questionnaires</item>
  <item name="Meeting" html="false" placeholder="false">Meeting</item>
  <item name="testoUnico" html="true" placeholder="false">
        This page allows to manage invitations&lt;br&gt;
        By clicking the corresponding icons it is possible to access and edit data of the invited users, delete users from list and by this, also the invitations.</item>
</Resource>