<?xml version="1.0" encoding="utf-8"?>
<Resource xmlns:xsi="http://www.w3.org/2001/XMLSchema-instance" xmlns:xsd="http://www.w3.org/2001/XMLSchema" xmlns="urn:ComolTranslation">
  <item name="LBTitolo.text" html="false" placeholder="false">Questionnaire management</item>
  <item name="LibreriaDiDomande" disambiguation="libreria=libreria di domande" html="false" placeholder="false">Libraries</item>
  <item name="Modello" disambiguation="modello=modello di questionario" html="false" placeholder="false">Models</item>
  <item name="Autovalutazione" html="false" placeholder="false">Self-assessment test</item>
  <item name="Sondaggio" html="false" placeholder="false">Polls</item>
  <item name="Questionari" html="false" placeholder="false">Questionnaires</item>
  <item name="Meeting" html="false" placeholder="false">Meeting</item>
  <item name="testoUnico" html="true" placeholder="false"> From this page you can create a new questionnaire. &lt;br&gt;
        You can find in the detail some default sections you could choose to save your data in.&lt;br&gt;&lt;br&gt;
        or QUESTIONNAIRE DETAILS &lt;br&gt;
        In the first section you can enter&lt;br&gt;
        - the questionnaire name,&lt;br&gt;
        - an eventual description of the questionnaire (goals, recipients, etc.)&lt;br&gt;
        - the choosen language&lt;br&gt;
        - the time span the questionnaire is active in. A start date and an end date are displayed.&lt;br&gt;
        - indicates if the questionnaire is blocked or not. A blocked questionnaire can not be complied.&lt;br&gt;&lt;br&gt;
        or METHODS OF ADMINISTRATION&lt;br&gt;
        In the second section you can set&lt;br&gt;
        - The maximum time span (minutes) to compile the questionnaire. If any time limitation is expected, enter a value equal to zero &lt;br&gt;
        - the quiz rating scale, that is the maximum score an user can reach by answering correctly to all answers&lt;br&gt;
        - set the anonymous compilation of the quiz. &lt;br&gt;
        - Further options, allow the user to view or modify the given answers after the questionnaire compilation.&lt;br&gt;&lt;br&gt;
        or QUESTIONNAIRE DETAILS&lt;br&gt;
        In the third section you can set the questionnaire recipients, that is the kind of users that are allowed to compile the questionnaire.&lt;br&gt;
        1) All the users of the community in which you created the questionnaire&lt;br&gt;
        2) Also users from outside the community, but still registered in comunità online&lt;br&gt;
        3) External users, you can invite by email using “invitation management”&lt;br&gt;
        4) All the users, also unregistered. In this case the questionnaire will be available on the portal home page&lt;br&gt;
</item>
  <item name="IMGdomandaMultipla" html="false" placeholder="false" hidden="true">&lt;img src="img/domandaMultipla.jpg"&gt;</item>
  <item name="IMGpaginaAmerica" html="false" placeholder="false" hidden="true">&lt;img src="img/paginaAmerica.png"&gt;</item>
  <item name="IMGtestoDomanda" html="false" placeholder="false" hidden="true">&lt;img src="img/testoDomanda.png"&gt;</item>
  <item name="IMGpesoDomanda" html="false" placeholder="false" hidden="true">&lt;img src="img/pesoDomanda.png"&gt;</item>
  <item name="IMGdifficoltaDomanda" html="false" placeholder="false" hidden="true">&lt;img src="img/difficoltaDomanda.png"&gt;</item>
  <item name="IMGnumeroRisposte" html="false" placeholder="false" hidden="true">&lt;img src="img/numeroRisposte3.gif"&gt;</item>
  <item name="IMGnumeroMaxRisposte" html="false" placeholder="false" hidden="true">&lt;img src="img/numeroMaxRisposte.gif"&gt;</item>
  <item name="IMGdomandaMultiplaOpzioni" html="false" placeholder="false" hidden="true">&lt;img src="img/domandaMultiplaOpzioni.png"&gt;</item>
  <item name="IMGtestoDopoDomanda" html="false" placeholder="false" hidden="true">&lt;img src="img/testoDopoDomanda.png"&gt;</item>
</Resource>