<?xml version="1.0" encoding="utf-8"?>
<Resource xmlns:xsi="http://www.w3.org/2001/XMLSchema-instance" xmlns:xsd="http://www.w3.org/2001/XMLSchema" xmlns="urn:ComolTranslation">
  <item name="LBTitolo.text" html="false" placeholder="false">Rating question</item>
  <item name="LibreriaDiDomande" disambiguation="libreria=libreria di domande" html="false" placeholder="false">Libraries</item>
  <item name="Modello" disambiguation="modello=modello di questionario" html="false" placeholder="false">Models</item>
  <item name="Autovalutazione" html="false" placeholder="false">Self-assessment test</item>
  <item name="Sondaggio" html="false" placeholder="false">Polls</item>
  <item name="Questionari" html="false" placeholder="false">Questionnaires</item>
  <item name="Meeting" html="false" placeholder="false">Meeting</item>
  <item name="testoUnico" html="true" placeholder="true" mustcontains="{0}|{1}|{2}|{3}|{4}|{5}|{6}|{7}|{8}|{9}|{10}">
        Una domanda di questo tipo consente allo studente di rispondere tramite una scala di valori, presentati all’interno di una griglia di valutazione.&lt;br&gt;
        I valori di tale scala possono essere decisi a priori da colui che crea la domanda. &lt;br&gt;
        Per comprendere pienamente il funzionamento di questa domanda facciamo un esempio:&lt;br&gt;
        &lt;br&gt;
        {0}&lt;br&gt;
        &lt;br&gt;
        Un altro tipo di domanda potrebbe essere la seguente:&lt;br&gt;
        &lt;br&gt;
        {1}&lt;br&gt;
        &lt;br&gt;
        Per creare una domanda di questo tipo in Comunità Online seguire i passi:&lt;br&gt;
        &lt;br&gt;
        1) Definire la pagina del questionario / sondaggio nella quale dovrà comparire la domanda&lt;br&gt;
        &lt;br&gt;
        {2}&lt;br&gt;
        &lt;br&gt;
        2) Inserire il testo della domanda&lt;br&gt;
        &lt;br&gt;
        {3}&lt;br&gt;
        &lt;br&gt;
        3) Indicare quale è il peso della domanda all’interno del questionario&lt;br&gt;
        &lt;br&gt;
        {4}&lt;br&gt;
        &lt;br&gt;
        4) Indicare qual è la difficoltà della domanda&lt;br&gt;
        &lt;br&gt;
        {5}&lt;br&gt;
        &lt;br&gt;
        Se consideriamo la risposta difficile, scegliamo una difficoltà alta&lt;br&gt;
        &lt;br&gt;
        5) Indicare il numero di colonne che avra' la griglia (in questo caso 5).&lt;br&gt;
        Indicare che tipo di intestazione avranno le colonne della griglia di valutazione. Nel caso del primo esempio le colonne avranno un’intestazione numerica (nel dettaglio i valori da 1 a 5), mentre nel secondo esempio testuale (giudizio negativo, positivo, etc.)&lt;br&gt;
        &lt;br&gt;
        {6}&lt;br&gt;
        &lt;br&gt;
        6) Indicare il numero di righe (opzioni) per la griglia di valutazione.&lt;br&gt;
        &lt;br&gt;
        {7}
        &lt;br&gt;
        Automaticamente il sistema presenterà il corretto numero di colonne e righe, con un anteprima di come lo studente vedrà la griglia.&lt;br&gt;
        &lt;br&gt;
        7) Riempire i campi colonna e righe della griglia con i valori corretti.&lt;br&gt;
        &lt;br&gt;
        Nel caso del secondo esempio dovremmo riempire i campi come segue:&lt;br&gt;
        &lt;br&gt;
        {8}&lt;br&gt;
        &lt;br&gt;
        Mentre nel primo esempio non dovremmo compilare le colonne, essendo numeriche e già riempite dal sistema.&lt;br&gt;
        &lt;br&gt;
        Il campo testo libero è lasciato per indicare una risposta non predefinita, nel caso dei nostri esempi il campo “Altro”&lt;br&gt;
        &lt;br&gt;
        Nel caso si voglia consentire la valutazione nulla ad un’opzione (ad esempio la risposta “Non so”) selezionare il campo consenti risposta nulla&lt;br&gt;
        &lt;br&gt;
        {9}
        &lt;br&gt;
        &lt;br&gt;
        8) Un'opportunità finale è quella di proporre un testo aggiuntivo alla conclusione della domanda. Un esempio può essere il seguente&lt;br&gt;
        &lt;br&gt;
        {10}&lt;br&gt;
        &lt;br&gt;
        Al termine, quando la compilazione è terminata, premere il tasto “Salva Modifiche”&lt;br&gt;
        &lt;br&gt;
        Ecco come si presenta la schermata dopo avere seguito i passi qui indicati.    &lt;br&gt;
        &lt;br&gt;
        {1}
    </item>
  <item name="IMGdomandaRatingN" html="false" placeholder="false" hidden="true">&lt;img src="img/domandaRatingN.png"&gt;</item>
  <item name="IMGdomandaRatingT" html="false" placeholder="false" hidden="true">&lt;img src="img/domandaRatingT.png"&gt;</item>
  <item name="IMGpaginaRating" html="false" placeholder="false" hidden="true">&lt;img src="img/paginaDomandaRating.png"&gt;</item>
  <item name="IMGtestoDomandaRating" html="false" placeholder="false" hidden="true">&lt;img src="img/testoDomandaRating.png"&gt;</item>
  <item name="IMGpesoDomanda" html="false" placeholder="false" hidden="true">&lt;img src="img/pesoDomanda.png"&gt;</item>
  <item name="IMGdifficoltaDomanda" html="false" placeholder="false" hidden="true">&lt;img src="img/difficoltaDomanda.png"&gt;</item>
  <item name="IMGdomandaRating5" html="false" placeholder="false" hidden="true">&lt;img src="img/domandaRating5.png"&gt;</item>
  <item name="IMGnumeroRisposte" html="false" placeholder="false" hidden="true">&lt;img src="img/numeroRisposte4.png"&gt;</item>
  <item name="IMGdomandaRatingGriglia" html="false" placeholder="false" hidden="true">&lt;img src="img/domandaRatingGriglia.png"&gt;</item>
  <item name="IMGrispostaNulla" html="false" placeholder="false" hidden="true">&lt;img src="img/rispostaNulla.png"&gt;</item>
  <item name="IMGtestoDopoDomanda" html="false" placeholder="false" hidden="true">&lt;img src="img/testoDopoDomandaGenerico.png"&gt;</item>
</Resource>