<?xml version="1.0" encoding="utf-8"?>
<Resource xmlns:xsi="http://www.w3.org/2001/XMLSchema-instance" xmlns:xsd="http://www.w3.org/2001/XMLSchema" xmlns="urn:ComolTranslation">
  <item name="MSGerrorNoPermission" html="false" placeholder="false">You do not have permission to view this page.</item>
  <item name="LBtitolo.text" html="false" placeholder="false">List of saved self-assessment tests:</item>
  <item name="LBTitoloListaRisposte.text" html="false" placeholder="true" mustcontains="{0}">List of proofs taken for the self-assessment test "{0}":</item>
  <item name="GRVelenco.headerNome.HeaderText" html="false" placeholder="false">Questionnaire</item>
  <item name="GRVelenco.headerQuanteRisposte.HeaderText" html="false" placeholder="false">Performed tests number </item>
  <item name="GRVlistaRisposte.dataCompilazione.HeaderText" html="false" placeholder="false">Test date</item>
  <item name="LBPunteggioRelativo.text" html="false" placeholder="false">Relative score:</item>
  <item name="LBnRisposteTotali.text" html="false" placeholder="false">N° overall answers: </item>
  <item name="LBnRisposteCorrette.text" html="false" placeholder="false">N° correct answers: </item>
  <item name="LBnRisposteErrate.text" html="false" placeholder="false">N° wrong answers: </item>
  <item name="LBnRisposteNonValutate.text" html="false" placeholder="false">N° not evaluated answers: </item>
  <item name="LBPunteggioTotale.text" html="false" placeholder="false">Total score:</item>
  <item name="LBnOpzioniTotali.text" html="false" placeholder="false">N° overall options: </item>
  <item name="LBnOpzioniCorrette.text" html="false" placeholder="false">N° correct answers: </item>
  <item name="LBnOpzioniErrate.text" html="false" placeholder="false">N° wrong options </item>
  <item name="LBnOpzioniNonValutate.text" html="false" placeholder="false">N° not evaluated options: </item>
  <item name="ServiceTitle" html="false" placeholder="false">self-assestment</item>
</Resource>