<?xml version="1.0" encoding="utf-8"?>
<Resource xmlns:xsi="http://www.w3.org/2001/XMLSchema-instance" xmlns:xsd="http://www.w3.org/2001/XMLSchema" xmlns="urn:ComolTranslation">
  <item name="LBTitolo.text" html="false" placeholder="false">Question with drop down menu</item>
  <item name="ServiceTitle" disambiguation="libreria=libreria di domande" html="false" placeholder="false">Libraries</item>
  <item name="LibreriaDiDomande" disambiguation="libreria=libreria di domande" html="false" placeholder="false">Libraries</item>
  <item name="Modello" disambiguation="modello=modello di questionario" html="false" placeholder="false">Models</item>
  <item name="Autovalutazione" html="false" placeholder="false">Self-assessment test</item>
  <item name="Sondaggio" html="false" placeholder="false">Polls</item>
  <item name="Questionari" html="false" placeholder="false">Questionnaires</item>
  <item name="Meeting" html="false" placeholder="false">Meeting</item>
  <item name="testoUnico" html="true" placeholder="true" mustcontains="{0}|{1}|{2}|{3}|{4}|{5}|{6}|{7}|{8}|{9}">
        Questo tipo di domanda è molto simile alla domanda a risposta multipla; in questo caso però le risposte verranno visualizzate in un menu a tendina. &lt;br&gt;
        Questo vuol dire che un utente non potrà dare più risposte ad una specifica domanda, ma SOLO quella selezionata nel menu a tendina che gli si presenterà.&lt;br&gt;
        Un esempio di questa domanda può essere:&lt;br&gt;&lt;br&gt;
        {0}&lt;br&gt;&lt;br&gt;
        Dove la risposta esatta è la seconda&lt;br&gt;&lt;br&gt;
        Per creare una domanda di questo tipo in Comunità Online seguire i passi:&lt;br&gt;
        1) Definire la pagina del questionario / sondaggio nella quale dovrà comparire la domanda&lt;br&gt;&lt;br&gt;
        {1}&lt;br&gt;&lt;br&gt;
        In questo caso vogliamo inserire la domanda nella pagina sulle domande relative agli Stati Uniti&lt;br&gt;&lt;br&gt;
        2) Inserire il testo della domanda&lt;br&gt;&lt;br&gt;
        {2}&lt;br&gt;&lt;br&gt;
        3) Indicare quale è il peso della domanda all’interno del questionario&lt;br&gt;&lt;br&gt;
        {3}&lt;br&gt;&lt;br&gt;
        4) Indicare qual è la difficoltà della domanda&lt;br&gt;&lt;br&gt;
        {4}&lt;br&gt;&lt;br&gt;
        Se consideriamo la risposta difficile, scegliamo una difficoltà alta&lt;br&gt;&lt;br&gt;
        5) Scegliere il numero di risposte da presentare all’utente per la domanda:&lt;br&gt;&lt;br&gt;
        {5}&lt;br&gt;&lt;br&gt;
        Nel nostro caso abbiamo 4 risposte possibili; California, Alaska, Texas, Non so&lt;br&gt;&lt;br&gt;
        6) Indicare il testo che precede il menu a tendina&lt;br&gt;
        Nel nostro esempio può essere "Indicare lo stato"&lt;br&gt;&lt;br&gt;
        {6}&lt;br&gt;&lt;br&gt;
        7) Inserire le risposte che verranno proposte all’utente. &lt;br&gt;
        La scelta al punto (2) comporterà la creazione automatica del numero di risposte da proporre all’utente. &lt;br&gt;
        All’amministratore resta solo inserire il testo per ogni risposta possibile.&lt;br&gt;&lt;br&gt;
        {7}&lt;br&gt;&lt;br&gt;
        Nel caso di questa domanda la risposta corretta è “Alaska”. &lt;br&gt;
        Per questo è selezionata l’opzione “Corretta”, che vale il 100% dei punti in palio per quella domanda. &lt;br&gt;
        Al contrario, la risposta “California” è errata, e quindi non consente all’utente totalizzare nessun punteggio positivo. &lt;br&gt;
        La scelta del punteggio è lasciata a discrezione dell’amministratore; possono essere scelte anche diverse configurazioni di punteggio, come 10 – 60 – 30 – 0 rispettivamente per le quattro risposte, e via dicendo
        8) Un opportunità finale è quella di proporre un testo aggiuntivo alla conclusione della domanda. &lt;br&gt;&lt;br&gt;
        Un esempio può essere il seguente:&lt;br&gt;&lt;br&gt;
        {8}&lt;br&gt;&lt;br&gt;
        Al termine, quando la compilazione è terminata, premere il tasto “Salva Modifiche”.&lt;br&gt;
        Ecco come si presenta la schermata dopo avere seguito i passi qui indicati.&lt;br&gt;
        Immagine della domanda compilata.&lt;br&gt;&lt;br&gt;
        {9}
    </item>
  <item name="IMGdomandaDropDown" html="false" placeholder="false" hidden="true">&lt;img src="img/domandaDropDown.png"&gt;</item>
  <item name="IMGpaginaUsa" html="false" placeholder="false" hidden="true">&lt;img src="img/paginaUsa.png"&gt;</item>
  <item name="IMGtestoDomanda" html="false" placeholder="false" hidden="true">&lt;img src="img/testoDomandaDropDown.png"&gt;</item>
  <item name="IMGpesoDomanda" html="false" placeholder="false" hidden="true">&lt;img src="img/pesoDomanda.png"&gt;</item>
  <item name="IMGdifficoltaDomanda" html="false" placeholder="false" hidden="true">&lt;img src="img/difficoltaDomanda.png"&gt;</item>
  <item name="IMGnumeroRisposte" html="false" placeholder="false" hidden="true">&lt;img src="img/numeroRisposte4.png"&gt;</item>
  <item name="IMGetichettaDropDown" html="false" placeholder="false" hidden="true">&lt;img src="img/etichettaDropDown.png"&gt;</item>
  <item name="IMGdomandaDropDownOpzioni" html="false" placeholder="false" hidden="true">&lt;img src="img/domandaDropDownOpzioni.png"&gt;</item>
  <item name="IMGtestoDopoDomanda" html="false" placeholder="false" hidden="true">&lt;img src="img/testoDopoDomandaGenerico.png"&gt;</item>
</Resource>