<?xml version="1.0" encoding="utf-8"?>
<Resource xmlns:xsi="http://www.w3.org/2001/XMLSchema-instance" xmlns:xsd="http://www.w3.org/2001/XMLSchema" xmlns="urn:ComolTranslation">
  <item name="LBTitolo.text" html="false" placeholder="false">Add users</item>
  <item name="LibreriaDiDomande" disambiguation="libreria=libreria di domande" html="false" placeholder="false">Models</item>
  <item name="LibreriaDiDomande" disambiguation="modello=modello di questionario" html="false" placeholder="false">Modelli</item>
  <item name="Autovalutazione" html="false" placeholder="false">Self-assessment test</item>
  <item name="Sondaggio" html="false" placeholder="false">Polls</item>
  <item name="Questionari" html="false" placeholder="false">Questionnaires</item>
  <item name="Meeting" html="false" placeholder="false">Meeting</item>
  <item name="testoUnico" html="true" placeholder="false">
        From this page you can add users to the contact list.&lt;br&gt;
        You can then send to contacts custom emails and invites .&lt;br&gt;
        The "Description" field can be used to save any further information about the user.
    </item>
</Resource>