<?xml version="1.0" encoding="utf-8"?>
<Resource xmlns:xsi="http://www.w3.org/2001/XMLSchema-instance" xmlns:xsd="http://www.w3.org/2001/XMLSchema" xmlns="urn:ComolTranslation">
  <item name="LNBCartellaPrincipale.text" html="false" placeholder="false">Questionnaires list</item>
  <item name="LNBAggiungiLibreria.text" disambiguation="libreria=libreria di domande" html="false" placeholder="false">New library</item>
  <item name="LBLCartella.text" disambiguation="libreria=libreria di domande" html="false" placeholder="false">New library</item>
  <item name="LBTitolo.text" disambiguation="libreria=libreria di domande" html="false" placeholder="false">Questions library: </item>
  <item name="IMBGestione.AlternateText" disambiguation="verbo" html="false" placeholder="false">Modify</item>
  <item name="IMBDomande.AlternateText" disambiguation="domande=domande di un questionario" html="false" placeholder="false">Questions management</item>
  <item name="IMBElimina.AlternateText" html="false" placeholder="false">Delete</item>
  <item name="LBerrore.text" html="false" placeholder="false">You don't have permissions to</item>
</Resource>