<?xml version="1.0" encoding="utf-8" ?>
<Resource xmlns="urn:ComolTranslation">
    <item name="LibreriaDiDomande">Libraries</item>
    <item name="Modello">Models</item>
    <item name="Autovalutazione">Self evaluation Test</item>
    <item name="Sondaggio">Poll</item>
    <item name="Meeting">Meeting</item>
    <item name="Questionari">Questionnaires</item>
    <item name="LNBCartellaPrincipale.text">List of libraries</item>
    <item name="LBTitolo.text"></item>
    <item name="LBMessage.text"></item>
    <item name="BTNConferma.text">OK</item>
    <item name="LBTitoloDomande.text">List of questions</item>
    <item name="IMBEdit.AlternateText">Select</item>
    <item name="LBerrore.text">No permission</item>
</Resource>