<?xml version="1.0" encoding="utf-8"?>
<Resource xmlns:xsi="http://www.w3.org/2001/XMLSchema-instance" xmlns:xsd="http://www.w3.org/2001/XMLSchema" xmlns="urn:ComolTranslation">
  <item name="LibreriaDiDomande" disambiguation="libreria=libreria di domande" html="false" placeholder="false">Libraries</item>
  <item name="Modello" disambiguation="modello=modello di questionario" html="false" placeholder="false">Models</item>
  <item name="Autovalutazione" html="false" placeholder="false">Self-assessment test</item>
  <item name="Sondaggio" html="false" placeholder="false">Polls</item>
  <item name="Questionari" html="false" placeholder="false">Questionnaires</item>
  <item name="Meeting" html="false" placeholder="false">Meetings</item>
  <item name="LNBSelezionaLibreria.text" html="false" placeholder="false">Ok</item>
  <item name="LNBConferma.text" html="false" placeholder="false">Add selected questions</item>
  <item name="LBSelezionaLibreria.text" disambiguation="libreria=libreria di domande" html="false" placeholder="false">Select a libraryand press "OK"</item>
  <item name="LBSelezionaQuestionario" html="false" placeholder="false">Select a questionnaire and press "OK"</item>
  <item name="LBSelezionaDomanda.text" html="false" placeholder="false">Select</item>
  <item name="LBSelezionaDomande.text" html="false" placeholder="false">Select the questions you want to copy in the questionnaire and press "Add selected questions"</item>
  <item name="LNBGestioneQuestionario.text" html="false" placeholder="false">Questionnaire management</item>
  <item name="LNBGestioneDomande.text" disambiguation="domande=domande di un questionario" html="false" placeholder="false">Questions management</item>
  <item name="ErroreNessunaLibreria" disambiguation="libreria=libreria di domande" html="false" placeholder="false">In this community there are no libraries</item>
</Resource>