<?xml version="1.0" encoding="utf-8"?>
<Resource xmlns:xsi="http://www.w3.org/2001/XMLSchema-instance" xmlns:xsd="http://www.w3.org/2001/XMLSchema" xmlns="urn:ComolTranslation">
  <item name="ServiceTitle" disambiguation="libreria=libreria di domande" html="false" placeholder="false">Libraries</item>
  <item name="LNBCartellaPrincipale.text" disambiguation="libreria=libreria di domande" html="false" placeholder="false">Libraries list</item>
  <item name="LNBDomande.text" disambiguation="domande=domande di un questionario" html="false" placeholder="false">Questions management</item>
  <item name="LNBSalva.text" html="false" placeholder="false">Save changes</item>
  <item name="LBNome.text" html="false" placeholder="false">Name:</item>
  <item name="LBDataCreazione.text" html="false" placeholder="false">Creation date:</item>
  <item name="LBinserireNome.text" disambiguation="libreria=libreria di domande" html="false" placeholder="false">Enter a name for the library</item>
  <item name="LBerrore.text" html="false" placeholder="false">You don't have permissions to</item>
  <item name="LBdescrizione.text" html="false" placeholder="false">Description:</item>
</Resource>