<?xml version="1.0" encoding="utf-8"?>
<Resource xmlns:xsi="http://www.w3.org/2001/XMLSchema-instance" xmlns:xsd="http://www.w3.org/2001/XMLSchema" xmlns="urn:ComolTranslation">
  <item name="ServiceTitle" disambiguation="libreria=libreria di domande" html="false" placeholder="false">Libraries</item>
  <item name="LNBIndietro.text" html="false" placeholder="false">Back</item>
  <item name="LNBSvuotaCestino.text" html="false" placeholder="false">Empty trash bin</item>
  <item name="LNBSvuotaCestino.ConfirmText" disambiguation="libreria=libreria di domande" html="false" placeholder="false">Are you sure you want to permanently delete the libraries?\n Note: libraries will NOT be recoverable anymore.</item>
  <item name="LBerrore.text" html="false" placeholder="false">You do not have permission to access this service</item>
  <item name="LBLCartella.text" html="false" placeholder="false">Main folder</item>
  <item name="LBTitoloSottoCartelle.text" html="false" placeholder="false">Sub-folders:</item>
  <item name="GRVElenco.headerEntra.HeaderText" disambiguation="A=accedi al questionario (un solo carattere)" html="false" placeholder="false">A</item>
  <item name="GRVElenco.headerNome.HeaderText" disambiguation="libreria=libreria di domande" html="false" placeholder="false">Library name</item>
  <item name="GRVElenco.headerElimina.HeaderText" disambiguation="R=recupera dal cestino (un solo carattere)/E=elimina definitivamente dal cestino (un solo carattere)" html="false" placeholder="false">R/D</item>
  <item name="GRVElenco.headerDataInizio.HeaderText" html="false" placeholder="false">Start date</item>
  <item name="GRVElenco.headerDataFine.HeaderText" html="false" placeholder="false">Expiration date</item>
  <item name="IMBAnteprima.AlternateText" html="false" placeholder="false">View preview</item>
  <item name="IMBGestione.AlternateText" disambiguation="verbo" html="false" placeholder="false">Modify</item>
  <item name="IMBDomande.AlternateText" disambiguation="domande=domande di un questionario" html="false" placeholder="false">Questions management</item>
  <item name="IMBElimina.AlternateText" html="false" placeholder="false">Definitively delete</item>
  <item name="IMBElimina.ConfirmText" disambiguation="libreria=libreria di domande" html="false" placeholder="false">Are you sure you want to permanently delete the library?\n Note: library will NOT be recoverable anymore.</item>
  <item name="IMBRipristina.AlternateText" html="false" placeholder="false">Restore</item>
  <item name="IMBRipristina.ConfirmText" disambiguation="libreria=libreria di domande" html="false" placeholder="false">Are you sure you want to restore the library?</item>
  <item name="IMBStatisticheGenerali.AlternateText" html="false" placeholder="false">General statistics</item>
  <item name="IMBStatisticheUtenti.AlternateText" html="false" placeholder="false">Users statistics </item>
  <item name="IMBHelp.AlternateText" html="false" placeholder="false">Help</item>
  <item name="LBHelp.text" html="false" placeholder="false">Help</item>
  <item name="MessaggioCestinoVuoto" html="false" placeholder="false">Trashbin is empty</item>
</Resource>