<?xml version="1.0" encoding="utf-8"?>
<Resource xmlns:xsi="http://www.w3.org/2001/XMLSchema-instance" xmlns:xsd="http://www.w3.org/2001/XMLSchema" xmlns="urn:ComolTranslation">
  <item name="ServiceTitle" disambiguation="libreria=libreria di domande" html="false" placeholder="false">Libraries</item>
  <item name="LNBCartellaPrincipale.text" html="false" placeholder="false">Main folder</item>
  <item name="LNBGestioneQuestionario.text" disambiguation="libreria=libreria di domande" html="false" placeholder="false">Library management</item>
  <item name="LBTitolo.text" disambiguation="libreria=libreria di domande" html="false" placeholder="false">Questions management: </item>
  <item name="LBMessage.text" html="false" placeholder="false" hidden="true" />
  <item name="LNBAggiungiPagina.text" html="false" placeholder="false">New page</item>
  <item name="IMBPagina.AlternateText" disambiguation="verbo" html="false" placeholder="false">Modify</item>
  <item name="IMBEliminaPag.AlternateText" html="false" placeholder="false">Delete</item>
  <item name="LNBAddDomanda.text" html="false" placeholder="false">Add new question</item>
  <item name="IMBAddDomanda.AlternateText" html="false" placeholder="false">Add new question</item>
  <item name="LNBAddDomandaBottom.text" html="false" placeholder="false">Add new question</item>
  <item name="IMBAddDomandaBottom.AlternateText" html="false" placeholder="false">Add new question</item>
  <item name="LNBAddDomandaLibreria.text" disambiguation="libreria=libreria di domande" html="false" placeholder="false">Add question from library</item>
  <item name="IMBLibrary.AlternateText" disambiguation="libreria=libreria di domande" html="false" placeholder="false">Add question from library</item>
  <item name="IMBEdit.AlternateText" disambiguation="verbo" html="false" placeholder="false">Modify</item>
  <item name="IMBElimina.AlternateText" html="false" placeholder="false">Delete</item>
  <item name="IMBSpostaSu.AlternateText" html="false" placeholder="false">Move up one position</item>
  <item name="IMBSpostaGiu.AlternateText" html="false" placeholder="false">Move down one position</item>
  <item name="LBerrore.text" html="false" placeholder="false">You don't have permissions to</item>
  <item name="LBHelp.text" html="false" placeholder="false">Help</item>
  <item name="LBIsRisposte.text" html="true" placeholder="false" mustcontains="&lt;br&gt;|{0}">Non puoi modificare le domande perchè il questionario ha già ricevuto {0} risposte!&lt;br&gt;In alternativa è possibile effettuare una delle seguenti operazioni:&lt;br&gt;</item>
  <item name="LBCopiaQuestionario.text" html="true" placeholder="false" mustcontains="&lt;br&gt;">Create a NEW questionnaire, IDENTICAL to the current one, in which you will be able to edit the questions&lt;br&gt;(THE TWO QUESTIONNAIRE WILL BE COMPLETELY INDIPENDENT)</item>
  <item name="LBCancellaRisposte.text" html="true" placeholder="false" mustcontains="&lt;br&gt;">Delete the answers given to the questionnaire and temporarily block it&lt;br&gt;(ATTENTION. BE SURE YOU WANT TO DELETE ALL THE ANSWERS GIVEN BY THE USERS)</item>
  <item name="BTNChiudiQuestionario.text" html="false" placeholder="false">Close questionnaire</item>
  <item name="BTNCopiaEEdita.text" html="false" placeholder="false">Copy</item>
  <item name="BTNCancellaRisposte.text" html="false" placeholder="false">Delete answers</item>
  <item name="BTNCancellaRisposte.ConfirmText" html="false" placeholder="false">Are you sure you want to delete the questionnaire's answers?\nN.B.: Users answers will be not recoverable.</item>
  <item name="LBScegliAzione.text" html="false" placeholder="false">Actions</item>
  <item name="LNBConfermaAzione.text" html="false" placeholder="false">Ok</item>
  <item name="LNBConfermaAzioneBottom.text" html="false" placeholder="false">Ok</item>
  <item name="LBSelezionaDomanda.text" html="false" placeholder="false">Select</item>
  <item name="0.DDLAzioni" html="false" placeholder="false">Create new question</item>
  <item name="1.DDLAzioni" disambiguation="libreria=libreria di domande" html="false" placeholder="false">Add question from library</item>
  <item name="2.DDLAzioni" html="false" placeholder="false">Add questions from questionnaire </item>
  <item name="3.DDLAzioni" disambiguation="libreria=libreria di domande" html="false" placeholder="false">Copy of a questions selected in a library</item>
  <item name="4.DDLAzioni" html="false" placeholder="false">Copy of a questions selected in a questionnaire</item>
  <item name="5.DDLAzioni" html="false" placeholder="false">Delete selected questions</item>
  <item name="LBCopia.text" html="false" placeholder="false">Select</item>
  <item name="LNBCopiaDomande.text" html="false" placeholder="false">Copy</item>
  <item name="1.RBLfiltraDomande" html="false" placeholder="false">All</item>
  <item name="2.RBLfiltraDomande" html="false" placeholder="false">Low</item>
  <item name="3.RBLfiltraDomande" html="false" placeholder="false">Medium</item>
  <item name="4.RBLfiltraDomande" html="false" placeholder="false">High</item>
  <item name="LBMessaggioElimina.text" html="false" placeholder="false">Delete selected answers?</item>
  <item name="LNBEliminaSi.text" html="false" placeholder="false">Yes</item>
  <item name="LNBEliminaNo.text" html="false" placeholder="false">No</item>
  <item name="isMandatory" html="false" placeholder="false" hidden="true">(*)</item>
  <item name="isMandatory.Title" html="false" placeholder="false">ATTENTION: answering this question is mandatory</item>
  <item name="LBremovedQuestion.text">NOT AVAILABLE (deleted/changed)</item>
  <item name="5.RBLfiltraDomande">Not available / deleted</item>
</Resource>