<?xml version="1.0" encoding="utf-8"?>
<Resource xmlns:xsi="http://www.w3.org/2001/XMLSchema-instance" xmlns:xsd="http://www.w3.org/2001/XMLSchema" xmlns="urn:ComolTranslation">
  <item name="action.CompileQuiz" html="true" placeholder="true" mustcontains="{0}|{1}|{2}">Compile the quiz &lt;a href="{0}" title="{1}" class="ROW_ItemLink_Small" &gt;&lt;img src="{2}"/&gt; {1}&lt;/a&gt;</item>
  <item name="action.ViewQuiz" html="true" placeholder="true" mustcontains="{0}|{1}|{2}|{3}">You can review the quiz &lt;a href="{0}" title="{1}" class="ROW_ItemLink_Small" &gt;&lt;img src="{2}"/&gt; {1}&lt;/a&gt;. Your score is: {3}/100</item>
  <item name="action.noLinkQuiz" html="false" placeholder="true" mustcontains="{0}|{1}">You have compiled the quiz {0}. Your score is: {1}/100</item>
  <item name="action.UserStatQuiz" html="true" placeholder="true" mustcontains="{0}|{1}">&lt;a href="{0}" title="{1}" class="ROW_ItemLink_Small" &gt; {1}&lt;/a&gt;</item>
  <item name="action.AdvancedStatQuiz" html="true" placeholder="true" mustcontains="{0}|{1}">&lt;a href="{0}" title="{1}" class="ROW_ItemLink_Small" &gt; {1}&lt;/a&gt;</item>
  <item name="action.InLineQuiz" html="true" placeholder="true" mustcontains="{0}|{1}|{2}">&lt;a href="{0}" title="{1}" class="ROW_ItemLink_Small" &gt;&lt;img src="{2}"/&gt; {1}&lt;/a&gt;</item>
  <item name="BTNaddQuiz_toEP.text" html="false" placeholder="false">Add questionnarie</item>
  <item name="BTNaddQuiz_toEP.Tooltip" html="false" placeholder="false">Add questionnarie</item>
  <item name="LTaddQuiz_toEP.text" html="false" placeholder="false">Adds an activity, related to the questionnaire compilation accessible only from an educational path.</item>
  <item name="BTNimportQuiz.text" html="false" placeholder="false">Import questionnaire</item>
  <item name="BTNimportQuiz.Tooltip" html="false" placeholder="false">Import community questionnaire by copying it in the educational path</item>
  <item name="LTimportQuiz.text" html="false" placeholder="false">Select a community questionnaire to import in the path.</item>
  <item name="LTuploadToCommunity_t.text" html="false" placeholder="false">Select  workbook toi import</item>
  <item name="BTNbackToActionSelectorTopFromCommunity.text" html="false" placeholder="false">Back</item>
  <item name="BTNbackToActionSelectorTopFromCommunity.Tooltip" html="false" placeholder="false">Back</item>
  <item name="BTNbackToActionSelectorBottomFromCommunity.text" html="false" placeholder="false">Back</item>
  <item name="BTNbackToActionSelectorBottomFromCommunity.Tooltip" html="false" placeholder="false">Back</item>
  <item name="Quiz" html="false" placeholder="false">Questionnaire</item>
  <item name="description" html="false" placeholder="true" mustcontains="{0}">Questionnaire: {0}</item>
  <item name="LTnoQuiz.text" html="false" placeholder="false">No questionnaire found</item>
  <item name="description.IsInline.False" html="false" placeholder="true" mustcontains="{0}">Questionnaire: {0}</item>
  <item name="description.IsInline.True" html="true" placeholder="true" mustcontains="{0}|{1}">&lt;img src="{1}"/&gt; {0}</item>
  <item name="action.CompileQuiz.IsInline.False" html="true" placeholder="true" mustcontains="{0}|{1}|{2}">Compile the quiz &lt;a href="{0}" title="{1}" class="ROW_ItemLink_Small" &gt;&lt;img src="{2}"/&gt; {1}&lt;/a&gt;</item>
  <item name="action.CompileQuiz.IsInline.True" html="true" placeholder="true" mustcontains="{0}|{1}"> &lt;a href="{0}" title="Fill out the quiz {1}" class="ROW_ItemLink_Small" &gt;{1}&lt;/a&gt;</item>
  <item name="action.ViewQuiz.IsInline.False" html="true" placeholder="true" mustcontains="{0}|{1}|{2}|{3}">You can review the quiz &lt;a href="{0}" title="{1}" class="ROW_ItemLink_Small" &gt;&lt;img src="{2}"/&gt; {1}&lt;/a&gt;. Your score is: {3}/100</item>
  <item name="action.ViewQuiz.IsInline.True" html="true" placeholder="true" mustcontains="{0}|{1}|{2}">&lt;a href="{0}" title="You can check the quiz again {1}. Your score: {2}/100" class="ROW_ItemLink_Small" &gt;{1}&lt;/a&gt;.</item>
  <item name="action.noLinkQuiz.IsInline.False" html="false" placeholder="true" mustcontains="{0}|{1}">You have compiled the quiz {0}. Your score is: {1}/100</item>
  <item name="action.noLinkQuiz.IsInline.True" html="true" placeholder="true" mustcontains="{0}|{1}">&lt;span title="You compiled the quiz {0}. your score: {1}/100" /&gt; {0}.&lt;span/&gt;</item>
  <item name="QuizStatus.ToCompile" html="true" placeholder="true" mustcontains="{0}|{1}|{2}">Compile the quiz &lt;a href="{0}" title="{1}" class="ROW_ItemLink_Small" &gt;{2}&lt;/a&gt;</item>
  <item name="QuizStatus.ViewCompiled" html="true" placeholder="true" mustcontains="{0}|{1}">You can review the quiz &lt;a href="{0}" title="{1}" class="ROW_ItemLink_Small" &gt;{2}&lt;/a&gt;.</item>
  <item name="QuizStatus.Compiled" html="false" placeholder="true" mustcontains="{0}">You have compiled the quiz {0}.</item>
  <item name="QuizStatus.NotCreated" html="false" placeholder="false">the Quiz does not exist.</item>
  <item name="QuizStatus.Deleted" html="false" placeholder="true" mustcontains="{0}">Quiz {0} was deleted.</item>
  <item name="QuizStatus.Unknown" html="false" placeholder="false">the Quiz does not exist.</item>
  <item name="QuizStatus.ToCompileWithAttempts.0" html="false" placeholder="true" mustcontains="{0}|{1}|{2}|{3}">Compile the quiz &lt;a href="{0}" title="{1}" class="ROW_ItemLink_Small" &gt;{2}&lt;/a&gt; (at {3}° attempt)</item>
  <item name="QuizStatus.ToCompileWithAttempts.1" html="false" placeholder="true" mustcontains="{0}|{1}|{2}">Compile the quiz &lt;a href="{0}" title="{1}" class="ROW_ItemLink_Small" &gt;{2}&lt;/a&gt; (only one attempt)</item>
  <item name="QuizStatus.ToCompileWithAttempts" html="false" placeholder="true" mustcontains="{0}|{1}|{2}|{3}|{4}">Compile the quiz &lt;a href="{0}" title="{1}" class="ROW_ItemLink_Small" &gt;{2}&lt;/a&gt; ({3}/{4} attempts)</item>
  <item name="QuizStatus.NewAttempt.0" html="false" placeholder="true" mustcontains="{0}|{1}|{2}|{3}">Compile again the quiz &lt;a href="{0}" title="{1}" class="ROW_ItemLink_Small" &gt;{2}&lt;/a&gt; (already {3} attempts)</item>
  <item name="QuizStatus.NewAttempt.1" html="false" placeholder="true" mustcontains="{0}|{1}|{2}">Compile again the quiz &lt;a href="{0}" title="{1}" class="ROW_ItemLink_Small" &gt;{2}&lt;/a&gt;</item>
  <item name="QuizStatus.NewAttempt" html="false" placeholder="true" mustcontains="{0}|{1}|{2}|{3}|{4}">Compile again the quiz &lt;a href="{0}" title="{1}" class="ROW_ItemLink_Small" &gt;{2}&lt;/a&gt; ({3}/{4} attempts)</item>
  <item name="QuizStatus.MaxAttempts" html="false" placeholder="true" mustcontains="{0}|{1}">The quiz {0} was not passed after {1} attempts.</item>
  <item name="QuizStatus.ViewAttemptCompiled.0" html="false" placeholder="true" mustcontains="{0}|{1}|{2}|{3}|{4}|{5}">You can review the quiz &lt;a href="{0}" title="{1}" class="ROW_ItemLink_Small" &gt;{2}&lt;/a&gt; (passed on {5}° attempt with the score of {3}/{4}).</item>
  <item name="QuizStatus.ViewAttemptCompiled.1" html="false" placeholder="true" mustcontains="{0}|{1}|{2}|{3}|{4}">You can review the quiz &lt;a href="{0}" title="{1}" class="ROW_ItemLink_Small" &gt;{2}&lt;/a&gt; (passed with the score of {3}/{4}).</item>
  <item name="QuizStatus.ViewAttemptCompiled" html="false" placeholder="true" mustcontains="{0}|{1}|{2}|{3}|{4}|{5}|{6}">You can review the quiz&lt;a href="{0}" title="{1}" class="ROW_ItemLink_Small" &gt;{2}&lt;/a&gt; (passed on {5} attempt of {6} with a score of {3}/{4}).</item>
  <item name="QuizStatus.CompiledWithAttempts" html="false" placeholder="true" mustcontains="{0}|{1}">You have compiled the quiz {0} with {1} attempt/s.</item>
  <item name="QuizStatus.RetrieveErrors" html="false" placeholder="true" mustcontains="{0}">Data not retrieved for the quiz {0}.</item>
  <item name="action.unhandled" html="false" placeholder="false">Object type not supported.</item>
  <item name="action.RemovedObject" html="false" placeholder="false">Action deleted.</item>
  <item name="LBscore.Text" html="false" placeholder="true" mustcontains="{0}">Your score: {0}/100</item>
  <item name="ToolTip.StandardActionType.None" html="false" placeholder="false" />
  <item name="ToolTip.StandardActionType.Play" html="false" placeholder="true" mustcontains="{0}">Compile quiz {0}</item>
  <item name="ToolTip.StandardActionType.Play.QuizStatus.ToCompile" html="false" placeholder="true" mustcontains="{0}">Compile the quiz {0}.</item>
  <item name="ToolTip.StandardActionType.Play.QuizStatus.ToCompileWithAttempts.0" html="false" placeholder="true" mustcontains="{0}|{1}">Compile the quiz {0} (at  {1} attempt).</item>
  <item name="ToolTip.StandardActionType.Play.QuizStatus.ToCompileWithAttempts.1" html="false" placeholder="true" mustcontains="{0}">Compile the quiz {0} (only one attempt).</item>
  <item name="ToolTip.StandardActionType.Play.QuizStatus.ToCompileWithAttempts" html="false" placeholder="true" mustcontains="{0}|{1}|{2}">Compile the quiz {0} (attempt {1}/{2}).</item>
  <item name="ToolTip.StandardActionType.Play.QuizStatus.ViewCompiled.True" html="false" placeholder="true" mustcontains="{0}|{1}">You can review the quiz {0}.Your score is: {1}/100</item>
  <item name="ToolTip.StandardActionType.Play.QuizStatus.ViewCompiled.False" html="false" placeholder="true" mustcontains="{0}">You can review the quiz {0}.</item>
  <item name="ToolTip.StandardActionType.Play.QuizStatus.Compiled.True" html="false" placeholder="true" mustcontains="{0}|{1}">You have compiled the quiz {0}. Your score is: {1}/100</item>
  <item name="ToolTip.StandardActionType.Play.QuizStatus.Compiled.False" html="false" placeholder="true" mustcontains="{0}">You have compiled the quiz {0}.</item>
  <item name="ToolTip.StandardActionType.Play.QuizStatus.Deleted" html="false" placeholder="true" mustcontains="{0}">Quiz {0} was deleted.</item>
  <item name="ToolTip.StandardActionType.Play.QuizStatus.NewAttempt.0" html="false" placeholder="true" mustcontains="{0}|{1}">Compile the quiz {0} (already {1} attempts).</item>
  <item name="ToolTip.StandardActionType.Play.QuizStatus.NewAttempt.1" html="false" placeholder="true" mustcontains="{0}">Compile the quiz {0}.</item>
  <item name="ToolTip.StandardActionType.Play.QuizStatus.NewAttempt" html="false" placeholder="true" mustcontains="{0}|{1}|{2}">Compile the quiz {0} ({1}/{2} attemps).</item>
  <item name="ToolTip.StandardActionType.Play.QuizStatus.MaxAttempts" html="false" placeholder="true" mustcontains="{0}|{1}">The quiz {0} was not passed after {1} attempts.</item>
  <item name="ToolTip.StandardActionType.Play.QuizStatus.ViewAttemptCompiled.0" html="false" placeholder="true" mustcontains="{0}|{1}|{2}|{3}">You have compiled the quiz {0} in {3} attempts. Your score is: {1}/{2}</item>
  <item name="ToolTip.StandardActionType.Play.QuizStatus.ViewAttemptCompiled.1" html="false" placeholder="true" mustcontains="{0}|{1}|{2}">You have compiled the quiz {0} in one attempt. Your score is: {1}/{2}</item>
  <item name="ToolTip.StandardActionType.Play.QuizStatus.ViewAttemptCompiled" html="false" placeholder="true" mustcontains="{0}|{1}|{2}|{3}|{4}">You have compiled the quiz {0} in {3} attempts of {4}. your score is: {1}/{2}</item>
  <item name="ToolTip.StandardActionType.Edit" html="false" placeholder="false">Modify questionnaire</item>
  <item name="ToolTip.StandardActionType.VirtualDelete" html="false" placeholder="false" />
  <item name="ToolTip.StandardActionType.VirtualUndelete" html="false" placeholder="false" />
  <item name="ToolTip.StandardActionType.Admin" html="false" placeholder="false" />
  <item name="ToolTip.StandardActionType.ViewPersonalStatistics" html="false" placeholder="false">View statistics</item>
  <item name="ToolTip.StandardActionType.ViewAdvancedStatistics" html="false" placeholder="false">View questionnaire statistics.</item>
  <item name="ToolTip.StandardActionType.EditPermission" html="false" placeholder="false" />
  <item name="ToolTip.StandardActionType.EditMetadata" html="false" placeholder="false" />
  <item name="ToolTip.StandardActionType.ViewUserStatistics" html="false" placeholder="false">View user statistics.</item>
  <item name="ToolTip.StandardActionType.ViewDescription" html="false" placeholder="false" />
  <item name="ToolTip.StandardActionType.DownloadItem" html="false" placeholder="false" />
  <item name="QuestionnaireAction.ButtonText.None" html="false" placeholder="false" />
  <item name="QuestionnaireAction.ToolTip.None" html="false" placeholder="false" />
  <item name="QuestionnaireAction.Description.None" html="false" placeholder="false" />
  <item name="QuestionnaireAction.ActionTitle.None" html="false" placeholder="false" />
  <item name="QuestionnaireAction.ActionTitle.SelectAction" html="false" placeholder="false">Actions available to questionnaires</item>
  <item name="QuestionnaireAction.ButtonText.AddStandard" html="false" placeholder="false">Standard</item>
  <item name="QuestionnaireAction.ToolTip.AddStandard" html="false" placeholder="false">Add questionnarie</item>
  <item name="QuestionnaireAction.Description.AddStandard" html="false" placeholder="false">Adds an activity, related to the questionnaire compilation accessible only from an educational path.</item>
  <item name="QuestionnaireAction.ActionTitle.AddStandard" html="false" placeholder="false">Add questionnarie</item>
  <item name="QuestionnaireAction.ButtonText.AddRandom" html="false" placeholder="false">Random questions</item>
  <item name="QuestionnaireAction.ToolTip.AddRandom" html="false" placeholder="false">Add a questionnaire with random questions</item>
  <item name="QuestionnaireAction.Description.AddRandom" html="false" placeholder="false">Aggiunge un'attivita' relativa alla compilazione di un questionario con domande casuali per ciascun utente ciascun utente (domande recuperate dalle medesime librerie per tutti).</item>
  <item name="QuestionnaireAction.ActionTitle.AddRandom" html="false" placeholder="false">Add random questionnarie</item>
  <item name="QuestionnaireAction.ButtonText.AddRandomRepeat" html="false" placeholder="false">self-assestment</item>
  <item name="QuestionnaireAction.ToolTip.AddRandomRepeat" html="false" placeholder="false">Add a questionnaire with self-assessment</item>
  <item name="QuestionnaireAction.Description.AddRandomRepeat" html="false" placeholder="false">Adds an activity, related to the questionnaire compilation with random questions, that can be repeated till it is passed.</item>
  <item name="QuestionnaireAction.ActionTitle.AddRandomRepeat" html="false" placeholder="false">Add a questionnaire with self-assessment</item>
  <item name="QuestionnaireAction.ButtonText.ImportFromCommunity" html="false" placeholder="false">Import questionnaire</item>
  <item name="QuestionnaireAction.ToolTip.ImportFromCommunity" html="false" placeholder="false">Import questionnaire</item>
  <item name="QuestionnaireAction.Description.ImportFromCommunity" html="false" placeholder="false">Select a community questionnaire to import in the path.</item>
  <item name="QuestionnaireAction.ActionTitle.ImportFromCommunity" html="false" placeholder="false">Select questionnaire</item>
  <item name="BTNcloseAddActionWindowBottom.text" html="false" placeholder="false">Close window</item>
  <item name="BTNcloseAddActionWindowBottom.ToolTip" html="false" placeholder="false">Close window</item>
  <item name="BTNcloseAddActionWindowTop.text" html="false" placeholder="false">Close window</item>
  <item name="BTNcloseAddActionWindowTop.ToolTip" html="false" placeholder="false">Close window</item>
  <item name="BTNselectActionBottom.text" html="false" placeholder="false">Change action</item>
  <item name="BTNselectActionBottom.ToolTip" html="false" placeholder="false">Change action</item>
  <item name="BTNselectActionTop.text" html="false" placeholder="false">Change action</item>
  <item name="BTNselectActionTop.ToolTip" html="false" placeholder="false">Change action</item>
  <item name="BTNLinkToModuleBottom.text" html="false" placeholder="false">Import</item>
  <item name="BTNLinkToModuleBottom.ToolTip" html="false" placeholder="false">Import the selected questionnaire</item>
  <item name="BTNLinkToModuleBottom.status" html="false" placeholder="false">Import the selected questionnaire</item>
  <item name="BTNLinkToModuleTop.text" html="false" placeholder="false">Import</item>
  <item name="BTNLinkToModuleTop.ToolTip" html="false" placeholder="false">Import the selected questionnaire</item>
  <item name="BTNLinkToModuleTop.status" html="false" placeholder="false">Import the selected questionnaire</item>
  <item name="LNBimportQuestionnaire.text" html="false" placeholder="false">Import</item>
  <item name="LNBimportQuestionnaire.ToolTip" html="false" placeholder="false">Import </item>
  <item name="LTquestionnaireName_t.text" html="false" placeholder="false">Questionnarie name</item>
  <item name="LTquestionnaireAction_t.text" html="false" placeholder="false">Action</item>
  <item name="LTquestionnaireType_t.text" html="false" placeholder="false">Type</item>
  <item name="QuestionnaireType.Standard" html="false" placeholder="false">Standard</item>
  <item name="QuestionnaireType.QuestionLibrary" disambiguation="libreria=libreria di domande" html="false" placeholder="false">Library</item>
  <item name="QuestionnaireType.Poll" html="false" placeholder="false">Poll</item>
  <item name="QuestionnaireType.Model" disambiguation="modello=modello di questionario" html="false" placeholder="false">Model</item>
  <item name="QuestionnaireType.Random" html="false" placeholder="false">Random questions</item>
  <item name="QuestionnaireType.AutoEvaualtion" html="false" placeholder="false">self-assestment</item>
  <item name="QuestionnaireType.Meeting" html="false" placeholder="false">Meeting</item>
  <item name="QuestionnaireType.RandomRepeat" html="false" placeholder="false">Random questions with repetition</item>
  <item name="QuestionnaireType.0" html="false" placeholder="false">Standard</item>
  <item name="QuestionnaireType.1" disambiguation="libreria=libreria di domande" html="false" placeholder="false">Library</item>
  <item name="QuestionnaireType.2" html="false" placeholder="false">Poll</item>
  <item name="QuestionnaireType.3" disambiguation="modello=modello di questionario" html="false" placeholder="false">Model</item>
  <item name="QuestionnaireType.4" html="false" placeholder="false">Random questions</item>
  <item name="QuestionnaireType.5" html="false" placeholder="false">self-assestment</item>
  <item name="QuestionnaireType.6" html="false" placeholder="false">Meeting</item>
  <item name="QuestionnaireType.7" html="false" placeholder="false">Random questions with repetition</item>
</Resource>