<?xml version="1.0" encoding="utf-8"?>
<Resource xmlns:xsi="http://www.w3.org/2001/XMLSchema-instance" xmlns:xsd="http://www.w3.org/2001/XMLSchema" xmlns="urn:ComolTranslation">
  <item name="LBtitolo.text" html="false" placeholder="false">Meeting </item>
  <item name="ServiceTitle" html="false" placeholder="false">Meetings</item>
  <item name="LNBEdit.text" disambiguation="verbo" html="false" placeholder="false">Modify group of days</item>
  <item name="LNBEdit.text" html="false" placeholder="false">Modifica gruppo di giorni</item>
  <item name="LNBDelete.text" html="false" placeholder="false">Delete groups of days</item>
  <item name="LNBDelete.ToolTip" html="false" placeholder="false">Delete groups of days</item>
  <item name="LNBDelete.ConfirmText" html="false" placeholder="false">Are you sure you want to delete the selected group?</item>
  <item name="LNBSaveAndUnlock.text" html="false" placeholder="false">Save Meeting and unlock it</item>
  <item name="LNBSave.text" html="false" placeholder="false">End</item>
  <item name="LNBSaveAndUnlock.ToolTip" html="false" placeholder="false">Save Meeting and unlock it</item>
  <item name="LNBSave.ToolTip" html="false" placeholder="false">Go to meeting list</item>
  <item name="MSGRiepilogo" html="false" placeholder="false">The meeting will be displayed so:</item>
  <item name="LNBSaveAndManageMail.text" html="false" placeholder="false">Save and manage e-mails</item>
  <item name="LNBSaveAndManageMail.ToolTip" html="false" placeholder="false">Save the meeting and go to the e-mail management page</item>
  <item name="LBErrorNoSelection.text" html="true" placeholder="false">&lt;br&gt;No day selected</item>
  <item name="LBErrorNoQuestion.text" html="true" placeholder="false">&lt;br&gt;No question entered </item>
  <item name="LNBDeleteDays.text" html="false" placeholder="false">Delete groups of days</item>
  <item name="LNBDeleteDays.ToolTip" html="false" placeholder="false">Delete groups of days</item>
  <item name="LNBDeleteDays.ConfirmText" html="false" placeholder="false">Are you sure you want to delete the selected group?</item>
  <item name="MSGErroreTestoDomanda" html="false" placeholder="false">Question text is empty</item>
  <item name="MSGErroreOpzioni" html="false" placeholder="false">Verify the question's options</item>
  <item name="LNBBackToStep2.text" disambiguation="domanda di partecipazione/domanda di adesione" html="false" placeholder="false">Back to request</item>
  <item name="LNBBackToMail.text" html="false" placeholder="false">Back to e-mail management</item>
  <item name="MSGNoPermessi" html="false" placeholder="false">You do not have permission to view this page</item>
  <item name="LBtitoloDestinatari_WQ.text" html="true" placeholder="false">The meeting can be compiled by:&lt;br&gt;</item>
  <item name="LBmail.text" html="true" placeholder="false">It will be possible to send an invite by email to:&lt;br&gt;</item>
  <item name="LBnoRecipient.text" html="true" placeholder="false">No recipient was selected&lt;br&gt;</item>
  <item name="LBsubject.text" html="true" placeholder="true" mustcontains="{0}">Subject: {0}&lt;br&gt;</item>
  <item name="LBmessageTitle.text" html="true" placeholder="false">E-mail body:&lt;br&gt;</item>
  <item name="LBmessageTXBTitle.text" html="true" placeholder="false">Additional text:&lt;br&gt;</item>
  <item name="LBmessage.text" html="true" placeholder="true" mustcontains="{0}|{1}|{2}">{0} ti invita a partecipare alla programmazione dell'evento {1}.&lt;br&gt; Segui il seguente link per parteciparvi: {2}&lt;br&gt; Si prega di notare come questo link sia personale e non debba essere condiviso con altri.&lt;br&gt;&lt;br&gt;</item>
  <item name="MSGlink" html="false" placeholder="false">[personal link]</item>
  <item name="LNBPreview.text" html="false" placeholder="false">Meeting preview</item>
  <item name="LBNome_WQ.text" html="false" placeholder="false">Enter a name for the date (mandatory)</item>
  <item name="CUVNome_WQ.ErrorMessage" html="false" placeholder="false">A Meeting with this name already exists in this community</item>
  <item name="RFVNome_WQ.ErrorMessage" html="false" placeholder="false">Mandatory name</item>
  <item name="LBDataInizioTitolo_WQ.text" html="false" placeholder="false">It will be possible to answer after </item>
  <item name="LBDataFineTitolo_WQ.text" html="false" placeholder="false">to</item>
  <item name="CUVdate_WQ.ErrorMessage" html="false" placeholder="false">End date must be greater than start date.</item>
  <item name="CKisBloccato_WQ.text" html="true" placeholder="false">Meeting compilation is currently blocked (tick the box if YES)&lt;br&gt;&lt;br&gt;</item>
  <item name="LBvisualizzazione_WQ.text" html="true" placeholder="false">After the compilation of the library the user will be allowed to:  &lt;br&gt;</item>
  <item name="LBvisualizzaRisposta_WQ.text" html="true" placeholder="false">Display answer (tick the box if YES)&lt;br&gt;</item>
  <item name="LBvisualizzaCorrezione_WQ.text" html="true" placeholder="false">Display correction (tick the box if YES)&lt;br&gt;</item>
  <item name="LBeditaRisposta_WQ.text" html="false" placeholder="false">Modify the given answeri (tick the box to activate) </item>
  <item name="LBOrdineDomandeRandom_WQ.text" html="true" placeholder="false">&lt;br&gt;&lt;br&gt;Tick the box if you want questions in random order </item>
  <item name="LBavvisoBloccato_WQ.text" html="false" placeholder="false">ATTENTION: by pressing "End" the meeting will be saved. Once entered, go to the meeting list and click the red button (that will become green) next to the library in order to enable compilation.</item>
  <item name="LBtitoloS1.text" html="false" placeholder="false">GENERAL</item>
  <item name="LBdescrizioneS1.text" html="false" placeholder="false">General section, where you can add the basilar information about the appointment planning.</item>
  <item name="LBtitoloS2.text" html="false" placeholder="false">ADMINISTERING METHOD</item>
  <item name="LBtitoloS3.text" html="false" placeholder="false">RECIPIENTS</item>
  <item name="LBdescrizioneS3.text" html="false" placeholder="false">In this section it is possible to choose users to whom dispatch the request</item>
  <item name="CHKUtentiComunita_WQ.text" html="false" placeholder="false">All current community users</item>
  <item name="CHKUtentiNonComunita_WQ.text" html="false" placeholder="false">All users of all communities</item>
  <item name="CHKUtentiInvitati_WQ.text" html="true" placeholder="false">Invited users&lt;br&gt;</item>
  <item name="CHKUtentiEsterni_WQ.text" html="false" placeholder="false">External users</item>
  <item name="LBvisualizzaSuggerimenti_WQ.text" html="true" placeholder="false">Display tips&lt;br&gt;</item>
  <item name="MSGAvanti" html="false" placeholder="false">Next</item>
  <item name="MSGIndietro" html="false" placeholder="false">Back</item>
  <item name="LNBAddDays.text" html="false" placeholder="false">Add more days</item>
  <item name="LNBAddDays.ToolTip" html="false" placeholder="false">Adds a new option with different days and time slots</item>
  <item name="LKBadvanced.text" html="false" placeholder="false">Advanced mail options</item>
  <item name="LKBadvanced.ToolTip" html="false" placeholder="false">Manage recipients, mail template...</item>
  <item name="LKBsendMail.text" html="false" placeholder="false">Send mail</item>
  <item name="LKBsendMail.ToolTip" html="false" placeholder="false">Send mail to all the invited</item>
  <item name="LBZone.text" html="false" placeholder="false">Time slots</item>
  <item name="LBTestoDomanda.text" html="false" placeholder="false">Question text:</item>
  <item name="LBOptionNumber.text" html="false" placeholder="false">Select groups of days to view:</item>
  <item name="LBTitoloOpzioni.text" html="true" placeholder="false">&lt;br&gt;Answer options: &lt;br&gt;</item>
  <item name="LBNumeroOpzioni.text" html="false" placeholder="false">Number of time slots: </item>
  <item name="LBTestoDopoDomanda.text" html="false" placeholder="false">Text displayed under the questrion: </item>
  <item name="GRVElenco.headerCognome.HeaderText" html="false" placeholder="false">Surname</item>
  <item name="GRVElenco.headerNome.HeaderText" html="false" placeholder="false">Name</item>
  <item name="GRVElenco.headerEmail.HeaderText" html="false" placeholder="false">E-Mail</item>
  <item name="IMBGestione.AlternateText" disambiguation="verbo" html="false" placeholder="false">Modify</item>
  <item name="IMBElimina.AlternateText" html="false" placeholder="false">Delete</item>
  <item name="LNBaddSysUsers.text" html="false" placeholder="false">Add community users</item>
  <item name="LNBaddSysUsers.ToolTip" html="false" placeholder="false">Add registered users</item>
  <item name="LNBaddExternalUser.text" html="false" placeholder="false">Add external users</item>
  <item name="LNBaddExternalUser.ToolTip" html="false" placeholder="false">Add unregistered users to sytem</item>
  <item name="LBTitoloUtente.text" html="false" placeholder="false">Insert user data</item>
  <item name="LBCognome.text" html="false" placeholder="false">Surname</item>
  <item name="LBNome.text" html="false" placeholder="false">Name</item>
  <item name="LBEmail.text" html="false" placeholder="false">E-Mail</item>
  <item name="LBDescrizione.text" html="false" placeholder="false">Description</item>
  <item name="LNBSaveExternalUser.text" html="false" placeholder="false">Add user</item>
  <item name="LNBSaveExternalUser.ToolTip" html="false" placeholder="false">Add user</item>
  <item name="LNBCancelAEU.text" html="false" placeholder="false">Cancel</item>
  <item name="LNBCancelAEU.ToolTip" html="false" placeholder="false">Back to users list</item>
  <item name="LNBCancelIDC.text" html="false" placeholder="false">Cancel</item>
  <item name="LNBCancelIDC.ToolTip" html="false" placeholder="false">Back to users list</item>
  <item name="CampoObbligatorio" html="false" placeholder="false">Mandatory field</item>
  <item name="LBErroreNoTag.text" html="false" placeholder="false">The red tags must be inserted in the mail body.</item>
  <item name="LBMsgQuestionarioBloccato.text" html="true" placeholder="false">Attention: Meeting has compilation blocked&lt;br&gt; To allow the invited users compilation, please enable the related option in the "Meeting Management" page.</item>
  <item name="LBTitoloTemplate.text" html="false" placeholder="false">Template management:</item>
  <item name="BTNElimina.text" html="false" placeholder="false">Delete</item>
  <item name="BTNNuovo.text" html="false" placeholder="false">New Template</item>
  <item name="LBDestinatario.text" html="false" placeholder="false">Recipients :</item>
  <item name="LKBAggiungiTutti.text" html="false" placeholder="false">All list users</item>
  <item name="LKBAggiungiNonInvitati.text" html="false" placeholder="false">Only the still not invited users</item>
  <item name="LKBSelezionaUtenti.text" html="false" placeholder="false">Select users</item>
  <item name="LKBAggiungiNonCompletati.text" html="false" placeholder="false">Only the users, who do not have compiled the Meeting</item>
  <item name="LBOggetto.text" html="false" placeholder="false">Subject:</item>
  <item name="LBTestoMessaggio.text" html="false" placeholder="false">Message text:</item>
  <item name="LBIntestazione.text" html="false" placeholder="false">User X</item>
  <item name="LBTags.text" html="false" placeholder="false">Available Tags</item>
  <item name="LBAnteprima.text" html="false" placeholder="false">Preview:</item>
  <item name="BTNSalvaTemplate.text" html="false" placeholder="false">Save Template</item>
  <item name="CHKInoltraMittente.text" html="false" placeholder="false">Send a copy to my email address</item>
  <item name="BTNSalvaTemplateConNome.text" html="false" placeholder="false">Save Template as: </item>
  <item name="REVTXBIntestazione.ErrorMessage" html="false" placeholder="false">Reduce object text.</item>
  <item name="BTNSbloccaInvia.text" html="false" placeholder="false">UNBLOCK and SEND MAIL</item>
  <item name="LBMsgSbloccaInvia.text" html="false" placeholder="false">To activate compilation and send mail, click "Unlock and send".</item>
  <item name="LBMsgInvia.text" html="true" placeholder="false">Meeting compilation is blocked.&lt;br&gt;In order to send anyway e-mails and activate compilation later, click "Send Mail". </item>
  <item name="MSGOggettoObbligatorio" html="false" placeholder="false">Please enter mail's subject </item>
  <item name="BTNInviaMail.text" html="false" placeholder="false">SEND MAIL</item>
  <item name="TXBUtentiNonInvitati" html="false" placeholder="false">All users still not invited</item>
  <item name="TXBTuttiUtenti" html="false" placeholder="false">All list users</item>
  <item name="TXBUtentiNonCompilati" html="false" placeholder="true" mustcontains="{0}">All the users, who did not answered to {0}</item>
  <item name="MSGnoPermessi" html="false" placeholder="false">You do not have permission to view this page</item>
  <item name="MSGInvioMail" html="true" placeholder="false">Email sending completed.&lt;br&gt;</item>
  <item name="MSGnoInvioMail" html="false" placeholder="false">Impossible to send mail, select at least a recipient.</item>
  <item name="TXBOggetto.default" description="non tradurre" html="false" placeholder="true" hidden="true" mustcontains="#NOMEQUESTIONARIO">#NOMEQUESTIONARIO#</item>
  <item name="Meeting" html="false" placeholder="false">Meeting</item>
  <item name="link" html="false" placeholder="false">Link</item>
  <item name="destinatario" html="false" placeholder="false">Recipient</item>
  <item name="dataFine" html="false" placeholder="false">Expiration date</item>
  <item name="autore" html="false" placeholder="false">Author</item>
  <item name="dataInizio" html="false" placeholder="false">Start date</item>
  <item name="nomeQuestionario" html="false" placeholder="false">Questionnaire name</item>
  <item name="descrizioneQuestionario" html="false" placeholder="false">Description</item>
  <item name="durata" html="false" placeholder="false">Duration</item>
  <item name="password" html="false" placeholder="false">Password</item>
</Resource>