<?xml version="1.0" encoding="utf-8"?>
<Resource xmlns:xsi="http://www.w3.org/2001/XMLSchema-instance" xmlns:xsd="http://www.w3.org/2001/XMLSchema" xmlns="urn:ComolTranslation">
  <item name="ServiceTitle" disambiguation="modello=modello di questionario" html="false" placeholder="false">Models</item>
  <item name="LNBCartellaPrincipale.text" disambiguation="modello=modello di questionario" html="false" placeholder="false">Models list</item>
  <item name="LNBElimina.text" disambiguation="modello=modello di questionario" html="false" placeholder="false">Delete Model</item>
  <item name="LNBElimina.ConfirmText" disambiguation="modello=modello di questionario" html="false" placeholder="false">"Are you sure you want to delete this model?"</item>
  <item name="LNBGestioneDomande.text" disambiguation="domande=domande di un questionario" html="false" placeholder="false">Questions management</item>
  <item name="LNBSalva.text" html="false" placeholder="false">Save changes</item>
  <item name="LNBImporta.text" disambiguation="modello=modello di questionario" html="false" placeholder="false">Import Model</item>
  <item name="LNBImporta.ConfirmText" disambiguation="modello=modello di questionario" html="false" placeholder="false">The model will be imported in the current community. Continue?</item>
  <item name="LNBTornaGestioneQuestionari.text" html="false" placeholder="false">Back</item>
  <item name="LBDatiQuestionario.text" disambiguation="modello=modello di questionario" html="false" placeholder="false">Model details</item>
  <item name="LBNome.text" html="false" placeholder="false">Name:</item>
  <item name="CUVNome.ErrorMessage" disambiguation="modello=modello di questionario" html="false" placeholder="false">A model with this name already exists in this community</item>
  <item name="RFVNome.ErrorMessage" html="false" placeholder="false">Mandatory name</item>
  <item name="LBLingua.text" disambiguation="modello=modello di questionario" html="false" placeholder="false">Model language:</item>
  <item name="LBTitoloDataCreazione.text" html="false" placeholder="false">Creation date:</item>
  <item name="LBModalita.text" html="false" placeholder="false">Administering methods</item>
  <item name="LBDurata.text" html="false" placeholder="false">Maximum compilation time (in minutes, 0=unlimited): </item>
  <item name="LBScalaValutazione.text" html="false" placeholder="false">Quiz rating scale</item>
  <item name="LBDestinatari.text" html="false" placeholder="false">Model recipients </item>
  <item name="LBDescrizione.text" disambiguation="modello=modello di questionario" html="false" placeholder="false">I wanto to administer the model to:</item>
  <item name="LBdescrizioneQuestionario.text" html="false" placeholder="false">Description:</item>
  <item name="CHKUtentiComunita.text" html="false" placeholder="false">Current community users</item>
  <item name="CHKUtentiNonComunita.text" html="false" placeholder="false">All communities users</item>
  <item name="CHKUtentiInvitati.text" html="false" placeholder="false">Invited users</item>
  <item name="CHKRisultatiAnonimi.text" html="false" placeholder="false">(You will not know the name of the users that answered the questionnaire)</item>
  <item name="CHKUtentiInvitati.text" html="false" placeholder="false">Utenti Invitati</item>
  <item name="CHKUtentiEsterni.text" html="false" placeholder="false">External users:</item>
  <item name="BTNInvitaUtenti.text" html="false" placeholder="false">Invites management</item>
  <item name="LBinserireNome.text" disambiguation="modello=modello di questionario" html="false" placeholder="false">Enter a name for the model</item>
  <item name="LBerrore.text" html="false" placeholder="false">You don't have permissions to</item>
  <item name="LBCopiaSottocartella.text" html="false" placeholder="false">Copy performed in the selected community subfolder</item>
  <item name="LBCopiaComunita.text" html="false" placeholder="false">Copy performed in the selected community</item>
  <item name="LBTipoGrafico.text" html="false" placeholder="false">Diagram type</item>
  <item name="LBAiuto.text" html="false" placeholder="false">Help</item>
  <item name="LBLinguaDefault.text" disambiguation="modello=modello di questionario" html="false" placeholder="false">Model deafult language:</item>
  <item name="COVDurataInt.ErrorMessage" disambiguation="modello=modello di questionario" html="false" placeholder="false">maximum time must be an integer (0 the model is time-indipendent)</item>
  <item name="COVScalaValutazioneInt.ErrorMessage" html="false" placeholder="false">Rating scale must be an integer</item>
  <item name="LBisBloccato.text" html="true" placeholder="false">Compilation blocked&lt;br&gt;&lt;br&gt;</item>
  <item name="LBisChiuso.text" html="false" placeholder="false">Read-only questions</item>
  <item name="LBanonymousResults_t.text" html="false" placeholder="false">Anonymous results:</item>
  <item name="LBanonymousResults.text" html="false" placeholder="false">Yes</item>
</Resource>