<?xml version="1.0" encoding="utf-8"?>
<Resource xmlns:xsi="http://www.w3.org/2001/XMLSchema-instance" xmlns:xsd="http://www.w3.org/2001/XMLSchema" xmlns="urn:ComolTranslation">
  <item name="LibreriaDiDomande" disambiguation="libreria=libreria di domande" html="false" placeholder="false">Libraries</item>
  <item name="Modello" disambiguation="modello=modello di questionario" html="false" placeholder="false">Models</item>
  <item name="Autovalutazione" html="false" placeholder="false">Self-assessment test</item>
  <item name="Sondaggio" html="false" placeholder="false">Polls</item>
  <item name="Questionari" html="false" placeholder="false">Questionnaires</item>
  <item name="Meeting" html="false" placeholder="false">Meeting</item>
  <item name="LNBCartellaPrincipale.text" html="false" placeholder="false">Main folder</item>
  <item name="LNBGestioneDomande.text" html="false" placeholder="false">Cancel</item>
  <item name="LNBSalva.text" html="false" placeholder="false">Save changes</item>
  <item name="LBNomePagina.text" html="false" placeholder="false">Page name</item>
  <item name="LBDescrizione.text" html="false" placeholder="false">Description</item>
  <item name="LBerrore.text" html="false" placeholder="false">You don't have permissions to</item>
  <item name="BTNContinua.text" html="false" placeholder="false">Save and continue</item>
</Resource>