<?xml version="1.0" encoding="utf-8"?>
<Resource xmlns:xsi="http://www.w3.org/2001/XMLSchema-instance" xmlns:xsd="http://www.w3.org/2001/XMLSchema" xmlns="urn:ComolTranslation">
  <item name="LibreriaDiDomande" disambiguation="libreria=libreria di domande" html="false" placeholder="false">Libraries</item>
  <item name="Modello" disambiguation="modello=modello di questionario" html="false" placeholder="false">Models</item>
  <item name="Autovalutazione" html="false" placeholder="false">Self-assessment test</item>
  <item name="Sondaggio" html="false" placeholder="false">Polls</item>
  <item name="Questionari" html="false" placeholder="false">Questionnaires</item>
  <item name="Meeting" html="false" placeholder="false">Meeting</item>
  <item name="MSGConfermaSalvaEdEsci" html="false" placeholder="false">The answers till now given, have been saved. You can go on later.</item>
  <item name="MSGGiaCompilato" html="false" placeholder="false">It is not possible to compile this poll again.</item>
  <item name="MSGsondaggioNonValido" html="false" placeholder="false">Non existent poll or no permissions to compile it</item>
  <item name="MSGConfermaFine" html="false" placeholder="false">Tahnk you for having ended the compilation. Answers have been correctly sent.</item>
  <item name="MSGsondaggioBloccato" html="false" placeholder="false">The requested poll has been closed or temporarely blocked by the administrators.</item>
  <item name="MSGNoDomande" html="false" placeholder="false">This poll has no questions: contact an administrator.</item>
  <item name="MSGNoData" html="false" placeholder="false">This poll can currently not be compiled, Contact an administrator.</item>
  <item name="MSGNoTempo" html="false" placeholder="false">Time expired: answers till now given, has been correctly sent.</item>
  <item name="MSGNoInvito" html="false" placeholder="false">The selected invitation does not exist or is invalid</item>
  <item name="MSGSessioneScaduta" html="false" placeholder="false">Session has expired</item>
  <item name="MSGsondaggioCancellato" html="false" placeholder="false">Poll was deleted by an administrator.</item>
  <item name="MSGNoPermessi" html="false" placeholder="false">You don't have permissions to view this poll.</item>
  <item name="LBConferma.text" html="false" placeholder="false">Confirm: </item>
  <item name="LBErrore.text" html="false" placeholder="false">Error. </item>
  <item name="LBtitolo.text" html="false" placeholder="false">Compile the poll: </item>
  <item name="LBTempoRimanente.text" html="false" placeholder="true" mustcontains="{0}"> {0} remains to complete the poll.</item>
  <item name="LBdurata.text" html="true" placeholder="false">
        &lt;br&gt;By pressing "start" also the time calculation will begin.
        Once begun to fill in the poll, you can not stop or suspend.
        &lt;br&gt;CAUTION: do not use the browser navigation buttons, or you could cause misalignment between real time calculation and time displayed in the page.
    </item>
  <item name="LBpagina.text" html="false" placeholder="false">Pages:</item>
  <item name="LBLErrorePassword.text" html="false" placeholder="false">Error: la password inserita è errata</item>
  <item name="LBLDifficolta.text" html="false" placeholder="false">Difficulty: </item>
  <item name="MSGAlta" html="false" placeholder="false">High</item>
  <item name="MSGMedia" html="false" placeholder="false">Medium</item>
  <item name="MSGBassa" html="false" placeholder="false">Low</item>
  <item name="LBtroppeRisposte.text" html="false" placeholder="false">Too many answers have been selected.</item>
  <item name="MSGnumMaxRisposte" html="false" placeholder="true" mustcontains="{0}"> Select up to {0} answers.</item>
  <item name="LBTroppeRispostePagina.text" html="false" placeholder="false">Action not performed: Check that the number of answers you gave to the single questions does not exceed the allowed limit.</item>
  <item name="BTNFine.text" html="false" placeholder="false">Send</item>
  <item name="MSGeRisultati" html="false" placeholder="false">and display results</item>
  <item name="LBAvvisoFine.text" html="false" placeholder="false">Once you have finished the compilation, please press "SEND".</item>
  <item name="LBAvvisoSalva.text" html="false" placeholder="false">If you want to interrupt the poll compilation and go on later, press "Save" to save enteered answers.</item>
  <item name="BTNSalvaEEsci.text" html="false" placeholder="false">Save and exit</item>
  <item name="BTNSalvaEEsci.tooltip" html="false" placeholder="false">Save and exit</item>
  <item name="BTNSalvaContinua.text" html="false" placeholder="false">Save</item>
  <item name="BTNSalvaContinua.tooltip" html="false" placeholder="false">Save and continue</item>
  <item name="BTNinizia.text" html="false" placeholder="false">Start</item>
  <item name="BTNIniziaFacile.text" html="false" placeholder="false">Start easy path</item>
  <item name="BTNIniziaMedio.text" html="false" placeholder="false">Start medium path</item>
  <item name="BTNIniziaDifficile.text" html="false" placeholder="false">Start difficult path</item>
  <item name="BTNIniziaMisto.text" html="false" placeholder="false">Start mixed path</item>
  <item name="BTNinizia.tooltip" html="false" placeholder="false">Start compilation and, in case, start the timer</item>
  <item name="BTNDopo.text" html="false" placeholder="false">Continue</item>
  <item name="BTNRestartAutoEval.text" html="false" placeholder="false">Restart</item>
  <item name="LNBannulla.text" html="false" placeholder="false">Cancel</item>
  <item name="LNBFinito.text" html="false" placeholder="false">Finished</item>
  <item name="LNBsalvaEsci.text" html="false" placeholder="false">Save and exit</item>
  <item name="LNBsalvaContinua.text" html="false" placeholder="false">Save</item>
  <item name="LNBdescrizione.text" html="false" placeholder="false">Backt to description</item>
  <item name="LNBindietroVIWdescrizione.text" html="false" placeholder="false">Back</item>
  <item name="LNBindietroVIWmessaggi.text" html="false" placeholder="false">Back</item>
  <item name="LNBindietro.text" html="false" placeholder="false">Back</item>
  <item name="LBpagina.text" html="false" placeholder="false">Pagine:</item>
  <item name="LNBTornaLista.text" html="false" placeholder="false">Back to list</item>
  <item name="LNBTornaHome.text" html="false" placeholder="false">Back to home page</item>
  <item name="MSGTempo" html="false" placeholder="true" mustcontains="{0}">Attention! Still {0}' available to complete the poll.</item>
  <item name="MSGNoMoreQuestions" html="false" placeholder="false">Attention! Non sono disponibili altre domande per questo test.</item>
  <item name="minuti" html="false" placeholder="false">minutes</item>
  <item name="secondi" html="false" placeholder="false">seconds</item>
  <item name="LBnoRisposta.text" html="true">Error: there are still some questions you must answer.&lt;br&gt;</item>
  <item name="LBnoRisposta.-1" html="true">Error: there are still some questions you must answer.&lt;br&gt;</item>
  <item name="LBnoRisposta.0" html="true">Error: there are still some questions you must answer.&lt;br&gt;</item>
  <item name="LBnoRisposta.1" html="true" mustcontains="{0}" placeholder="true">Error: at page {0} there are still some questions you must answer.&lt;br&gt;</item>
  <item name="LBnoRisposta.n" html="true" mustcontains="{0}" placeholder="true">Error: at pages {0} there are still some questions you must answer.&lt;br&gt;</item>
  <item name="LBisObbligatoria.text" html="true" placeholder="false">Attention: entering an answer is required.&lt;br&gt;</item>
  <item name="MSGSessionError" html="false" placeholder="false">Attention: unexpected error. Compilation has been restarted. Verify that the last answers were correctly saved.</item>
  <item name="isMandatory" html="false" placeholder="false" hidden="true">(*)</item>
  <item name="isMandatory.Title" html="false" placeholder="false">ATTENTION: answering this question is mandatory</item>
  <item name="LBisMandatoryInfo.text" html="false" placeholder="false">(*) = mandatory answer</item>
  <item name="ServiceTitle" html="false" placeholder="false">Quesionnaire compilation</item>
  <item name="ServiceTitle.Questionario" html="false" placeholder="false">Quesionnaire compilation</item>
  <item name="ServiceTitle.Sondaggio" html="false" placeholder="false">Compilation poll</item>
  <item name="ServiceTitle.Random" html="false" placeholder="false">Quesionnaire compilation</item>
  <item name="ServiceTitle.Autovalutazione" html="false" placeholder="false">Compilation of the self assessment questionnaire</item>
  <item name="ServiceTitle.Meeting" html="false" placeholder="false">Meeting</item>
  <item name="ServiceTitleToolTip" html="false" placeholder="true" mustcontains="{0}">Questionnaire compilation {0}</item>
  <item name="ServiceTitleToolTip.Questionario" html="false" placeholder="true" mustcontains="{0}">Questionnaire compilation {0}</item>
  <item name="ServiceTitleToolTip.Sondaggio" html="false" placeholder="true" mustcontains="{0}">Poll compilation {0}</item>
  <item name="ServiceTitleToolTip.Random" html="false" placeholder="true" mustcontains="{0}">Questionnaire compilation {0}</item>
  <item name="ServiceTitleToolTip.Autovalutazione" html="false" placeholder="true" mustcontains="{0}">Compilation of the self assessment questionnaire {0}</item>
  <item name="ServiceTitleToolTip.Meeting" html="false" placeholder="true" mustcontains="{0}">Meeting {0}</item>
</Resource>