<?xml version="1.0" encoding="utf-8"?>
<Resource xmlns:xsi="http://www.w3.org/2001/XMLSchema-instance" xmlns:xsd="http://www.w3.org/2001/XMLSchema" xmlns="urn:ComolTranslation">
  <item name="LibreriaDiDomande" disambiguation="libreria=libreria di domande" html="false" placeholder="false">Libraries</item>
  <item name="Modello" disambiguation="modello=modello di questionario" html="false" placeholder="false">Models</item>
  <item name="Autovalutazione" html="false" placeholder="false">Self-assessment test</item>
  <item name="Sondaggio" html="false" placeholder="false">Polls</item>
  <item name="Questionari" html="false" placeholder="false">Questionnaires</item>
  <item name="Meeting" html="false" placeholder="false">Meeting</item>
  <item name="MSGNoDate" html="false" placeholder="true" mustcontains="{0}">You cIl sondaggio non è più compilabile. Si è chiuso il {0}</item>
  <item name="LNBIndietro.text" html="false" placeholder="false">Back</item>
  <item name="GeneralStatisticsTitle.Random" html="false" placeholder="false">All the questions of the libraries associated to the random questionnaire</item>
  <item name="StatisticsTitle.Generics" html="false" placeholder="false">All the questions of the libraries associated to the random questionnaire</item>
  <item name="StatisticsTitle.UsersList" html="false" placeholder="false">Users list</item>
  <item name="StatisticsTitle.GenericsNoData" html="false" placeholder="false" />
  <item name="StatisticsTitle.User" html="false" placeholder="false" />
  <item name="StatisticsTitle.UserAttempts" html="false" placeholder="false">Questionnaire's attempts</item>
  <item name="StatisticsTitle.UserAttemptsUQ" html="false" placeholder="true" mustcontains="{0}|{1}">Questionnaire {0} attempts of the user {1}</item>
  <item name="StatisticsTitle.UserAttemptsU" html="false" placeholder="true" mustcontains="{0}">User attempts {0}</item>
  <item name="StatisticsTitle.UserAttemptsQ" html="false" placeholder="true" mustcontains="{0}">Questionnaire attempts {0}</item>
  <item name="DisplayStatisticsToken.Message" html="false" placeholder="false">The creation of the requested file is in progress. Wait a few seconds to download it.</item>
  <item name="DisplayStatisticsToken.Title" html="false" placeholder="false" />
</Resource>