<?xml version="1.0" encoding="utf-8"?>
<Resource xmlns:xsi="http://www.w3.org/2001/XMLSchema-instance" xmlns:xsd="http://www.w3.org/2001/XMLSchema" xmlns="urn:ComolTranslation">
  <item name="LBTitolo.text" html="false" placeholder="false" />
  <item name="GRVElenco.headerStato.HeaderText" disambiguation="status: attivo/chiuso/in corso/valutazione" html="false" placeholder="false">Status</item>
  <item name="GRVElenco.headerNome.HeaderText" html="false" placeholder="false">Questionnarie name</item>
  <item name="GRVElenco.headerNumeroRisposte.HeaderText" html="false" placeholder="false">N° executed tests</item>
  <item name="GRVElenco.headerDataInizio.HeaderText" html="false" placeholder="false">Start date</item>
  <item name="GRVElenco.headerDataFine.HeaderText" html="false" placeholder="false">End date</item>
  <item name="GRVElenco.headerAutore.HeaderText" html="false" placeholder="false">Author</item>
  <item name="GRVElenco.headerLingue.HeaderText" html="false" placeholder="false">Languages</item>
  <item name="linkALtreLingue" html="false" placeholder="false">other languages..</item>
  <item name="LBerrore.text" html="false" placeholder="false">You don't have permissions to</item>
  <item name="IMBloccato.AlternateText" html="false" placeholder="false">Blocked</item>
  <item name="0.TBSQuestionari" html="false" placeholder="false">Community</item>
  <item name="3.TBSQuestionari" html="false" placeholder="false">Public</item>
  <item name="4.TBSQuestionari" html="false" placeholder="false">On invitation</item>
  <item name="2.TBSQuestionari" html="false" placeholder="false">Compiled in the community</item>
  <item name="5.TBSQuestionari" html="false" placeholder="false">All compiled</item>
  <item name="IMBHelp.AlternateText" html="false" placeholder="false">Help</item>
  <item name="LBHelp.text" html="false" placeholder="false">Help</item>
  <item name="MSGvisualizza" html="false" placeholder="false"> (Display)</item>
  <item name="MSGerrorNoPermission" html="false" placeholder="false">You do not have permission to view this page.</item>
  <item name="LBtitolo.text" html="false" placeholder="false">List of saved self-assessment tests:</item>
  <item name="LBTitoloListaRisposte.text" html="false" placeholder="true" mustcontains="{0}">List of proofs taken for the self-assessment test "{0}":</item>
  <item name="GRVelenco.headerNome.HeaderText" html="false" placeholder="false">Questionnaire</item>
  <item name="GRVelenco.headerQuanteRisposte.HeaderText" html="false" placeholder="false">Performed tests number </item>
  <item name="GRVlistaRisposte.dataCompilazione.HeaderText" html="false" placeholder="false">Test date</item>
  <item name="LBPunteggioRelativo.text" html="false" placeholder="false">Relative score:</item>
  <item name="LBnRisposteTotali.text" html="false" placeholder="false">N° overall answers: </item>
  <item name="LBnRisposteCorrette.text" html="false" placeholder="false">N° correct answers: </item>
  <item name="LBnRisposteErrate.text" html="false" placeholder="false">N° wrong answers: </item>
  <item name="LBnRisposteNonValutate.text" html="false" placeholder="false">N° not evaluated answers: </item>
  <item name="LBPunteggioTotale.text" html="false" placeholder="false">Total score:</item>
  <item name="LBnRisposteParzialmenteCorrette.text" html="false" placeholder="false">N° partially correct asnswers: </item>
  <item name="LBnRisposteSaltate.text" html="false" placeholder="false">N° missing answers: </item>
  <item name="LBnOpzioniTotali.text" html="false" placeholder="false">N° overall options: </item>
  <item name="LBnOpzioniCorrette.text" html="false" placeholder="false">N° correct answers: </item>
  <item name="LBnOpzioniErrate.text" html="false" placeholder="false">N° wrong options </item>
  <item name="LBnOpzioniNonValutate.text" html="false" placeholder="false">N° not evaluated options: </item>
  <item name="ServiceTitle" html="false" placeholder="false">Questionnaires</item>
</Resource>