<?xml version="1.0" encoding="utf-8"?>
<Resource xmlns:xsi="http://www.w3.org/2001/XMLSchema-instance" xmlns:xsd="http://www.w3.org/2001/XMLSchema" xmlns="urn:ComolTranslation">
  <item name="LibreriaDiDomande" disambiguation="libreria=libreria di domande" html="false" placeholder="false">Libraries</item>
  <item name="Modello" disambiguation="modello=modello di questionario" html="false" placeholder="false">Models</item>
  <item name="Autovalutazione" html="false" placeholder="false">Self-assessment test</item>
  <item name="Sondaggio" html="false" placeholder="false">Polls</item>
  <item name="Questionari" html="false" placeholder="false">Questionnaires</item>
  <item name="Meeting" html="false" placeholder="false">Meeting</item>
  <item name="LNBCartellaPrincipale.text" html="false" placeholder="false">Questionnaires list</item>
  <item name="LNBElimina.text" html="false" placeholder="false">Delete Questionnaire</item>
  <item name="LNBElimina.ConfirmText" html="false" placeholder="false">"Are you sure you want to delete this questionnaire?"</item>
  <item name="LNBGestioneDomande.text" disambiguation="domande=domande di un questionario" html="false" placeholder="false">Questions management</item>
  <item name="LNBSalva.text" html="false" placeholder="false">Save changes</item>
  <item name="LNBUndo.text" html="false" placeholder="false">Cancel</item>
  <item name="LNBImporta.text" html="false" placeholder="false">Import from Model</item>
  <item name="LNBImporta.ConfirmText" html="false" placeholder="false">The list of the models to import will be dispalyed. Continue?</item>
  <item name="LNBTornaGestioneQuestionari.text" html="false" placeholder="false">Back</item>
  <item name="LBDatiQuestionarioStatico" html="false" placeholder="false">Static questionnaire </item>
  <item name="LBDatiQuestionarioAutovalutazione" html="false" placeholder="false">Self-assessment details</item>
  <item name="LBDatiQuestionarioRandom" html="false" placeholder="false">Random questionnaire details</item>
  <item name="LBNome.text" html="false" placeholder="false">Name:</item>
  <item name="CUVNome.ErrorMessage" html="false" placeholder="false">A questionnaire with this name already exists in this community</item>
  <item name="RFVNome.ErrorMessage" html="false" placeholder="false">Mandatory name</item>
  <item name="LBLingua.text" html="true" placeholder="false">&lt;br&gt;&lt;br&gt;Questionnaire language:</item>
  <item name="LBTitoloDataCreazione.text" html="false" placeholder="false">Creation date:</item>
  <item name="LBDataInizioTitolo.text" html="false" placeholder="false">Start date:</item>
  <item name="LBDataFineTitolo.text" html="false" placeholder="false">End date:</item>
  <item name="CUVdate.ErrorMessage" html="false" placeholder="false">End date must be greater than start date.</item>
  <item name="LBisBloccato.text" html="true" placeholder="false">Compilation blocked&lt;br&gt;&lt;br&gt;</item>
  <item name="LBisChiuso.text" html="false" placeholder="false">Read-only questions</item>
  <item name="LBTitoloUrl.text" html="false" placeholder="false">to compile the questionnaire, users will have to use this</item>
  <item name="LBModalita.text" html="false" placeholder="false">Administering methods</item>
  <item name="LBDurata.text" html="false" placeholder="false">Maximum compilation time (in minutes, 0=unlimited): </item>
  <item name="LBScalaValutazione.text" html="true" placeholder="false">&lt;br&gt;&lt;br&gt;Quiz rating scale&lt;br&gt;</item>
  <item name="LBRisultatiAnonimi.text" html="false" placeholder="false">Anonymous results</item>
  <item name="LBpermessiCompilatore.text" html="true" placeholder="false">After the compilation of the questionnaire the user will be allowed to:&lt;br&gt;</item>
  <item name="LBvisualizzaRisposta.text" html="false" placeholder="false">Display answer</item>
  <item name="LBvisualizzaCorrezione.text" html="true" placeholder="false">and the correction&lt;br&gt;</item>
  <item name="LBvisualizzaCorrezioneAutovalutazione.text" html="true" placeholder="false">After the compilation of the questionnaire the user will be allowed to view the corrections of the single answer and, furthermore, the tips.&lt;br&gt;</item>
  <item name="LBvisualizzaSuggerimenti.text" html="true" placeholder="false">Display tips&lt;br&gt;</item>
  <item name="LBeditaRisposta.text" html="false" placeholder="false">Modify answer</item>
  <item name="LBDestinatari.text" html="false" placeholder="false">Workbook recipients </item>
  <item name="LBDescrizione.text" html="false" placeholder="false">I wanto to administer the questionnaire to:</item>
  <item name="LBdescrizioneQuestionario.text" html="false" placeholder="false">Description:</item>
  <item name="CHKUtentiComunita.text" html="false" placeholder="false">All current community users</item>
  <item name="CHKUtentiNonComunita.text" html="false" placeholder="false">All users of all communities</item>
  <item name="CHKUtentiInvitati.text" html="false" placeholder="false">Invited users</item>
  <item name="CHKRisultatiAnonimi.text" html="false" placeholder="false">(You will not know the name of the users that answered the questionnaire)</item>
  <item name="CHKUtentiInvitati.text" html="false" placeholder="false">Utenti Invitati</item>
  <item name="CHKUtentiEsterni.text" html="false" placeholder="false">External users:</item>
  <item name="BTNInvitaUtenti.text" html="false" placeholder="false">Invites management</item>
  <item name="LBGestioneAvanzata.text" html="true" placeholder="false">&lt;br&gt;Advanced management</item>
  <item name="LBGruppo.text" html="false" placeholder="false">Current folder:</item>
  <item name="LBAltraCartella.text" html="false" placeholder="false">Copy Questionnaire in another folder:</item>
  <item name="BTNCopiaCartella.text" html="false" placeholder="false">Copy</item>
  <item name="LBAltraComunita.text" html="false" placeholder="false">Copy questionnaire in another community:</item>
  <item name="BTNComunitaGruppo.text" html="false" placeholder="false">change folder</item>
  <item name="BTNCopiaComunita.text" html="false" placeholder="false">Copy</item>
  <item name="LBNuovaLingua.text" html="false" placeholder="false">Create questionnaire in another language:</item>
  <item name="BTNSalvaAltraLingua.text" html="false" placeholder="false">Create</item>
  <item name="LBinserireNome.text" html="false" placeholder="false">Enter a name for the questionnaire </item>
  <item name="LBCopiaSottocartella.text" html="false" placeholder="false">Copy performed in the selected community subfolder</item>
  <item name="LBCopiaComunita.text" html="false" placeholder="false">Copy performed in the selected community</item>
  <item name="LBTipoGrafico.text" html="false" placeholder="false">Diagram type</item>
  <item name="LBAiuto.text" html="false" placeholder="false">Help</item>
  <item name="LBLinguaDefault.text" html="false" placeholder="false">Questionnaire deafult language:</item>
  <item name="COVDurataInt.ErrorMessage" html="false" placeholder="false">maximum time must be an integer(0 the questionnaire is time-indipendent)</item>
  <item name="COVScalaValutazioneInt.ErrorMessage" html="false" placeholder="false">Rating scale must be an integer</item>
  <item name="LBOrdineDomandeRandom_t.text" html="false" placeholder="false">Random order questions:</item>
  <item name="LBOrdineDomandeRandom.text" html="true" placeholder="false">yes&lt;br&gt;&lt;br&gt;</item>
  <item name="LBQuestionarioRandom.text" html="false" placeholder="false">Use libaries to select the questionnaire questions</item>
  <item name="LBerrore.text" html="false" placeholder="false">Error: </item>
  <item name="MSGNoComunita" html="false" placeholder="false">No community selected</item>
  <item name="MSGNoPermessi" html="false" placeholder="false">You do not have permission to view this page</item>
  <item name="LBanonymousResults_t.text" html="false" placeholder="false">Anonymous results:</item>
  <item name="LBanonymousResults.text" html="false" placeholder="false">Yes</item>
  <item name="LibrarySelect.Text" html="false" placeholder="false">Choose libraries</item>
  <item name="LibrarySelect.ToolTip" html="false" placeholder="false">Choose libraries to generate requests </item>
  <item name="LBminScore_t.text" html="true" placeholder="false">&lt;br&gt;Minimum completion:&lt;br&gt;</item>
  <item name="CMVminScore.ErrorMessage" html="false" placeholder="false">Minimum completion must be an integer less or equal to the rating scale value.</item>
  <item name="LBmaxAttempts_t.text" html="true" placeholder="false">&lt;br&gt;maximum number of attempts to pass the questionnaire (0= no limit);&lt;br&gt;</item>
  <item name="CMVmaxAttempts.ErrorMessage" html="false" placeholder="false">The maximum number of attempts must be an integer (0: unlimited)</item>
  <item name="InvitedUrl" html="true" placeholder="false">If you want to use the link to a on invitation questionnaire in other services, it is reccomended to use the following url (the on invitation questionnaire, indeed, generates a different url for each participant):&lt;br&gt;{0}&lt;br&gt;External users can not use this link to access the questionnaire.</item>
  <item name="LBdisplayScoreToUser_t.text" html="false" placeholder="false">Show user's score:</item>
  <item name="LBdisplayScoreToUser.text" html="false" placeholder="false">Yes</item>
</Resource>