<?xml version="1.0" encoding="utf-8"?>
<Resource xmlns:xsi="http://www.w3.org/2001/XMLSchema-instance" xmlns:xsd="http://www.w3.org/2001/XMLSchema" xmlns="urn:ComolTranslation">
  <item name="LibreriaDiDomande" disambiguation="libreria=libreria di domande" html="false" placeholder="false">Libraries</item>
  <item name="Modello" disambiguation="modello=modello di questionario" html="false" placeholder="false">Models</item>
  <item name="Autovalutazione" html="false" placeholder="false">Self-assessment test</item>
  <item name="Sondaggio" html="false" placeholder="false">Polls</item>
  <item name="Questionari" html="false" placeholder="false">Questionnaires</item>
  <item name="Meeting" html="false" placeholder="false">Meeting</item>
  <item name="LNBCartellaPrincipale.text" html="false" placeholder="false">Main folder</item>
  <item name="LNBGestioneDomande.text" disambiguation="domande=domande di un questionario" html="false" placeholder="false">Questions management</item>
  <item name="LNBCestino.text" html="false" placeholder="false">Trash bin</item>
  <item name="LBTitolo.text" html="false" placeholder="false" />
  <item name="LBerrore.text" html="false" placeholder="false">You don't have permissions to</item>
  <item name="LNBImportaModello.text" disambiguation="modello=modello di questionario" html="false" placeholder="false">Import Model</item>
  <item name="LNBImportaModello.ConfirmText" disambiguation="modello=modello di questionario" html="false" placeholder="false">The model will be imported in the current community. Continue?</item>
  <item name="LBerroreModello" disambiguation="modello=modello di questionario" html="false" placeholder="false">This model has already been imported in this community</item>
</Resource>