<?xml version="1.0" encoding="utf-8"?>
<Resource xmlns:xsi="http://www.w3.org/2001/XMLSchema-instance" xmlns:xsd="http://www.w3.org/2001/XMLSchema" xmlns="urn:ComolTranslation">
  <item name="ServiceTitle" html="false" placeholder="false">Polls</item>
  <item name="LibreriaDiDomande" disambiguation="libreria=libreria di domande" html="false" placeholder="false">Libraries</item>
  <item name="Modello" disambiguation="modello=modello di questionario" html="false" placeholder="false">Models</item>
  <item name="Autovalutazione" html="false" placeholder="false">Self-assessment test</item>
  <item name="Sondaggio" html="false" placeholder="false">Polls</item>
  <item name="Questionari" html="false" placeholder="false">Questionnaires</item>
  <item name="Meeting" html="false" placeholder="false">Meeting</item>
  <item name="LBQuestionario.text" html="false" placeholder="false">Static Questionnaire : </item>
  <item name="LBQuestionarioDescrizione.text" html="false" placeholder="false">The simpliest type of questionnaire. Answers are fixed, but you can sort their visualization at random.</item>
  <item name="LBAutovalutazione.text" html="false" placeholder="false">Self-assessment test</item>
  <item name="LBAutovalutazioneDescrizione.text" html="false" placeholder="false">It will be possible to choose libraries from which select questions to present to the user. Once answered every question, the user will be able to see corrections ( in case of automatically evaluable questions) and, possibly   suggestions about the knowledge he/she lacks or custom texts, inserted by the creator of the question.</item>
  <item name="LBLibreria.text" disambiguation="libreria=libreria di domande" html="false" placeholder="false">Questions library: </item>
  <item name="LBLibreriaDescrizione.text" disambiguation="libreria=libreria di domande" html="false" placeholder="false">Questions added to a library can be used to quickly create several types of questionnaire.</item>
  <item name="LBModello.text" disambiguation="modello=modello di questionario" html="false" placeholder="false">Questionnaire model: </item>
  <item name="LBModelloDescrizione.text" disambiguation="modello=modello di questionario" html="false" placeholder="false">Permette di creare un abbozzo di questionario statico e renderlo pubblico. Altri amministratori potranno importare il modello e modificarlo a piacere. </item>
  <item name="LBRandom.text" html="false" placeholder="false">Random Questionnaire: </item>
  <item name="LBRandomDescrizione.text" html="false" placeholder="false">It will be possible to select how many questions, for each difficulty level and available library, will be presented to the user. To every user will be displayed a different set of questions.</item>
  <item name="LBSceltaQuestionario.text" html="false" placeholder="false">SELECT THE QUESTIONNAIRE TYPE BY CLICKING "CHOOSE" </item>
  <item name="LBSondaggio.text" html="false" placeholder="false">Poll: </item>
  <item name="LBSondaggioDescrizione.text" html="false" placeholder="false">Like the static questionnaire, but you can not automatically evaluate answers.</item>
  <item name="LNBwizard" html="false" placeholder="false">Wizard</item>
  <item name="LNBavanzato" html="false" placeholder="false">Advanced</item>
  <item name="MSGNoPermessi" html="false" placeholder="false">You do not have permission to view this page</item>
  <item name="LBDescrizioneQuestionario_WQ.text" html="false" placeholder="false">Inserire, se si desidera, una descrizione che riassume i contenuti del sondaggio, o con indicazioni e suggerimenti da fornire all'utente prima che inizi la compilazione.</item>
  <item name="LBNome_WQ.text" html="false" placeholder="false">Enter a name for the poll (mandatory)</item>
  <item name="CUVNome_WQ.ErrorMessage" html="false" placeholder="false">A poll with this name already exists in this community</item>
  <item name="RFVNome_WQ.ErrorMessage" html="false" placeholder="false">Mandatory name</item>
  <item name="LBDataInizioTitolo_WQ.text" html="true" placeholder="false">Enter the end and start date for the poll.&lt;br&gt;Poll is open on</item>
  <item name="LBDataFineTitolo_WQ.text" html="false" placeholder="false">and will be closed</item>
  <item name="CUVdate_WQ.ErrorMessage" html="false" placeholder="false">End date must be greater than start date.</item>
  <item name="CKisBloccato_WQ.text" html="true" placeholder="false">Poll compilation is currently blocked (tick the box if YES)&lt;br&gt;&lt;br&gt;</item>
  <item name="LBDurata_WQ.text" html="false" placeholder="false">User will have maximum</item>
  <item name="LBDurataDopo_WQ.text" html="false" placeholder="false">minutes available for the poll compilation. (0=no limit)</item>
  <item name="LBScalaValutazione_WQ.text" html="false" placeholder="false">The poll's rating scale will go from 1 to</item>
  <item name="LBvisualizzazione_WQ.text" html="true" placeholder="false">After the compilation of the poll the user will be allowed to:  &lt;br&gt;</item>
  <item name="LBvisualizzaRisposta_WQ.text" html="false" placeholder="false">Display answer (tick the box if YES)&lt;br&gt;</item>
  <item name="LBLinguaDefault_WQ.text" html="false" placeholder="false">Define poll default language</item>
  <item name="LBvisualizzaRisposta_WQ.text" html="true" placeholder="false">Visualizzare la risposta (barrare la casella se SI)&lt;br&gt;</item>
  <item name="LBvisualizzaCorrezione_WQ.text" html="true" placeholder="false">Display correction (tick the box if YES)&lt;br&gt;</item>
  <item name="LBeditaRisposta_WQ.text" html="false" placeholder="false">Modify the given answeri (tick the box to activate) </item>
  <item name="COVDurataInt_WQ.ErrorMessage" html="false" placeholder="false">maximum time must be an integer (0 the poll is time-indipendent)</item>
  <item name="COVScalaValutazioneInt_WQ.ErrorMessage" html="false" placeholder="false">Rating scale must be an integer</item>
  <item name="LBOrdineDomandeRandom_WQ.text" html="true" placeholder="false">&lt;br&gt;&lt;br&gt;Tick the box if you want questions in random order </item>
  <item name="LBtitoloDestinatari_WQ.text" html="true" placeholder="false">The poll will be available to:&lt;br&gt;</item>
  <item name="LBavvisoBloccato_WQ.text" html="false" placeholder="false">ATTENTION: by clicking "End" the poll will be saved and you will be able to add answers to it. Once entered them, go to the questionnaire list and click the red button (that will become green) next to the library in order to enable compilation.</item>
  <item name="LBtitoloS1.text" html="false" placeholder="false">GENERAL</item>
  <item name="LBdescrizioneS1.text" html="false" placeholder="false">General section, where you can add the basilar information about the poll.</item>
  <item name="LBtitoloS2.text" html="false" placeholder="false">ADMINISTERING METHOD </item>
  <item name="LBdescrizioneS2.text" html="false" placeholder="false">In this section choose the methods by which users will answer the poll questions.</item>
  <item name="LBtitoloS3.text" html="false" placeholder="false">RECIPIENTS</item>
  <item name="LBdescrizioneS3.text" html="false" placeholder="false">In this section it is possible to choose users to whom dispatch the poll.</item>
  <item name="CHKUtentiComunita_WQ.text" html="false" placeholder="false">All current community users</item>
  <item name="CHKUtentiNonComunita_WQ.text" html="false" placeholder="false">All communities users </item>
  <item name="CHKUtentiInvitati_WQ.text" html="false" placeholder="false">Particolar invited users. In order to invite users press the following button</item>
  <item name="CHKUtentiEsterni_WQ.text" html="false" placeholder="false">Users not registered to Comunita' On Line. This link must be sent to them in order to access poll</item>
</Resource>