<?xml version="1.0" encoding="utf-8"?>
<Resource xmlns:xsi="http://www.w3.org/2001/XMLSchema-instance" xmlns:xsd="http://www.w3.org/2001/XMLSchema" xmlns="urn:ComolTranslation">
  <item name="ServiceTitle" html="false" placeholder="false">Polls</item>
  <item name="LNBCartellaPrincipale.text" html="false" placeholder="false">Polls list</item>
  <item name="LNBElimina.text" html="false" placeholder="false">Delete poll</item>
  <item name="LNBGestioneDomande.text" disambiguation="domande=domande di un questionario" html="false" placeholder="false">Questions management</item>
  <item name="LNBSalva.text" html="false" placeholder="false">Save changes</item>
  <item name="LNBElimina.ConfirmText" html="false" placeholder="false">"Are you sure you want to delete this poll?"</item>
  <item name="LNBTornaGestioneQuestionari.text" html="false" placeholder="false">Back</item>
  <item name="LBDatiQuestionario.text" html="false" placeholder="false">Poll details</item>
  <item name="LBNome.text" html="false" placeholder="false">Name:</item>
  <item name="CUVNome.ErrorMessage" html="false" placeholder="false">A poll with this name already exists in this community</item>
  <item name="RFVNome.ErrorMessage" html="false" placeholder="false">Mandatory name</item>
  <item name="LBLingua.text" html="false" placeholder="false">Poll language:</item>
  <item name="LBTitoloDataCreazione.text" html="false" placeholder="false">Creation date:</item>
  <item name="LBDataInizioTitolo.text" html="false" placeholder="false">Start date:</item>
  <item name="LBDataFineTitolo.text" html="false" placeholder="false">End date:</item>
  <item name="CUVdate.ErrorMessage" html="false" placeholder="false">End date must be greater than start date.</item>
  <item name="LBisBloccato.text" html="false" placeholder="false">Compilation blocked</item>
  <item name="LBisChiuso.text" html="false" placeholder="false">Read-only questions</item>
  <item name="LBModalita.text" html="false" placeholder="false">Administering methods</item>
  <item name="LBDurata.text" html="false" placeholder="false">Maximum compilation time (in minutes, 0=unlimited): </item>
  <item name="LBScalaValutazione.text" html="false" placeholder="false">Quiz rating scale</item>
  <item name="LBRisultatiAnonimi.text" html="false" placeholder="false">Anonymous results</item>
  <item name="LBTitoloUrl.text" html="false" placeholder="false">URL:</item>
  <item name="LBpermessiCompilatore.text" html="false" placeholder="false">After the compilation of the poll the user will be allowed to:</item>
  <item name="LBvisualizzaRisposta.text" html="false" placeholder="false">Display answer</item>
  <item name="LBvisualizzaCorrezione.text" html="false" placeholder="false">and the results</item>
  <item name="LBeditaRisposta.text" html="false" placeholder="false">Modify answer</item>
  <item name="LBDestinatari.text" html="false" placeholder="false">Poll recipients </item>
  <item name="LBDescrizione.text" html="false" placeholder="false">I wanto to administer the poll to:</item>
  <item name="LBdescrizioneQuestionario.text" html="false" placeholder="false">Description:</item>
  <item name="CHKUtentiComunita.text" html="false" placeholder="false">All community users</item>
  <item name="CHKUtentiNonComunita.text" html="false" placeholder="false">Users not enrolled in the community</item>
  <item name="CHKUtentiInvitati.text" html="false" placeholder="false">Invited users</item>
  <item name="CHKRisultatiAnonimi.text" html="false" placeholder="false">(You will not know the name of the users that answered the poll)</item>
  <item name="CHKUtentiEsterni.text" html="false" placeholder="false">External users</item>
  <item name="BTNInvitaUtenti.text" html="false" placeholder="false">Invites management</item>
  <item name="LBGestioneAvanzata.text" html="false" placeholder="false">Advenced management</item>
  <item name="LBGruppo.text" html="false" placeholder="false">Current folder:</item>
  <item name="LBAltraCartella.text" html="false" placeholder="false">Copy poll in another folder:</item>
  <item name="BTNCopiaCartella.text" html="false" placeholder="false">Copy</item>
  <item name="LBAltraComunita.text" html="false" placeholder="false">Copy poll in another community:</item>
  <item name="BTNComunitaGruppo.text" html="false" placeholder="false">change folder</item>
  <item name="BTNCopiaComunita.text" html="false" placeholder="false">Copy</item>
  <item name="LBNuovaLingua.text" html="false" placeholder="false">Create poll in another language:</item>
  <item name="BTNSalvaAltraLingua.text" html="false" placeholder="false">Create</item>
  <item name="LBinserireNome.text" html="false" placeholder="false">Enter a name for the poll</item>
  <item name="LBerrore.text" html="false" placeholder="false">You don't have permissions to</item>
  <item name="LBCopiaSottocartella.text" html="false" placeholder="false">Copy performed in the selected community subfolder</item>
  <item name="LBCopiaComunita.text" html="false" placeholder="false">Copy performed in the selected community</item>
  <item name="LBTipoGrafico.text" html="false" placeholder="false">Diagram type</item>
  <item name="LBAiuto.text" html="false" placeholder="false">Help</item>
  <item name="LBanonymousResults_t.text" html="false" placeholder="false">Anonymous results:</item>
  <item name="LBanonymousResults.text" html="false" placeholder="false">Yes</item>
</Resource>