<?xml version="1.0" encoding="utf-8"?>
<Resource xmlns:xsi="http://www.w3.org/2001/XMLSchema-instance" xmlns:xsd="http://www.w3.org/2001/XMLSchema" xmlns="urn:ComolTranslation">
  <item name="ServiceTitle" html="false" placeholder="false">Polls</item>
  <item name="LNBCartellaPrincipale.text" html="false" placeholder="false">Main folder</item>
  <item name="LNBGestioneQuestionario.text" html="false" placeholder="false">Poll management</item>
  <item name="LNBGestioneModello" disambiguation="modello=modello di questionario" html="false" placeholder="false">Model management</item>
  <item name="LNBAggiungiPagina.text" html="false" placeholder="false">New page</item>
  <item name="LBTitolo.text" disambiguation="libreria=libreria di domande" html="false" placeholder="false">Questions management: </item>
  <item name="LBMessage.text" html="false" placeholder="false" hidden="true" />
  <item name="IMBPagina.AlternateText" disambiguation="verbo" html="false" placeholder="false">Modify</item>
  <item name="IMBEliminaPag.AlternateText" html="false" placeholder="false">Delete</item>
  <item name="LNBAddDomanda.text" html="false" placeholder="false">Add new question</item>
  <item name="LNBAddDomandaBottom.text" html="false" placeholder="false">Add new question</item>
  <item name="IMBAddDomanda.AlternateText" html="false" placeholder="false">Add new question</item>
  <item name="IMBAddDomandaBottom.AlternateText" html="false" placeholder="false">Add new question</item>
  <item name="LNBAddDomandaLibreria.text" disambiguation="libreria=libreria di domande" html="false" placeholder="false">Add question from library</item>
  <item name="LNBAddDomandaLibreriaBottom.text" disambiguation="libreria=libreria di domande" html="false" placeholder="false">Add question from library</item>
  <item name="IMBAddDomandaLibreriaBottom.AlternateText" html="false" placeholder="false">Add new question</item>
  <item name="IMBLibrary.AlternateText" disambiguation="libreria=libreria di domande" html="false" placeholder="false">Add question from library</item>
  <item name="IMBEdit.AlternateText" disambiguation="verbo" html="false" placeholder="false">Modify</item>
  <item name="IMBElimina.AlternateText" html="false" placeholder="false">Delete</item>
  <item name="IMBSpostaSu.AlternateText" html="false" placeholder="false">Move up one position</item>
  <item name="IMBSpostaGiu.AlternateText" html="false" placeholder="false">Move down one position</item>
  <item name="LBerrore.text" html="false" placeholder="false">You don't have permissions to</item>
  <item name="LBHelp.text" html="false" placeholder="false">Help</item>
  <item name="LBIsRisposte.text" html="true" placeholder="false">Non puoi modificare le domande perchè il sondaggio ha già ricevuto {0} risposte!&lt;br&gt;In alternativa è possibile effettuare una delle seguenti operazioni:&lt;br&gt;</item>
  <item name="LBCopiaQuestionario.text" html="true" placeholder="false">Create a NEW poll, IDENTICAL to the current one, in which you will be able to edit the questions&lt;br&gt;(THE TWO POLLS WILL BE COMPLETELY INDIPENDENT)</item>
  <item name="LBCancellaRisposte.text" html="true" placeholder="false">Delete the answers given to the POLL and temporarily block it&lt;br&gt;(ATTENTION. BE SURE YOU WANT TO DELETE ALL THE ANSWERS GIVEN BY THE USERS)</item>
  <item name="LBreadOnly.text" html="true" placeholder="false">&lt;br&gt;View the questions associated to the questionnaire in read-only mode.</item>
  <item name="BTNChiudiQuestionario.text" html="false" placeholder="false">Close poll</item>
  <item name="BTNreadOnly.text" html="false" placeholder="false">Display requests in read-only mode</item>
  <item name="BTNCopiaEEdita.text" html="false" placeholder="false">Copy</item>
  <item name="BTNCancellaRisposte.text" html="false" placeholder="false">Delete answers</item>
  <item name="BTNCancellaRisposte.ConfirmText" html="false" placeholder="false">Are you sure you want to delete the poll's answers?\nN.B.: Users answers will be not recoverable.</item>
  <item name="GRVLibrerie.headerNome.HeaderText" disambiguation="libreria=libreria di domande" html="false" placeholder="false">Library name</item>
  <item name="GRVLibrerie.headerDiffBassa.HeaderText" html="false" placeholder="false">n° easy questions</item>
  <item name="GRVLibrerie.headerDiffMedia.HeaderText" html="false" placeholder="false">n° average questions</item>
  <item name="GRVLibrerie.headerDiffAlta.HeaderText" html="false" placeholder="false">n° difficult questions</item>
  <item name="GRVLibrerie.headerSeleziona.HeaderText" html="false" placeholder="false">Select</item>
  <item name="BTNAggiungiLibreria.text" html="false" placeholder="false">Add</item>
  <item name="BTNConferma.text" disambiguation="verbo" html="false" placeholder="false">Confirm</item>
  <item name="LBMessaggioLibrerie.text" html="false" placeholder="false">Select from the list below, the libraries you want to import and click "Add". The system will then automatically and at random choose the questions to present to the user.</item>
  <item name="LBHeaderNome.text" disambiguation="libreria=libreria di domande" html="false" placeholder="false">Library name</item>
  <item name="LBHeaderDiffBassa.text" html="false" placeholder="false">n° easy questions</item>
  <item name="LBHeaderDiffMedia.text" html="false" placeholder="false">n° average questions</item>
  <item name="LBHeaderDiffAlta.text" html="false" placeholder="false">n° difficult questions</item>
  <item name="LBHeaderElimina.text" disambiguation="C=cancella (un solo carattere)" html="false" placeholder="false">D</item>
  <item name="LBMessaggioErrore.text" html="false" placeholder="false" mustcontains="*">* Error: the n° of selected answers must be lesser or equal to the n° of available answers</item>
  <item name="BTNSelezionaLibrerie.text" disambiguation="libreria=libreria di domande" html="false" placeholder="false">Select Libraries</item>
  <item name="BTNSalvaLibrerie.text" html="false" placeholder="false">Save</item>
  <item name="LBScegliAzione.text" html="false" placeholder="false">Actions</item>
  <item name="LNBConfermaAzione.text" html="false" placeholder="false">Ok</item>
  <item name="LNBConfermaAzioneBottom.text" html="false" placeholder="false">Ok</item>
  <item name="LBSelezionaDomanda.text" html="false" placeholder="false">Select</item>
  <item name="0.DDLAzioni" html="false" placeholder="false">Create new question</item>
  <item name="1.DDLAzioni" disambiguation="libreria=libreria di domande" html="false" placeholder="false">Add question to library</item>
  <item name="2.DDLAzioni" html="false" placeholder="false">Add question from questioinnaire</item>
  <item name="3.DDLAzioni" html="false" placeholder="false">Copy of a question selected in a library</item>
  <item name="4.DDLAzioni" html="false" placeholder="false">Copy of a question selected in a questionnaire</item>
  <item name="LBCopia.text" html="false" placeholder="false">Select</item>
  <item name="LNBCopiaDomande.text" html="false" placeholder="false">Copy</item>
  <item name="isMandatory" html="false" placeholder="false" hidden="true">(*)</item>
  <item name="isMandatory.Title" html="false" placeholder="false">ATTENTION: answering this question is mandatory</item>
</Resource>