<?xml version="1.0" encoding="utf-8"?>
<Resource xmlns:xsi="http://www.w3.org/2001/XMLSchema-instance" xmlns:xsd="http://www.w3.org/2001/XMLSchema" xmlns="urn:ComolTranslation">
  <item name="ServiceTitle" html="false" placeholder="false">Polls</item>
  <item name="LBTitolo.text" html="false" placeholder="false" />
  <item name="GRVElenco.headerStato.HeaderText" html="false" placeholder="false" />
  <item name="GRVElenco.headerNome.HeaderText" html="false" placeholder="false">Poll name</item>
  <item name="GRVElenco.headerDataInizio.HeaderText" html="false" placeholder="false">Start date</item>
  <item name="GRVElenco.headerDataFine.HeaderText" html="false" placeholder="false">End date</item>
  <item name="GRVElenco.headerAutore.HeaderText" html="false" placeholder="false">Author</item>
  <item name="linkALtreLingue" html="false" placeholder="false">other languages..</item>
  <item name="LBerrore.text" html="false" placeholder="false">You don't have permissions to</item>
  <item name="IMBloccato.AlternateText" html="false" placeholder="false">Blocked</item>
  <item name="0.TBSQuestionari" html="false" placeholder="false">Community</item>
  <item name="3.TBSQuestionari" html="false" placeholder="false">Public</item>
  <item name="4.TBSQuestionari" html="false" placeholder="false">On invitation</item>
  <item name="2.TBSQuestionari" html="false" placeholder="false">Compiled in the community</item>
  <item name="5.TBSQuestionari" html="false" placeholder="false">All compiled</item>
  <item name="IMBElimina.ConfirmText" html="false" placeholder="false">"Are you sure you want to delete this poll?"</item>
  <item name="IMBHelp.AlternateText" html="false" placeholder="false">Help</item>
  <item name="LBHelp.text" html="false" placeholder="false">Help</item>
</Resource>