<?xml version="1.0" encoding="utf-8" ?>
<Resource xmlns="urn:ComolTranslation">
  <item name="dataFine" hidden="true" disambiguation="non tradurre">#DATAFINE#</item>
  <item name="autore" hidden="true" disambiguation="non tradurre">#AUTORE#</item>
  <item name="dataInizio" hidden="true" disambiguation="non tradurre">#DATAINIZIO#</item>
  <item name="nomeQuestionario" hidden="true" disambiguation="non tradurre">#NOMEQUESTIONARIO#</item>
  <item name="descrizioneQuestionario" hidden="true" disambiguation="non tradurre">#DESCRIZIONEQUESTIONARIO#</item>
  <item name="durata" hidden="true" disambiguation="non tradurre">#DURATA#</item>
</Resource>