<?xml version="1.0" encoding="utf-8"?>
<Resource xmlns:xsi="http://www.w3.org/2001/XMLSchema-instance" xmlns:xsd="http://www.w3.org/2001/XMLSchema" xmlns="urn:ComolTranslation">
  <item name="LBLnumeroRisposte.text" html="false" placeholder="false">Answers number:</item>
  <item name="LKBEsportaExcel.text" html="false" placeholder="false" mustcontains="Excel">Export in Excel</item>
  <item name="LBNomeUtente.text" html="false" placeholder="false">Poll compiled by:</item>
  <item name="LBNumeroRisposteQuest.text" html="false" placeholder="false">Number of users tha answered the poll: </item>
  <item name="opzioneLegenda" html="false" placeholder="false">Option </item>
  <item name="VisualizzaRisposteAltro" html="false" placeholder="false">Display answers</item>
  <item name="LNBTornaLista.text" html="false" placeholder="false">Back</item>
  <item name="LNBTornaLista.listaQuest.text" html="false" placeholder="false">Polls list</item>
  <item name="AttemptsInfo" html="false" placeholder="true" mustcontains="- | {0}">- Attempt {0}</item>
  <item name="libraryName" html="false" placeholder="true" mustcontains="{0}">Questions of the library "{0}"</item>
  <item name="QuestionnaireExportTranslations.CellTitleIdAnswer" html="false" placeholder="false">Answer ID</item>
  <item name="QuestionnaireExportTranslations.CellTitleUserName" html="false" placeholder="false">Participant</item>
  <item name="QuestionnaireExportTranslations.CellTitleIdQuestion">ID question</item>
  <item name="QuestionnaireExportTranslations.CellTitleIdOption">ID option</item>
  <item name="QuestionnaireExportTranslations.CellTitleOptionNumber">N° option</item>
  <item name="QuestionnaireExportTranslations.CellTitleOptionValue">Value option</item>
  <item name="QuestionnaireExportTranslations.CellTitleOptionFreeText">Inserted text</item>
  <item name="QuestionnaireExportTranslations.CellTitleEvaluation">Evaluation</item>
  <item name="QuestionnaireExportTranslations.CellTitleOptionCorrect">Is correct</item>
  <item name="QuestionnaireExportTranslations.CellTitleOptionPoints">Points</item>
  <item name="QuestionnaireExportTranslations.CellTitleIdUser">ID user</item>
  <item name="QuestionnaireExportTranslations.CellTitleIdInvitedUser">ID invite</item>
  <item name="QuestionnaireExportTranslations.CellTitleStartedOn">Started on</item>
  <item name="QuestionnaireExportTranslations.CellTitleModifiedOn">Modified on</item>
  <item name="QuestionnaireExportTranslations.CellTitleEndedOn">Completed on</item>
  <item name="QuestionnaireExportTranslations.CellTitleOptionText">Option text</item>
  <item name="QuestionnaireExportTranslations.CellTitleName">Name</item>
  <item name="QuestionnaireExportTranslations.CellTitleSurname">Surname</item>
  <item name="QuestionnaireExportTranslations.CellTitleOtherInfos">Other</item>
  <item name="QuestionnaireExportTranslations.CellTitleTaxCode">Tax code</item>
  
  <item name="QuestionnaireExportTranslations.AnonymousItem" html="false" placeholder="false">Generic user</item>
  <item name="QuestionnaireExportTranslations.NullItem" disambiguation="Norisposto=indica che l'utente non ha risposto alla domanda. Tradurre solo quel termine e lasciare i #" html="false" placeholder="true" mustcontains="#">#NotAnswered#</item>
  <item name="QuestionnaireExportTranslations.LibraryIdentifier" disambiguation="l=library: indicatore di libreria (un solo carattere)" html="false" placeholder="false">l</item>
  <item name="QuestionnaireExportTranslations.QuestionIdentifier" disambiguation="q=question: indicatore domanda (un solo carattere)" html="false" placeholder="false">Q</item>
  <item name="QuestionnaireExportTranslations.DeletedQuestionIdentifier" disambiguation="dq=question: indicatore domanda (due soli caratteri)">DQ</item>
  <item name="QuestionnaireExportTranslations.PageIdentifier" disambiguation="p=page: indicatore di pagina (un solo carattere)" html="false" placeholder="false">p</item>
  <item name="QuestionnaireExportTranslations.OptionIdentifier" disambiguation="o=option: indicatore di un opzione di una domanda (un solo carattere)" html="false" placeholder="false">o</item>
  <item name="QuestionnaireExportTranslations.FreeTextIdentifier" disambiguation="T.L.= Testo Libero (MAX 4 caratteri)" html="false" placeholder="false">F.T.</item>
  <item name="QuestionnaireExportTranslations.LibraryIdentifierDescription" disambiguation="l[n]=library[n=number] = indicatore di libreria (un solo carattere)" html="false" placeholder="false" mustcontains="[n]:">l[n]: specify the library to which the question belongs.</item>
  <item name="QuestionnaireExportTranslations.QuestionIdentifierDescription" disambiguation="Q[n]=question[n=number] = indicatore domanda (un solo carattere)" html="false" placeholder="false" mustcontains="[n]:">Q[n]: identifiies the questionnaire/library question</item>
  <item name="QuestionnaireExportTranslations.DeletedQuestionIdentifierDescription" disambiguation="DQ[n]=question[n=number] = indicatore domanda (un solo carattere)" mustcontains="[n]:">DQ[n]: identifies an unavailable questionnaire/library question</item>
  <item name="QuestionnaireExportTranslations.PageIdentifierDescription" disambiguation="p[n]=page[n=number]=indicatore di pagina (un solo carattere)" html="false" placeholder="false" mustcontains="[n]:">p[n]: identify the question's page number in the questionnaire</item>
  <item name="QuestionnaireExportTranslations.OptionIdentifierDescription" disambiguation="o[n]=option[n=number]=indicatore di un opzione di una domanda (un solo carattere)" html="false" placeholder="false" mustcontains="[n]:">o[n]: identifies the option conatined in an answer</item>
  <item name="QuestionnaireExportTranslations.FreeTextIdentifierDescription" disambiguation="T.L.= Testo Libero (MAX 4 caratteri)" html="false" placeholder="false" mustcontains=":">F.T.: indicates the possibility to insert free text</item>
  <item name="QuestionnaireExportTranslations.IdQuestionIdentifier" hidden="true">[{0}]</item>
  <item name="QuestionnaireExportTranslations.IdQuestionIdentifierDescription" disambiguation="[identificativo interno della domanda]= identificatore univoco della domanda">[unique question identifier question]: unique question identifier question.</item>
  <item name="QuestionnaireExportTranslations.CellTitleAttemptDate" html="false" placeholder="false">Completion date</item>
  <item name="QuestionnaireExportTranslations.CellTitleAttemptNumber" html="false" placeholder="false">Attempt</item>
  <item name="QuestionnaireExportTranslations.CellTitleQuestionsSkipped" html="false" placeholder="false">Skipped</item>
  <item name="QuestionnaireExportTranslations.CellTitleQuestionsCount" html="false" placeholder="false">Tot. questions</item>
  <item name="QuestionnaireExportTranslations.CellTitleCorrectAnswers" html="false" placeholder="false">Correct</item>
  <item name="QuestionnaireExportTranslations.CellTitleWrongAnswers" html="false" placeholder="false">Wrong</item>
  <item name="QuestionnaireExportTranslations.CellTitleUngradedAnswers" html="false" placeholder="false">Not evaluated</item>
  <item name="QuestionnaireExportTranslations.CellTitleSemiCorrectAnswers" html="false" placeholder="false">Semi correct</item>
  <item name="QuestionnaireExportTranslations.CellTitleMinScore" html="false" placeholder="false">Minimum score</item>
  <item name="QuestionnaireExportTranslations.CellTitleMaxScore" html="false" placeholder="false">Maximum score</item>
  <item name="QuestionnaireExportTranslations.CellTitleAttemptScore" html="false" placeholder="false">Obtained score</item>
  <item name="QuestionnaireExportTranslations.ItemEmpty" html="false" placeholder="false" hidden="true">-</item>
  <item name="QuestionnaireExportTranslations.LibraryName" disambiguation="libreria=libreria di domande" html="false" placeholder="true" mustcontains="{0}|{1}">Library {0}: {1}</item>
  <item name="QuestionnaireExportTranslations.QuestionNotUsed" html="false" placeholder="false" hidden="true">#</item>
  <item name="QuestionnaireExportTranslations.QuestionNotUsedIdentifier" html="false" placeholder="false" hidden="true">#</item>
  <item name="QuestionnaireExportTranslations.QuestionNotUsedIdentifierDescription" html="false" placeholder="true" mustcontains="#">#: answer not used in the questionnaire</item>
  <item name="QuestionnaireExportTranslations.QuestionnaireName" html="false" placeholder="false">Questionnaire:</item>
  <item name="QuestionnaireExportTranslations.QuestionnaireAttempts" html="false" placeholder="false">Allowed attempts:</item>
  <item name="QuestionnaireExportTranslations.QuestionnaireAttemptsNoLimits" html="false" placeholder="false">No limit</item>
  <item name="QuestionnaireExportTranslations.QuestionnaireAnonymous" html="false" placeholder="false">Anonymous results:</item>
  <item name="QuestionnaireExportTranslations.YesOption" html="false" placeholder="false">Yes.</item>
  <item name="QuestionnaireExportTranslations.NoOption" html="false" placeholder="false">No.</item>
  <item name="QuestionnaireExportTranslations.ColumnsLegend" html="false" placeholder="false">Column legend:</item>
  <item name="DisplayStatisticsToken.Message" html="false" placeholder="false">The creation of the requested file is in progress. Wait a few seconds to download it.</item>
  <item name="DisplayStatisticsToken.Title" html="false" placeholder="false" />
  <item name="Export.Filename.Attempts" html="false" placeholder="true" mustcontains="{0}|{1}|{2}|{3}">QuestionnaireAttempts_{0}_{1}_{2}_{3}</item>
  <item name="Export.Filename.QuestionnaireResults" html="false" placeholder="true" mustcontains="{0}|{1}|{2}|{3}">QuestionnaireResultsDetails_{0}_{1}_{2}_{3}</item>
  <item name="Export.Filename.QuestionnaireResults.True" html="false" placeholder="true" mustcontains="{0}|{1}|{2}|{3}">QuestionnaireResultsDetailsMultipleColumns_{0}_{1}_{2}_{3}</item>
  <item name="Export.Filename.QuestionnaireResults.False" html="false" placeholder="true" mustcontains="{0}|{1}|{2}|{3}">QuestionnaireResultsDetails_{0}_{1}_{2}_{3}</item>
  <item name="Export.Filename.UserAttempts" html="false" placeholder="true" mustcontains="{0}|{1}|{2}|{3}|{4}">User_{0}_Questionnaire_{1}_Attempts_{2}_{3}_{4}</item>
  <item name="Export.Filename.UserQuestionnaireResults" html="false" placeholder="true" mustcontains="{0}|{1}|{2}|{3}|{4}">User_{0}_QuestionnaireDetails_{1}_Results_{2}_{3}_{4}</item>
  <item name="Export.Filename.UserQuestionnaireResults.True" html="false" placeholder="true" mustcontains="{0}|{1}|{2}|{3}|{4}">User_{0}_QuestionnaireDetails_{1}_ResultsMultipleColumns_{2}_{3}_{4}</item>
  <item name="Export.Filename.UserQuestionnaireResults.False" html="false" placeholder="true" mustcontains="{0}|{1}|{2}|{3}|{4}">User_{0}_QuestionnaireDetails_{1}_Results_{2}_{3}_{4}</item>

  <item name="LNBexportResultsToCsv.text" html="false" placeholder="false" mustcontains="CSV">Export user answers (CSV)</item>
  <item name="LNBexportResultsToCsv.ToolTip" html="false" placeholder="false" mustcontains="CSV">Export user answers (CSV)</item>
  <item name="LNBexportResultsToXml.text" html="false" placeholder="false" mustcontains="XML">Export user answers (XML)</item>
  <item name="LNBexportResultsToXml.ToolTip" html="false" placeholder="false" mustcontains="XML">Export user answers (XML)</item>
  <item name="LNBattemptsExportToCsv.text" html="false" placeholder="false" mustcontains="CSV">Export user attempts (CSV)</item>
  <item name="LNBattemptsExportToCsv.ToolTip" html="false" placeholder="false" mustcontains="CSV">Export user attempts (CSV)</item>
  <item name="LNBattemptsExportToXml.text" html="false" placeholder="false" mustcontains="XML">Export user attempts (XML)</item>
  <item name="LNBattemptsExportToXml.ToolTip" html="false" placeholder="false" mustcontains="XML">Export user attempts (XML)</item>
  <item name="LNBexportResultsToSingleColumnCsv.text" mustcontains="CSV">Export user answers - One column (CSV)</item>
  <item name="LNBexportResultsToSingleColumnCsv.ToolTip" mustcontains="CSV">Export user answers - One column for all questions(CSV)</item>
  <item name="LNBexportResultsToSingleColumnXml.text" mustcontains="XML">Export user answers - One column (XML)</item>
  <item name="LNBexportResultsToSingleColumnXml.ToolTip" mustcontains="XML">Export user answers - One column for all questions (XML)</item>
  <item name="correctAnswerPercentage" placeholder="true" mustcontains="{0}">- [CORRECT TO {0}%]</item>
  <item name="correctAnswer">- [CORRECT]</item>
</Resource>