<?xml version="1.0" encoding="utf-8"?>
<Resource xmlns:xsi="http://www.w3.org/2001/XMLSchema-instance" xmlns:xsd="http://www.w3.org/2001/XMLSchema" xmlns="urn:ComolTranslation">
  <item name="LBLnumeroRisposte.text" html="false" placeholder="false">Answers number:</item>
  <item name="LKBEsportaExcel.text" html="false" placeholder="false" mustcontains="Excel">Export in Excel</item>
  <item name="LBNomeUtente.text" html="false" placeholder="false">Meeting compiled by:</item>
  <item name="LBNumeroRisposteQuest.text" html="false" placeholder="false">Number of users tha answered the meeting: </item>
  <item name="opzioneLegenda" html="false" placeholder="false">Option </item>
  <item name="VisualizzaRisposteAltro" html="false" placeholder="false">Display answers</item>
  <item name="LNBTornaLista.text" html="false" placeholder="false">Back</item>
  <item name="LNBTornaLista.listaQuest.text" html="false" placeholder="false">Meeting list</item>
  <item name="LBHeadDate.text" html="false" placeholder="false">Day</item>
  <item name="LBHeadZone.text" html="false" placeholder="false">Time slot</item>
  <item name="LBHeadVotes.text" html="false" placeholder="false">Marks</item>
  <item name="AttemptsInfo" html="false" placeholder="true" mustcontains="- | {0}">- Attempt {0}</item>
  <item name="libraryName" html="false" placeholder="true" mustcontains="{0}">Questions of the library "{0}"</item>
  <item name="correctAnswerPercentage" placeholder="true" mustcontains="{0}">- [CORRECT TO {0}%]</item>
  <item name="correctAnswer">- [CORRECT]</item>
</Resource>