<?xml version="1.0" encoding="utf-8"?>
<Resource xmlns:xsi="http://www.w3.org/2001/XMLSchema-instance" xmlns:xsd="http://www.w3.org/2001/XMLSchema" xmlns="urn:ComolTranslation">
  <item name="LBZone.text" html="false" placeholder="false">Time slots</item>
  <item name="LBTestoDomanda.text" html="false" placeholder="false">Question text:</item>
  <item name="LBTitoloOpzioni.text" html="false" placeholder="false">ANSWER OPTIONS: </item>
  <item name="LBNumeroOpzioni.text" html="false" placeholder="false">Number of time slots: </item>
  <item name="LBTestoDopoDomanda.text" html="false" placeholder="false">Text displayed under the questrion: </item>
  <item name="LBLPaginaCorrente.text" html="false" placeholder="false">Current page: </item>
  <item name="LBSuggerimento.text" html="false" placeholder="false">Overall suggestion for the request (used only in self-assessment tests)</item>
  <item name="LBLNumero.text" html="false" placeholder="false">Columns number: </item>
  <item name="LBTipoIntestazione.text" html="false" placeholder="false">, for columns header use</item>
  <item name="0.RBLTipoIntestazione" html="false" placeholder="false">numeration</item>
  <item name="1.RBLTipoIntestazione" html="false" placeholder="false">texts</item>
  <item name="LBIntestazione.text" html="false" placeholder="false">Text: </item>
  <item name="LBNumeroColonne.text" html="false" placeholder="false">Columns number: </item>
  <item name="LBTitoloOpzione.text" html="false" placeholder="false">Option text: </item>
  <item name="CBisAltro.text" html="false" placeholder="false">Free text</item>
  <item name="IMBElimina.AlternateText" html="false" placeholder="false">Delete</item>
  <item name="LBTestoMax.text" html="false" placeholder="false">Text maximum value</item>
  <item name="CBmostraND.text" html="false" placeholder="false">Allow null response</item>
  <item name="LBTestoND.text" html="false" placeholder="false">Null answer text</item>
  <item name="LBDifficolta.text" html="false" placeholder="false">Question difficuty: </item>
  <item name="0.DDLDifficolta" html="false" placeholder="false">Low</item>
  <item name="1.DDLDifficolta" html="false" placeholder="false">Medium</item>
  <item name="2.DDLDifficolta" html="false" placeholder="false">High</item>
  <item name="REVTXBTestoMin.ErrorMessage" html="false" placeholder="false">Inserted text is too long</item>
  <item name="REVTXBTestoMax.ErrorMessage" html="false" placeholder="false">Inserted text is too long</item>
  <item name="REVTXBTestoND.ErrorMessage" html="false" placeholder="false">Inserted text is too long</item>
  <item name="REVTXBTestoDopoDomanda.ErrorMessage" html="false" placeholder="false">Inserted text is too long</item>
  <item name="REVTXBIntestazione.ErrorMessage" html="false" placeholder="false">Inserted text is too long</item>
  <item name="LBScelteMultiple.text" html="false" placeholder="false">RESPONSE OPTIONS</item>
  <item name="LBAiuto.text" html="false" placeholder="false">Help</item>
  <item name="LNBSalva2.text" html="false" placeholder="false">Save changes</item>
  <item name="CHKisObbligatoria.text" html="true" placeholder="false">mandatory answer&lt;br&gt;&lt;br&gt;</item>
</Resource>