<?xml version="1.0" encoding="utf-8"?>
<Resource xmlns:xsi="http://www.w3.org/2001/XMLSchema-instance" xmlns:xsd="http://www.w3.org/2001/XMLSchema" xmlns="urn:ComolTranslation">
  <item name="LBLPaginaCorrente.text" html="false" placeholder="false">Current page:</item>
  <item name="LBTestoDomanda.text" html="false" placeholder="false">Question text:</item>
  <item name="LBSuggerimento.text" html="false" placeholder="false">Overall suggestion for the request (used only in self-assessment tests)</item>
  <item name="LBPeso.text" html="false" placeholder="false">Questions weight (in points)</item>
  <item name="COVPesoInt.ErrorMessage" html="false" placeholder="false">Weight must be an integer</item>
  <item name="COVRispostaNumerica_isDouble.ErrorMessage" html="false" placeholder="false">Weight must be an integer</item>
  <item name="COVPesoNot0.ErrorMessage" html="false" placeholder="false">Weight must be greater than 0</item>
  <item name="LBNumeroOpzioni.text" html="false" placeholder="false">Answers number:</item>
  <item name="LBLRispostaCorretta.text" html="false" placeholder="false">Correct answer</item>
  <item name="LBLTestoPrima.text" html="false" placeholder="false">Description</item>
  <item name="LBLTestoDopo.text" html="false" placeholder="false">Unit of measure</item>
  <item name="LBLDimensione.text" html="false" placeholder="false">Text box size</item>
  <item name="IMBElimina.AlternateText" html="false" placeholder="false">Delete</item>
  <item name="LBdifficolta.text" html="false" placeholder="false">Question difficuty: </item>
  <item name="0.DDLDifficolta" html="false" placeholder="false">Low</item>
  <item name="1.DDLDifficolta" html="false" placeholder="false">Medium</item>
  <item name="2.DDLDifficolta" html="false" placeholder="false">High</item>
  <item name="cvNumero" html="false" placeholder="false">Enter a number.</item>
  <item name="CVisOverflow" html="false" placeholder="false">The inserted number is too big.</item>
  <item name="LBTestoDopoDomanda.text" html="false" placeholder="false">Text displayed under the question:</item>
  <item name="REVTXBTestoPrima.ErrorMessage" html="false" placeholder="false">Inserted text is too long</item>
  <item name="REVTXBTestoDopo.ErrorMessage" html="false" placeholder="false">Inserted text is too long</item>
  <item name="REVTXBTestoDopoDomanda.ErrorMessage" html="false" placeholder="false">Inserted text is too long</item>
  <item name="COVPesoIntOpzioni.ErrorMessage" html="false" placeholder="false">Weight must be an integer</item>
  <item name="RVPesoMin100.ErrorMessage" html="false" placeholder="false">Weight must be between 0 and 100</item>
  <item name="LBPesoRisposta.text" html="false" placeholder="false">Questions weight (in percentage)</item>
  <item name="CHKisValutabile.text" html="false" placeholder="false">Activate evaluation</item>
  <item name="CHKisObbligatoria.text" html="true" placeholder="false">mandatory answer&lt;br&gt;&lt;br&gt;</item>
  <item name="LNBSalva2.text" html="false" placeholder="false">Save changes</item>
</Resource>