<?xml version="1.0" encoding="utf-8"?>
<Resource xmlns:xsi="http://www.w3.org/2001/XMLSchema-instance" xmlns:xsd="http://www.w3.org/2001/XMLSchema" xmlns="urn:ComolTranslation">
  <item name="LBLPaginaCorrente.text" html="false" placeholder="false">Current page:</item>
  <item name="LBNumeroOpzioni.text" html="false" placeholder="false">Answers number:</item>
  <item name="LBTestoDomanda.text" html="false" placeholder="false">Question text:</item>
  <item name="LBPeso.text" html="false" placeholder="false">Questions weight (in points)</item>
  <item name="LBsuggestionOption.text" html="false" placeholder="false">Suggestion referred to the single option (used only in self-assessment tests)</item>
  <item name="COVPesoInt.ErrorMessage" html="false" placeholder="false">Weight must be an integer</item>
  <item name="COVPesoNot0.ErrorMessage" html="false" placeholder="false"> Weight must be greater than 0 </item>
  <item name="LBEtichetta.text" html="false" placeholder="false">Text that precedes the drop down menu</item>
  <item name="LBNome.text" html="false" placeholder="false">Drop Down name</item>
  <item name="LBSuggerimento.text" html="false" placeholder="false">Overall suggestion for the request (used only in self-assessment tests)</item>
  <item name="CBOrdina.text" html="false" placeholder="false">Sort elements in alphabetical order.</item>
  <item name="LBScelteMultiple.text" html="false" placeholder="false">RESPONSE OPTIONS</item>
  <item name="LBScelta.text" html="false" placeholder="false">Option text</item>
  <item name="LBOpzioneTroppoLunga.text" html="false" placeholder="false">Text is too long</item>
  <item name="LBPesoRisposta.text" html="false" placeholder="false">Questions weight (in percentage)</item>
  <item name="CBisCorretta.text" html="false" placeholder="false">Correct</item>
  <item name="COVPesoIntOpzioni.ErrorMessage" html="false" placeholder="false">Weight must be an integer</item>
  <item name="RVPesoMin100.ErrorMessage" html="false" placeholder="false">Weight must be between 0 and 100</item>
  <item name="IMBElimina.AlternateText" html="false" placeholder="false">Delete</item>
  <item name="LBdifficolta.text" html="false" placeholder="false">Question difficuty: </item>
  <item name="0.DDLDifficolta" html="false" placeholder="false">Low</item>
  <item name="1.DDLDifficolta" html="false" placeholder="false">Medium</item>
  <item name="2.DDLDifficolta" html="false" placeholder="false">High</item>
  <item name="LBTestoDopoDomanda.text" html="false" placeholder="false">Text displayed under the question:</item>
  <item name="REVTXBScelta.ErrorMessage" html="false" placeholder="false">Inserted text is too long</item>
  <item name="LBAiuto.text" html="false" placeholder="false">Help</item>
  <item name="CHKisValutabile.text" html="false" placeholder="false">Activate evaluation</item>
  <item name="CHKisObbligatoria.text" html="true" placeholder="false">mandatory answer&lt;br&gt;&lt;br&gt;</item>
  <item name="CUVvalutabile.ErrorMessage" html="false" placeholder="false">Error, select at least one correct option or disable the evaluation</item>
  <item name="LNBSalva2.text" html="false" placeholder="false">Save changes</item>
  <item name="LBsuggestionOption.text" html="false" placeholder="false">Suggerimento legato alla singola opzione (usato esclusivamente nei test di autovalutazione)</item>
</Resource>