<?xml version="1.0" encoding="utf-8"?>
<Resource xmlns:xsi="http://www.w3.org/2001/XMLSchema-instance" xmlns:xsd="http://www.w3.org/2001/XMLSchema" xmlns="urn:ComolTranslation">
  <item name="LBLPaginaCorrente.text" html="false" placeholder="false">Current page:</item>
  <item name="LBNumeroOpzioni.text" html="false" placeholder="false">Answers number:</item>
  <item name="LBnumeroMaxRisposte.text" html="false" placeholder="false">User can give maximum</item>
  <item name="LBnumeroMaxRisposte2.text" html="false" placeholder="false"> answers.</item>
  <item name="LBsuggerimentoOpzione.text" html="false" placeholder="false"> Tip for the single option (only for self-assessment)</item>
  <item name="CBisMultipla.text" html="false" placeholder="false">Multiple selection</item>
  <item name="LBTestoDomanda.text" html="false" placeholder="false">Question text:</item>
  <item name="LBSuggerimento.text" html="false" placeholder="false">Overall suggestion for the request (used only in self-assessment tests)</item>
  <item name="LBPesoDomanda.text" html="false" placeholder="false">Questions weight (in points)</item>
  <item name="COVPesoInt.ErrorMessage" html="false" placeholder="false">Weight must be an integer</item>
  <item name="COVPesoNot0.ErrorMessage" html="false" placeholder="false">Weight must be greater than 0</item>
  <item name="LBScelteMultiple.text" html="false" placeholder="false">RESPONSE OPTIONS</item>
  <item name="LBScelta.text" html="false" placeholder="false">Option text</item>
  <item name="LBPeso.text" html="false" placeholder="false">Questions weight (in percentage)</item>
  <item name="CBisAltro.text" html="false" placeholder="false">Allow free text answer</item>
  <item name="CBisCorretta.text" html="false" placeholder="false">Correct</item>
  <item name="IMBElimina.AlternateText" html="false" placeholder="false">Delete</item>
  <item name="COVPesoIntOpzioni.ErrorMessage" html="false" placeholder="false">Weight must be an integer</item>
  <item name="LBLunghezzaOpzione.text" html="false" placeholder="false">Text is too long.</item>
  <item name="RVPesoMin100.ErrorMessage" html="false" placeholder="false">Weight must be between 0 and 100</item>
  <item name="LBdifficolta.text" html="false" placeholder="false">Question difficuty: </item>
  <item name="0.DDLDifficolta" html="false" placeholder="false">Low</item>
  <item name="1.DDLDifficolta" html="false" placeholder="false">Medium</item>
  <item name="2.DDLDifficolta" html="false" placeholder="false">High</item>
  <item name="0.DDLnumeroMaxRisposte" html="false" placeholder="false">All the</item>
  <item name="LBTestoDopoDomanda.text" html="false" placeholder="false">Text displayed under the question:</item>
  <item name="REVTXBTestoDopoDomanda.ErrorMessage" html="false" placeholder="false">Inserted text is too long</item>
  <item name="LBAiuto.text" html="false" placeholder="false">Help</item>
  <item name="CHKisValutabile.text" html="false" placeholder="false">Activate Evaluation</item>
  <item name="CHKisObbligatoria.text" html="true" placeholder="false">mandatory answer&lt;br&gt;&lt;br&gt;</item>
  <item name="CUVvalutabile.ErrorMessage" html="false" placeholder="false">Error, select at least one correct option or disable the evaluation</item>
  <item name="LNBCartellaPrincipale.text" html="false" placeholder="false">Main folder</item>
  <item name="LNBGestioneDomande.text" disambiguation="domande=domande di un questionario" html="false" placeholder="false">Questions management</item>
  <item name="LNBAggiungiLibreria.text" disambiguation="libreria=libreria di domande" html="false" placeholder="false">Add to a library</item>
  <item name="LNBSalva.text" html="false" placeholder="false">Save changes</item>
  <item name="LNBSalva2.text" html="false" placeholder="false">Save changes</item>
  <item name="ErroreOpzioni" html="false" placeholder="false">Request saving failed, set at least one response option</item>
  <item name="ErroreTestoDomanda" html="false" placeholder="false">Request saving failed, please enter the text of the request.</item>
  <item name="ErroreLunghezzaOpzione" html="false" placeholder="false">Request saving failed, check the options text lenght</item>
  <item name="LBConferma.text" disambiguation="libreria=libreria di domande" html="false" placeholder="false">Question correctly added to library</item>
  <item name="LBMessage.text" disambiguation="libreria=libreria di domande" html="false" placeholder="false">Select a library:</item>
  <item name="BTNConferma.text" html="false" placeholder="false">OK</item>
  <item name="LBerrore.text" html="false" placeholder="false">You don't have permissions to</item>
</Resource>