<?xml version="1.0" encoding="utf-8"?>
<Resource xmlns:xsi="http://www.w3.org/2001/XMLSchema-instance" xmlns:xsd="http://www.w3.org/2001/XMLSchema" xmlns="urn:ComolTranslation">
  <item name="LibreriaDiDomande" disambiguation="libreria=libreria di domande" html="false" placeholder="false">Libraries</item>
  <item name="Modello" disambiguation="modello=modello di questionario" html="false" placeholder="false">Models</item>
  <item name="Autovalutazione" html="false" placeholder="false">Self-assessment test</item>
  <item name="Sondaggio" html="false" placeholder="false">Poll</item>
  <item name="Questionari" html="false" placeholder="false">Questionnaires</item>
  <item name="Meeting" html="false" placeholder="false">Meetings</item>
  <item name="LNBIndietro.text" html="false" placeholder="false">Back</item>
  <item name="LNBLista.text" html="false" placeholder="false">Users list</item>
  <item name="LNBNuovoUtente.text" html="false" placeholder="false">New user</item>
  <item name="LNBImportaCSV.text" html="false" placeholder="true" mustcontains="CSV">Import from CSV</item>
  <item name="LNBcommunityImport.text" disambiguation="singolare" html="false" placeholder="false">Import from community</item>
  <item name="LNBIndietro.text" html="false" placeholder="false">Torna indietro</item>
  <item name="LNBSalva.text" html="false" placeholder="false">Save changes</item>
  <item name="TXBUtentiNonInvitati" html="false" placeholder="false">All users still not invited</item>
  <item name="TXBTuttiUtenti" html="false" placeholder="false">All list users</item>
  <item name="TXBUtentiNonCompilati" html="false" placeholder="true" mustcontains="{0}">All the users, who did not answered to {0}</item>
  <item name="LBAiutoMail.text" html="false" placeholder="false">Help</item>
  <item name="LBAiutoLista.text" html="false" placeholder="false">Help</item>
  <item name="LBAiutoDettagli.text" html="false" placeholder="false">Help</item>
  <item name="LNKConfermaUtenti.text" disambiguation="verbo" html="false" placeholder="false">Confirm</item>
  <item name="BTNAggiungiUtente.text" html="false" placeholder="false">Add user</item>
  <item name="BTNimportaDaComunita.text" html="false" placeholder="false">Import community users</item>
  <item name="BTNcancel.text" html="false" placeholder="false">Cancel</item>
  <item name="BTNcancel.ToolTip" html="false" placeholder="false">Back to previous page</item>
  <item name="CHKisPassword.text" html="true" placeholder="true" mustcontains="{0}">Users can access {0} by entering their associated password&lt;br&gt;</item>
  <item name="LBTitolo.text" html="false" placeholder="true" mustcontains="{0}">Users invited to compilation of {0}:</item>
  <item name="GRVElenco.headerCognome.HeaderText" html="false" placeholder="false">Surname</item>
  <item name="GRVElenco.headerNome.HeaderText" html="false" placeholder="false">Name</item>
  <item name="GRVElenco.headerEmail.HeaderText" html="false" placeholder="false">E-Mail</item>
  <item name="IMBGestione.AlternateText" disambiguation="verbo" html="false" placeholder="false">Modify</item>
  <item name="IMBElimina.AlternateText" html="false" placeholder="false">Delete</item>
  <item name="LBTitoloUtente.text" html="false" placeholder="false">Insert user data</item>
  <item name="LBCognome.text" html="false" placeholder="false">Surname</item>
  <item name="LBNome.text" html="false" placeholder="false">Name</item>
  <item name="LBEmail.text" html="false" placeholder="false">E-Mail</item>
  <item name="LBDescrizione.text" html="false" placeholder="false">Description</item>
  <item name="LBerrore.text" html="false" placeholder="false">You don't have permissions to</item>
  <item name="LNBGestioneRubrica.text" html="false" placeholder="false">Invited users management</item>
  <item name="LNBGestioneMail.text" html="false" placeholder="false">Mail management</item>
  <item name="LNBQuestionarioAdmin.text" html="false" placeholder="true" mustcontains="{0}">Management {0}</item>
  <item name="LNBSelezionaDestinatari.text" html="false" placeholder="false">Select recipients </item>
  <item name="LBFooter.text" html="false" placeholder="false">Kind regards</item>
  <item name="LBUrl.text" html="false" placeholder="false">Link </item>
  <item name="CampoObbligatorio" html="false" placeholder="false">Mandatory field</item>
  <item name="LBUploadFile.text" html="false" placeholder="false">File to upload:</item>
  <item name="REVTXBIntestazione.ErrorMessage" html="false" placeholder="false">Reduce object text.</item>
  <item name="BTNUpload.text" html="false" placeholder="false">Import</item>
  <item name="BTNconfirm.text" html="false" placeholder="false">Confirm selection</item>
  <item name="BTNconfirm.ToolTip" html="false" placeholder="false">Confirm users selection</item>
  <item name="BTNgeneraQuestionari.text" html="false" placeholder="false">Generate questionnaires</item>
  <item name="LBgeneraQuestionari.text" html="false" placeholder="true" mustcontains="{0}">ATTENZIONE: Cliccando su questo pulsante verra' generato un {0} univoco per ogni utente invitato. Utilizzare questa funzione esclusivamente se si prevede che molte persone accedano contemporaneamente al {0} (come nel caso si tratti di un {0} di esame). L'operazione potra' impiegare molto tempo per essere compiuta. Non chiudere il browser finche' non sara' comparsa la schermata di conferma.</item>
  <item name="link" html="false" placeholder="false">Link</item>
  <item name="destinatario" html="false" placeholder="false">Recipient</item>
  <item name="dataFine" html="false" placeholder="false">Expiration date</item>
  <item name="autore" html="false" placeholder="false">Author</item>
  <item name="dataInizio" html="false" placeholder="false">Start date</item>
  <item name="nomeQuestionario" html="false" placeholder="false">Questionnaire name</item>
  <item name="descrizioneQuestionario" html="false" placeholder="false">Description</item>
  <item name="durata" html="false" placeholder="false">Duration</item>
  <item name="password" html="false" placeholder="false">Password</item>
  <item name="MSGnoPermessi" html="false" placeholder="false">You do not have permission to view this page</item>
  <item name="MSGInvioMail" html="false" placeholder="false">Email sending completed.</item>
  <item name="MSGnoInvioMail" html="false" placeholder="false">Impossible to send mail, select at least a recipient.</item>
  <item name="LBQuestionarioBloccatoInvio.text" html="false" placeholder="false">The questionnaire compilation is blocked.</item>
  <item name="MSGNoUpload" html="false" placeholder="false">Error while importing users. Be sure to have uploaded a textual file with the correct structuree nell'importazione degli utenti. Assicurarsi che sia stato caricato un file testuale con la struttura corretta.</item>
  <item name="LBTerminatore.text" html="false" placeholder="false">Field terminator character (default: ';'): </item>
  <item name="LBConferma.text" html="false" placeholder="true" mustcontains="{0}">The file {0} was successfully imported.</item>
  <item name="LBDownload.text" html="true" placeholder="false">The file to upload must be in csv format. Click &lt;A HREF="./download/ImportaUtenti.csv"&gt;qui&lt;/A&gt; to download a sample file that can be edited and used for the importation.</item>
  <item name="MSGErroreNoName" html="false" placeholder="false">Error: template not saved. Enter a name for the template</item>
  <item name="MSGSendedMail" html="false" placeholder="false">This mail was sent to the following recipients:</item>
  <item name="MSGUnSendedMail" html="false" placeholder="false">The sending to the following recipients has failed:</item>
  <item name="MSGGenerazioneOK" html="false" placeholder="false">Questionnaire generation was successfully performed</item>
  <item name="MSGImportazioneUtentiComunita" html="false" placeholder="false">Selected users were successfully imported.</item>
  <item name="LNKStampaTutti.text" html="false" placeholder="false">Print all users' list</item>
  <item name="LNKStampaUtentiDomande.text" html="false" placeholder="false">Print the pre-exam papers of the all users</item>
  <item name="LNKStampa.text" html="false" placeholder="false">Copy management</item>
  <item name="LBStampaTutti.text" html="false" placeholder="true" mustcontains="{0}">Print all invited users' list {0}.</item>
  <item name="LBStampaUtentiDomande.text" html="false" placeholder="true" mustcontains="{0}">Print the exam papers to consign by hand to the invited users to {0}. The paper will contain the login password for the {0} and the codes of the questions.</item>
  <item name="LNKStampaSelezionati.text" html="false" placeholder="false">Print the pre-exam papers of the selected users</item>
  <item name="LBStampaSelezionati.text" html="false" placeholder="true" mustcontains="{0}">Print the exam papers to consign by hand to the invited users to {0}. The paper will contain the login password for the {0} and the codes of the questions.</item>
  <item name="MSGnoUtentiInvitati" html="false" placeholder="true" mustcontains="{0}">There are no users invited to this {0}. Compile the form below to insert a new one. </item>
  <item name="MSGconfermaImportazioneComOL" html="false" placeholder="false">Selected users were successfully imported.</item>
  <item name="LBErroreNoTag.text" html="false" placeholder="false">The red tags must be inserted in the mail body.</item>
  <item name="LBMsgQuestionarioBloccato.text" html="true" placeholder="true" mustcontains="{0}">Attention: the compilation of {0} is blocked.&lt;br&gt; To allow the invited users compilation, please enable the related option in the "Management {0}" page.</item>
  <item name="LBTitoloTemplate.text" html="false" placeholder="false">Template management:</item>
  <item name="BTNElimina.text" html="false" placeholder="false">Delete</item>
  <item name="BTNNuovo.text" html="false" placeholder="false">New Template</item>
  <item name="LBDestinatario.text" html="false" placeholder="false">Recipients :</item>
  <item name="LKBAggiungiTutti.text" html="false" placeholder="false">+ Add all the users on the list</item>
  <item name="LKBAggiungiNonInvitati.text" html="false" placeholder="false">+ Add users not invited yet</item>
  <item name="LKBSelezionaUtenti.text" html="false" placeholder="false">+ Select users</item>
  <item name="LKBAggiungiNonCompletati.text" html="false" placeholder="true" mustcontains="{0}">+ Add to users, who did not compile {0}</item>
  <item name="LBOggetto.text" html="false" placeholder="false">Subject:</item>
  <item name="LBTestoMessaggio.text" html="false" placeholder="false">Message text:</item>
  <item name="LBIntestazione.text" html="false" placeholder="false">User X</item>
  <item name="LBTags.text" html="false" placeholder="false">Available Tags</item>
  <item name="LBAnteprima.text" html="false" placeholder="false">Preview:</item>
  <item name="BTNSalvaTemplate.text" html="false" placeholder="false">Save Template</item>
  <item name="CHKInoltraMittente.text" html="false" placeholder="false">Send a copy to my email address</item>
  <item name="BTNSalvaTemplateConNome.text" html="false" placeholder="false">Save Template as: </item>
  <item name="REVTXBIntestazione.ErrorMessage" html="false" placeholder="false">Ridurre il testo nell'oggetto.</item>
  <item name="BTNSbloccaInvia.text" html="false" placeholder="false">UNBLOCK and SEND MAIL</item>
  <item name="LBMsgSbloccaInvia.text" html="false" placeholder="false">To activate compilation and send mail, click "Unlock and send".</item>
  <item name="LBMsgInvia.text" html="true" placeholder="true" mustcontains="{0}">the {0} compilation is blocked.&lt;br&gt; In order to send anyway e-mails and activate compilation later, click "Send Mail". </item>
  <item name="MSGOggettoObbligatorio" html="false" placeholder="false">Please enter mail's subject </item>
  <item name="BTNInviaMail.text" html="false" placeholder="false">SEND MAIL</item>
  <item name="Questionario" html="false" placeholder="false">Questionnaire</item>
  <item name="Sondaggio" html="false" placeholder="false">Sondaggio</item>
  <item name="Meeting" html="false" placeholder="false">Meeting</item>
  <item name="BTNpreview" html="false" placeholder="false">Meeting</item>
  <item name="BTNpreview.text" html="false" placeholder="false">Preview</item>
  <item name="BTNpreview.ToolTip" html="false" placeholder="false">Mail preview</item>
  <item name="BTNclosePreview.text" html="false" placeholder="false">Close preview</item>
  <item name="BTNclosePreview.ToolTip" html="false" placeholder="false">Close preview</item>
</Resource>