<?xml version="1.0" encoding="utf-8"?>
<Resource xmlns:xsi="http://www.w3.org/2001/XMLSchema-instance" xmlns:xsd="http://www.w3.org/2001/XMLSchema" xmlns="urn:ComolTranslation">
  <item name="serviceTitle.StudentMarks" html="false" placeholder="false">Student marks</item>
  <item name="ServiceNopermission.StudentMarks" html="false" placeholder="false">Sorry, you do not have permission to view this page.</item>
  <item name="LBstudent_t.text" html="false" placeholder="false">Student: </item>
  <item name="LBstudent_t.Status" html="false" placeholder="false">Student: </item>
  <item name="LBstudent_t.ToolTip" html="false" placeholder="false">Student: </item>
  <item name="LTsubjectName_t.text" html="false" placeholder="false">Subject: </item>
  <item name="ModuleName" html="false" placeholder="false">Module</item>
  <item name="HYPsubjectsList.text" html="false" placeholder="false">Subjects list</item>
  <item name="HYPsubjectsList.ToolTip" html="false" placeholder="false">Subjects list</item>
  <item name="HYPsubjectsList.Status" html="false" placeholder="false">Subjects list</item>
  <item name="HYPprevious.text" html="false" placeholder="false">Back</item>
  <item name="HYPprevious.ToolTip" html="false" placeholder="false">Back</item>
  <item name="HYPprevious.Status" html="false" placeholder="false">Back</item>
  <item name="serviceTitle.SubjectMarks" html="false" placeholder="false">Subject marks</item>
  <item name="ServiceNopermission.SubjectMarks" html="false" placeholder="false">Sorry, you do not have permission to view this page.</item>
  <item name="LTstudentName_t.text" html="false" placeholder="false">Student: </item>
  <item name="LBsubject_t.text" html="false" placeholder="false">Subject: </item>
  <item name="LBsubject_t.Status" html="false" placeholder="false">Subject: </item>
  <item name="LBsubject_t.ToolTip" html="false" placeholder="false">Subject: </item>
  <item name="HYPreturn.text" html="false" placeholder="false">Subjects list</item>
  <item name="HYPreturn.ToolTip" html="false" placeholder="false">Subjects list</item>
  <item name="HYPreturn.Status" html="false" placeholder="false">Subjects list</item>
  <item name="serviceTitle.EditSubjectModuleMarks" html="false" placeholder="false">Single subject management</item>
  <item name="ServiceNopermission.EditSubjectModuleMarks" html="false" placeholder="false">Sorry, you do not have permission to view this page.</item>
  <item name="LTstudentMark_t.text" html="false" placeholder="false">Mark</item>
  <item name="LTstudentMark_t.Status" html="false" placeholder="false">Mark</item>
  <item name="LTstudentMark_t.ToolTip" html="false" placeholder="false">Mark</item>
  <item name="LTmarkDate_t.text" html="false" placeholder="false">Date</item>
  <item name="LTmarkDate_t.Status" html="false" placeholder="false">Date</item>
  <item name="LTmarkDate_t.ToolTip" html="false" placeholder="false">Date</item>
  <item name="BTNsaveModuleMarksTop.text" html="false" placeholder="false">Save marks</item>
  <item name="serviceTitle.EditSubjectModuleMarks" html="false" placeholder="false">Assegna voti al modulo</item>
  <item name="LBmodulenumber_t.text" html="false" placeholder="false">Module: </item>
  <item name="LBmodulenumber_t.Status" html="false" placeholder="false">Module: </item>
  <item name="LBmodulenumber_t.ToolTip" html="false" placeholder="false">Module: </item>
  <item name="HYPreturnHome.text" html="false" placeholder="false">Subjects list</item>
  <item name="HYPreturnHome.ToolTip" html="false" placeholder="false">Subjects list</item>
  <item name="HYPreturnHome.Status" html="false" placeholder="false">Subjects list</item>
  <item name="HYPreturnPrevious.text" html="false" placeholder="false">Back</item>
  <item name="HYPreturnPrevious.ToolTip" html="false" placeholder="false">Back</item>
  <item name="HYPreturnPrevious.Status" html="false" placeholder="false">Back</item>
  <item name="LTmodule_t.text" html="false" placeholder="false">Module</item>
  <item name="LTmodule_t.Status" html="false" placeholder="false">Module</item>
  <item name="LTmodule_t.ToolTip" html="false" placeholder="false">Module</item>
  <item name="LTmark_t.text" html="false" placeholder="false">Mark</item>
  <item name="LTmark_t.Status" html="false" placeholder="false">Mark</item>
  <item name="LTmark_t.ToolTip" html="false" placeholder="false">Mark</item>
  <item name="LTmarkedOn_t.text" html="false" placeholder="false">Date</item>
  <item name="LTmarkedOn_t.Status" html="false" placeholder="false">Date</item>
  <item name="LTmarkedOn_t.ToolTip" html="false" placeholder="false">Date</item>
  <item name="LBstudentname_t.text" html="false" placeholder="false">Student: </item>
  <item name="LBstudentname_t.Status" html="false" placeholder="false">Student: </item>
  <item name="LBstudentname_t.ToolTip" html="false" placeholder="false">Student: </item>
  <item name="BTNsaveStudentMarksTop.text" html="false" placeholder="false">Save marks</item>
  <item name="BTNsaveStudentMarksBottom.text" html="false" placeholder="false">Save marks</item>
  <item name="HYPreturnPreviousBottom.text" html="false" placeholder="false">Back</item>
  <item name="HYPreturnPreviousBottom.ToolTip" html="false" placeholder="false">Back</item>
  <item name="HYPreturnPreviousBottom.Status" html="false" placeholder="false">Back</item>
  <item name="HYPreturnHomeBottom.text" html="false" placeholder="false">Subjects list</item>
  <item name="HYPreturnHomeBottom.ToolTip" html="false" placeholder="false">Subjects list</item>
  <item name="HYPreturnHomeBottom.Status" html="false" placeholder="false">Subjects list</item>
  <item name="serviceTitle.EditStudentMarks" html="false" placeholder="false">Give students a mark</item>
  <item name="ServiceNopermission.EditStudentMarks" html="false" placeholder="false">Sorry, you do not have permission to view this page.</item>
  <item name="BTNsaveModuleMarksBottom.text" html="false" placeholder="false">Save marks</item>
  <item name="serviceTitle.EditSubjectModuleMarks" html="false" placeholder="false">Gestione singola materia</item>
  <item name="ServiceNopermission.EditSubjectModuleMarks" html="false" placeholder="false">Spiacenti, non hai i permessi per visualizzare questa pagina</item>
  <item name="BTNsaveSubjectTop.text" html="false" placeholder="false">Save subject</item>
  <item name="BTNsaveSubjectBottom.text" html="false" placeholder="false">Save subject</item>
  <item name="HYPlistBottom.text" html="false" placeholder="false">Subjects list</item>
  <item name="HYPlist.text" html="false" placeholder="false">Subjects list</item>
  <item name="Visibility.None" html="false" placeholder="false">None </item>
  <item name="Visibility.Students" html="false" placeholder="false">Students</item>
  <item name="Visibility.Teachers" html="false" placeholder="false">Professors</item>
  <item name="Visibility.Everyone" html="false" placeholder="false">Professors and students</item>
  <item name="CBLvisibility.1" html="false" placeholder="false">Students</item>
  <item name="CBLvisibility.2" html="false" placeholder="false">Professors</item>
  <item name="LBname_t.text" html="false" placeholder="false">Name: </item>
  <item name="LBname_t.Status" html="false" placeholder="false">Name: </item>
  <item name="LBname_t.ToolTip" html="false" placeholder="false">Name: </item>
  <item name="LByear_t.text" html="false" placeholder="false">Year: </item>
  <item name="LByear_t.Status" html="false" placeholder="false">Year: </item>
  <item name="LByear_t.ToolTip" html="false" placeholder="false">Year: </item>
  <item name="LBavailableModules_t.text" html="false" placeholder="false">Modules: </item>
  <item name="LBavailableModules_t.Status" html="false" placeholder="false">Modules: </item>
  <item name="LBavailableModules_t.ToolTip" html="false" placeholder="false">Modules: </item>
  <item name="LBvisibility_t.text" html="false" placeholder="false">Visibility: </item>
  <item name="LBvisibility_t.Status" html="false" placeholder="false">Visibility: </item>
  <item name="LBvisibility_t.ToolTip" html="false" placeholder="false">Visibility: </item>
  <item name="LBmodules_warning.text" html="false" placeholder="false" mustcontains="1"> ATTENTION: enter a value at least equal to 1</item>
  <item name="ErrorType.None" html="false" placeholder="false" />
  <item name="ErrorType.AddSubject" html="false" placeholder="false" />
  <item name="ErrorType.AddSubjects" html="false" placeholder="false" />
  <item name="ErrorType.VirtualDeleteSubject" html="false" placeholder="false" />
  <item name="ErrorType.VirtualUnDeleteSubject" html="false" placeholder="false" />
  <item name="ErrorType.PhisicalDeleteSubject" html="false" placeholder="false" />
  <item name="ErrorType.AddMark" html="false" placeholder="false" />
  <item name="ErrorType.AddMarks" html="false" placeholder="false" />
  <item name="ErrorType.EditMarks" html="false" placeholder="false">There are some empty values. Fill in all the fields properly</item>
  <item name="ErrorType.SomeEmptyValues" html="false" placeholder="false">Some mandatory fields in the subject are empty  </item>
  <item name="ErrorType.SubjectEmpty" html="false" placeholder="false">It is not possible to change the module numbers, as there are some saved marks</item>
  <item name="ErrorType.SaveSubjects" html="false" placeholder="false">Subject was not saved: please, revise the compiled fileds</item>
  <item name="ErrorType.NoSubjectsToSave" html="false" placeholder="false">Subject is empty</item>
  <item name="ErrorType.ModuleNumeberLessModuleUsed" html="false" placeholder="false">Revise modules number</item>
  <item name="ErrorType.EmptyName" html="false" placeholder="false">Subject name is empty</item>
  <item name="DisplayToken.Title" html="false" placeholder="false">Wait.</item>
  <item name="DisplayToken.Message" html="false" placeholder="false">File preparation in progress...</item>
  <item name="LNBexportStudentMarks.text" html="false" placeholder="false">Export student marks</item>
  <item name="LNBexportStudentMarks.status" html="false" placeholder="false">Export student marks</item>
  <item name="LNBexportStudentMarks.ToolTip" html="false" placeholder="false">Export student marks</item>
  <item name="LNBexportAllMarks.text" html="false" placeholder="false">Export all marks</item>
  <item name="LNBexportAllMarks.status" html="false" placeholder="false">Export marks of all students</item>
  <item name="LNBexportAllMarks.ToolTip" html="false" placeholder="false">Export marks of all students</item>
  <item name="ExportStudentMarksFileName" html="false" placeholder="true" mustcontains="{0}|{1}|{2}">Student_marks_on_{0}_{1}_{2}</item>
  <item name="ExportAllStudentMarksFileName" html="false" placeholder="true" mustcontains="{0}|{1}|{2}">Students_marks_on_{0}_{1}_{2}</item>
  <item name="ExportMarksTranslations.None" html="false" placeholder="false">None </item>
  <item name="ExportMarksTranslations.CommunityNameTitle" html="false" placeholder="true" mustcontains="{0}">Community{0}</item>
  <item name="ExportMarksTranslations.CellSubjectTitle" html="false" placeholder="false">Subject</item>
  <item name="ExportMarksTranslations.CellSubjectName" html="false" placeholder="true" mustcontains="{0}">{0}</item>
  <item name="ExportMarksTranslations.CellModuleName" html="false" placeholder="true" mustcontains="{0}">Module {0}</item>
  <item name="ExportMarksTranslations.CellUserName" html="false" placeholder="false">Student</item>
  <item name="ExportMarksTranslations.PrintInfo" html="false" placeholder="true" mustcontains="{0}|{1}|{2}">Printed by {0} on {1} at {2}</item>
  <item name="ExportMarksTranslations.EmptyItem" html="false" placeholder="false">Void</item>
  <item name="ExportMarksTranslations.MarkValue" html="false" placeholder="true" mustcontains="{0}">{0}</item>
  <item name="ExportMarksTranslations.EmptyMarkValue" html="false" placeholder="false"> // </item>
  <item name="ExportMarksTranslations.FileCreationError" html="false" placeholder="false">An error occurred while creating the file</item>
  <item name="ExportMarksTranslations.StudentName" html="false" placeholder="true" mustcontains="{0}">Student {0}</item>
</Resource>