<?xml version="1.0" encoding="utf-8"?>
<Resource xmlns:xsi="http://www.w3.org/2001/XMLSchema-instance" xmlns:xsd="http://www.w3.org/2001/XMLSchema" xmlns="urn:ComolTranslation">
  <item name="serviceTitle.SubjectsList" html="false" placeholder="false">Marks collection</item>
  <item name="ServiceNopermission.SubjectsList" html="false" placeholder="false">Sorry, you do not have permission to access this page.</item>
  <item name="Visibility.None" description="relativo a visibile a..." html="false" placeholder="false">None </item>
  <item name="Visibility.Students" html="false" placeholder="false">Students</item>
  <item name="Visibility.Teachers" html="false" placeholder="false">Professors</item>
  <item name="Visibility.Everyone" html="false" placeholder="false">Professors and students</item>
  <item name="HYPmanageSubjects.text" html="false" placeholder="false">Subjects management</item>
  <item name="HYPmanageSubjects.ToolTip" html="false" placeholder="false">Subjects management</item>
  <item name="HYPmanageSubjects.status" html="false" placeholder="false">Subjects management</item>
  <item name="HYPaddSubject.text" html="false" placeholder="false">Add subject</item>
  <item name="HYPaddSubject.ToolTip" html="false" placeholder="false">Add subject</item>
  <item name="HYPaddSubject.status" html="false" placeholder="false">Add subject</item>
  <item name="HYPsingleStudentMarks.text" html="false" placeholder="false">Students marks prospectus</item>
  <item name="HYPsingleStudentMarks.ToolTip" html="false" placeholder="false">Students marks prospectus</item>
  <item name="HYPsingleStudentMarks.status" html="false" placeholder="false">Students marks prospectus</item>
  <item name="LBsubjectName_t.text" html="false" placeholder="false">Subject</item>
  <item name="LBsubjectYear_t.text" html="false" placeholder="false">Year</item>
  <item name="LBsubjectModules_t.text" html="false" placeholder="false">Modules</item>
  <item name="LBsubjectVisibleTo_t.text" html="false" placeholder="false">Visible to</item>
  <item name="LBsubjectActions_t.text" html="false" placeholder="false">Actions</item>
  <item name="HYPeditMarks.text" disambiguation="verbo" html="false" placeholder="false">Evaluate</item>
  <item name="HYPeditMarks.ToolTip" disambiguation="verbo" html="false" placeholder="false">Evaluate</item>
  <item name="HYPviewMarks.text" html="false" placeholder="false">View marks</item>
  <item name="HYPviewMarks.ToolTip" html="false" placeholder="false">View marks</item>
  <item name="HYPeditModule.text" html="false" placeholder="false">Edit module marks</item>
  <item name="HYPeditModule.ToolTip" html="false" placeholder="false">Edit module marks</item>
  <item name="HYPmodify.text" disambiguation="verbo" html="false" placeholder="false">Modify</item>
  <item name="HYPmodify.ToolTip" disambiguation="verbo" html="false" placeholder="false">Modify</item>
  <item name="ErrorType.None" html="false" placeholder="false" />
  <item name="ErrorType.AddSubject" html="false" placeholder="false" />
  <item name="ErrorType.AddSubjects" html="false" placeholder="false" />
  <item name="ErrorType.VirtualDeleteSubject" html="false" placeholder="false" />
  <item name="ErrorType.VirtualUnDeleteSubject" html="false" placeholder="false" />
  <item name="ErrorType.PhisicalDeleteSubject" html="false" placeholder="false" />
  <item name="ErrorType.AddMark" html="false" placeholder="false" />
  <item name="ErrorType.AddMarks" html="false" placeholder="false" />
  <item name="ErrorType.EditMarks" html="false" placeholder="false">There are some empty values. Fill in all the fields properly</item>
  <item name="ErrorType.SomeEmptyValues" html="false" placeholder="false">Some mandatory fields in the subject are empty  </item>
  <item name="ErrorType.SubjectEmpty" html="false" placeholder="false">It is not possible to change the module numbers, as there are some saved marks</item>
  <item name="ErrorType.SaveSubjects" html="false" placeholder="false">Subject was not saved: please, revise the compiled fileds</item>
  <item name="ErrorType.NoSubjectsToSave" html="false" placeholder="false">Subject is empty</item>
  <item name="ErrorType.ModuleNumeberLessModuleUsed" html="false" placeholder="false">Revise modules number</item>
  <item name="DisplayToken.Title" html="false" placeholder="false">Wait.</item>
  <item name="DisplayToken.Message" html="false" placeholder="false">File preparation in progress...</item>
  <item name="ExportMarksTranslations.None" html="false" placeholder="false">None </item>
  <item name="ExportMarksTranslations.CommunityNameTitle" html="false" placeholder="true" mustcontains="{0}">Community{0}</item>
  <item name="ExportMarksTranslations.CellSubjectName" html="false" placeholder="true" mustcontains="{0}">{0}</item>
  <item name="ExportMarksTranslations.CellModuleName" html="false" placeholder="true" mustcontains="{0}">Module {0}</item>
  <item name="ExportMarksTranslations.CellUserName" html="false" placeholder="false">Student</item>
  <item name="ExportMarksTranslations.PrintInfo" html="false" placeholder="true" mustcontains="{0}|{1}|{2}">Printed by {0} on {1} at {2}</item>
  <item name="ExportMarksTranslations.EmptyItem" html="false" placeholder="false">Void</item>
  <item name="ExportMarksTranslations.MarkValue" html="false" placeholder="true" mustcontains="{0}">{0}</item>
  <item name="ExportMarksTranslations.EmptyMarkValue" html="false" placeholder="false" hidden="false"> // </item>
  <item name="ExportMarksTranslations.FileCreationError" html="false" placeholder="false">An error occurred while creating the file</item>
  <item name="ExportMarksTranslations.StudentName" html="false" placeholder="true" mustcontains="{0}">Student {0}</item>
  <item name="ExportMarksTranslations.CellSubjectTitle" html="false" placeholder="false">Subject</item>
  <item name="LNBexportXLS.text" html="false" placeholder="false">Export marks</item>
  <item name="LNBexportXLS.status" html="false" placeholder="false">Export marks</item>
  <item name="LNBexportXLS.ToolTip" html="false" placeholder="false">Export marks</item>
  <item name="LNBexportXLS.text" html="false" placeholder="false">Esporta voti</item>
  <item name="LNBexportXLS.status" html="false" placeholder="false">Esporta voti</item>
  <item name="LNBexportXLS.ToolTip" html="false" placeholder="false">Esporta voti</item>
</Resource>