<?xml version="1.0" encoding="utf-8"?>
<Resource xmlns:xsi="http://www.w3.org/2001/XMLSchema-instance" xmlns:xsd="http://www.w3.org/2001/XMLSchema" xmlns="urn:ComolTranslation">
  <item name="LTtitlePolicy.text" html="false" placeholder="false">Privacy policy</item>
  <item name="BTNsavePolicy.text" html="false" placeholder="false">Save</item>
  <item name="BTNsavePolicy.status" html="false" placeholder="false">Save.</item>
  <item name="BTNsavePolicy.ToolTip" html="false" placeholder="false">Save.</item>
  <item name="PolicyType.agreeOnly" html="false" placeholder="false">I agree</item>
  <item name="PolicyType.acceptOnly" html="false" placeholder="false">I agree</item>
  <item name="PolicyType.accept" html="false" placeholder="false">I agree</item>
  <item name="PolicyType.refuse" html="false" placeholder="false">I decline</item>
  <item name="PolicyType.agree" html="false" placeholder="false">I agree</item>
  <item name="PolicyType.disagree" html="false" placeholder="false">I decline</item>
  <item name="DisplayItemsToAccept" html="false" placeholder="false">WARNING! In order to continue it is necessary to agree with the mandatory terms.</item>
  <item name="DisplayUnknownUser" html="false" placeholder="false">Error while saving data</item>
  <item name="LoadItemsError" html="false" placeholder="false">Error while saving data</item>
</Resource>