<?xml version="1.0" encoding="utf-8"?>
<Resource xmlns:xsi="http://www.w3.org/2001/XMLSchema-instance" xmlns:xsd="http://www.w3.org/2001/XMLSchema" xmlns="urn:ComolTranslation">
  <item name="LBTitolo.text" html="false" placeholder="false">Forum management</item>
  <item name="LBNopermessi.text" html="false" placeholder="false">You do not have permission to access this service</item>
  <item name="LogoutMessage" html="false" placeholder="false">Sorry, your session has expired, you have to log into the system again.</item>
  <item name="LBnoforum.text" html="true" placeholder="false">&lt;br&gt;&lt;br&gt;No forum to manage&lt;br&gt;</item>
  <item name="LKBcrea.text" html="false" placeholder="false">Add a new Forum</item>
  <item name="LKBcrea.status" html="false" placeholder="false">Add a new Forum</item>
  <item name="LKBcrea.ToolTip" html="false" placeholder="false">Add a new Forum</item>
  <item name="LBlegendForum.text" html="false" placeholder="false" />
  <item name="LBnomeforum_t.text" html="false" placeholder="false" mustcontains="*">*Forum name:</item>
  <item name="LBdescrizione_t.text" html="false" placeholder="false" mustcontains="*">*Description:</item>
  <item name="LBruoloDefault_t.text" html="false" placeholder="false" mustcontains="*">*Default role:</item>
  <item name="LBforumModerato_t.text" html="false" placeholder="false">&amp;nbsp;Moderated:</item>
  <item name="LNBindietroFromInserimento.text" html="false" placeholder="false">Back to management</item>
  <item name="LNBindietroFromInserimento.status" html="false" placeholder="false">Back to management</item>
  <item name="LNBindietroFromInserimento.ToolTip" html="false" placeholder="false">Back to management</item>
  <item name="LNBsalva.inserimento.text" html="false" placeholder="false">Add</item>
  <item name="LNBsalva.inserimento.status" html="false" placeholder="false">Add</item>
  <item name="LNBsalva.inserimento.ToolTip" html="false" placeholder="false">Add</item>
  <item name="LNBsalva.modifica.text" html="false" placeholder="false">Modify data</item>
  <item name="LNBsalva.modifica.status" html="false" placeholder="false">Modify data</item>
  <item name="LNBsalva.modifica.ToolTip" html="false" placeholder="false">Modify data</item>
  <item name="CHBmoderato.text" html="false" placeholder="false">Yes</item>
  <item name="LBlegendSearch.text" html="false" placeholder="false">Search</item>
  <item name="LBnome.text" html="false" placeholder="false">Name:</item>
  <item name="LBcognome.text" html="false" placeholder="false">Surname:</item>
  <item name="LBruoloForum.text" html="false" placeholder="false">Forum role:</item>
  <item name="LBruoloComunita.text" html="false" placeholder="false">Community role:</item>
  <item name="BTNcerca.text" html="false" placeholder="false">Search</item>
  <item name="LBpageRecord.text" html="false" placeholder="false"> Records per Page:</item>
  <item name="LBlegendRole.text" html="false" placeholder="false">Change role in this forum</item>
  <item name="LBcognomeNome_t.text" html="false" placeholder="false">Surname and name</item>
  <item name="LBruoloForum_t.text" html="false" placeholder="false">Forum role</item>
  <item name="BTNannullaRuolo.text" html="false" placeholder="false">Cancel</item>
  <item name="BTNmodificaRuolo.text" disambiguation="verbo" html="false" placeholder="false">Modify</item>
  <item name="LBavviso.text" html="false" placeholder="false">Insertion error</item>
  <item name="BTNok.text" html="false" placeholder="false">Ok</item>
  <item name="LBnorecord.text" html="false" placeholder="false">Sorry, currently there are no users according to the specified searc criteria</item>
  <item name="LKBindietro.text" html="false" placeholder="false">Back to management</item>
  <item name="LKBindietro.status" html="false" placeholder="false">Back to management</item>
  <item name="LKBindietro.ToolTip" html="false" placeholder="false">Back to management</item>
  <item name="LBTitolo1.text" html="false" placeholder="false">Create new forum</item>
  <item name="LBTitolo2.text" html="false" placeholder="false">Modify Forum</item>
  <item name="LBTitolo3.text" html="false" placeholder="true" mustcontains="##">Forum participants: ##</item>
  <item name="LNBannullaRuolo.text" html="false" placeholder="false">Back to list</item>
  <item name="LNBannullaRuolo.status" html="false" placeholder="false">Back to list</item>
  <item name="LNBannullaRuolo.ToolTip" html="false" placeholder="false">Back to list</item>
  <item name="LNBmodificaRuolo.text" disambiguation="verbo" html="false" placeholder="false">Modify</item>
  <item name="LNBmodificaRuolo.status" disambiguation="verbo" html="false" placeholder="false">Modify</item>
  <item name="LNBmodificaRuolo.ToolTip" disambiguation="verbo" html="false" placeholder="false">Modify</item>
  <item name="LKBaltro.status" html="false" placeholder="false">Other Characters</item>
  <item name="LKBaltro.text" disambiguation="Relativo a caratteri" html="false" placeholder="false">Other</item>
  <item name="LKBaltro.ToolTip" disambiguation="Relativo a caratteri" html="false" placeholder="false">Other</item>
  <item name="LKBtutti.status" disambiguation="Relativo a caratteri" html="false" placeholder="false">All</item>
  <item name="LKBtutti.text" disambiguation="Relativo a caratteri" html="false" placeholder="false">All</item>
  <item name="LKBtutti.ToolTip" disambiguation="Relativo a caratteri" html="false" placeholder="false">All</item>
  <item name="Lettera.status" disambiguation="lettera=carattere" html="false" placeholder="true" mustcontains="#%%#">Letter #%%#</item>
  <item name="Lettera.ToolTip" disambiguation="lettera=carattere" html="false" placeholder="true" mustcontains="#%%#">Letter #%%#</item>
  <item name="DGforums.page" html="false" placeholder="true" mustcontains="#%%#">Page &lt;#%%#&gt;</item>
  <item name="DGforums.ordinamento.0.status" html="false" placeholder="true" mustcontains="#%%#">Ascending order by &lt;#%%#&gt;</item>
  <item name="DGforums.ordinamento.1.status" html="false" placeholder="true" mustcontains="#%%#">Descending order by &lt;#%%#&gt;</item>
  <item name="DGforums.ordinamento.2.status" html="false" placeholder="true" mustcontains="#%%#">Order by &lt;#%%#&gt; &lt;#%%#&gt;</item>
  <item name="DGforums.FRUM_name.HeaderText" html="false" placeholder="false">Forum name</item>
  <item name="DGforums.FRUM_Ntopics.HeaderText" html="false" placeholder="false">Topics</item>
  <item name="DGforums.FRUM_DateCreated.HeaderText" html="false" placeholder="false">Created on</item>
  <item name="DGforums.FRUM_NPost.HeaderText" html="false" placeholder="false">Post</item>
  <item name="DGforums.TotIscritti.HeaderText" html="false" placeholder="false">Users</item>
  <item name="DGforums.GestioneIscritti.HeaderText" html="false" placeholder="false">Enrollees management</item>
  <item name="DGforums.IMBmodifica.ImageUrl" html="false" placeholder="false" hidden="true">../images/m.gif</item>
  <item name="DGforums.IMBmodifica.status" html="false" placeholder="false">Modify the selected forum</item>
  <item name="DGforums.IMBmodifica.AlternateText" disambiguation="verbo" html="false" placeholder="false">Modify</item>
  <item name="DGforums.IMBmodifica.ImageUrl_disabled" html="true" placeholder="false" hidden="true">../images/m_d.gif</item>
  <item name="DGforums.IMBmodifica.status_disabled" html="false" placeholder="false">It is not possible to modify the selected forum</item>
  <item name="DGforums.IMBmodifica.AlternateText_disabled" html="false" placeholder="false">Modify not possible</item>
  <item name="DGforums.IMBcancella.ImageUrl" html="true" placeholder="false" hidden="true">../images/x.gif</item>
  <item name="DGforums.IMBcancella.status" html="false" placeholder="false">Delete selected Forum</item>
  <item name="DGforums.IMBcancella.AlternateText" html="false" placeholder="false">Delete</item>
  <item name="DGforums.IMBcancella.ImageUrl_disabled" html="true" placeholder="false" hidden="true">../images/x_d.gif</item>
  <item name="DGforums.IMBcancella.status_disabled" html="false" placeholder="false">It is not possible to delete the selected forum</item>
  <item name="DGforums.IMBcancella.AlternateText_disabled" html="false" placeholder="false">Deletion not possible</item>
  <item name="DGforums.IMBcancella.ConfirmText" html="false" placeholder="false">Are you sure you want to delete the selected forum?</item>
  <item name="DGiscrittiForum.page" html="false" placeholder="true" mustcontains="#%%#">Page &lt;#%%#&gt;</item>
  <item name="DGiscrittiForum.ordinamento.0.status" html="false" placeholder="true" mustcontains="#%%#">Ascending order by &lt;#%%#&gt;</item>
  <item name="DGiscrittiForum.ordinamento.1.status" html="false" placeholder="true" mustcontains="#%%#">Sort in descending order by&lt;#%%#&gt;</item>
  <item name="DGiscrittiForum.ordinamento.2.status" html="false" placeholder="true" mustcontains="#%%#">Order by&lt;#%%#&gt;</item>
  <item name="DGiscrittiForum.PRSN_Anagrafica.HeaderText" html="false" placeholder="false">Vital statistics</item>
  <item name="DGiscrittiForum.TPRF_nome.HeaderText" html="false" placeholder="false">Forum role tyep</item>
  <item name="DGiscrittiForum.TPRL_nome.HeaderText" html="false" placeholder="false">Role type</item>
  <item name="DGiscrittiForum.GestioneIscritti.HeaderText" html="false" placeholder="false">Enrollees management</item>
  <item name="DGiscrittiForum.IMBmodificaIscritto.ImageUrl" html="true" placeholder="false" hidden="true">./../../images/m.gif</item>
  <item name="DGiscrittiForum.IMBmodificaIscritto.status" disambiguation="verbo" html="false" placeholder="false">Modify</item>
  <item name="DGiscrittiForum.IMBmodificaIscritto.AlternateText" disambiguation="verbo" html="false" placeholder="false">Modify</item>
  <item name="DGiscrittiForum.IMBmodificaIscritto.ImageUrl_disabled" html="true" placeholder="false" hidden="true">./../../images/m_d.gif</item>
  <item name="DGiscrittiForum.IMBmodificaIscritto.status_disabled" html="false" placeholder="false">No Modify</item>
  <item name="DGiscrittiForum.IMBmodificaIscritto.AlternateText_disabled" html="false" placeholder="false">You do not have permission to delete this user</item>
  <item name="DGiscrittiForum.IMBcancellaIscritto.ImageUrl" html="true" placeholder="false" hidden="true">./../../images/x.gif</item>
  <item name="DGiscrittiForum.IMBcancellaIscritto.status" html="false" placeholder="false">Delete this user</item>
  <item name="DGiscrittiForum.IMBcancellaIscritto.AlternateText" html="false" placeholder="false">Delete</item>
  <item name="DGiscrittiForum.IMBcancellaIscritto.ImageUrl_disabled" html="true" placeholder="false" hidden="true">./../../images/x_d.gif</item>
  <item name="DGiscrittiForum.IMBcancellaIscritto.status_disabled" html="false" placeholder="false">You do not have permission to delete this user</item>
  <item name="DGiscrittiForum.IMBcancellaIscritto.AlternateText_disabled" html="false" placeholder="false">You do not have permission to delete this user</item>
  <item name="DGiscrittiForum.IMBcancellaIscritto.ConfirmText" html="false" placeholder="false">Are you sure you want to delete this user?</item>
  <item name="DGiscrittiForum.blocca.0.status" html="false" placeholder="false">Block user.</item>
  <item name="DGiscrittiForum.blocca.0.AlternateText" html="false" placeholder="false">Block user</item>
  <item name="DGiscrittiForum.blocca.0.ToolTip" html="false" placeholder="false">Block user</item>
  <item name="DGiscrittiForum.blocca.0.text" html="false" placeholder="false">Block user</item>
  <item name="DGiscrittiForum.blocca.1.status" html="false" placeholder="false">Unblock user</item>
  <item name="DGiscrittiForum.blocca.1.AlternateText" html="false" placeholder="false">Unblock user</item>
  <item name="DGiscrittiForum.blocca.1.ToolTip" html="false" placeholder="false">Unblock user</item>
  <item name="DGiscrittiForum.blocca.1.text" html="false" placeholder="false">Unblock</item>
  <item name="LKBaggiungiSelezionati.status" html="false" placeholder="false">- Add selected users -</item>
  <item name="LKBaggiungiSelezionati.text" html="false" placeholder="false">- Add selected users -</item>
  <item name="LKBaggiungiSelezionati.ToolTip" html="false" placeholder="false">- Add selected users -</item>
  <item name="LBfiltro.text" html="false" placeholder="false">Filter</item>
  <item name="LBtipoRuolo_t.text" html="false" placeholder="false">Role type:</item>
  <item name="LBnumeroRecord_t.text" html="false" placeholder="false">Record number:</item>
  <item name="LBtipoRicerca_t.text" html="false" placeholder="false">Search type:</item>
  <item name="LBvalore_t.text" html="false" placeholder="false">Value:</item>
  <item name="DDLTipoRicerca.-2" html="false" placeholder="false">Name</item>
  <item name="DDLTipoRicerca.-3" html="false" placeholder="false">Surname</item>
  <item name="DDLTipoRicerca.-4" html="false" placeholder="false">Name/Surname</item>
  <item name="DGPersone.page" html="false" placeholder="true" mustcontains="#%%#">Page &lt;#%%#&gt;</item>
  <item name="DGPersone.ordinamento.0.status" html="false" placeholder="true" mustcontains="#%%#">Ascending order by &lt;#%%#&gt;</item>
  <item name="DGPersone.ordinamento.1.status" html="false" placeholder="true" mustcontains="#%%#">Descending order by &lt;#%%#&gt;</item>
  <item name="DGPersone.ordinamento.2.status" html="false" placeholder="true" mustcontains="#%%#">Order by &lt;#%%#&gt; &lt;#%%#&gt;</item>
  <item name="DGPersone.PRSN_Anagrafica.HeaderText" html="false" placeholder="false">Vital statistics</item>
  <item name="DGPersone.PRSN_login.HeaderText" html="false" placeholder="false">Login</item>
  <item name="DGPersone.TPRL_nome.HeaderText" html="false" placeholder="false">Role</item>
  <item name="DGPersone.TPPR_descrizione.HeaderText" html="false" placeholder="false">Person type</item>
  <item name="LBlegenda.text" html="false" placeholder="false">Role to associate</item>
  <item name="LBtiporuoloAggiungi_t.text" html="false" placeholder="false">Add with the role of :&amp;nbsp;</item>
  <item name="BTNannullaAggiungi.text" html="false" placeholder="false">Cancel</item>
  <item name="BTNconferma.text" disambiguation="verbo" html="false" placeholder="false">Confirm</item>
  <item name="DDLTipoRuolo.-1" disambiguation="Relativo a tipi ruolo" html="false" placeholder="false">-- All --</item>
  <item name="DDLtipoRuoloAggiungi.-1" disambiguation="Relativo a tipi ruolo" html="false" placeholder="false">-- Default role --</item>
  <item name="DGPersone.IMBinfo.ImageUrl" html="true" placeholder="false" hidden="true">./../../images/proprieta.gif</item>
  <item name="DGPersone.IMBinfo.status" html="false" placeholder="false">User info</item>
  <item name="DGPersone.IMBinfo.AlternateText" html="false" placeholder="false">User info</item>
  <item name="DGPersone.IMBaggiungi.ImageUrl" html="true" placeholder="false" hidden="true">./../../images/add.gif</item>
  <item name="DGPersone.IMBaggiungi.status" html="false" placeholder="false">Add user</item>
  <item name="DGPersone.IMBaggiungi.AlternateText" html="false" placeholder="false">Add user</item>
  <item name="LNBarchivia.Archiviato.text" html="false" placeholder="false">Restore Forum</item>
  <item name="LNBarchivia.Archiviato.status" html="false" placeholder="false">Restore Forum.</item>
  <item name="LNBarchivia.Archiviato.ToolTip" html="false" placeholder="false">Restore Forum</item>
  <item name="LNBarchivia.NonArchiviato.text" html="false" placeholder="false">Archive Forum</item>
  <item name="LNBarchivia.NonArchiviato.status" html="false" placeholder="false">Archive Forum.</item>
  <item name="LNBarchivia.NonArchiviato.ToolTip" html="false" placeholder="false">Archive Forum</item>
  <item name="LNBentraForum.status" html="false" placeholder="false">Sign in</item>
  <item name="LNBentraForum.AlternateText" html="false" placeholder="false">Sign in</item>
  <item name="LNBentraForum.ToolTip" html="false" placeholder="false">Sign in</item>
  <item name="LNBentraForum.text" html="false" placeholder="false">Sign in</item>
  <item name="LNBentra.status" html="false" placeholder="false">Sign in</item>
  <item name="LNBentra.AlternateText" html="false" placeholder="false">Sign in</item>
  <item name="LNBentra.ToolTip" html="false" placeholder="false">Sign in</item>
  <item name="LNBentra.text" html="false" placeholder="false">Sign in</item>
  <item name="LBselezioneForum_t.text" html="false" placeholder="false">Display:</item>
  <item name="LNBiscritti.status" html="false" placeholder="false">Enrollees management.</item>
  <item name="LNBiscritti.ToolTip" html="false" placeholder="false">Enrollees management.</item>
  <item name="LNBiscritti.text" html="false" placeholder="false">Enrollees management.</item>
  <item name="LNBnascondi.abilita.0.status" html="false" placeholder="false">Disable Forum.</item>
  <item name="LNBnascondi.abilita.0.ToolTip" html="false" placeholder="false">Disable Forum.</item>
  <item name="LNBnascondi.abilita.0.text" disambiguation="relativo a Forum" html="false" placeholder="false">Disable</item>
  <item name="LNBnascondi.abilita.1.status" html="false" placeholder="false">Enable Forum</item>
  <item name="LNBnascondi.abilita.1.ToolTip" html="false" placeholder="false">Enable Forum</item>
  <item name="LNBnascondi.abilita.1.text" disambiguation="relativo a Forum" html="false" placeholder="false">Enable</item>
  <item name="RBLselezioneForum.-1" html="false" placeholder="false">All forums</item>
  <item name="RBLselezioneForum.0" html="false" placeholder="false">Active forums</item>
  <item name="RBLselezioneForum.1" html="false" placeholder="false">Archived forums</item>
  <item name="Forum.0" html="false" placeholder="false">Forum has not been cretaed due to an error in the insertion</item>
  <item name="Forum.-1" html="false" placeholder="false">Forum was not modified, due to an error.</item>
  <item name="Forum.1" html="false" placeholder="false">Forum was correctly created</item>
  <item name="Forum.2" html="false" placeholder="false">Forum was correctly modified</item>
  <item name="Inserimento.2" html="false" placeholder="false">Role has been correctly modified</item>
  <item name="Inserimento.1" html="false" placeholder="false">Role has been correctly modified</item>
  <item name="Inserimento.0" html="false" placeholder="false">Error while performing the operation</item>
  <item name="Inserimento.-2" html="false" placeholder="false">No role available</item>
  <item name="Inserimento.-3" html="false" placeholder="false">No user selected for the forum subsciption</item>
  <item name="LNBindietroToAggiungi.text" html="false" placeholder="false">Back to list</item>
  <item name="LNBindietroToAggiungi.status" html="false" placeholder="false">Back to list</item>
  <item name="LNBindietroToAggiungi.ToolTip" html="false" placeholder="false">Back to list</item>
  <item name="LNBassociaUtenti.text" html="false" placeholder="false">Add</item>
  <item name="LNBassociaUtenti.status" html="false" placeholder="false">Add with the selected role</item>
  <item name="LNBassociaUtenti.ToolTip" html="false" placeholder="false">Add with the selected role</item>
  <item name="LNBaggiungiUtente.text" html="false" placeholder="false">Add selected</item>
  <item name="LNBaggiungiUtente.status" html="false" placeholder="false">Add selected</item>
  <item name="LNBaggiungiUtente.ToolTip" html="false" placeholder="false">Add selected</item>
  <item name="LNBindietroToLista.text" html="false" placeholder="false">Back to management</item>
  <item name="LNBindietroToLista.status" html="false" placeholder="false">Back to management</item>
  <item name="LNBindietroToLista.ToolTip" html="false" placeholder="false">Back to management</item>
</Resource>