<?xml version="1.0" encoding="utf-8"?>
<Resource xmlns:xsi="http://www.w3.org/2001/XMLSchema-instance" xmlns:xsd="http://www.w3.org/2001/XMLSchema" xmlns="urn:ComolTranslation">
  <item name="LBtitolo.text" html="false" placeholder="false">Enrollees management</item>
  <item name="LBNopermessi.text" html="false" placeholder="false">You do not have permission to access this page.</item>
  <item name="LNBnascondi.status" html="false" placeholder="false">Back</item>
  <item name="LNBnascondi.text" html="false" placeholder="false">Back</item>
  <item name="LNBnascondi.ToolTip" html="false" placeholder="false">Back</item>
  <item name="LNBiscrivi.status" html="false" placeholder="false">New enrollee</item>
  <item name="LNBiscrivi.text" html="false" placeholder="false">New enrollee</item>
  <item name="LNBiscrivi.ToolTip" html="false" placeholder="false">New enrollee</item>
  <item name="DDLiscrizione.-1" html="false" placeholder="false">All</item>
  <item name="DDLiscrizione.1" disambiguation="Relativo ad iscritti" html="false" placeholder="false">Only the active ones</item>
  <item name="DDLiscrizione.0" disambiguation="Relativo ad iscritti" html="false" placeholder="false">To be confirmed</item>
  <item name="DDLiscrizione.4" html="false" placeholder="false">New enrollees</item>
  <item name="DDLiscrizione.2" disambiguation="Relativo ad iscritti" html="false" placeholder="false">Blocked</item>
  <item name="LBtitolo.-1" html="false" placeholder="false">vxcv</item>
  <item name="LBtitolo.1" html="false" placeholder="false">Enrollees management: Active users</item>
  <item name="LBtitolo.0" html="false" placeholder="false">Enrollees management: users waiting for confirmation</item>
  <item name="LBtitolo.4" html="false" placeholder="false">Enrollees management: new enrollees</item>
  <item name="LBtitolo.2" html="false" placeholder="false">Enrollees management: Blocked users</item>
  <item name="LBtitolo.modifica" html="false" placeholder="false">Enrollees management: modify user's role</item>
  <item name="LBtitolo.elimina" html="false" placeholder="false">Enrollees management: delete registration/s</item>
  <item name="IMBstampa.status" html="false" placeholder="false">Print users</item>
  <item name="IMBstampa.ToolTip" html="false" placeholder="false">Print users</item>
  <item name="DDLTipoRicerca.-2" html="false" placeholder="false">Name</item>
  <item name="DDLTipoRicerca.-3" html="false" placeholder="false">Surname</item>
  <item name="DDLTipoRicerca.-4" html="false" placeholder="false">Name/Surname</item>
  <item name="DDLTipoRicerca.-5" html="false" placeholder="false">Birth date(dd/mm/yyyy)</item>
  <item name="DDLTipoRicerca.-6" html="false" placeholder="false">Matriculation number</item>
  <item name="DDLTipoRicerca.-7" html="false" placeholder="false">Login</item>
  <item name="BTNCerca.text" html="false" placeholder="false">Search</item>
  <item name="LKBaltro.status" html="false" placeholder="false">Other characters</item>
  <item name="LKBaltro.text" disambiguation="Relativo a caratteri" html="false" placeholder="false">Other</item>
  <item name="LKBaltro.ToolTip" html="false" placeholder="false">Other characters</item>
  <item name="LKBtutti.status" disambiguation="Relativo a caratteri" html="false" placeholder="false">All</item>
  <item name="LKBtutti.text" disambiguation="Relativo a caratteri" html="false" placeholder="false">All</item>
  <item name="LKBtutti.ToolTip" disambiguation="Relativo a caratteri" html="false" placeholder="false">All</item>
  <item name="Lettera.status" disambiguation="lettera=carattere" html="false" placeholder="true" mustcontains="#%%#">Letter #%%#</item>
  <item name="Lettera.ToolTip" disambiguation="lettera=carattere" html="false" placeholder="true" mustcontains="#%%#">Letter #%%#</item>
  <item name="DGiscritti.page" html="false" placeholder="true" mustcontains="#%%#">Page &lt;#%%#&gt;</item>
  <item name="DGiscritti.ordinamento.0.status" html="false" placeholder="true" mustcontains="#%%#">Ascending order by &lt;#%%#&gt;</item>
  <item name="DGiscritti.ordinamento.1.status" html="false" placeholder="true" mustcontains="#%%#">Descending order by &lt;#%%#&gt;</item>
  <item name="DGiscritti.ordinamento.2.status" html="false" placeholder="true" mustcontains="#%%#">Order by &lt;#%%#&gt;</item>
  <item name="DGiscritti.IMBmodifica.ImageUrl" html="false" placeholder="false" hidden="true">../images/m.gif</item>
  <item name="DGiscritti.IMBmodifica.status" html="false" placeholder="false">Modify role.</item>
  <item name="DGiscritti.IMBmodifica.AlternateText" html="false" placeholder="false">Modify role.</item>
  <item name="DGiscritti.IMBmodifica.ImageUrl_disabled" html="false" placeholder="false" hidden="true">../images/m_d.gif</item>
  <item name="DGiscritti.IMBCancella.ImageUrl" html="false" placeholder="false" hidden="true">../images/x.gif</item>
  <item name="DGiscritti.IMBCancella.ImageUrl_disabled" html="false" placeholder="false" hidden="true">../images/x_d.gif</item>
  <item name="DGiscritti.IMBCancella.status" html="false" placeholder="false">Unsubscribe.</item>
  <item name="DGiscritti.IMBCancella.AlternateText" html="false" placeholder="false">Unsubscribe.</item>
  <item name="DGiscritti.IMBCancella.ConfirmText" html="false" placeholder="false">Are you sure you want to unsubscribe the selected person?</item>
  <item name="DGiscritti.IMBinfo.ImageUrl" html="false" placeholder="false" hidden="true">../images/proprieta.gif</item>
  <item name="DGiscritti.IMBinfo.status" html="false" placeholder="false">User info</item>
  <item name="DGiscritti.IMBinfo.AlternateText" html="false" placeholder="false">User info</item>
  <item name="DGiscritti.anagrafica.HeaderText" html="false" placeholder="false">Vital statistics</item>
  <item name="DGiscritti.nome.HeaderText" html="false" placeholder="false">Name</item>
  <item name="DGiscritti.cognome.HeaderText" html="false" placeholder="false">Surname</item>
  <item name="DGiscritti.login.HeaderText" html="false" placeholder="false">Login</item>
  <item name="DGiscritti.ruolo.HeaderText" html="false" placeholder="false">Role</item>
  <item name="DGiscritti.mail.HeaderText" html="false" placeholder="false">Mail</item>
  <item name="DGiscritti.ultimoCollegamento.HeaderText" html="false" placeholder="false">Last visit</item>
  <item name="DGiscritti.iscrittoIl.HeaderText" html="false" placeholder="false">Registerd on</item>
  <item name="BTNok.text" html="false" placeholder="false">ok</item>
  <item name="LBseleziona.text" html="false" placeholder="false" mustcontains="(">For the selected users (</item>
  <item name="LNBabilita.text" disambiguation="relativo ad iscritti" html="false" placeholder="false">Enable</item>
  <item name="LNBabilita.status" disambiguation="relativo ad iscritti" html="false" placeholder="false">Enable</item>
  <item name="LNBabilita.ToolTip" disambiguation="relativo ad iscritti" html="false" placeholder="false">Enable selected</item>
  <item name="LNBdisabilita.text" disambiguation="relativo ad iscritti" html="false" placeholder="false">Disable</item>
  <item name="LNBdisabilita.status" disambiguation="relativo ad iscritti" html="false" placeholder="false">Disable</item>
  <item name="LNBdisabilita.ToolTip" disambiguation="relativo ad iscritti" html="false" placeholder="false">Disable selected</item>
  <item name="LNBelimina.text" html="false" placeholder="false">Delete</item>
  <item name="LNBelimina.status" html="false" placeholder="false">Delete</item>
  <item name="LNBelimina.ToolTip" html="false" placeholder="false">Delete</item>
  <item name="LNBcancellaInAttesa.text" disambiguation="relativo ad iscritti" html="false" placeholder="false">Delete the waiting ones</item>
  <item name="LNBcancellaInAttesa.status" disambiguation="relativo ad iscritti" html="false" placeholder="false">Delete the waiting ones</item>
  <item name="LNBcancellaInAttesa.ToolTip" html="false" placeholder="false">Delete registrations of the users waiting for confirmation</item>
  <item name="LBanagrafica_t.text" html="false" placeholder="false">Vital statistics:&amp;nbsp;</item>
  <item name="LBruolo_t.text" html="false" placeholder="false">Role:&amp;nbsp;</item>
  <item name="LBresponsabile_t.text" html="false" placeholder="false">Person in charge:&amp;nbsp;</item>
  <item name="CHBresponsabile.text" html="false" placeholder="false">Yes</item>
  <item name="LNBannulla.text" html="false" placeholder="false">Back to list</item>
  <item name="LNBannulla.status" html="false" placeholder="false">Back to list</item>
  <item name="LNBannulla.ToolTip" html="false" placeholder="false">Back to list</item>
  <item name="LNBsalva.text" html="false" placeholder="false">Save changes</item>
  <item name="LNBsalva.status" html="false" placeholder="false">Save changes</item>
  <item name="LNBsalva.ToolTip" html="false" placeholder="false">Save changes</item>
  <item name="LNBannullaDeiscrizione.text" html="false" placeholder="false">Back to list</item>
  <item name="LNBannullaDeiscrizione.status" html="false" placeholder="false">Back to list</item>
  <item name="LNBannullaDeiscrizione.ToolTip" html="false" placeholder="false">Back to list</item>
  <item name="LNBdeIscriviCorrente.text" html="false" placeholder="false">Unsubscribe from current</item>
  <item name="LNBdeIscriviCorrente.status" html="false" placeholder="false">Unsubscribe from current</item>
  <item name="LNBdeIscriviCorrente.ToolTip" html="false" placeholder="false">Unsubscribe from current communtiy</item>
  <item name="LNBdeIscriviTutte.text" html="false" placeholder="false">Unsubscribe from all</item>
  <item name="LNBdeIscriviTutte.status" html="false" placeholder="false">Unsubscribe from all</item>
  <item name="LNBdeIscriviTutte.ToolTip" html="false" placeholder="false">Unsubscribe from all</item>
  <item name="LNBdeIscriviSelezionate.text" disambiguation="relativo a cancella iscrizione da comunità selezionate" html="false" placeholder="false">From selected ones</item>
  <item name="LNBdeIscriviSelezionate.status" html="false" placeholder="false">From selected communities</item>
  <item name="LNBdeIscriviSelezionate.ToolTip" html="false" placeholder="false">From selected communities</item>
  <item name="LNBannulla_multi.text" html="false" placeholder="false">Cancel</item>
  <item name="LNBannulla_multi.status" html="false" placeholder="false">Cancel</item>
  <item name="LNBannulla_multi.ToolTip" html="false" placeholder="false">Cancel</item>
  <item name="LNBdeIscriviCorrente_multi.text" html="false" placeholder="false">Delete registration </item>
  <item name="LNBdeIscriviCorrente_multi.status" html="false" placeholder="false">Delete registration from current community.</item>
  <item name="LNBdeIscriviCorrente_multi.ToolTip" html="false" placeholder="false">Delete registration from current community.</item>
  <item name="LNBdeIscriviTutte_multi.text" html="false" placeholder="false">Unsubscribe from all</item>
  <item name="LNBdeIscriviTutte_multi.status" html="false" placeholder="false">Unsubscribe from all</item>
  <item name="LNBdeIscriviTutte_multi.ToolTip" html="false" placeholder="false">Unsubscribe from all</item>
  <item name="LBnoIscritti.0.text" html="false" placeholder="false">No user in this category</item>
  <item name="LBnoIscritti.1.text" html="false" placeholder="false">Sorry, currently there are no users according to the specified searc criteria</item>
  <item name="DDLruolo.-1" disambiguation="Relativo a tipo ruolo" html="false" placeholder="false">-- no role --</item>
  <item name="DDLTipoRuolo.-1" disambiguation="Relativo a tipo ruolo" html="false" placeholder="false">-- All --</item>
  <item name="LBinfoDeIscrivi_multiplo.text" html="true" placeholder="false">Are you sure you want to unsubscribe the selected users? &lt;br&gt; use the buttons at the upper-right corner to cancel operation, to unsubscribe only from current community or unsubscribe from all the sub-communitites too.</item>
  <item name="creata" html="false" placeholder="false">Created by:</item>
  <item name="LBinfoDeIscrivi.text" html="false" placeholder="true" mustcontains="#%#">The selected person (#%#) that you want to unsubscribe, is enrolled in other sub-communities. Do you want to unsubscribe him/her also from the communities listed below?</item>
  <item name="LBtipoRuolo_t.text" html="false" placeholder="false">Role:</item>
  <item name="LBnumeroRecord_t.text" html="false" placeholder="false">N° Record:</item>
  <item name="LBtipoRicerca_t.text" html="false" placeholder="false">Search by:</item>
  <item name="LBvalore_t.text" html="false" placeholder="false">Value:</item>
  <item name="LBiscrizione_t.text" html="false" placeholder="false">Display:</item>
  <item name="CBXautoUpdate.text" html="false" placeholder="false">Automatic update</item>
  <item name="LBlegendaSingoli.text" html="false" placeholder="false">Community list</item>
  <item name="LNBgotoGestioneComunita.text" html="false" placeholder="false">Back to community management</item>
  <item name="LNBgotoGestioneComunita.status" html="false" placeholder="false">Back to community management</item>
  <item name="LNBgotoGestioneComunita.ToolTip" html="false" placeholder="false">Back to community management</item>
  <item name="LBparentesi.text" html="false" placeholder="false" hidden="true">):</item>
  <item name="IMBexcel.status" html="false" placeholder="false" mustcontains="Excel">Export list in Excel format</item>
  <item name="IMBexcel.ToolTip" html="false" placeholder="false" mustcontains="Excel">Export in Excel</item>
  <item name="LNBstampa.text" html="false" placeholder="false">Print list</item>
  <item name="LNBstampa.status" html="false" placeholder="false">Print user list</item>
  <item name="LNBstampa.ToolTip" html="false" placeholder="false">Print user list</item>
  <item name="LNBexcel.text" html="false" placeholder="false" mustcontains="Excel">Export in Excel</item>
  <item name="LNBexcel.status" html="false" placeholder="false" mustcontains="Excel">Export list in Excel format</item>
  <item name="LNBexcel.ToolTip" html="false" placeholder="false" mustcontains="Excel">Export in Excel</item>
  <item name="Excel.comunita" html="false" placeholder="true" mustcontains="#c#">Community enrollees #c#</item>
  <item name="Excel.organizzazione" html="false" placeholder="true" mustcontains="#c#">Organization #c#</item>
  <item name="Excel.stampato" html="false" placeholder="true" mustcontains="#data#|#users#">Printed on #data# by #users#</item>
  <item name="abilitato.1" disambiguation="relativo ad iscritto" html="false" placeholder="false">Enabled</item>
  <item name="abilitato.0" disambiguation="relativo ad iscritto" html="false" placeholder="false">Blocked</item>
  <item name="abilitato.-1" disambiguation="relativo ad iscritto" html="false" placeholder="false">To be confirmed</item>
  <item name="Excel.Matricola" html="false" placeholder="false">Matriculation number</item>
  <item name="Excel.Nome" description="relativo ad iscritto" html="false" placeholder="false">Name</item>
  <item name="Excel.Cognome" description="relativo ad iscritto" html="false" placeholder="false">Surname</item>
  <item name="Excel.Login" html="false" placeholder="false">Login</item>
  <item name="Excel.Mail" html="false" placeholder="false">Mail</item>
  <item name="Excel.Ruolo" html="false" placeholder="false">Role</item>
  <item name="Excel.IscrittoIl" html="false" placeholder="false">Registerd on</item>
  <item name="Excel.UltimoCollegamento">Last  link</item>
  <item name="Excel.Status">Status</item>
  <item name="Excel.noMatricola" disambiguation="relativo ad utente" html="false" placeholder="false">Matriculation pending</item>
  <item name="LogoutMessage" html="false" placeholder="false">Sorry, your session has expired, you have to log into the system again.</item>
  <item name="NONattivati" html="false" placeholder="false">Not enabled users.</item>
  <item name="NONabilitati" html="false" placeholder="false">Not enabled users.</item>
  <item name="stato.True" html="false" placeholder="false">Registration request MUST be validated.</item>
  <item name="stato.False" html="false" placeholder="false">Access allowed to everybody.</item>
  <item name="stato.image.True" html="false" placeholder="false" hidden="true">lucchetto_closed.gif</item>
  <item name="stato.image.False" html="false" placeholder="false" hidden="true">lucchetto_open.gif</item>
  <item name="messaggioConferma" html="false" placeholder="false">Are you sure you want to unsubscribe the selected users?</item>
  <item name="messaggioSelezione" html="false" placeholder="false">Select one or more users</item>
  <item name="LogoutMessage" html="false" placeholder="false">Spiacenti, la sessione è scaduta.Dovrà effettuare nuovamente l'accesso al sistema.</item>
  <item name="LNBapriFiltro.text" description="Tradurre solo: 'Visualizza filtro'" html="true" placeholder="false">&lt;img src='./../images/filtro_open.gif' alt='' align=middle&gt;View filter</item>
  <item name="LNBapriFiltro.status" html="false" placeholder="false">View community filter</item>
  <item name="LNBapriFiltro.Tooltip" html="false" placeholder="false">View community filter</item>
  <item name="LNBchiudiFiltro.text" description="Tradurre solo: 'Nascondi filtri'" html="true" placeholder="false">&lt;img src='./../images/filtro_close.gif' alt='' align=middle&gt;Hide filters</item>
  <item name="LNBchiudiFiltro.status" html="false" placeholder="false">Hide filters</item>
  <item name="LNBchiudiFiltro.Tooltip" html="false" placeholder="false">Hide filters</item>
</Resource>