<?xml version="1.0" encoding="utf-8"?>
<Resource xmlns:xsi="http://www.w3.org/2001/XMLSchema-instance" xmlns:xsd="http://www.w3.org/2001/XMLSchema" xmlns="urn:ComolTranslation">
  <item name="LBtitolo.text" html="false" placeholder="false">Enrollees management: Add users</item>
  <item name="LBNopermessi.text" html="false" placeholder="false">You do not have permission to access this page.</item>
  <item name="LogoutMessage" html="false" placeholder="false">Sorry, your session has expired, you have to log into the system again.</item>
  <item name="LNBnascondi.status" html="false" placeholder="false">Back</item>
  <item name="LNBnascondi.text" html="false" placeholder="false">Back</item>
  <item name="LNBnascondi.ToolTip" html="false" placeholder="false">Back</item>
  <item name="TABlast.Text" html="false" placeholder="false">Last enrollees</item>
  <item name="TABlast.ToolTip" html="false" placeholder="false">Last enrollees</item>
  <item name="TABtutti.Text" disambiguation="relativo ad iscritti" html="false" placeholder="false">All</item>
  <item name="TABtutti.ToolTip" html="false" placeholder="false">List all the enrolled</item>
  <item name="TABabilitati.Text" disambiguation="relativo ad iscritti" html="false" placeholder="false">Enabled</item>
  <item name="TABabilitati.ToolTip" html="false" placeholder="false">List all the enabled enrolled</item>
  <item name="TABbloccati.Text" disambiguation="relativo ad iscritti" html="false" placeholder="false">Blocked</item>
  <item name="TABbloccati.ToolTip" html="false" placeholder="false">List all the blocked enrolled</item>
  <item name="TABinAttesa.Text" disambiguation="relativo ad iscritti" html="false" placeholder="false">To be confirmed</item>
  <item name="TABinAttesa.ToolTip" html="false" placeholder="false">List all the enrollees waiting for confirmation</item>
  <item name="TABaggiungi.Text" html="false" placeholder="false">Add User</item>
  <item name="TABaggiungi.ToolTip" html="false" placeholder="false">Add User</item>
  <item name="IMBstampa.status" html="false" placeholder="false">Print users</item>
  <item name="IMBstampa.ToolTip" html="false" placeholder="false">Print users</item>
  <item name="BTNCerca.text" html="false" placeholder="false">Search</item>
  <item name="LKBaltro.status" html="false" placeholder="false">Other characters</item>
  <item name="LKBaltro.text" disambiguation="Relativo a caratteri" html="false" placeholder="false">Other</item>
  <item name="LKBaltro.ToolTip" html="false" placeholder="false">Other characters</item>
  <item name="LKBtutti.status" disambiguation="Relativo a caratteri" html="false" placeholder="false">All</item>
  <item name="LKBtutti.text" disambiguation="Relativo a caratteri" html="false" placeholder="false">All</item>
  <item name="LKBtutti.ToolTip" disambiguation="Relativo a caratteri" html="false" placeholder="false">All</item>
  <item name="Lettera.status" disambiguation="lettera=carattere" html="false" placeholder="true" mustcontains="#%%#">Letter #%%#</item>
  <item name="Lettera.ToolTip" disambiguation="lettera=carattere" html="false" placeholder="true" mustcontains="#%%#">Letter #%%#</item>
  <item name="DGPersone.page" html="false" placeholder="true" mustcontains="#%%#">Page &lt;#%%#&gt;</item>
  <item name="DGPersone.ordinamento.0.status" html="false" placeholder="true" mustcontains="#%%#">Ascending order by &lt;#%%#&gt;</item>
  <item name="DGPersone.ordinamento.1.status" html="false" placeholder="true" mustcontains="#%%#">Descending order by &lt;#%%#&gt;</item>
  <item name="DGPersone.ordinamento.2.status" html="false" placeholder="true" mustcontains="#%%#">Order by &lt;#%%#&gt;</item>
  <item name="LNBgotoGestioneComunita.text" html="false" placeholder="false">Back to community management</item>
  <item name="LNBgotoGestioneComunita.status" html="false" placeholder="false">Back to community management</item>
  <item name="LNBgotoGestioneComunita.ToolTip" html="false" placeholder="false">Back to community management</item>
  <item name="CBXaggiorna.text" html="false" placeholder="false">Update results</item>
  <item name="LBcmntPadre.text" html="false" placeholder="false">Parent community:</item>
  <item name="LBtipoRuolo_t.text" html="false" placeholder="false">Role:</item>
  <item name="LBtipoPersona_t.text" html="false" placeholder="false">Person type:</item>
  <item name="LBnumrecord_t.text" html="false" placeholder="false">N° record</item>
  <item name="LBtipoRicerca_t.text" html="false" placeholder="false">Search type</item>
  <item name="LBvalore_t.text" html="false" placeholder="false">Value</item>
  <item name="DDLTipoRicerca.-2" description="Relativo ad iscritto" html="false" placeholder="false">Name</item>
  <item name="DDLTipoRicerca.-3" description="Relativo ad iscritto" html="false" placeholder="false">Surname</item>
  <item name="DDLTipoRicerca.-4" description="Relativo ad iscritto" html="false" placeholder="false">Name/Surname</item>
  <item name="DDLTipoRicerca.-5" html="false" placeholder="false">Birth date(dd/mm/yyyy)</item>
  <item name="DDLTipoRicerca.-6" html="false" placeholder="false">Matriculation number</item>
  <item name="DDLTipoRicerca.-7" html="false" placeholder="false">Login</item>
  <item name="BTNCerca.text" html="false" placeholder="false">Cerca</item>
  <item name="CBXaggiorna.text" html="false" placeholder="false">Aggiorna risultati</item>
  <item name="DGPersone.PRSN_Anagrafica.HeaderText" html="false" placeholder="false">Vital statistics</item>
  <item name="DGPersone.PRSN_login.HeaderText" html="false" placeholder="false">Login</item>
  <item name="DGPersone.PRSN_matricola.HeaderText" html="false" placeholder="false">Matriculation number</item>
  <item name="DGPersone.nome.HeaderText" html="false" placeholder="false">Name</item>
  <item name="DGPersone.cognome.HeaderText" html="false" placeholder="false">Surname</item>
  <item name="DGPersone.CMNT_nome.HeaderText" disambiguation="singolare" html="false" placeholder="false">Community</item>
  <item name="DGPersone.PRSN_mail.HeaderText" html="false" placeholder="false">Mail</item>
  <item name="DGPersone.TPRL_nome.HeaderText" html="false" placeholder="false">Role</item>
  <item name="DGPersone.TPPR_descrizione.HeaderText" html="false" placeholder="false">Person type</item>
  <item name="LBlegenda.text" html="false" placeholder="false">Role to associate</item>
  <item name="LBtiporuoloAggiungi_t.text" html="false" placeholder="false">Add with the role of :&amp;nbsp;</item>
  <item name="LBresponsabile_t.text" html="false" placeholder="false">Responsible:</item>
  <item name="CBXresponsabile.text" html="false" placeholder="false">Yes</item>
  <item name="LNBannullaAggiungi.text" html="false" placeholder="false">Back to users list</item>
  <item name="LNBannullaAggiungi.status" html="false" placeholder="false">Back to users list</item>
  <item name="LNBannullaAggiungi.ToolTip" html="false" placeholder="false">Back to the list of the users to enroll</item>
  <item name="LNBconferma.text" html="false" placeholder="false">Add user</item>
  <item name="LNBconferma.status" html="false" placeholder="false">Add user</item>
  <item name="LNBconferma.ToolTip" html="false" placeholder="false">Add user</item>
  <item name="nessuna" html="false" placeholder="false">-- None --</item>
  <item name="LBMessaggio1.text" html="false" placeholder="false">No user available</item>
  <item name="LBMessaggio2.text" html="false" placeholder="false">Sorry, an error occurred.</item>
  <item name="DGPersone.IMBinfo.ImageUrl" html="false" placeholder="false" hidden="true">../images/proprieta.gif</item>
  <item name="DGPersone.IMBinfo.status" html="false" placeholder="false">User info</item>
  <item name="DGPersone.IMBinfo.AlternateText" html="false" placeholder="false">User info</item>
  <item name="descrizione1" html="false" placeholder="true" mustcontains="#anagrafica#">In order to register the user #anagrafica#, enter the following data:</item>
  <item name="DDLTipoRuolo.-1" disambiguation="Relativo a tipi ruolo" html="false" placeholder="false">-- All --</item>
  <item name="DDLtipoRuoloAggiungi.-1" disambiguation="Relativo a tipo ruolo" html="false" placeholder="false">-- no role --</item>
  <item name="DDLTipoPersona.-1" disambiguation="relativo a tipo profilo" html="false" placeholder="false">-- All --</item>
  <item name="descrizione2" html="false" placeholder="false">To add the selected users, specify the related role:</item>
  <item name="LNBaggiorna.text" html="false" placeholder="false">Add selected</item>
  <item name="LNBaggiorna.status" html="false" placeholder="false">Add selected</item>
  <item name="LNBaggiorna.ToolTip" html="false" placeholder="false">Add selected</item>
  <item name="DGPersone.IMBaggiungi.ImageUrl" html="false" placeholder="false" hidden="true">./../images/add.gif</item>
  <item name="DGPersone.IMBaggiungi.status" html="false" placeholder="false">Add User</item>
  <item name="DGPersone.IMBaggiungi.AlternateText" html="false" placeholder="false">Add User</item>
  <item name="LBparentesi.text" html="false" placeholder="false" hidden="true">):</item>
  <item name="LBseleziona.text" html="false" placeholder="false" mustcontains="(">For the selected users (</item>
  <item name="alertMSG" html="false" placeholder="false">Insertion performed</item>
  <item name="NONattivati" html="false" placeholder="false">Not enabled users.</item>
  <item name="NONabilitati" html="false" placeholder="false">Not enabled users.</item>
  <item name="NOmatricola" disambiguation="n.d.=nessun dato" html="false" placeholder="false">n.d.</item>
</Resource>