<?xml version="1.0" encoding="utf-8"?>
<Resource xmlns:xsi="http://www.w3.org/2001/XMLSchema-instance" xmlns:xsd="http://www.w3.org/2001/XMLSchema" xmlns="urn:ComolTranslation">
  <item name="LBtitolo.text" html="false" placeholder="false">Management of communities to coordinate</item>
  <item name="LBNopermessi.text" html="false" placeholder="false">You do not have permission to access this page.</item>
  <item name="LogoutMessage" html="false" placeholder="false">Sorry, your session has expired, you have to log into the system again.</item>
  <item name="LBorganizzazione_c.text" html="false" placeholder="false">Organization:&amp;nbsp;</item>
  <item name="LBtipoFiltro.text" html="false" placeholder="false">Community type:&amp;nbsp;</item>
  <item name="LBannoAccademico_c.text" disambiguation="A.A.=Anno accademico" html="false" placeholder="false">A.Y.:&amp;nbsp;</item>
  <item name="LBperiodo_c.text" html="false" placeholder="false">Period:&amp;nbsp;</item>
  <item name="LBtipoCorsoDiStudi.text" html="false" placeholder="false">Type:&amp;nbsp;</item>
  <item name="LNBindietro.text" html="false" placeholder="false">Go to management</item>
  <item name="LNBindietro.status" html="false" placeholder="false">Go to management</item>
  <item name="LNBindietro.ToolTip" html="false" placeholder="false">Go to management</item>
  <item name="LNBassocia.text" html="false" placeholder="false">Change associated</item>
  <item name="LNBassocia.status" html="false" placeholder="false">Change associated</item>
  <item name="LNBassocia.ToolTip" html="false" placeholder="false">Change associated</item>
  <item name="BTNannulla.text" html="false" placeholder="false">Cancel</item>
  <item name="BTNconferma.text" disambiguation="verbo" html="false" placeholder="false">Confirm</item>
  <item name="RBLutenti.0" html="false" placeholder="false">Unsubscribe</item>
  <item name="RBLutenti.2" html="false" placeholder="false">Unsubscribe</item>
  <item name="LNBtoLista.text" html="false" placeholder="false">Back</item>
  <item name="LNBtoLista.status" html="false" placeholder="false">Back</item>
  <item name="LNBtoLista.ToolTip" html="false" placeholder="false">Back</item>
  <item name="LNBesegui.text" html="false" placeholder="false">Next</item>
  <item name="LNBesegui.status" html="false" placeholder="false">Next</item>
  <item name="LNBesegui.ToolTip" html="false" placeholder="false">Next</item>
  <item name="LBtitolo2" html="false" placeholder="false">Management of communities to coordinate of the community:</item>
  <item name="LBtitolo3" html="false" placeholder="false">Management of communities to coordinate</item>
  <item name="DDLorganizzazione.-1" disambiguation="relativo ad organizzazione" html="false" placeholder="false">-- None --</item>
  <item name="DDLannoAccademico.-1" disambiguation="relativo ad anno accademico" html="false" placeholder="false">-- All --</item>
  <item name="DDLannoAccademico.0" disambiguation="relativo ad anno accademico" html="false" placeholder="false">-- None --</item>
  <item name="DDLperiodo.-1" disambiguation="relativo a periodo" html="false" placeholder="false">-- All --</item>
  <item name="DDLperiodo.0" disambiguation="relativo a periodo" html="false" placeholder="false">-- None --</item>
  <item name="DDLTipo.-1" disambiguation="relativo a tipo comunità" html="false" placeholder="false">-- All --</item>
  <item name="DDLtipoCorsoStudi.-1" disambiguation="relativo a tipo corso di studi" html="false" placeholder="false">-- All --</item>
  <item name="elencoDaCoordinare" html="false" placeholder="false">List of the communities to coordinate:</item>
  <item name="elencoCoordinate" html="false" placeholder="false">Coordinated community list: </item>
  <item name="LNBassocia.0.text" html="false" placeholder="false">Associate Community</item>
  <item name="LNBassocia.0.status" html="false" placeholder="false">Associate Community</item>
  <item name="LNBassocia.0.ToolTip" html="false" placeholder="false">Associate Community</item>
  <item name="NoDaCoordinare" html="false" placeholder="false">There are no communities to coordinate</item>
  <item name="NoCoordinata" html="false" placeholder="false">There are no coordinated communities</item>
  <item name="chiusa" html="false" placeholder="false">Closed communities</item>
  <item name="aperta" html="false" placeholder="false">Open community:</item>
  <item name="LButenti" html="false" placeholder="false">Users of no more coordinated coimmunities:</item>
  <item name="LBconferma1" html="true" placeholder="false">ATTENZIONE: le comunità selezionate saranno associate alla comunità di coordinamento, le comunità de-associate non saranno più coordinate. &lt;br&gt;Premere sul pulsante &lt;b&gt;Prosegui&lt;/b&gt; per iniziare l'associazione e l'iscrizione automatica dei relativi utenti.</item>
  <item name="LBconferma2" html="true" placeholder="false">ATTENZIONE: le comunità selezionate saranno associate alla comunità di coordinamento, premere sul pulsante &lt;b&gt;Prosegui&lt;/b&gt; per iniziare l'associazione e l'iscrizione automatica dei relativi utenti.</item>
  <item name="LBstatoComunita_t.text" disambiguation="status: attivo/chiuso/in corso/valutazione" html="false" placeholder="false">Status:</item>
  <item name="DDLstatoComunita.-1" disambiguation="Relativo a Comunità" html="false" placeholder="false">All</item>
  <item name="DDLstatoComunita.0" disambiguation="Relativo a Comunità" html="false" placeholder="false">Active</item>
  <item name="DDLstatoComunita.1" disambiguation="Relativo a Comunità" html="false" placeholder="false">Archived</item>
  <item name="DDLstatoComunita.2" disambiguation="Relativo a Comunità" html="false" placeholder="false">blocked</item>
  <item name="LNBapriFiltro.text" html="true" placeholder="false">&lt;img src='./../images/filtro_open.gif' alt='' align=middle&gt;View filter</item>
  <item name="LNBapriFiltro.status" html="false" placeholder="false">View community filter</item>
  <item name="LNBapriFiltro.Tooltip" html="false" placeholder="false">View community filter</item>
  <item name="LNBchiudiFiltro.text" html="true" placeholder="false">&lt;img src='./../images/filtro_close.gif' alt='' align=middle&gt;Hide filters</item>
  <item name="LNBchiudiFiltro.status" html="false" placeholder="false">Hide filters</item>
  <item name="LNBchiudiFiltro.Tooltip" html="false" placeholder="false">Hide filters</item>
</Resource>