<?xml version="1.0" encoding="utf-8"?>
<Resource xmlns:xsi="http://www.w3.org/2001/XMLSchema-instance" xmlns:xsd="http://www.w3.org/2001/XMLSchema" xmlns="urn:ComolTranslation">
  <item name="LBTitolo.text" html="false" placeholder="false">Course creation</item>
  <item name="LBNopermessi.text" html="true" placeholder="false">Sorry, you do not have permission to perform the operation&lt;br&gt;Contact an administrator.</item>
  <item name="LBorganizzazione_t.text" html="false" placeholder="false">Organization:</item>
  <item name="LBcorsodiStudi_t.text" html="false" placeholder="false">Course of study</item>
  <item name="LBprincipale_t.text" html="false" placeholder="false">Main</item>
  <item name="LBassocia_t.text" html="false" placeholder="false">Associate</item>
  <item name="LBnoCrds.text" html="false" placeholder="false">No course available for the selected organization</item>
  <item name="LBnomeComunita_c.text" description="Relativo a Corso" html="false" placeholder="false" mustcontains="*">*Name:</item>
  <item name="LBdataTermine_c.text" html="true" placeholder="false">&amp;nbsp;End date:</item>
  <item name="LBdataInizioIscr_c.text" html="false" placeholder="false" mustcontains="*">*Beginning of inscriptions</item>
  <item name="LBdataFineIscr_t.text" html="true" placeholder="false">&amp;nbsp;End:</item>
  <item name="LBstato_t.text" html="false" placeholder="false">Status:</item>
  <item name="RBapertachiusa.False" disambiguation="Relativo a Comunità" html="false" placeholder="false">Open</item>
  <item name="RBapertachiusa.True" disambiguation="Relativo a Comunità" html="false" placeholder="false">Closed</item>
  <item name="LBmaxIscritti_c.text" html="false" placeholder="false">&amp;nbsp;Max enrolees:</item>
  <item name="LBillimitati_c.text" html="false" placeholder="false">&amp;nbsp;&amp;nbsp;Unlimited</item>
  <item name="LBmaxIscrittiOver_t.text" html="false" placeholder="false">&amp;nbsp;Accept more:</item>
  <item name="LBiscrizioni_t.text" html="false" placeholder="false">&amp;nbsp;Registrations:</item>
  <item name="LBcodice_c.text" html="false" placeholder="false" mustcontains="*">*Code:</item>
  <item name="LBore_c.text" html="false" placeholder="false" mustcontains="*">*Hours:</item>
  <item name="LBcrediti_c.text" html="false" placeholder="false" mustcontains="*">*Credits:</item>
  <item name="LBannoAccademico_t.text" disambiguation="A.A.=Anno accademico" html="false" placeholder="false">&amp;nbsp;A.Y.:</item>
  <item name="LBperiodo_t.text" html="false" placeholder="false">&amp;nbsp;Period:</item>
  <item name="LBprerequisiti_c.text" html="false" placeholder="false">&amp;nbsp;Requirements:</item>
  <item name="LBobiettivo_c.text" html="false" placeholder="false">Goal:</item>
  <item name="LBtesti_t.text" html="false" placeholder="false">Texts:</item>
  <item name="LBmodalitaEsame_t.text" html="false" placeholder="false">Exam mode:</item>
  <item name="LBdescrizioneProgramma_c.text" html="false" placeholder="false">&amp;nbsp;Program:</item>
  <item name="LBstatuto_c.text" html="false" placeholder="false">&amp;nbsp;Statute:</item>
  <item name="DDLOrganizzazione.0" html="false" placeholder="false">-- No Item --</item>
  <item name="DDLPeriodo.0" html="false" placeholder="false">-- No Item --</item>
  <item name="bloccato" disambiguation="relativo a corso" html="false" placeholder="false">Blocked</item>
  <item name="abilitato" disambiguation="relativo a corso" html="false" placeholder="false">Enabled"</item>
  <item name="LBnorecord.text" html="false" placeholder="false">Sorry, currently there are no users according to the specified searc criteria</item>
  <item name="DDLtipoRuoloAggiungi.-1" disambiguation="Relativo a tipo ruolo" html="false" placeholder="false">-- no role --</item>
  <item name="LBAvviso.text" html="false" placeholder="false">Select a default course of study</item>
  <item name="LBAvviso2" html="false" placeholder="false">An error occurred</item>
  <item name="LBAvviso3" html="false" placeholder="false">It is necessary to select a default course of study</item>
  <item name="titolo2" html="false" placeholder="false">- Course creation: Choose a person in charge -</item>
  <item name="LBAvviso4" html="true" placeholder="false">It was not possible to associate the person in charge.&lt;br&gt;Contact an administrator</item>
  <item name="LBAvviso5" html="false" placeholder="false">Person in charge correctly associated</item>
  <item name="LBAvviso6" html="false" placeholder="false">Person in charge correctly associated. Press 'ok' to create a new course</item>
  <item name="LBAvviso7" html="true" placeholder="false">An error occurred while associating the person in charge.&lt;br&gt;Press "ok" to create a new course</item>
  <item name="LBAvviso8" html="true" placeholder="false">It was not possible to associate the person in charge.&lt;br&gt;Contact an administrator</item>
  <item name="LogoutMessage" html="false" placeholder="false">Sorry, your session has expired, you have to log into the system again.</item>
  <item name="LBTitolo.0" html="false" placeholder="false">Step 1: Course creation</item>
  <item name="LBTitolo.1" html="false" placeholder="false">Step 2: Select the course responsible</item>
  <item name="LBTitolo.2" html="false" placeholder="false">Step 3: membership community definition</item>
  <item name="LNBtoGestione.text" html="false" placeholder="false">To the management page</item>
  <item name="LNBtoGestione.status" html="false" placeholder="false">To the management page</item>
  <item name="LNBtoGestione.ToolTip" html="false" placeholder="false">To the management page</item>
  <item name="LNBtoGestione2.text" html="false" placeholder="false">To the management page</item>
  <item name="LNBtoGestione2.status" html="false" placeholder="false">To the management page</item>
  <item name="LNBtoGestione2.ToolTip" html="false" placeholder="false">To the management page</item>
  <item name="LNBcrea.text" html="false" placeholder="false">Create course</item>
  <item name="LNBcrea.status" html="false" placeholder="false">Create course</item>
  <item name="LNBcrea.ToolTip" html="false" placeholder="false">Create course</item>
  <item name="LNBtoModifica.text" html="false" placeholder="false">Go to modification</item>
  <item name="LNBtoModifica.status" html="false" placeholder="false">Go to modification</item>
  <item name="LNBtoModifica.ToolTip" html="false" placeholder="false">Go to modification</item>
  <item name="LNBassociaSelezionati.text" html="false" placeholder="false">Associate selected</item>
  <item name="LNBassociaSelezionati.status" html="false" placeholder="false">Associate selected</item>
  <item name="LNBassociaSelezionati.ToolTip" html="false" placeholder="false">Associate selected</item>
  <item name="LNBassociaResponsabile.text" html="false" placeholder="false">Associate responsible</item>
  <item name="LNBassociaResponsabile.status" html="false" placeholder="false">Associate responsible</item>
  <item name="LNBassociaResponsabile.ToolTip" html="false" placeholder="false">Associate responsible</item>
  <item name="LBMessaggio.1" html="false" placeholder="false">No user available</item>
  <item name="LBMessaggio.2" html="false" placeholder="false">Sorry, an error occurred.</item>
  <item name="LBMessaggio.3" html="false" placeholder="false">Person in charge correctly associated</item>
  <item name="LBMessaggio.4" html="true" placeholder="false">An error occurred while associating the person in charge.&lt;br&gt;Press "ok" to create a new course</item>
  <item name="LBMessaggio.5" html="true" placeholder="false">It was not possible to associate the person in charge.&lt;br&gt;Contact an administrator</item>
  <item name="associa.True" html="false" placeholder="false">Operation was successfully performed</item>
  <item name="associa.False" html="false" placeholder="false">Operation was not completed.</item>
  <item name="associa.errore" html="false" placeholder="false">It is not possible to perform the operation.</item>
  <item name="crea.0" html="false" placeholder="false">Error while creating course.</item>
  <item name="crea.-1" html="false" placeholder="false">Some data are missing, it is not possible to create the new course.</item>
  <item name="crea.1" html="false" placeholder="false">Course correctly created.</item>
  <item name="crea.2" html="false" placeholder="false">Course has already benn created</item>
  <item name="LNBassociaSelezionato.text" disambiguation="Selezionato relativo ad utente" html="false" placeholder="false">Associate selected</item>
  <item name="LNBassociaSelezionato.status" disambiguation="Selezionato relativo ad utente" html="false" placeholder="false">Associate selected</item>
  <item name="LNBassociaSelezionato.ToolTip" disambiguation="Selezionato relativo ad utente" html="false" placeholder="false">Associate selected</item>
  <item name="LNBlistaAltri.text" html="false" placeholder="false">View user list</item>
  <item name="LNBlistaAltri.status" html="false" placeholder="false">View user list</item>
  <item name="LNBlistaAltri.ToolTip" html="false" placeholder="false">View user list</item>
  <item name="infoSalvataggio.-1" html="false" placeholder="false">Select a default degree course.</item>
  <item name="infoSalvataggio.-2" html="false" placeholder="false">Error while creating course</item>
  <item name="infoSalvataggio.0" html="false" placeholder="false">Error, there are some incomplete data</item>
  <item name="infoSalvataggio.1" html="false" placeholder="false">Course correctly created.</item>
</Resource>