<?xml version="1.0" encoding="utf-8"?>
<Resource xmlns:xsi="http://www.w3.org/2001/XMLSchema-instance" xmlns:xsd="http://www.w3.org/2001/XMLSchema" xmlns="urn:ComolTranslation">
  <item name="LBtitolo.text" html="false" placeholder="false">Course multiple creation</item>
  <item name="LBNopermessi.text" html="false" placeholder="false">You do not have permission to access this page.</item>
  <item name="LogoutMessage" html="false" placeholder="false">Sorry, your session has expired, you have to log into the system again.</item>
  <item name="LBnoCorsi.text" html="false" placeholder="false">It is not possible to find any course, according to the specified search criteria.</item>
  <item name="LBannoAccademico_t.text" disambiguation="A.A.=Anno accademico" html="false" placeholder="false">A.Y. course:</item>
  <item name="LBorganizzazione_t.text" html="false" placeholder="false">Organization:</item>
  <item name="LBnumeroCorsi_t.text" html="false" placeholder="false">N° courses:</item>
  <item name="DDLannoAccademico.0" html="false" placeholder="false">None </item>
  <item name="DDLorganizzazione.-1" html="false" placeholder="false">Anyone found</item>
  <item name="LBtipiPersona_t.text" html="false" placeholder="false">Possible people in charge:</item>
  <item name="LBtitoloNew_t.text" html="false" placeholder="false">Name:</item>
  <item name="LBcorsoStudiPrincipale_t.text" disambiguation="Cds=Corso di studi" html="false" placeholder="false">Main Cos:</item>
  <item name="LBperiodo_t.text" description="Relativo a corso di studi" html="false" placeholder="false">Period:</item>
  <item name="LBcorsoStudi_t.text" disambiguation="Cds=Corso di studi" html="false" placeholder="false">Cos:</item>
  <item name="LBcodice_t.text" html="false" placeholder="false">Code:</item>
  <item name="LBore_t.text" html="false" placeholder="false">Hours:</item>
  <item name="LBcrediti_t.text" html="false" placeholder="false">Credits:</item>
  <item name="LBdataInizioIscr_c.text" html="false" placeholder="false" mustcontains="*">*Beginning of inscriptions:</item>
  <item name="LBdataFineIscr_t.text" html="false" placeholder="false">End:</item>
  <item name="LBmaxIscritti_c.text" html="false" placeholder="false">Max registered:</item>
  <item name="CHBillimitati.text" html="false" placeholder="false">Unlimited</item>
  <item name="LBmaxIscrittiOver_t.text" html="false" placeholder="false">Accept more:</item>
  <item name="LBstato_t.text" disambiguation="status: attivo/chiuso/in corso/valutazione" html="false" placeholder="false">Status:</item>
  <item name="RBapertachiusa.false" disambiguation="Relativo a Comunità" html="false" placeholder="false">Open</item>
  <item name="RBapertachiusa.true" disambiguation="Relativo a Comunità" html="false" placeholder="false">Closed</item>
  <item name="CBXcanSubscribe.text" html="false" placeholder="false">Self-registration</item>
  <item name="CBXcanUnSubscribe.text" html="false" placeholder="false">Unsubscribe autonomously</item>
  <item name="LBresponsabile_t.text" html="false" placeholder="false">Responsible:</item>
  <item name="BTNcerca.text" html="false" placeholder="false">Update</item>
  <item name="BTNcerca.ToolTip" html="false" placeholder="false">Update</item>
  <item name="LNBclonaCorsi.text" html="false" placeholder="false">Create courses</item>
  <item name="LNBclonaCorsi.status" html="false" placeholder="false">Create courses</item>
  <item name="LNBclonaCorsi.ToolTip" html="false" placeholder="false">Create courses</item>
  <item name="DGcorsi.page" html="false" placeholder="true" mustcontains="#%%#">Page &lt;#%%#&gt;</item>
  <item name="DGcorsi.ordinamento.0.status" html="false" placeholder="true" mustcontains="#%%#">Ascending order by &lt;#%%#&gt;</item>
  <item name="DGcorsi.ordinamento.1.status" html="false" placeholder="true" mustcontains="#%%#">Descending order by &lt;#%%#&gt;</item>
  <item name="DGcorsi.ordinamento.2.status" html="false" placeholder="true" mustcontains="#%%#">Order by &lt;#%%#&gt;</item>
  <item name="DGcorsi.Dati.HeaderText" html="false" placeholder="false">Data</item>
  <item name="DGcorsi.Iscrivimi.HeaderText" html="false" placeholder="false">Enroll me</item>
</Resource>