<?xml version="1.0" encoding="utf-8"?>
<Resource xmlns:xsi="http://www.w3.org/2001/XMLSchema-instance" xmlns:xsd="http://www.w3.org/2001/XMLSchema" xmlns="urn:ComolTranslation">
  <item name="LBtitolo.text" html="false" placeholder="false">Courses duplication management </item>
  <item name="LBNopermessi.text" html="false" placeholder="false">You do not have permission to access this page.</item>
  <item name="LogoutMessage" html="false" placeholder="false">Sorry, your session has expired, you have to log into the system again.</item>
  <item name="LBnoCorsi.text" html="false" placeholder="false">No course was found, based on the specified search parameters.</item>
  <item name="LBannoAccademico_t.text" disambiguation="A.A.=Anno accademico" html="false" placeholder="false">A.Y. partenza:</item>
  <item name="LBannoAccademicoDestinazione_t.text" disambiguation="A.A.=Anno accademico" html="false" placeholder="false">A.Y. destination:</item>
  <item name="LBorganizzazione_t.text" html="false" placeholder="false">Organization:</item>
  <item name="LBnumeroCorsi_t.text" html="false" placeholder="false">Display courses:</item>
  <item name="DDLannoAccademico.0" html="false" placeholder="false">None </item>
  <item name="DDLorganizzazione.-1" disambiguation="relativo ad organizzazione" html="false" placeholder="false">Anyone found</item>
  <item name="LBtipiPersona_t.text" html="false" placeholder="false">People in charge types:</item>
  <item name="LBnumeroCorsi_t.text" html="false" placeholder="false">Visualizza corsi:</item>
  <item name="LBtitoloOld_t.text" html="false" placeholder="false">Original name:</item>
  <item name="LBtitoloNew_t.text" html="false" placeholder="false">New name:</item>
  <item name="LBcorsoStudiPrincipale_t.text" disambiguation="Cds=Corso di studi" html="false" placeholder="false">Main Cos:</item>
  <item name="LBperiodo_t.text" html="false" placeholder="false">Period:</item>
  <item name="LBcorsoStudi_t.text" disambiguation="Cds=Corso di studi" html="false" placeholder="false">Cos:</item>
  <item name="BTNcerca.text" html="false" placeholder="false">Update</item>
  <item name="BTNcerca.ToolTip" html="false" placeholder="false">Update</item>
  <item name="LNBclonaCorsi.text" html="false" placeholder="false">Clone Courses</item>
  <item name="LNBclonaCorsi.status" html="false" placeholder="false">Clone Courses</item>
  <item name="LNBclonaCorsi.ToolTip" html="false" placeholder="false">Clone Courses</item>
  <item name="DGcorsi.page" html="false" placeholder="true" mustcontains="#%%#">Page &lt;#%%#&gt;</item>
  <item name="DGcorsi.ordinamento.0.status" html="false" placeholder="true" mustcontains="#%%#">Ascending order by &lt;#%%#&gt;</item>
  <item name="DGcorsi.ordinamento.1.status" html="false" placeholder="true" mustcontains="#%%#">Descending order by &lt;#%%#&gt;</item>
  <item name="DGcorsi.ordinamento.2.status" html="false" placeholder="true" mustcontains="#%%#">Order by &lt;#%%#&gt;</item>
  <item name="DGcorsi.Duplica.HeaderText" html="false" placeholder="false">Duplicate </item>
  <item name="DGcorsi.Dati.HeaderText" html="false" placeholder="false">Data</item>
  <item name="DGcorsi.Responsabile.HeaderText" html="false" placeholder="false">Responsible</item>
  <item name="DGcorsi.Iscrivimi.HeaderText" html="false" placeholder="false">Enroll me</item>
  <item name="LKBaltro.status" html="false" placeholder="false">Other characters</item>
  <item name="LKBaltro.text" disambiguation="Relativo a caratteri" html="false" placeholder="false">Other</item>
  <item name="LKBaltro.ToolTip" html="false" placeholder="false">Other characters</item>
  <item name="LKBtutti.status" disambiguation="Relativo a caratteri" html="false" placeholder="false">All</item>
  <item name="LKBtutti.text" disambiguation="Relativo a caratteri" html="false" placeholder="false">All</item>
  <item name="LKBtutti.ToolTip" disambiguation="Relativo a caratteri" html="false" placeholder="false">All</item>
  <item name="Lettera.status" disambiguation="lettera=carattere" html="false" placeholder="true" mustcontains="#%%#">Letter #%%#</item>
  <item name="Lettera.ToolTip" disambiguation="lettera=carattere" html="false" placeholder="true" mustcontains="#%%#">Letter #%%#</item>
</Resource>