<?xml version="1.0" encoding="utf-8"?>
<Resource xmlns:xsi="http://www.w3.org/2001/XMLSchema-instance" xmlns:xsd="http://www.w3.org/2001/XMLSchema" xmlns="urn:ComolTranslation">
  <item name="LBNopermessi.text" html="false" placeholder="false">You do not have permission to access this page.</item>
  <item name="LogoutMessage" html="false" placeholder="false">Sorry, your session has expired, you have to log into the system again.</item>
  <item name="LBTitolo.0" html="false" placeholder="false">Step 1: Community creation</item>
  <item name="LBTitolo.1" html="false" placeholder="false">Step 2: Select the community responsible</item>
  <item name="LBTitolo.2" html="false" placeholder="false">Step 3: membership community definition</item>
  <item name="LBTitolo.3" html="false" placeholder="false">Step 3: membership community definition</item>
  <item name="LNBtoGestione.text" html="false" placeholder="false">To the management page</item>
  <item name="LNBtoGestione.status" html="false" placeholder="false">To the management page</item>
  <item name="LNBtoGestione.ToolTip" html="false" placeholder="false">To the management page</item>
  <item name="LNBtoGestione2.text" html="false" placeholder="false">To the management page</item>
  <item name="LNBtoGestione2.status" html="false" placeholder="false">To the management page</item>
  <item name="LNBtoGestione2.ToolTip" html="false" placeholder="false">To the management page</item>
  <item name="LNBcrea.text" html="false" placeholder="false">Create community</item>
  <item name="LNBcrea.status" html="false" placeholder="false">Create community</item>
  <item name="LNBcrea.ToolTip" html="false" placeholder="false">Create community</item>
  <item name="LNBtoModifica.text" html="false" placeholder="false">Go to modification</item>
  <item name="LNBtoModifica.status" html="false" placeholder="false">Go to modification</item>
  <item name="LNBtoModifica.ToolTip" html="false" placeholder="false">Go to modification</item>
  <item name="LNBassociaSelezionati.text" html="false" placeholder="false">Associate selected</item>
  <item name="LNBassociaSelezionati.status" html="false" placeholder="false">Associate selected</item>
  <item name="LNBassociaSelezionati.ToolTip" html="false" placeholder="false">Associate selected</item>
  <item name="LNBassociaResponsabile.text" html="false" placeholder="false">Associate responsible</item>
  <item name="LNBassociaResponsabile.status" html="false" placeholder="false">Associate responsible</item>
  <item name="LNBassociaResponsabile.ToolTip" html="false" placeholder="false">Associate responsible</item>
  <item name="LBMessaggio.1" html="false" placeholder="false">No user available</item>
  <item name="LBMessaggio.2" html="false" placeholder="false">Sorry, an error occurred.</item>
  <item name="LBMessaggio.3" html="false" placeholder="false">Person in charge correctly associated</item>
  <item name="LBMessaggio.4" html="true" placeholder="false">An error occurred while associating the person in charge.&lt;br&gt;Press "ok" to create a new course</item>
  <item name="LBMessaggio.5" html="true" placeholder="false">It was not possible to associate the person in charge.&lt;br&gt;Contact an administrator</item>
  <item name="associa.True" html="false" placeholder="false">Operation was successfully performed</item>
  <item name="associa.False" html="false" placeholder="false">Operation was not completed.</item>
  <item name="associa.errore" html="false" placeholder="false">It is not possible to perform the operation.</item>
  <item name="crea.0" html="false" placeholder="false">Error while creating community</item>
  <item name="crea.-1" html="false" placeholder="false">Some data are missing,it is not possible to create the new community.</item>
  <item name="crea.1" html="false" placeholder="false">Community correctly created.</item>
  <item name="crea.2" html="false" placeholder="false">Community has already been created.</item>
  <item name="LNBassociaSelezionato.text" disambiguation="Selezionato relativo ad utente" html="false" placeholder="false">Associate selected</item>
  <item name="LNBassociaSelezionato.status" disambiguation="Selezionato relativo ad utente" html="false" placeholder="false">Associate selected</item>
  <item name="LNBassociaSelezionato.ToolTip" disambiguation="Selezionato relativo ad utente" html="false" placeholder="false">Associate selected</item>
  <item name="LNBlistaAltri.text" html="false" placeholder="false">View user list</item>
  <item name="LNBlistaAltri.status" html="false" placeholder="false">View user list</item>
  <item name="LNBlistaAltri.ToolTip" html="false" placeholder="false">View user list</item>
</Resource>