<?xml version="1.0" encoding="utf-8"?>
<Resource xmlns:xsi="http://www.w3.org/2001/XMLSchema-instance" xmlns:xsd="http://www.w3.org/2001/XMLSchema" xmlns="urn:ComolTranslation">
  <item name="LBtitolo.text" html="false" placeholder="false">Portal home</item>
  <item name="titolo" html="false" placeholder="false">Portal home</item>
  <item name="LBNopermessi.text" html="false" placeholder="false">Sorry, you do not have permission to access this page.</item>
  <item name="LTlastTenCommunities.text" html="false" placeholder="false">Last 15  visited communities</item>
  <item name="HYPmoreCommunities.text" html="true" placeholder="false">&amp;nbsp;Your communities&amp;nbsp;</item>
  <item name="HYPmoreCommunities.ToolTip" html="false" placeholder="false">Display my communities complete list</item>
  <item name="LTname.text" html="false" placeholder="false">Name</item>
  <item name="LThasnews.0" html="false" placeholder="false">( one news)</item>
  <item name="LThasnews.n" html="false" placeholder="true" mustcontains="{0}">( {0} news)</item>
  <item name="LTlastNews.text" html="false" placeholder="false">Last news in  your communities</item>
  <item name="HYPmoreNews.text" html="true" placeholder="false">&amp;nbsp;News&amp;nbsp;</item>
  <item name="HYPmoreNews.ToolTip" html="false" placeholder="false">Access the news of your communities</item>
  <item name="LTlastNewsDescription.text" html="true" placeholder="false">Per conoscere che cosa è successo oggi o nei giorni scorsi all'interno delle comunità alle quali partecipi basta premere il pulsante Accedi.&lt;br/&gt;Attualmente la funzionalità è limitata ad alcuni servizi, Cover, Bacheca, Materiale, Diario Lezione, Eventi, Wiki, Quaderno delle attività, Forum, Iscrizioni (SOLO per gli amministratori di comunità), Questionari e WebMeeting.</item>
  <item name="HYPallCommunities.text" html="false" placeholder="false">-- View all the communities --</item>
  <item name="HYPallCommunities.ToolTip" html="false" placeholder="false">View all communities</item>
</Resource>