<?xml version="1.0" encoding="utf-8"?>
<Resource xmlns:xsi="http://www.w3.org/2001/XMLSchema-instance" xmlns:xsd="http://www.w3.org/2001/XMLSchema" xmlns="urn:ComolTranslation">
  <item name="LBtitolo.text" html="false" placeholder="false">Enrolled community list</item>
  <item name="LBNopermessi.text" html="false" placeholder="false">Sorry, you do not have permission to access this page.</item>
  <item name="LBtipoComunita_c.text" html="false" placeholder="false">Type:</item>
  <item name="LBnumeroRecord_c.text" html="true" placeholder="false">N° Record:&amp;nbsp;</item>
  <item name="LBtipoRicerca_c.text" html="false" placeholder="false">Search:</item>
  <item name="LBvalore_c.text" html="false" placeholder="false">Value:</item>
  <item name="DDLTipoRicerca.-2" html="false" placeholder="false">Name begins with</item>
  <item name="DDLTipoRicerca.-7" html="false" placeholder="false">Name contains..</item>
  <item name="DDLTipoRicerca.-5" html="false" placeholder="false">Enrollment date after the</item>
  <item name="DDLTipoRicerca.-6" html="false" placeholder="false">Registration ends the</item>
  <item name="DDLTipoRicerca.-3" html="false" placeholder="false">Created after the </item>
  <item name="DDLTipoRicerca.-4" html="false" placeholder="false">Created before the</item>
  <item name="DDLTipoRicerca.-9" html="false" placeholder="false">Responsible</item>
  <item name="BTNCerca.text" html="false" placeholder="false">Apply filters</item>
  <item name="LBorganizzazione_c.text" html="false" placeholder="false">Organization:&amp;nbsp;</item>
  <item name="DDLorganizzazione.-1" description="Relative ad Organizzazioni" html="false" placeholder="false">-- All --</item>
  <item name="LBannoAccademico_c.text" disambiguation="A.A.=Anno accademico" html="false" placeholder="false">A.Y.:</item>
  <item name="DDLannoAccademico.0" disambiguation="relativo ad anno accademico" html="false" placeholder="false">-- None --</item>
  <item name="LBperiodo_c.text" html="false" placeholder="false">Period:</item>
  <item name="DDLperiodo.0" disambiguation="relativo a periodo" html="false" placeholder="false">-- None --</item>
  <item name="LBcorsoDiStudi_t.text" disambiguation="Cds=Corso di studi" html="false" placeholder="false">Cds type:</item>
  <item name="DDLtipoCorsoDiStudi.-1" disambiguation="relativo a tipo corso di studi" html="false" placeholder="false">-- All --</item>
  <item name="CBXmostraPadre.text" html="false" placeholder="false">Show membership community</item>
  <item name="CBXautoUpdate.text" html="false" placeholder="false">Automatic update.</item>
  <item name="DDLTipo.-1" disambiguation="relativo a tipo comunità" html="false" placeholder="false">-- All --</item>
  <item name="DDLannoAccademico.-1" disambiguation="relativo ad anno accademico" html="false" placeholder="false">-- All --</item>
  <item name="DDLperiodo.-1" disambiguation="relativo a periodo" html="false" placeholder="false">-- All --</item>
  <item name="LBmsgDG.text" html="false" placeholder="false">No element for this selection</item>
  <item name="abilitato.1" html="false" placeholder="false">Access allowed</item>
  <item name="abilitato.0" html="false" placeholder="false">Sorry, you can not access.</item>
  <item name="abilitato.-1" html="false" placeholder="false">Sorry, your account is not enabled, yet.</item>
  <item name="iscrizione" html="false" placeholder="false">new enrollment</item>
  <item name="LKBaltro.status" html="false" placeholder="false">Other characters</item>
  <item name="LKBaltro.text" disambiguation="Relativo a caratteri" html="false" placeholder="false">Other</item>
  <item name="LKBaltro.ToolTip" html="false" placeholder="false">Other characters</item>
  <item name="LKBtutti.status" disambiguation="Relativo a caratteri" html="false" placeholder="false">All</item>
  <item name="LKBtutti.text" disambiguation="Relativo a caratteri" html="false" placeholder="false">All</item>
  <item name="LKBtutti.ToolTip" disambiguation="Relativo a caratteri" html="false" placeholder="false">All</item>
  <item name="Lettera.status" disambiguation="lettera=carattere" html="false" placeholder="true" mustcontains="#%%#">Letter #%%#</item>
  <item name="Lettera.ToolTip" disambiguation="lettera=carattere" html="false" placeholder="true" mustcontains="#%%#">Letter #%%#</item>
  <item name="DGComunita.page" html="false" placeholder="true" mustcontains="#%%#">Page &lt;#%%#&gt;</item>
  <item name="DGComunita.ordinamento.0.status" html="false" placeholder="true" mustcontains="#%%#">Ascending order by &lt;#%%#&gt;</item>
  <item name="DGComunita.ordinamento.1.status" html="false" placeholder="true" mustcontains="#%%#">Descending order by &lt;#%%#&gt;</item>
  <item name="DGComunita.ordinamento.2.status" html="false" placeholder="true" mustcontains="#%%#">Order by &lt;#%%#&gt;</item>
  <item name="DGComunita.Dettagli.status" html="false" placeholder="false">Community details.</item>
  <item name="DGComunita.Dettagli.ToolTip" html="false" placeholder="false">Community details.</item>
  <item name="DGComunita.LNBlogin.text" html="false" placeholder="false">Access</item>
  <item name="DGComunita.LNBlogin.status" html="false" placeholder="true" mustcontains="#%%#">Go to the community: #%%#</item>
  <item name="DGComunita.LNBlogin.blocked" html="false" placeholder="false">Access not allowed; the community has been blocked by the main administrator.</item>
  <item name="LNBdettagli.text" html="false" placeholder="false">Details</item>
  <item name="LNBdettagli.status" disambiguation="singolare" html="false" placeholder="false">Community details</item>
  <item name="DGComunita.IMBnews.ImageUrl" html="false" placeholder="false" hidden="true">./../images/HasNews.gif</item>
  <item name="DGComunita.IMBnews.status" html="false" placeholder="false">Last news.</item>
  <item name="DGComunita.IMBnews.AlternateText" html="false" placeholder="false">News</item>
  <item name="LNBnews.text" html="false" placeholder="false">Read news</item>
  <item name="LNBnews.status" html="false" placeholder="false">Last news.</item>
  <item name="DGComunita.IMBdeiscrivi.status" html="false" placeholder="false">Delete registration from current community</item>
  <item name="DGComunita.IMBdeiscrivi.ToolTip" html="false" placeholder="false">Unsubscribe</item>
  <item name="DGComunita.IMBdeiscrivi.AlternateText" html="false" placeholder="false">Unsubscribe</item>
  <item name="DGComunita.IMBdeiscrivi.ImageUrl" html="false" placeholder="false" hidden="true">./../images/x.gif</item>
  <item name="DGComunita.IMBdeiscrivi.ImageUrl_disabled" html="false" placeholder="false" hidden="true">./../images/x_d.gif</item>
  <item name="DGComunita.IMBdeiscrivi.status_disabled" html="false" placeholder="false">Not allowed Unsubscr.</item>
  <item name="DGComunita.IMBdeiscrivi.AlternateText_disabled" html="false" placeholder="false">Not allowed Unsubscr</item>
  <item name="DGComunita.IMBdeiscrivi.ConfirmText" html="false" placeholder="false">Are you sure you want to unsubscribe?</item>
  <item name="DGComunita.TPCM_Descrizione.HeaderText" description="Relativo a Comunità" html="false" placeholder="false">Type</item>
  <item name="DGComunita.CMNT_Nome.HeaderText" html="false" placeholder="false">Name</item>
  <item name="DGComunita.AnnoAccademico.HeaderText" disambiguation="A.A.=Anno accademico" html="false" placeholder="false">A.Y.</item>
  <item name="DGComunita.Periodo.HeaderText" html="false" placeholder="false">Period</item>
  <item name="DGComunita.TPRL_nome.HeaderText" html="false" placeholder="false">Role</item>
  <item name="DGComunita.RLPC_UltimoCollegamento.HeaderText" html="false" placeholder="false">Last visit</item>
  <item name="LBlegend.text" disambiguation="singolare" html="false" placeholder="false">Community details</item>
  <item name="BTNnascondi.text" html="false" placeholder="false">Back</item>
  <item name="LBstatoComunita_t.text" description="Relativo a Comunità" disambiguation="status: attivo/chiuso/in corso/valutazione" html="false" placeholder="false">Status:</item>
  <item name="RBLstatoComunita.-1" disambiguation="Relativo a Comunità" html="false" placeholder="false">All</item>
  <item name="RBLstatoComunita.0" disambiguation="Relativo a Comunità" html="false" placeholder="false">Active</item>
  <item name="RBLstatoComunita.1" disambiguation="Relativo a Comunità" html="false" placeholder="false">Archived</item>
  <item name="RBLstatoComunita.2" disambiguation="Relativo a Comunità" html="false" placeholder="false">blocked</item>
  <item name="LNBapriFiltro.text" html="true" placeholder="false">&lt;img src='./../images/filtro_open.gif' alt='' align=middle&gt;View filter</item>
  <item name="LNBapriFiltro.status" html="false" placeholder="false">View community filter</item>
  <item name="LNBapriFiltro.Tooltip" html="false" placeholder="false">View community filter</item>
  <item name="LNBchiudiFiltro.text" html="true" placeholder="false">&lt;img src='./../images/filtro_close.gif' alt='' align=middle&gt;Hide filters</item>
  <item name="LNBchiudiFiltro.status" html="false" placeholder="false">Hide filters</item>
  <item name="LNBchiudiFiltro.Tooltip" html="false" placeholder="false">Hide filters</item>
  <item name="LNBalberoGerarchico.text" description="Albero inteso come rappresentazione grafica" html="false" placeholder="false">Hierarchical tree</item>
  <item name="LNBalberoGerarchico.status" description="Albero inteso come rappresentazione grafica" html="false" placeholder="false">Hierarchical tree</item>
  <item name="LNBalberoGerarchico.Tooltip" description="Albero inteso come rappresentazione grafica" html="false" placeholder="false">Hierarchical tree</item>
  <item name="LNBalbero.text" description="Albero inteso come rappresentazione grafica" html="false" placeholder="false">Community Tree</item>
  <item name="LNBalbero.status" description="Albero inteso come rappresentazione grafica" html="false" placeholder="false">Community Tree</item>
  <item name="LNBalbero.Tooltip" description="Albero inteso come rappresentazione grafica" html="false" placeholder="false">Community Tree</item>
  <item name="LNBannullaDettagli.text" html="false" placeholder="false">Back to list</item>
  <item name="LNBannullaDettagli.status" html="false" placeholder="false">Back to list</item>
  <item name="LNBannullaDettagli.Tooltip" html="false" placeholder="false">Back to list</item>
  <item name="LNBentra.text" html="false" placeholder="false">Access</item>
  <item name="LNBentra.status" html="false" placeholder="false">Access</item>
  <item name="LNBentra.Tooltip" html="false" placeholder="false">Access</item>
  <item name="LNBannulla.text" html="false" placeholder="false">Back to list</item>
  <item name="LNBannulla.status" html="false" placeholder="false">Back to list</item>
  <item name="LNBannulla.Tooltip" html="false" placeholder="false">Back to list</item>
  <item name="LNBannullaDeIscrizione.text" html="false" placeholder="false">Back to list</item>
  <item name="LNBannullaDeIscrizione.status" html="false" placeholder="false">Back to list</item>
  <item name="LNBannullaDeIscrizione.Tooltip" html="false" placeholder="false">Back to list</item>
  <item name="LBdeiscrivi_t.text" html="false" placeholder="false">Registration deletion:</item>
  <item name="LNBdeIscriviCorrente.text" disambiguation="relativo a cancella iscrizione da comunità selezionate" html="false" placeholder="false">From main</item>
  <item name="LNBdeIscriviCorrente.status" disambiguation="relativo a cancella iscrizione da comunità selezionate" html="false" placeholder="false">From main</item>
  <item name="LNBdeIscriviCorrente.Tooltip" disambiguation="relativo a cancella iscrizione da comunità selezionate" html="false" placeholder="false">From main</item>
  <item name="LNBdeIscriviCorrente.ConfirmText" html="false" placeholder="false">Are you sure you want to delete your own enrolment in the selected community?</item>
  <item name="LNBdeIscriviSelezionate.text" disambiguation="relativo a cancella iscrizione da comunità selezionate" html="false" placeholder="false">From selected ones</item>
  <item name="LNBdeIscriviSelezionate.status" disambiguation="relativo a cancella iscrizione da comunità selezionate" html="false" placeholder="false">From selected ones</item>
  <item name="LNBdeIscriviSelezionate.Tooltip" disambiguation="relativo a cancella iscrizione da comunità selezionate" html="false" placeholder="false">From selected ones</item>
  <item name="LNBdeIscriviSelezionate.ConfirmText" html="false" placeholder="false">Are you sure you want to delete your own enrolment in the selected community and in all its sub-communities?</item>
  <item name="LNBdeIscriviDaTutte.text" disambiguation="relativo a cancella iscrizione da comunità selezionate" html="false" placeholder="false">From everyone</item>
  <item name="LNBdeIscriviDaTutte.status" disambiguation="relativo a cancella iscrizione da comunità selezionate" html="false" placeholder="false">From everyone</item>
  <item name="LNBdeIscriviDaTutte.Tooltip" disambiguation="relativo a cancella iscrizione da comunità selezionate" html="false" placeholder="false">From everyone</item>
  <item name="LNBdeIscriviSelezionate.ConfirmText" html="false" placeholder="false">Sicuro di voler cancellare la propria iscrizione dalla comunità selezionata e dalle relativa sotto-comunità ?</item>
  <item name="LBMessaggi.-1" html="false" placeholder="false">Sorry, your registration is still under examination, so it is impossible to login.</item>
  <item name="LBMessaggi.0" html="false" placeholder="false">Sorry, the community access is currently  disabled.</item>
  <item name="LBMessaggi.3" html="false" placeholder="false">Sorry, this community is currently blocked, access is disabled for all the enrollees.</item>
  <item name="LBinfoDeIscrivi.text" html="true" placeholder="false" mustcontains="#%%#">The community &lt;b&gt;" #%%# "&lt;/b&gt;, from which you want to unsubscribe, has some sub-communities in which you are enrolled, do you want to9 unsubcribe from these too?</item>
  <item name="ComunitaForCancella" html="false" placeholder="false">Are you sure you want to unsubscribe from the selected comunities?</item>
  <item name="Creata" description="relativo ad iscrizione a comunità" html="false" placeholder="false">Created by:</item>
  <item name="stato.True" html="false" placeholder="false">Registration request MUST be validated.</item>
  <item name="stato.False" html="false" placeholder="false">Access allowed to everybody.</item>
  <item name="stato.image.True" html="false" placeholder="false" hidden="true">lucchetto_closed.gif</item>
  <item name="stato.image.False" html="false" placeholder="false" hidden="true">lucchetto_open.gif</item>
  <item name="messaggioComunita.2" html="false" placeholder="false">Sorry, as community manager you can not unsubscribe.</item>
  <item name="messaggioComunita.3" html="false" placeholder="false">Closed communities</item>
  <item name="messaggioComunita.4" html="false" placeholder="false">Community is archived, unsubscription is not allowed</item>
  <item name="messaggioComunita.5" html="false" placeholder="false">L'accesso alla comunità NON è consentito a tutti i suoi componenti, compresi amministratori e responsabile, perciò la procedura di de-iscrizione è altresì disabilitata.</item>
  <item name="LogoutMessage" html="false" placeholder="false">Sorry, your session has expired, you have to log into the system again.</item>
  <item name="NONattivati" html="false" placeholder="false">Access confirmation pending</item>
  <item name="NONabilitati" html="false" placeholder="false">Access blocked</item>
  <item name="messaggio.Organizzazione" html="false" placeholder="false">It is not possible to unsubscribe from your own organization</item>
  <item name="messaggio.Coordinamento" html="false" placeholder="false">It is not possible to unsubscribe from a coordination type community.</item>
  <item name="messaggio.NodeIscrizione" html="false" placeholder="false">It is not possible to unsubscribe from the selected community.</item>
  <item name="oRootNode.ToolTip" html="false" placeholder="false">List of the communities from which unsubscribe users:</item>
  <item name="oRootNode.Text" disambiguation="singolare" html="false" placeholder="false">Community: </item>
  <item name="NoNode.Text" html="false" placeholder="false">No community was found from which unsubscribe.</item>
  <item name="NoNode.ToolTip" html="false" placeholder="false">No community was found from which unsubscribe.</item>
  <item name="LBLBanner.text" html="true" placeholder="false">Do you want to improve &lt;br&gt; Comunità On Line? &lt;br&gt; Partecipate &lt;br&gt; to the On-Line quastionnaire!</item>
  <item name="LBLBannerLink.text" html="false" placeholder="false">Click HERE to participate</item>
  <item name="LThasnews.text" description="Tradurre solo: 'novità', Leggi News" html="true" placeholder="true" mustcontains="{3}|{0}|{1}|{2}">&amp;nbsp;&lt;a class='{3}' href='{0}' Title='{1} novità'&gt;&lt;img src='{2}'&gt; Read News&lt;/a&gt;</item>
</Resource>