<?xml version="1.0" encoding="utf-8"?>
<Resource xmlns:xsi="http://www.w3.org/2001/XMLSchema-instance" xmlns:xsd="http://www.w3.org/2001/XMLSchema" xmlns="urn:ComolTranslation">
  <item name="LBtitolo.text" html="false" placeholder="false">Enrollees management</item>
  <item name="LBNopermessi.text" html="false" placeholder="false">You do not have permission to access this page.</item>
  <item name="LNBnascondi.status" html="false" placeholder="false">Back</item>
  <item name="LNBnascondi.text" html="false" placeholder="false">Back</item>
  <item name="LNBnascondi.ToolTip" html="false" placeholder="false">Back</item>
  <item name="TABlast.Text" html="false" placeholder="false">Last enrollees</item>
  <item name="TABlast.ToolTip" html="false" placeholder="false">Last enrollees</item>
  <item name="TABtutti.Text" disambiguation="relativo ad iscritti" html="false" placeholder="false">All</item>
  <item name="TABtutti.ToolTip" html="false" placeholder="false">List all the enrolled</item>
  <item name="TABabilitati.Text" disambiguation="relativo ad iscritti" html="false" placeholder="false">Enabled</item>
  <item name="TABabilitati.ToolTip" html="false" placeholder="false">List all the enabled enrolled</item>
  <item name="TABbloccati.Text" disambiguation="relativo ad iscritti" html="false" placeholder="false">Blocked</item>
  <item name="TABbloccati.ToolTip" html="false" placeholder="false">List all the blocked enrolled</item>
  <item name="TABinAttesa.Text" disambiguation="relativo ad iscritti" html="false" placeholder="false">To be confirmed</item>
  <item name="TABinAttesa.ToolTip" html="false" placeholder="false">List all the enrollees waiting for confirmation</item>
  <item name="TABaggiungi.Text" html="false" placeholder="false">Add User</item>
  <item name="TABaggiungi.ToolTip" html="false" placeholder="false">Add User</item>
  <item name="IMBstampa.status" html="false" placeholder="false">Print users</item>
  <item name="IMBstampa.ToolTip" html="false" placeholder="false">Print users</item>
  <item name="DDLTipoRicerca.-2" description="relativo ad utente" html="false" placeholder="false">Name</item>
  <item name="DDLTipoRicerca.-3" description="relativo ad utente" html="false" placeholder="false">Surname</item>
  <item name="DDLTipoRicerca.-4" description="relativo ad utente" html="false" placeholder="false">Name/Surname</item>
  <item name="DDLTipoRicerca.-5" html="false" placeholder="false">Birth date(dd/mm/yyyy)</item>
  <item name="DDLTipoRicerca.-6" html="false" placeholder="false">Matriculation number</item>
  <item name="DDLTipoRicerca.-7" html="false" placeholder="false">Login</item>
  <item name="BTNCerca.text" html="false" placeholder="false">Search</item>
  <item name="LKBaltro.status" html="false" placeholder="false">Other characters</item>
  <item name="LKBaltro.text" disambiguation="Relativo a caratteri" html="false" placeholder="false">Other</item>
  <item name="LKBaltro.ToolTip" html="false" placeholder="false">Other characters</item>
  <item name="LKBtutti.status" html="false" placeholder="false">All</item>
  <item name="LKBtutti.text" disambiguation="Relativo a caratteri" html="false" placeholder="false">All</item>
  <item name="LKBtutti.ToolTip" disambiguation="Relativo a caratteri" html="false" placeholder="false">All</item>
  <item name="Lettera.status" disambiguation="lettera=carattere" html="false" placeholder="true" mustcontains="#%%#">Letter #%%#</item>
  <item name="Lettera.ToolTip" disambiguation="lettera=carattere" html="false" placeholder="true" mustcontains="#%%#">Letter #%%#</item>
  <item name="DGiscritti.page" html="false" placeholder="true" mustcontains="#%%#">Page &lt;#%%#&gt;</item>
  <item name="DGiscritti.ordinamento.0.status" html="false" placeholder="true" mustcontains="#%%#">Ascending order by &lt;#%%#&gt;</item>
  <item name="DGiscritti.ordinamento.1.status" html="false" placeholder="true" mustcontains="#%%#">Descending order by &lt;#%%#&gt;</item>
  <item name="DGiscritti.ordinamento.2.status" html="false" placeholder="true" mustcontains="#%%#">Order by &lt;#%%#&gt;</item>
  <item name="DGiscritti.IMBmodifica.ImageUrl" html="false" placeholder="false" hidden="true">../images/m.gif</item>
  <item name="DGiscritti.IMBmodifica.status" html="false" placeholder="false">Modify role.</item>
  <item name="DGiscritti.IMBmodifica.AlternateText" html="false" placeholder="false">Modify role.</item>
  <item name="DGiscritti.IMBCancella.ImageUrl" html="false" placeholder="false" hidden="true">../images/x.gif</item>
  <item name="DGiscritti.IMBCancella.status" html="false" placeholder="false">Unsubscribe.</item>
  <item name="DGiscritti.IMBCancella.AlternateText" html="false" placeholder="false">Unsubscribe.</item>
  <item name="DGiscritti.IMBCancella.ConfirmText" html="false" placeholder="false">Are you sure you want to unsubscribe the selected person?</item>
  <item name="DGiscritti.IMBinfo.ImageUrl" disambiguation="non tradurre" html="false" placeholder="false" mustcontains="../images/proprieta.gif">../images/proprieta.gif</item>
  <item name="DGiscritti.IMBinfo.status" html="false" placeholder="false">User info</item>
  <item name="DGiscritti.IMBinfo.AlternateText" html="false" placeholder="false">User info</item>
  <item name="DGiscritti.anagrafica.HeaderText" html="false" placeholder="false">Vital statistics</item>
  <item name="DGiscritti.nome.HeaderText" description="relativo ad utente" html="false" placeholder="false">Name</item>
  <item name="DGiscritti.cognome.HeaderText" description="relativo ad utente" html="false" placeholder="false">Surname</item>
  <item name="DGiscritti.login.HeaderText" html="false" placeholder="false">Login</item>
  <item name="DGiscritti.ruolo.HeaderText" html="false" placeholder="false">Role</item>
  <item name="DGiscritti.mail.HeaderText" html="false" placeholder="false">Mail</item>
  <item name="DGiscritti.ultimoCollegamento.HeaderText" html="false" placeholder="false">Last visit</item>
  <item name="DGiscritti.iscrittoIl.HeaderText" html="false" placeholder="false">Registerd on</item>
  <item name="BTNok.text" html="false" placeholder="false">ok</item>
  <item name="LBseleziona.text" html="false" placeholder="false" mustcontains="(">For the selected users (</item>
  <item name="LKBabilita.text" disambiguation="relativo ad utente" html="false" placeholder="false">Enable</item>
  <item name="LKBabilita.status" disambiguation="relativo ad utente" html="false" placeholder="false">Enable</item>
  <item name="LKBdisabilita.text" disambiguation="relativo ad utente" html="false" placeholder="false">Disable</item>
  <item name="LKBdisabilita.status" disambiguation="relativo ad utente" html="false" placeholder="false">Disable</item>
  <item name="LKBelimina.text" description="relativo ad utente" html="false" placeholder="false">Delete</item>
  <item name="LKBelimina.status" description="relativo ad utente" html="false" placeholder="false">Delete</item>
  <item name="LKBcancellaInAttesa.text" disambiguation="relativo ad iscritto" html="false" placeholder="false">Delete the waiting ones</item>
  <item name="LKBcancellaInAttesa.status" disambiguation="relativo ad iscritto" html="false" placeholder="false">Delete the waiting ones</item>
  <item name="LBcambiaRuolo.text" description="relativo ad utente" html="false" placeholder="false">Change role</item>
  <item name="LBanagrafica_t.text" html="false" placeholder="false">Vital statistics:&amp;nbsp;</item>
  <item name="LBruolo_t.text" html="false" placeholder="false">Role:&amp;nbsp;</item>
  <item name="LBresponsabile_t.text" html="false" placeholder="false">Person in charge:&amp;nbsp;</item>
  <item name="CHBresponsabile.text" html="false" placeholder="false">Yes</item>
  <item name="LNBannulla.text" html="false" placeholder="false">Back to list</item>
  <item name="LNBannulla.status" html="false" placeholder="false">Back to list</item>
  <item name="LNBannulla.ToolTip" html="false" placeholder="false">Back to list</item>
  <item name="LNBsalva.text" html="false" placeholder="false">Save changes</item>
  <item name="LNBsalva.status" html="false" placeholder="false">Save changes</item>
  <item name="LNBsalva.ToolTip" html="false" placeholder="false">Save changes</item>
  <item name="LNBannullaDeiscrizione.text" html="false" placeholder="false">Back to users list</item>
  <item name="LNBannullaDeiscrizione.status" html="false" placeholder="false">Back to users list</item>
  <item name="LNBannullaDeiscrizione.ToolTip" html="false" placeholder="false">Back to users list</item>
  <item name="LNBdeIscriviCorrente.text" html="false" placeholder="false">Unsubscribe from current</item>
  <item name="LNBdeIscriviCorrente.status" html="false" placeholder="false">Unsubscribe from current</item>
  <item name="LNBdeIscriviCorrente.ToolTip" html="false" placeholder="false">Unsubscribe from current communtiy</item>
  <item name="LNBdeIscriviTutte.text" html="false" placeholder="false">Unsubscribe from all</item>
  <item name="LNBdeIscriviTutte.status" html="false" placeholder="false">Unsubscribe from all</item>
  <item name="LNBdeIscriviTutte.ToolTip" html="false" placeholder="false">Unsubscribe from all</item>
  <item name="LNBannulla_multi.text" html="false" placeholder="false">Cancel</item>
  <item name="LNBannulla_multi.status" html="false" placeholder="false">Cancel</item>
  <item name="LNBannulla_multi.ToolTip" html="false" placeholder="false">Cancel</item>
  <item name="LNBdeIscriviCorrente_multi.text" html="false" placeholder="false">Delete registration </item>
  <item name="LNBdeIscriviCorrente_multi.status" html="false" placeholder="false">Delete registration from current community.</item>
  <item name="LNBdeIscriviCorrente_multi.ToolTip" html="false" placeholder="false">Delete registration from current community.</item>
  <item name="LNBdeIscriviTutte_multi.text" html="false" placeholder="false">Unsubscribe from all</item>
  <item name="LNBdeIscriviTutte_multi.status" html="false" placeholder="false">Unsubscribe from all</item>
  <item name="LNBdeIscriviTutte_multi.ToolTip" html="false" placeholder="false">Unsubscribe from all</item>
  <item name="LBnoIscritti.0.text" html="false" placeholder="false">No user in this category</item>
  <item name="LBnoIscritti.1.text" html="false" placeholder="false">Sorry, currently there are no users according to the specified searc criteria</item>
  <item name="DDLruolo.-1" disambiguation="Relativo a tipo ruolo" html="false" placeholder="false">-- no role --</item>
  <item name="DDLTipoRuolo.-1" disambiguation="Relativo a tipi ruolo" html="false" placeholder="false">-- All --</item>
  <item name="LBinfoDeIscrivi_multiplo.text" html="true" placeholder="false">Are you sure you want to unsubscribe the selected users? &lt;br&gt; use the buttons at the upper-right corner to cancel operation, to unsubscribe only from current community or unsubscribe from all the sub-communitites too.</item>
  <item name="creata" html="false" placeholder="false">Created by:</item>
  <item name="LBinfoDeIscrivi.text" html="false" placeholder="true" mustcontains="#%#">The selected person (#%#) that you want to unsubscribe, is enrolled in other sub-communities. Do you want to unsubscribe him/her also from the communities listed below?</item>
  <item name="LBtipoRuolo_t.text" html="false" placeholder="false">Role:</item>
  <item name="LBnumeroRecord_t.text" html="false" placeholder="false">N° Record:</item>
  <item name="LBtipoRicerca_t.text" html="false" placeholder="false">Search by:</item>
  <item name="LBvalore_t.text" description="Valore per la ricerca" html="false" placeholder="false">Value:</item>
  <item name="LBlegendaSingoli.text" html="false" placeholder="false">Community list</item>
  <item name="LNBgotoGestioneComunita.text" html="false" placeholder="false">Back to community management</item>
  <item name="LNBgotoGestioneComunita.status" html="false" placeholder="false">Back to community management</item>
  <item name="LNBgotoGestioneComunita.ToolTip" html="false" placeholder="false">Back to community management</item>
  <item name="LBparentesi.text" html="false" placeholder="false" hidden="true">):</item>
  <item name="IMBexcel.status" html="false" placeholder="false" mustcontains="Excel">Export list in Excel format</item>
  <item name="IMBexcel.ToolTip" html="false" placeholder="false" mustcontains="Excel">Export in Excel</item>
  <item name="LNBstampa.text" html="false" placeholder="false">Print list</item>
  <item name="LNBstampa.status" html="false" placeholder="false">Print user list</item>
  <item name="LNBstampa.ToolTip" html="false" placeholder="false">Print user list</item>
  <item name="LNBexcel.text" html="false" placeholder="false" mustcontains="Excel">Export in Excel</item>
  <item name="LNBexcel.status" html="false" placeholder="false" mustcontains="Excel">Export list in Excel format</item>
  <item name="LNBexcel.ToolTip" html="false" placeholder="false" mustcontains="Excel">Export in Excel</item>
  <item name="Excel.comunita" html="false" placeholder="true" mustcontains="#c#">Community enrollees #c#</item>
  <item name="Excel.organizzazione" html="false" placeholder="true" mustcontains="#c#">Organization #c#</item>
  <item name="Excel.stampato" html="false" placeholder="true" mustcontains="#data#|#users#">Printed on #data# by #users#</item>
  <item name="abilitato.1" disambiguation="relativo ad iscritto" html="false" placeholder="false">Enabled</item>
  <item name="abilitato.0" disambiguation="relativo ad iscritto" html="false" placeholder="false">Blocked</item>
  <item name="abilitato.-1" disambiguation="relativo ad iscritto" html="false" placeholder="false">To be confirmed</item>
  <item name="Excel.Matricola" html="false" placeholder="false">Matriculation number</item>
  <item name="Excel.Nome" description="relativo ad utente" html="false" placeholder="false">Name</item>
  <item name="Excel.Cognome" description="relativo ad utente" html="false" placeholder="false">Surname</item>
  <item name="Excel.Login" html="false" placeholder="false">Login</item>
  <item name="Excel.Mail" html="false" placeholder="false">Mail</item>
  <item name="Excel.Ruolo" description="relativo ad utente" html="false" placeholder="false">Role</item>
  <item name="Excel.IscrittoIl" html="false" placeholder="false">Registerd on</item>
  <item name="Excel.UltimoCollegamento">Last  link</item>
  <item name="Excel.Status">Status</item>
  <item name="Excel.noMatricola" disambiguation="relativo ad utente" html="false" placeholder="false">Matriculation pending</item>
  <item name="LogoutMessage" html="false" placeholder="false">Sorry, your session has expired, you have to log into the system again.</item>
  <item name="NONattivati" html="false" placeholder="false">Not enabled users.</item>
  <item name="NONabilitati" html="false" placeholder="false">Not enabled users.</item>
  <item name="stato.True" html="false" placeholder="false">Registration request MUST be validated.</item>
  <item name="stato.False" html="false" placeholder="false">Access allowed to everybody.</item>
  <item name="stato.image.True" html="false" placeholder="false" hidden="true">lucchetto_closed.gif</item>
  <item name="stato.image.False" html="false" placeholder="false" hidden="true">lucchetto_open.gif</item>
</Resource>