<?xml version="1.0" encoding="utf-8"?>
<Resource xmlns:xsi="http://www.w3.org/2001/XMLSchema-instance" xmlns:xsd="http://www.w3.org/2001/XMLSchema" xmlns="urn:ComolTranslation">
  <item name="LBTitolo.text" html="false" placeholder="false">Default service</item>
  <item name="LBNopermessi.text" html="false" placeholder="false">You do not have permission to access this page</item>
  <item name="LogoutMessage" html="false" placeholder="false">Sorry, your session has expired, you have to log into the system again.</item>
  <item name="LKBaggiorna.status" html="false" placeholder="false">Save settings</item>
  <item name="LKBaggiorna.text" html="false" placeholder="false">Save settings</item>
  <item name="LKBaggiorna.ToolTip" html="false" placeholder="false">Save settings</item>
  <item name="LBNopermessi.text" html="false" placeholder="false">Non si dispone dei permessi necessari per accedere a questa pagina.</item>
  <item name="LBavviso.text" html="false" placeholder="false">ATTENTION: if in the community the "cover" is on, by clicking on it, you access the default service. If the "cover" is off, you access directly to the service selected by default.    </item>
  <item name="LBpaginaDefault_t.text" html="true" placeholder="false">At the access redirect the user to the service:&amp;nbsp;</item>
  <item name="disattivato" html="false" placeholder="false">- Deactivated -</item>
</Resource>