<?xml version="1.0" encoding="utf-8"?>
<Resource xmlns:xsi="http://www.w3.org/2001/XMLSchema-instance" xmlns:xsd="http://www.w3.org/2001/XMLSchema" xmlns="urn:ComolTranslation">
  <item name="LBtitolo.text" html="false" placeholder="false">Subcommunnities registered users management</item>
  <item name="LBNopermessi.text" html="false" placeholder="false">You do not have permission to access this page.</item>
  <item name="LogoutMessage" html="false" placeholder="false">Sorry, your session has expired, you have to log into the system again.</item>
  <item name="LKBaltro.status" html="false" placeholder="false">Other characters</item>
  <item name="LKBaltro.text" description="Altri caratteri" disambiguation="Relativo a caratteri" html="false" placeholder="false">Other</item>
  <item name="LKBaltro.ToolTip" html="false" placeholder="false">Other characters</item>
  <item name="LKBtutti.status" html="false" placeholder="false">all characters</item>
  <item name="LKBtutti.text" description="Tutti i caratteri" disambiguation="Relativo a caratteri" html="false" placeholder="false">All</item>
  <item name="LKBtutti.ToolTip" html="false" placeholder="false">all characters</item>
  <item name="Lettera.status" disambiguation="lettera=carattere" html="false" placeholder="true" mustcontains="#%%#">Letter #%%#</item>
  <item name="Lettera.ToolTip" disambiguation="lettera=carattere" html="false" placeholder="true" mustcontains="#%%#">Letter #%%#</item>
  <item name="LBtipoRicerca_t.text" html="false" placeholder="false">Search by:</item>
  <item name="LBvalore_t.text" html="false" placeholder="false">Value:</item>
  <item name="DDLtipoRicerca.-1" html="false" placeholder="false">All</item>
  <item name="DDLtipoRicerca.1" description="relativo ad utente" html="false" placeholder="false">Name</item>
  <item name="DDLtipoRicerca.2" description="relativo ad utente" html="false" placeholder="false">Surname</item>
  <item name="DDLtipoRicerca.3" html="false" placeholder="false">Birth date</item>
  <item name="DDLtipoRicerca.4" html="false" placeholder="false">Matriculation number</item>
  <item name="DDLtipoRicerca.5" html="false" placeholder="false">Mail</item>
  <item name="DDLtipoRicerca.6" html="false" placeholder="false">Tax code</item>
  <item name="DDLtipoRicerca.7" html="false" placeholder="false">Login</item>
  <item name="DDLtipoAttivazione.-1" disambiguation="relativo ad utente (attivazione)" html="false" placeholder="false">Indipendent</item>
  <item name="DDLtipoAttivazione.1" disambiguation="relativo ad utenti (attivazione)" html="false" placeholder="false">Activated</item>
  <item name="DDLtipoAttivazione.2" disambiguation="relativo ad utenti (attivazione)" html="false" placeholder="false">Blocked</item>
  <item name="DDLtipoAttivazione.0" disambiguation="relativo ad utenti (attivazione)" html="false" placeholder="false">Pending</item>
  <item name="BTNcerca.text" html="false" placeholder="false">Search</item>
  <item name="BTNcerca.ToolTip" html="false" placeholder="false">Search</item>
  <item name="LBtipoRicerca_t.text" html="false" placeholder="false">Cerca per:</item>
  <item name="LBvalore_t.text" html="false" placeholder="false">Valore:</item>
  <item name="DGiscritti.page" html="false" placeholder="true" mustcontains="#%%#">Page &lt;#%%#&gt;</item>
  <item name="DGiscritti.ordinamento.0.status" html="false" placeholder="true" mustcontains="#%%#">Ascending order by &lt;#%%#&gt;</item>
  <item name="DGiscritti.ordinamento.1.status" html="false" placeholder="true" mustcontains="#%%#">Descending order by &lt;#%%#&gt;</item>
  <item name="DGiscritti.ordinamento.2.status" html="false" placeholder="true" mustcontains="#%%#">Order by &lt;#%%#&gt;</item>
  <item name="DGiscritti.matricola.HeaderText" html="false" placeholder="false">Matriculation number</item>
  <item name="DGiscritti.PRSN_Anagrafica.HeaderText" description="relativo ad utente" html="false" placeholder="false">Vital statistics</item>
  <item name="DGiscritti.nome.HeaderText" description="relativo ad utente" html="false" placeholder="false">Name</item>
  <item name="DGiscritti.cognome.HeaderText" description="relativo ad utente" html="false" placeholder="false">Surname</item>
  <item name="DGiscritti.PRSN_login.HeaderText" html="false" placeholder="false">Login</item>
  <item name="DGiscritti.Mail.HeaderText" html="false" placeholder="false">Mail</item>
  <item name="DGiscritti.TPRL_nome.HeaderText" html="false" placeholder="false">Role</item>
  <item name="DGiscritti.TPPR_descrizione.HeaderText" html="false" placeholder="false">User type</item>
  <item name="DGiscritti.RLPC_ultimoCollegamento.HeaderText" html="false" placeholder="false">Last visit</item>
  <item name="DGiscritti.RLPC_IscrittoIl.HeaderText" html="false" placeholder="false">Registerd on</item>
  <item name="DGiscritti.IMBCancella.ImageUrl" html="false" placeholder="false" hidden="true">../images/x.gif</item>
  <item name="DGiscritti.IMBCancella.status" html="false" placeholder="false">Unsubscribe.</item>
  <item name="DGiscritti.IMBCancella.AlternateText" html="false" placeholder="false">Unsubscribe.</item>
  <item name="DGiscritti.IMBCancella.ConfirmText" html="false" placeholder="false">Are you sure you want to unsubscribe the selected person?</item>
  <item name="DGiscritti.IMBinfo.ImageUrl" html="false" placeholder="false" hidden="true">../images/proprieta.gif</item>
  <item name="DGiscritti.IMBinfo.status" html="false" placeholder="false">User info</item>
  <item name="DGiscritti.IMBinfo.AlternateText" html="false" placeholder="false">User info</item>
  <item name="DGiscritti.IMBmodifica.ImageUrl" html="false" placeholder="false" hidden="true">../images/m.gif</item>
  <item name="DGiscritti.IMBmodifica.status" html="false" placeholder="false">Modify role.</item>
  <item name="DGiscritti.IMBmodifica.AlternateText" html="false" placeholder="false">Modify role.</item>
  <item name="HYPstampa.status" html="false" placeholder="false">Print enrolees</item>
  <item name="HYPstampa.ToolTip" html="false" placeholder="false">Print enrolees</item>
  <item name="IMBexcel.status" html="false" placeholder="false" mustcontains="Excel">Export list in Excel format</item>
  <item name="IMBexcel.ToolTip" html="false" placeholder="false" mustcontains="Excel">Export in Excel</item>
  <item name="Excel.comunita" html="false" placeholder="true" mustcontains="#c#">Community enrollees #c#</item>
  <item name="Excel.organizzazione" html="false" placeholder="true" mustcontains="#c#">Organization #c#</item>
  <item name="Excel.stampato" html="false" placeholder="true" mustcontains="#data#|#users#">Printed on #data# by #users#</item>
  <item name="abilitato.1" disambiguation="relativo ad iscritto" html="false" placeholder="false">Enabled</item>
  <item name="abilitato.0" disambiguation="relativo ad iscritto" html="false" placeholder="false">Blocked</item>
  <item name="abilitato.-1" disambiguation="relativo ad iscritto" html="false" placeholder="false">To be confirmed</item>
  <item name="Excel.noMatricola" disambiguation="relativo ad utente" html="false" placeholder="false">Matriculation pending</item>
  <item name="LNBstampa.text" html="false" placeholder="false">Print list</item>
  <item name="LNBstampa.status" html="false" placeholder="false">Print user list</item>
  <item name="LNBstampa.ToolTip" html="false" placeholder="false">Print user list</item>
  <item name="LNBexcel.text" html="false" placeholder="false" mustcontains="Excel">Export in Excel</item>
  <item name="LNBexcel.status" html="false" placeholder="false" mustcontains="Excel">Export list in Excel format</item>
  <item name="LNBexcel.ToolTip" html="false" placeholder="false" mustcontains="Excel">Export in Excel</item>
  <item name="LNBfind.text" html="false" placeholder="false">Find users</item>
  <item name="LNBfind.status" html="false" placeholder="false">Find users</item>
  <item name="LNBfind.ToolTip" html="false" placeholder="false">Find users</item>
</Resource>