<?xml version="1.0" encoding="utf-8"?>
<Resource xmlns:xsi="http://www.w3.org/2001/XMLSchema-instance" xmlns:xsd="http://www.w3.org/2001/XMLSchema" xmlns="urn:ComolTranslation">
  <item name="LBtitolo.0.text" html="false" placeholder="false">Enrollment in the organizations</item>
  <item name="LBtitolo.1.text" html="false" placeholder="false">Enrollment in the subcommunities</item>
  <item name="LBtitolo.2.text" html="false" placeholder="true" mustcontains="#%%#">Enrollment in the subcommunities of:&amp;nbsp;#%%# -</item>
  <item name="LBtitolo.3.text" html="false" placeholder="false">Enrollment in the community </item>
  <item name="LBNopermessi.text" html="false" placeholder="false">Sorry, you do not have permission to access this page.</item>
  <item name="LogoutMessage" html="false" placeholder="false">Sorry, your session has expired, you have to log into the system again.</item>
  <item name="LKBaltro.status" html="false" placeholder="false">Other Characters</item>
  <item name="LKBaltro.text" html="false" placeholder="false">Other Characters</item>
  <item name="LKBaltro.ToolTip" html="false" placeholder="false">Other Characters</item>
  <item name="LKBtutti.status" disambiguation="Relativo a caratteri" html="false" placeholder="false">All</item>
  <item name="LKBtutti.text" disambiguation="Relativo a caratteri" html="false" placeholder="false">All</item>
  <item name="LKBtutti.ToolTip" disambiguation="Relativo a caratteri" html="false" placeholder="false">All</item>
  <item name="Lettera.status" disambiguation="lettera=carattere" html="false" placeholder="true" mustcontains="#%%#">Letter #%%#</item>
  <item name="Lettera.ToolTip" disambiguation="lettera=carattere" html="false" placeholder="true" mustcontains="#%%#">Letter #%%#</item>
  <item name="LNBfiltro.1.text" html="false" placeholder="false">Show filters</item>
  <item name="LNBfiltro.1.status" html="false" placeholder="false">Show filters</item>
  <item name="LNBfiltro.1.AlternateText" html="false" placeholder="false">Show filters</item>
  <item name="LNBfiltro.0.text" html="false" placeholder="false">Hide filters</item>
  <item name="LNBfiltro.0.status" html="false" placeholder="false">Hide filters</item>
  <item name="LNBfiltro.0.AlternateText" html="false" placeholder="false">Hide filters</item>
  <item name="LBannoAccademico_c.text" disambiguation="A.A.=Anno accademico" html="false" placeholder="false">A.Y.:</item>
  <item name="DDLannoAccademico.0" disambiguation="relativo ad anno accademico" html="false" placeholder="false">-- None --</item>
  <item name="DDLannoAccademico.-1" disambiguation="relativo ad anno accademico" html="false" placeholder="false">-- All --</item>
  <item name="LBperiodo_c.text" html="false" placeholder="false">Period:</item>
  <item name="DDLperiodo.0" disambiguation="relativo a periodo" html="false" placeholder="false">-- None --</item>
  <item name="DDLperiodo.-1" disambiguation="relativo a periodo" html="false" placeholder="false">-- All --</item>
  <item name="LBcorsoDiStudi_t.text" disambiguation="Cds=Corso di studi" html="false" placeholder="false">Cds type:</item>
  <item name="DDLtipoCorsoDiStudi.-1" disambiguation="relativo a tipo di corsi di studio (laurea)" html="false" placeholder="false">-- All --</item>
  <item name="DDLtipoCorsoDiStudi.-1" disambiguation="relativo a tipo di corsi di studio (laurea)" html="false" placeholder="false">-- Nessuno --</item>
  <item name="LBvalore_c.text" html="false" placeholder="false">Value:</item>
  <item name="LBtipoRicerca_c.text" html="false" placeholder="false">Search:</item>
  <item name="LBtipoComunita_c.text" disambiguation="relativo a tipo comunità" html="false" placeholder="false">Type:</item>
  <item name="DDLTipoRicerca.-2" html="false" placeholder="false">Name begins with</item>
  <item name="DDLTipoRicerca.-7" html="false" placeholder="false">Name contains..</item>
  <item name="DDLTipoRicerca.-5" html="false" placeholder="false">Enrollment date after the</item>
  <item name="DDLTipoRicerca.-6" html="false" placeholder="false">Registration ends the</item>
  <item name="DDLTipoRicerca.-3" html="false" placeholder="false">Created after the </item>
  <item name="DDLTipoRicerca.-4" html="false" placeholder="false">Created before the</item>
  <item name="DDLTipoRicerca.-9" html="false" placeholder="false">Of professor:</item>
  <item name="DDLTipoRicerca.-99" html="false" placeholder="false">Of the responsible:</item>
  <item name="RBLvisualizza.3" html="false" placeholder="false">Simple list</item>
  <item name="RBLvisualizza.2" html="false" placeholder="false">organizational community tree</item>
  <item name="RBLvisualizza.1" html="false" placeholder="false">community tree</item>
  <item name="CBXmostraPadre.text" html="false" placeholder="false"> Show membership community.</item>
  <item name="LBnumeroRecord_1.text" html="false" placeholder="false">N° record:</item>
  <item name="DLLTipo.-1" disambiguation="relativo a tipo comunità" html="false" placeholder="false">-- All --</item>
  <item name="BTNCerca.text" html="false" placeholder="false">Apply filters</item>
  <item name="elenco.0" html="false" placeholder="false">No community found, according to the specified criteria</item>
  <item name="elenco.1" html="false" placeholder="false">No community found.</item>
  <item name="registrazione.0" html="false" placeholder="false">Sorry, an error occurred while trying to register.</item>
  <item name="registrazione.1" html="true" placeholder="false">You have been correctly registered in the community but access is not enabled yet.&lt;br&gt;Your registration must be first examinated by a community administrator.</item>
  <item name="registrazione.2" html="false" placeholder="false">Sorry, enrollment has NOT been accepted, enrollments limit has been reached.</item>
  <item name="registrazione.3" html="false" placeholder="false">You were successfully enrolled in the selected community.</item>
  <item name="DGComunita.page" html="false" placeholder="true" mustcontains="#%%#">Page &lt;#%%#&gt;</item>
  <item name="DGComunita.ordinamento.0.status" html="false" placeholder="true" mustcontains="#%%#">Ascending order by &lt;#%%#&gt;</item>
  <item name="DGComunita.ordinamento.1.status" html="false" placeholder="true" mustcontains="#%%#">Descending order by &lt;#%%#&gt;</item>
  <item name="DGComunita.ordinamento.2.status" html="false" placeholder="true" mustcontains="#%%#">Order by &lt;#%%#&gt;</item>
  <item name="LNBdettagli.status" html="false" placeholder="false">Community details.</item>
  <item name="LNBdettagli.ToolTip" html="false" placeholder="false">Community details.</item>
  <item name="LNBdettagli.text" html="false" placeholder="false">Details</item>
  <item name="LNBiscrivi.status" html="false" placeholder="false">Enroll me in the selected community</item>
  <item name="LNBiscrivi.ToolTip" html="false" placeholder="false">Enroll me</item>
  <item name="LNBiscrivi.text" html="false" placeholder="false">Enroll me</item>
  <item name="iscrizioni.0" html="false" placeholder="true" mustcontains="#%%#">Enrollments opened on&amp;nbsp;#%%#</item>
  <item name="iscrizioni.1" html="false" placeholder="false">Enrollments closed</item>
  <item name="iscrizioni.2" html="false" placeholder="false">Registrations limit reached</item>
  <item name="iscrizioni.3" html="false" placeholder="true" mustcontains="#%%#"> &amp;nbsp;Register  &amp;nbsp;#%%#</item>
  <item name="DGComunita.TPCM_Descrizione.HeaderText" html="false" placeholder="false">Type</item>
  <item name="DGComunita.CMNT_Nome.HeaderText" html="false" placeholder="false">Name</item>
  <item name="DGComunita.AnnoAccademico.HeaderText" disambiguation="A.A.=Anno accademico" html="false" placeholder="false">A.Y.</item>
  <item name="DGComunita.Periodo.HeaderText" html="false" placeholder="false">Period</item>
  <item name="DGComunita.AnagraficaResponsabile.HeaderText" html="false" placeholder="false">Responsible</item>
  <item name="DGComunita.Iscritti.HeaderText" html="false" placeholder="false">N° registered users.</item>
  <item name="stato.True" html="false" placeholder="false">Registration still have to be accepted.</item>
  <item name="stato.False" html="false" placeholder="false">Free registration</item>
  <item name="stato.image.True" html="false" placeholder="false" hidden="true">lucchetto_closed.gif</item>
  <item name="stato.image.False" html="false" placeholder="false" hidden="true">lucchetto_open.gif</item>
  <item name="creata" html="false" placeholder="true" mustcontains="#%%#">(created by #%%# )</item>
  <item name="limiti" html="false" placeholder="false">up</item>
  <item name="limiti.superato" html="false" placeholder="true" mustcontains="#num1#|#numOver#|#limite#">#num1# (#numOver# in più) of #limite#"</item>
  <item name="LNBannullaConferma.text" html="false" placeholder="false">Back to list</item>
  <item name="LNBannullaConferma.status" html="false" placeholder="false">Back to list</item>
  <item name="LNBannullaConferma.ToolTip" html="false" placeholder="false">Back to list</item>
  <item name="LNBiscriviConferma.text" html="false" placeholder="false">Confirm  enrollment</item>
  <item name="LNBiscriviConferma.status" html="false" placeholder="false">Confirm  enrollment</item>
  <item name="LNBiscriviConferma.ToolTip" html="false" placeholder="false">Confirm  enrollment</item>
  <item name="LNBelencoIscritte.text" html="false" placeholder="false">Back to the enrolled ones</item>
  <item name="LNBelencoIscritte.status" html="false" placeholder="false">Back to the enrolled ones</item>
  <item name="LNBelencoIscritte.ToolTip" html="false" placeholder="false">Back to the enrolled ones</item>
  <item name="LNBiscriviAltre.text" html="false" placeholder="false">Other enrollment</item>
  <item name="LNBiscriviAltre.status" html="false" placeholder="false">Other enrollment</item>
  <item name="LNBiscriviAltre.ToolTip" html="false" placeholder="false">Other enrollment</item>
  <item name="LBconferma.text" html="false" placeholder="true" mustcontains="#nomeComunita#|#nomeResponsabile#">Confirm enrollment in the community "#nomeComunita#" - #nomeResponsabile# ?</item>
  <item name="LNBapriFiltro.text" html="true" placeholder="false">&lt;img src='./../images/filtro_open.gif' alt='' align=middle&gt;View filter</item>
  <item name="LNBapriFiltro.status" html="false" placeholder="false">View community filter</item>
  <item name="LNBapriFiltro.Tooltip" html="false" placeholder="false">View community filter</item>
  <item name="LNBchiudiFiltro.text" html="true" placeholder="false">&lt;img src='./../images/filtro_close.gif' alt='' align=middle&gt;Hide filters</item>
  <item name="LNBchiudiFiltro.status" html="false" placeholder="false">Hide filters</item>
  <item name="LNBchiudiFiltro.Tooltip" html="false" placeholder="false">Hide filters</item>
  <item name="messaggio.BloccataForCopisteria" html="false" placeholder="false">Non è possibile iscriversi, l'accesso per la copisteria NON è consentito !</item>
  <item name="messaggio.Bloccata" html="false" placeholder="false">It is not possible to enroll in a blocked community</item>
  <item name="messaggio.Archiviata" html="false" placeholder="false">It is not possible to enroll in an archived community</item>
  <item name="messaggio.NoIscrizione" html="false" placeholder="false">It is not possible to enroll in the selected community</item>
  <item name="CBXautoUpdate.text" html="false" placeholder="false">Update results</item>
  <item name="MessaggioSelezione" html="false" placeholder="false">Select at least a community</item>
  <item name="MessaggioConferma" html="false" placeholder="false">Confirm the enrollment in theselected communities?</item>
  <item name="ErroriIscrizioneComunita.1" html="false" placeholder="false">You were successfully enrolled in the selected community.</item>
  <item name="ErroriIscrizioneComunita.2" html="true" placeholder="false">You have been correctly registered in the community but access is not enabled yet.&lt;br&gt;Your registration must be first examinated by a community administrator.</item>
  <item name="ErroriIscrizioneComunita.-1" html="false" placeholder="false">Sorry, an error occurred while trying to register.</item>
  <item name="ErroriIscrizioneComunita.-2" html="false" placeholder="false">Sorry, enrollment has NOT been accepted, enrollments limit has been reached.</item>
  <item name="ErroriIscrizioneComunita.Multipla.1" html="true" placeholder="true" mustcontains="#nomeComunita#">You were successfully enrolled in the following communities:&lt;br&gt;#nomeComunita#</item>
  <item name="ErroriIscrizioneComunita.Multipla.2" html="true" placeholder="true" mustcontains="#nomeComunita#">You were successfully registered in the following communities:&lt;br&gt;#nomeComunita#&lt;br&gt;You can NOT access the community, yet. A responsible will consider your enrollment.</item>
  <item name="ErroriIscrizioneComunita.Multipla.-1" html="true" placeholder="true" mustcontains="#nomeComunita#">Sorry, an errror occurred while enrolling in these communities:&lt;br&gt;#nomeComunita#</item>
  <item name="ErroriIscrizioneComunita.Multipla.-2" html="true" placeholder="true" mustcontains="#nomeComunita#">Sorry, enrollment in the following communities:&lt;br&gt;#nomeComunita#&lt;br&gt;  has NOT been accepted, enrollments limit has been reached.</item>
  <item name="LBconfermaMultipla.text" html="false" placeholder="false">Confirm the enrollment in the selected communities ?</item>
  <item name="LNBiscriviMultipli.text" html="false" placeholder="false">Enroll me in the selected ones</item>
  <item name="LNBiscriviMultipli.status" html="false" placeholder="false">Enroll me in the selected communities</item>
  <item name="LNBiscriviMultipli.status" html="false" placeholder="false">Iscrivimi alle comunità selezionate</item>
  <item name="ISCRIZIONIdisattivate" html="false" placeholder="false">Enrollments DEACTIVATED (communities block., etc)</item>
  <item name="ISCRIZIONInonPossibili" html="false" placeholder="false">Enrollments NOT allowed (deadline, number of enrollees)</item>
</Resource>