<?xml version="1.0" encoding="utf-8"?>
<Resource xmlns:xsi="http://www.w3.org/2001/XMLSchema-instance" xmlns:xsd="http://www.w3.org/2001/XMLSchema" xmlns="urn:ComolTranslation">
  <item name="LBinfo.text" description="Informazioni iscritto" html="false" placeholder="false">Infos</item>
  <item name="LBanagrafica.text" html="false" placeholder="false">Vital statistics</item>
  <item name="LBlogin_c.text" html="false" placeholder="false">Login:</item>
  <item name="IMFoto.ToolTip" html="false" placeholder="false">Personal image</item>
  <item name="LBnome_t.text" description="relativo ad utente" html="false" placeholder="false">Name:</item>
  <item name="LBcognome_t.text" description="relativo ad utente" html="false" placeholder="false">Surname:</item>
  <item name="LBorganizzazione_t.text" html="false" placeholder="false">Organization:</item>
  <item name="LBlingua_c.text" html="false" placeholder="false">Language:</item>
  <item name="LBMail_c.text" html="false" placeholder="false">Mail:</item>
  <item name="LBHomePage_c.text" html="false" placeholder="false">Home Page:</item>
  <item name="LBdettagliRuolo.text" html="false" placeholder="false">Role details</item>
  <item name="LBMatricola_c.text" html="false" placeholder="false">Matriculation number:</item>
  <item name="LBImmatricolazione_c.text" html="false" placeholder="false">Matriculation:</item>
  <item name="LBCodice_c.text" description="relativo ad utente" html="false" placeholder="false">Code:</item>
  <item name="LBQualifica_c.text" disambiguation="qualifica=qualifica docenza universitaria" html="false" placeholder="false">Qualification :</item>
  <item name="LBFascia_c.text" disambiguation="fascia=fascia docenza universitaria" html="false" placeholder="false">Slot:</item>
  <item name="LBRegime_c.text" disambiguation="regime=regime docenza universitaria" html="false" placeholder="false">Regimen:</item>
  <item name="LBTipoDocente_c.text" html="false" placeholder="false">Professor type:</item>
  <item name="LBRicevimento_c.text" html="false" placeholder="false">Consulting hours:</item>
  <item name="LBMansione_c.text" html="false" placeholder="false">Job:</item>
  <item name="LBdottorando_t.text" html="false" placeholder="false">Grad. Info:</item>
  <item name="LBdisclaimer.text" html="false" placeholder="false">"Tutte le altre informazioni dell'utente non sono visibile secondo il Dlgs 196/2003 - Codice in materia di protezione dei dati personali"</item>
  <item name="BTNOk.text" html="false" placeholder="false">Close</item>
  <item name="societa" html="false" placeholder="false">Company:</item>
  <item name="facoltaCopisteria" html="false" placeholder="false">Organization:</item>
  <item name="LBdataIscrizione_t.text" html="false" placeholder="false">Enrollment date:</item>
  <item name="LBtipoPersona_t" html="false" placeholder="false">Person type:</item>
  <item name="LBtipoIstituto_t.text" disambiguation="istituto=scuola superiore" html="false" placeholder="false">Institute type:</item>
  <item name="LBistituto_t.text" html="false" placeholder="false" mustcontains="*">*Name:</item>
  <item name="LBprovinciaIstituto_t.text" html="false" placeholder="false">Province:</item>
  <item name="LBcittaIstituto_t.text" html="false" placeholder="false">City:</item>
  <item name="LBviaIstituto_t.text" html="false" placeholder="false">Via:</item>
  <item name="LBcapIstituto_t.text" disambiguation="codice di avviamento postale" html="false" placeholder="false">ZIP CODE:</item>
  <item name="LBnomeIstituto_t.text" disambiguation="relativo ad istituto" html="false" placeholder="false">Name:</item>
  <item name="LBtelIstituto_t.text" disambiguation="tel=telefono" html="false" placeholder="false">Tel:</item>
  <item name="LBfaxIstituto_t.text" html="false" placeholder="false">Fax:</item>
  <item name="LBmailIstituto.text" html="false" placeholder="false">Mail:</item>
  <item name="LBhomePageIstituto.text" html="false" placeholder="false">Home Page:</item>
  <item name="LBclasseSezione_t.text" disambiguation="riferito alle scuole superiori" html="false" placeholder="false">Class and Section:</item>
  <item name="LBmaterie_t.text" html="false" placeholder="false">Subjects:</item>
  <item name="LBpersonale.text" html="false" placeholder="false">Personal data </item>
  <item name="LBistituto.text" disambiguation="istituto=scuola superiore" html="false" placeholder="false">Istitute data</item>
  <item name="LBelencoIstituti.text" disambiguation="istituto=scuola superiore" html="false" placeholder="false">Associated institutes list </item>
  <item name="LBistituti_t.text" disambiguation="istituto=scuola superiore" html="false" placeholder="false">Institutes:</item>
</Resource>