<?xml version="1.0" encoding="utf-8"?>
<Resource xmlns:xsi="http://www.w3.org/2001/XMLSchema-instance" xmlns:xsd="http://www.w3.org/2001/XMLSchema" xmlns="urn:ComolTranslation">
  <item name="LBtitolo.text" html="false" placeholder="false">Enrollees list</item>
  <item name="LBNopermessi.text" html="false" placeholder="false">You do not have permission to access this page.</item>
  <item name="LogoutMessage" html="false" placeholder="false">Sorry, your session has expired, you have to log into the system again.</item>
  <item name="IMBstampa.status" html="false" placeholder="false">Print users</item>
  <item name="IMBstampa.ToolTip" html="false" placeholder="false">Print users</item>
  <item name="LBfiltro.text" html="false" placeholder="false">Filter</item>
  <item name="LBtipoRuolo.text" html="false" placeholder="false">Role type:</item>
  <item name="LBnumeroRecord.text" html="true" placeholder="false">N° Record:&amp;nbsp;</item>
  <item name="LBtipoRicerca.text" html="false" placeholder="false">Search type:</item>
  <item name="LBvalore.text" html="false" placeholder="false">Value:</item>
  <item name="DDLTipoRicerca.-2" description="relativo ad utente" html="false" placeholder="false">Name</item>
  <item name="DDLTipoRicerca.-3" description="relativo ad utente" html="false" placeholder="false">Surname</item>
  <item name="DDLTipoRicerca.-4" description="relativo ad utente" html="false" placeholder="false">Name/Surname</item>
  <item name="DDLTipoRicerca.-5" html="false" placeholder="false">Birth date(dd/mm/yyyy)</item>
  <item name="DDLTipoRicerca.-6" html="false" placeholder="false">Matriculation number</item>
  <item name="DDLTipoRicerca.-7" html="false" placeholder="false">Login</item>
  <item name="BTNCerca.text" html="false" placeholder="false">Search</item>
  <item name="LKBaltro.status" html="false" placeholder="false">Other characters</item>
  <item name="LKBaltro.text" disambiguation="Relativo a caratteri" html="false" placeholder="false">Other</item>
  <item name="LKBaltro.ToolTip" html="false" placeholder="false">Other characters</item>
  <item name="LKBtutti.status" disambiguation="Relativo a caratteri" html="false" placeholder="false">All</item>
  <item name="LKBtutti.text" disambiguation="Relativo a caratteri" html="false" placeholder="false">All</item>
  <item name="LKBtutti.ToolTip" disambiguation="Relativo a caratteri" html="false" placeholder="false">All</item>
  <item name="Lettera.status" disambiguation="lettera=carattere" html="false" placeholder="true" mustcontains="#%%#">Letter #%%#</item>
  <item name="Lettera.ToolTip" disambiguation="lettera=carattere" html="false" placeholder="true" mustcontains="#%%#">Letter #%%#</item>
  <item name="DGiscritti.page" html="false" placeholder="true" mustcontains="#%%#">Page &lt;#%%#&gt;</item>
  <item name="DGiscritti.ordinamento.0.status" html="false" placeholder="true" mustcontains="#%%#">Ascending order by &lt;#%%#&gt;</item>
  <item name="DGiscritti.ordinamento.1.status" html="false" placeholder="true" mustcontains="#%%#">Descending order by &lt;#%%#&gt;</item>
  <item name="DGiscritti.ordinamento.2.status" html="false" placeholder="true" mustcontains="#%%#">Order by &lt;#%%#&gt;</item>
  <item name="DGiscritti.IMBinfo.ImageUrl" html="false" placeholder="false" hidden="true">../images/proprieta.gif</item>
  <item name="DGiscritti.IMBinfo.status" html="false" placeholder="false">User info</item>
  <item name="DGiscritti.IMBinfo.AlternateText" html="false" placeholder="false">User info</item>
  <item name="DGiscritti.nome.HeaderText" description="relativo ad utente" html="false" placeholder="false">Name</item>
  <item name="DGiscritti.cognome.HeaderText" description="relativo ad utente" html="false" placeholder="false">Surname</item>
  <item name="DGiscritti.anagrafica.HeaderText" description="relativo ad utente" html="false" placeholder="false">Vital statistics</item>
  <item name="DGiscritti.mail.HeaderText" html="false" placeholder="false">Mail</item>
  <item name="DGiscritti.login.HeaderText" html="false" placeholder="false">Login</item>
  <item name="DGiscritti.ruolo.HeaderText" html="false" placeholder="false">Role</item>
  <item name="DGiscritti.ultimoCollegamento.HeaderText" html="false" placeholder="false">Last visit</item>
  <item name="DGiscritti.iscrittoIl.HeaderText" html="false" placeholder="false">Registerd on</item>
  <item name="LKBgestioneIscritti.text" html="false" placeholder="false">Enrollees management</item>
  <item name="LKBgestioneIscritti.status" html="false" placeholder="false">Enrollees management</item>
  <item name="LKBgestioneIscritti.ToolTip" html="false" placeholder="false">Enrollees management</item>
  <item name="LNBstampa.text" html="false" placeholder="false">Print list</item>
  <item name="LNBstampa.status" html="false" placeholder="false">Print list</item>
  <item name="LNBstampa.ToolTip" html="false" placeholder="false">Print list</item>
  <item name="LBnoIscritti1" html="false" placeholder="false">No user in this category</item>
  <item name="LBnoIscritti2" html="false" placeholder="false">Sorry, currently there are no users according to the specified searc criteria</item>
  <item name="DDLTipoRuolo.-1" disambiguation="Relativo a tipi ruolo" html="false" placeholder="false">--  All  --</item>
  <item name="LNBapriFiltro.text" html="true" placeholder="false">&lt;img src='./../images/filtro_open.gif' alt='' align=middle&gt;View filter</item>
  <item name="LNBapriFiltro.status" html="false" placeholder="false">View community filter</item>
  <item name="LNBapriFiltro.Tooltip" html="false" placeholder="false">View community filter</item>
  <item name="LNBchiudiFiltro.text" html="true" placeholder="false">&lt;img src='./../images/filtro_close.gif' alt='' align=middle&gt;Hide filters</item>
  <item name="LNBchiudiFiltro.status" html="false" placeholder="false">Hide filters</item>
  <item name="LNBchiudiFiltro.Tooltip" html="false" placeholder="false">Hide filters</item>
  <item name="CBXautoUpdate.text" html="false" placeholder="false">Automatic update</item>
  <item name="DDLiscrizione.-1" disambiguation="relativo ad iscritti" html="false" placeholder="false">All</item>
  <item name="DDLiscrizione.1" disambiguation="relativo ad iscritti" html="false" placeholder="false">Only the active ones</item>
  <item name="DDLiscrizione.0" disambiguation="relativo ad iscritti" html="false" placeholder="false">To be confirmed</item>
  <item name="DDLiscrizione.4" disambiguation="relativo ad iscritti" html="false" placeholder="false">New enrollees</item>
  <item name="DDLiscrizione.2" disambiguation="relativo ad iscritti" html="false" placeholder="false">Blocked</item>
  <item name="LBiscrizione_t.text" html="false" placeholder="false">Display:</item>
</Resource>