<?xml version="1.0" encoding="utf-8"?>
<Resource xmlns:xsi="http://www.w3.org/2001/XMLSchema-instance" xmlns:xsd="http://www.w3.org/2001/XMLSchema" xmlns="urn:ComolTranslation">
  <item name="LBtitolo.text" html="false" placeholder="false">Services management</item>
  <item name="LBtitolo.comunita.text" html="false" placeholder="true" mustcontains="#%#">Service management of the community "#%#" </item>
  <item name="LBNopermessi.text" html="false" placeholder="false">You do not have permission to access this service</item>
  <item name="LogoutMessage" html="false" placeholder="false">Sorry, your session has expired, you have to log into the system again.</item>
  <item name="LNBnascondi.text" html="false" placeholder="false">Back</item>
  <item name="LNBnascondi.status" html="false" placeholder="false">Back to previous page</item>
  <item name="LNBnascondi.ToolTip" html="false" placeholder="false">Back</item>
  <item name="LBserviceName_t.text" description="relativo a servizio" html="false" placeholder="false">Name</item>
  <item name="LBdescription_t.text" description="relativo a servizio" html="false" placeholder="false">Description</item>
  <item name="LNBimpostazioni.text" description="relativo a servizio" html="false" placeholder="false">Settings</item>
  <item name="LNBimpostazioni.status" description="relativo a servizio" html="false" placeholder="false">Settings</item>
  <item name="LNBimpostazioni.ToolTip" description="relativo a servizio" html="false" placeholder="false">Settings</item>
  <item name="LNBtoGestione.text" html="false" placeholder="false">Back to management</item>
  <item name="LNBtoGestione.status" html="false" placeholder="false">Back to management</item>
  <item name="LNBtoGestione.ToolTip" html="false" placeholder="false">Back to management</item>
  <item name="definizioneServizio" html="true" placeholder="true" mustcontains="#%#">Service roles/permissions:&amp;nbsp;#%#</item>
  <item name="LNBindietro.text" html="false" placeholder="false">Back to services</item>
  <item name="LNBindietro.status" html="false" placeholder="false">Back to services</item>
  <item name="LNBindietro.ToolTip" html="false" placeholder="false">Back to services</item>
  <item name="LNBsalvaImpostazioniIndietro.text" html="false" placeholder="false">Save and back to services</item>
  <item name="LNBsalvaImpostazioniIndietro.status" html="false" placeholder="false">Save and back to services</item>
  <item name="LNBsalvaImpostazioniIndietro.ToolTip" html="false" placeholder="false">Save and back to services</item>
  <item name="ANCvisualizza.text" html="false" placeholder="false">Show</item>
  <item name="ANCvisualizza.status" html="false" placeholder="false">Show.</item>
  <item name="ANCvisualizza.ToolTip" html="false" placeholder="false">Show</item>
  <item name="LNBdefault.text" html="false" placeholder="false">Set default</item>
  <item name="LNBdefault.status" html="false" placeholder="false">Set default values.</item>
  <item name="LNBdefault.ToolTip" html="false" placeholder="false">Set default</item>
  <item name="RPT_ruolo" html="false" placeholder="false">Role</item>
  <item name="RPT_permessi" html="false" placeholder="false">Permissions</item>
  <item name="RPT_default" html="false" placeholder="false">Default</item>
  <item name="LNBsalvaImpostazioni.text" html="false" placeholder="false">Save settings</item>
  <item name="LNBsalvaImpostazioni.status" html="false" placeholder="false">Save settings.</item>
  <item name="LNBsalvaImpostazioni.ToolTip" html="false" placeholder="false">Save settings</item>
  <item name="LBlegendaRuoli.text" html="false" placeholder="false">Roles legend</item>
  <item name="LBlegendaPermessi.text" html="false" placeholder="false">Permissions legend</item>
  <item name="Excel.noMatricola" disambiguation="relativo ad iscritto" html="false" placeholder="false">Pending</item>
  <item name="LNBsalvaServizi.text" html="false" placeholder="false">Save settings</item>
  <item name="LNBsalvaServizi.status" html="false" placeholder="false">Save settings</item>
  <item name="LNBsalvaServizi.ToolTip" html="false" placeholder="false">Save settings</item>
  <item name="LBavviso.text" html="true" placeholder="false">If the community cover  is active, by clicking it you access to the default service.&lt;br&gt;If it is disabled,you access directly to the service selected by default.</item>
  <item name="LBpaginaDefault_t.text" html="false" placeholder="false">Activate on service access:</item>
  <item name="BTNmodifica.text" disambiguation="verbo" html="false" placeholder="false">Modify</item>
  <item name="BTNmodifica.status" disambiguation="verbo" html="false" placeholder="false">Modify</item>
  <item name="BTNmodifica.ToolTip" disambiguation="verbo" html="false" placeholder="false">Modify</item>
  <item name="BTNsalvaDefault.text" html="false" placeholder="false">Make default</item>
  <item name="BTNsalvaDefault.status" html="false" placeholder="false">Make default</item>
  <item name="BTNsalvaDefault.ToolTip" html="false" placeholder="false">Make default</item>
  <item name="LBsceltaServizio.text" html="false" placeholder="false">Service settings:</item>
  <item name="RBLsceltaServizio.0" description="relativo a servizi" html="false" placeholder="false">System</item>
  <item name="RBLsceltaServizio.1" description="relativo a servizi" html="false" placeholder="false">Personal</item>
  <item name="BTNcambiaProfilo.text" html="false" placeholder="false">Change profile</item>
  <item name="BTNcambiaProfilo.status" html="false" placeholder="false">Change profile</item>
  <item name="BTNcambiaProfilo.ToolTip" html="false" placeholder="false">Change profile</item>
  <item name="BTNannullaModificheProfilo.text" html="false" placeholder="false">Cancel</item>
  <item name="BTNannullaModificheProfilo.status" html="false" placeholder="false">Cancel</item>
  <item name="BTNannullaModificheProfilo.ToolTip" html="false" placeholder="false">Cancel</item>
  <item name="BTNsalvaModificheProfilo.text" html="false" placeholder="false">Save changes</item>
  <item name="BTNsalvaModificheProfilo.status" html="false" placeholder="false">Save changes</item>
  <item name="BTNsalvaModificheProfilo.ToolTip" html="false" placeholder="false">Save changes</item>
  <item name="BTNsalvaModificheProfilo.ConfirmText" html="false" placeholder="false">ATTENTION: services/roles/permissions will be revisited !</item>
  <item name="disattivato" disambiguation="relativo a servizio" html="false" placeholder="false">Disabled</item>
  <item name="NONattivato" html="false" placeholder="false">Service disabled;</item>
  <item name="NONdisattivabile" html="false" placeholder="false">Service can not be disabled;</item>
  <item name="PermessiProfilo" description="Modificare solo: 'Ruolo con permessi definiti da un profilo personale'" html="true" placeholder="false">./images/dg/permessi_p.gif' align='absmiddle' alt='Role with permissions, defined by the personal profile'&gt;</item>
  <item name="PermessiDefault" description="Modificare solo: 'Ruolo con permessi di default'" html="true" placeholder="false">./images/dg/permessi_d.gif' align='absmiddle' alt='Role with default permissions'&gt;</item>
  <item name="PermessiRidefiniti" description="Modificare solo: 'Ruolo con permessi ridefiniti'" html="true" placeholder="false">./images/dg/permessi_r.gif' align='absmiddle' alt='Role with redefined permissions'&gt;</item>
  <item name="PermessiNonDefiniti" description="Modificare solo: 'Ruolo con permessi non definiti'" html="true" placeholder="false">./images/dg/permessi_nd.gif' align='absmiddle' alt='Role with undefined permissions'&gt;</item>
  <item name="PermessiNonDefinitiConRuoli" description="Modificare solo: 'Ruolo con utenti associati'" html="true" placeholder="false">./images/dg/permessi_u.gif' align='absmiddle' alt='Role with associated users'&gt;</item>
  <item name="LegendaEstesa" description="Modificare solo: 'Ruolo con permessi definiti dal profilo servizi della comunità', 'Ruolo definito di default per questo tipo di comunità', 'Ruolo con permessi ridefiniti manualmente','I permessi non sono stati definiti','Ruolo con almeno un utente associato'" html="true" placeholder="false">&lt;ul&gt;&lt;li&gt;&lt;img align='absmiddle' src='#percorso#permessi_p.gif' &gt; Role with permissions set by the community services profile&lt;li&gt;&lt;img align='absmiddle' src='#percorso#permessi_d.gif' &gt; Role defined by default for this type of communities&lt;li&gt;&lt;img align='absmiddle' src='#percorso#permessi_r.gif' &gt; Role with permissions manually set&lt;li&gt;&lt;img align='absmiddle' src='#percorso#permessi_nd.gif' &gt; Permissions have been set&lt;li&gt;&lt;img align='absmiddle' src='#percorso#permessi_u.gif' &gt; Role with at least an associated user&lt;/ul&gt;</item>
  <item name="valoriDefault" html="false" placeholder="false">Yes</item>
  <item name="LBtitoloDettagli.text" html="false" placeholder="true" mustcontains="#servizio#">  "#servizio#"</item>
  <item name="TitoloDettagli" html="false" placeholder="false">d</item>
  <item name="LBnoServizio.text" html="true" placeholder="false">&lt;br&gt;&lt;br&gt;&lt;br&gt;No service found, report the problem to the system administrators.&lt;br&gt;&lt;br&gt;</item>
  <item name="senzaPermessi" html="false" placeholder="false">No permissions:</item>
  <item name="Profilo.IsAttuale" disambiguation="relativo a profilo" html="false" placeholder="false">(current) </item>
  <item name="Profilo.IsPersonale" disambiguation="relativo a profilo" html="false" placeholder="false">(own) </item>
  <item name="Profilo.IsResponsabile" description="resp.=responsabile" html="false" placeholder="false">(of the resp.) </item>
  <item name="BTNchiudi.text" html="false" placeholder="false">Close window (x)</item>
  <item name="BTNchiudi.status" html="false" placeholder="false">Close current window</item>
  <item name="BTNchiudi.ToolTip" html="false" placeholder="false">Close current window</item>
</Resource>