<?xml version="1.0" encoding="utf-8"?>
<Resource xmlns:xsi="http://www.w3.org/2001/XMLSchema-instance" xmlns:xsd="http://www.w3.org/2001/XMLSchema" xmlns="urn:ComolTranslation">
  <item name="LNBabilita.text" disambiguation="relativo ad accesso alla comunità selezionata" html="false" placeholder="false">Enable</item>
  <item name="LNBabilita.status" html="false" placeholder="false">Enable access to the selected community</item>
  <item name="LNBabilita.ToolTip" html="false" placeholder="false">Enable access to the selected community</item>
  <item name="LNBdisabilita.text" html="false" placeholder="false">Blocked</item>
  <item name="LNBdisabilita.status" html="false" placeholder="false">Block access to the selected community.</item>
  <item name="LNBdisabilita.ToolTip" html="false" placeholder="false">Block access to the selected community.</item>
  <item name="LNBattiva.text" html="false" placeholder="false">Activate request for registration</item>
  <item name="LNBattiva.status" html="false" placeholder="false">Activate request for registration to the selected community</item>
  <item name="LNBattiva.ToolTip" html="false" placeholder="false">Activate request for registration</item>
  <item name="CHBresponsabile.text" html="false" placeholder="false">Yes</item>
  <item name="BTNmodifica.ToolTip" disambiguation="verbo" html="false" placeholder="false">Modify</item>
  <item name="BTNmodifica.text" disambiguation="verbo" html="false" placeholder="false">Modify</item>
  <item name="LBanagrafica_t.text" html="false" placeholder="false">User:</item>
  <item name="LBcomunita_t.text" disambiguation="singolare" html="false" placeholder="false">Community:</item>
  <item name="LBruolo_t.text" html="false" placeholder="false">Role:</item>
  <item name="LBabilitato_t.text" html="false" placeholder="false">Access:</item>
  <item name="LBresponsabile_t.text" html="false" placeholder="false">Responsible:</item>
  <item name="LBlegenda.text" html="false" placeholder="false">Commnuity role</item>
  <item name="stato.True" html="false" placeholder="false">Registration request MUST be validated.</item>
  <item name="stato.False" html="false" placeholder="false">Access allowed to everybody.</item>
  <item name="stato.image.True" html="false" placeholder="false" hidden="true">lucchetto_closed.gif</item>
  <item name="stato.image.False" html="false" placeholder="false" hidden="true">lucchetto_open.gif</item>
</Resource>