<?xml version="1.0" encoding="utf-8"?>
<Resource xmlns:xsi="http://www.w3.org/2001/XMLSchema-instance" xmlns:xsd="http://www.w3.org/2001/XMLSchema" xmlns="urn:ComolTranslation">
  <item name="LBTitolo.text" html="false" placeholder="false">Modify Community</item>
  <item name="LBNopermessi.text" html="false" placeholder="false">You do not have permission to access this service</item>
  <item name="LogoutMessage" html="false" placeholder="false">Sorry, your session has expired, you have to log into the system again.</item>
  <item name="LNBtoGestione.text" html="false" placeholder="false">To the management page</item>
  <item name="LNBtoGestione.status" html="false" placeholder="false">To the management page</item>
  <item name="LNBtoGestione.ToolTip" html="false" placeholder="false">To the management page</item>
  <item name="LNBmodifica.text" html="false" placeholder="false">Save changes</item>
  <item name="LNBmodifica.status" html="false" placeholder="false">Save changes</item>
  <item name="LNBmodifica.ToolTip" html="false" placeholder="false">Save changes</item>
  <item name="LKBassociaPadri.text" html="false" placeholder="false">Associate Parents</item>
  <item name="LKBassociaPadri.ToolTip" html="false" placeholder="false">Associate Parents</item>
  <item name="LKBassociaPadri.status" html="false" placeholder="false">Associate Parents</item>
  <item name="LNBtoModifica.text" html="false" placeholder="false">Back to editing</item>
  <item name="LNBtoModifica.status" html="false" placeholder="false">Back to editing</item>
  <item name="LNBtoModifica.ToolTip" html="false" placeholder="false">Back to editing</item>
  <item name="LNBassociaSelezionati.text" html="false" placeholder="false">Associate selected</item>
  <item name="LNBassociaSelezionati.ToolTip" html="false" placeholder="false">Associate selected</item>
  <item name="LNBassociaSelezionati.status" html="false" placeholder="false">Associate selected</item>
  <item name="LNBtoGestioneFromPadri.text" html="false" placeholder="false">To the management page</item>
  <item name="LNBtoGestioneFromPadri.status" html="false" placeholder="false">To the management page</item>
  <item name="LNBtoGestioneFromPadri.ToolTip" html="false" placeholder="false">To the management page</item>
  <item name="LBmessaggio.text" html="false" placeholder="false">Sorry, an error occurred while editing community</item>
  <item name="LBMessaggio.1" html="false" placeholder="false">No user available</item>
  <item name="LBMessaggio.2" html="false" placeholder="false">Sorry, an error occurred.</item>
  <item name="LBMessaggio.3" html="false" placeholder="false">Person in charge correctly associated</item>
  <item name="LBMessaggio.4" html="true" placeholder="false">An error occurred while associating the person in charge.&lt;br&gt;Press "ok" to create a new course</item>
  <item name="LBMessaggio.5" html="true" placeholder="false">It was not possible to associate the person in charge.&lt;br&gt;Contact an administrator</item>
  <item name="modifica.True" html="false" placeholder="false">Community changes correctly saved</item>
  <item name="modifica.False" html="false" placeholder="false">Changes of community data are NOT completed.</item>
  <item name="modifica.1" html="false" placeholder="false">Community changes correctly saved</item>
  <item name="modifica.0" html="false" placeholder="false">Changes of community data are NOT completed.</item>
  <item name="modifica.-1" html="false" placeholder="false">Changes to community data were NOT applied due to some incompleted parameters.</item>
  <item name="associaPadri.True" html="false" placeholder="false">Operation was successfully performed</item>
  <item name="associaPadri.False" html="false" placeholder="false">Operation was not completed.</item>
</Resource>