<?xml version="1.0" encoding="utf-8"?>
<Resource xmlns:xsi="http://www.w3.org/2001/XMLSchema-instance" xmlns:xsd="http://www.w3.org/2001/XMLSchema" xmlns="urn:ComolTranslation">
  <item name="LBtitolo.text" html="false" placeholder="false">ENROLLED communities tree</item>
  <item name="LBNopermessi.text" html="false" placeholder="false">You do not have permission to access this page.</item>
  <item name="DDLTipoRicerca.-2" html="false" placeholder="false">Name begins with</item>
  <item name="DDLTipoRicerca.-7" html="false" placeholder="false">Name contains..</item>
  <item name="DDLTipoRicerca.-5" html="false" placeholder="false">Enrollment date after the</item>
  <item name="DDLTipoRicerca.-6" html="false" placeholder="false">Registration ends the</item>
  <item name="DDLTipoRicerca.-3" html="false" placeholder="false">Created after the </item>
  <item name="DDLTipoRicerca.-4" html="false" placeholder="false">Created before the</item>
  <item name="DDLTipoRicerca.-9" html="false" placeholder="false">Responsible</item>
  <item name="LBorganizzazione_c.text" html="false" placeholder="false">Organization:</item>
  <item name="DDLorganizzazione.-1" disambiguation="relativo ad organizzazioni" html="false" placeholder="false">-- All --</item>
  <item name="LBannoAccademico_c.text" disambiguation="A.A.=Anno accademico" html="false" placeholder="false">A.Y.:</item>
  <item name="DDLannoAccademico.-1" disambiguation="relativo ad Anni accademici" html="false" placeholder="false">-- All --</item>
  <item name="DDLannoAccademico.0" disambiguation="relativo ad anno accademico" html="false" placeholder="false">-- None --</item>
  <item name="LBperiodo_c.text" html="false" placeholder="false">Period:</item>
  <item name="DDLperiodo.0" disambiguation="relativo a periodo" html="false" placeholder="false">-- None --</item>
  <item name="DDLperiodo.-1" disambiguation="relativo a periodi" html="false" placeholder="false">-- All --</item>
  <item name="oRootNode.ToolTip" html="false" placeholder="false">List of the communities you are enrolled in:</item>
  <item name="oRootNode.Text" disambiguation="singolare" html="false" placeholder="false">Community: </item>
  <item name="NoNode.Text" html="false" placeholder="false">She/he is not enrolled in any community</item>
  <item name="NoNode.ToolTip" html="false" placeholder="false">She/he is not enrolled in any community</item>
  <item name="LNlegendaFiltro.text" html="false" placeholder="false">Community filter</item>
  <item name="LBtipoFiltro.text" html="false" placeholder="false">Filter by:&amp;nbsp;</item>
  <item name="DLLtipoFiltro.-1" disambiguation="Relativo a Comunità" html="false" placeholder="false">-- All --</item>
  <item name="DLLtipoFiltro.1" html="false" placeholder="false">Courses</item>
  <item name="LNBaggiorna.status" html="false" placeholder="false">Update communities tree</item>
  <item name="LNBaggiorna.ToolTip" html="false" placeholder="false">Update</item>
  <item name="LNBcomprimi.status" html="false" placeholder="false">Compress all nodes.</item>
  <item name="LNBcomprimi.ToolTip" html="false" placeholder="false">Compress.</item>
  <item name="LNBcomprimi.text" html="false" placeholder="false">Compress</item>
  <item name="LNBespandi.text" html="false" placeholder="false">Expand</item>
  <item name="LNBespandi.status" html="false" placeholder="false">Expand all nodes.</item>
  <item name="LNBespandi.ToolTip" html="false" placeholder="false">Expand</item>
  <item name="LBavviso.text" html="true" placeholder="false">ATTENTION!&lt;br&gt;&lt;b&gt;Causa aggiornamento&lt;/b&gt; interfaccia per iscriversi, entrare o vedere i dettagli delle comunità è sufficiente utilizzare il tasto destro del mouse sul nodo (comunità) desiderato.&amp;nbsp;Per maggiori informazioni cliccare </item>
  <item name="LBlegend.text" disambiguation="singolare" html="false" placeholder="false">Community details</item>
  <item name="BTNnascondi.text" html="false" placeholder="false">Back</item>
  <item name="BTNnascondi.ToolTip" html="false" placeholder="false">Back</item>
  <item name="creata" html="false" placeholder="true" mustcontains="#%%#">( Created by #%%# )</item>
  <item name="stato.True" html="false" placeholder="false">Registration request MUST be validated.</item>
  <item name="stato.False" html="false" placeholder="false">Access allowed to everybody.</item>
  <item name="stato.image.True" html="false" placeholder="false" hidden="true">lucchetto_closed.gif</item>
  <item name="stato.image.False" html="false" placeholder="false" hidden="true">lucchetto_open.gif</item>
  <item name="iscrizioni.0" html="false" placeholder="true" mustcontains="#%%#">(registrations open from #&amp;nbsp;#%%#&amp;nbsp;)</item>
  <item name="iscrizioni.1" html="false" placeholder="false">(registrations close on)</item>
  <item name="iscrizioni.2" html="false" placeholder="false">(registration limit reached)</item>
  <item name="iscrizioni.3" html="false" placeholder="true" mustcontains="#%%#">(registrations close on  #&amp;nbsp;#%%#&amp;nbsp;)</item>
  <item name="menu.2" html="false" placeholder="false">Details&amp;nbsp;&amp;nbsp;</item>
  <item name="menu.1" html="false" placeholder="false">Update&amp;nbsp;</item>
  <item name="menu.3" html="false" placeholder="false">Enter&amp;nbsp;&amp;nbsp;</item>
  <item name="menu.4" html="false" placeholder="false">Enroll&amp;nbsp;&amp;nbsp;</item>
  <item name="menu.5" html="false" placeholder="false">Show News&amp;nbsp;&amp;nbsp;</item>
  <item name="abilitato.1" html="false" placeholder="false">Access allowed</item>
  <item name="abilitato.0" html="false" placeholder="false">Sorry, you do not have permission to access the selected community</item>
  <item name="abilitato.-1" html="false" placeholder="false">Sorry, your registration is still under examination.</item>
  <item name="abilitato.2" html="false" placeholder="false">Attention: access to the requested community is not currently available, please retry later.</item>
  <item name="abilitato.3" html="false" placeholder="false">Attention: the selected community can not be found in the system anymore</item>
  <item name="registrazione.0" html="false" placeholder="false">Sorry, an error occurred during the registration</item>
  <item name="registrazione.1" html="true" placeholder="false">You have been correctly registered but your account is not enabled yet.&lt;br&gt;Your registration must be examinated.</item>
  <item name="registrazione.2" html="false" placeholder="false">Sorry, registratin was not performed, number of registered users exceeds the maximum allowed number</item>
  <item name="BTNindietro.text" html="false" placeholder="false">Back</item>
  <item name="BTNindietro.ToolTip" html="false" placeholder="false">Back</item>
  <item name="LBstatoComunita_t.text" disambiguation="status: attivo/chiuso/in corso/valutazione" html="false" placeholder="false">Status:</item>
  <item name="RBLstatoComunita.-1" disambiguation="Relativo a Comunità" html="false" placeholder="false">All</item>
  <item name="RBLstatoComunita.0" disambiguation="Relativo a Comunità" html="false" placeholder="false">Active</item>
  <item name="RBLstatoComunita.1" disambiguation="Relativo a Comunità" html="false" placeholder="false">Archived</item>
  <item name="RBLstatoComunita.2" disambiguation="Relativo a Comunità" html="false" placeholder="false">blocked</item>
  <item name="LNBapriFiltro.text" description="Tradurre solo: Visualizza filtri" html="true" placeholder="false">&lt;img src='./../images/filtro_open.gif' alt='' align=middle&gt;View filters</item>
  <item name="LNBapriFiltro.status" html="false" placeholder="false">View community filter</item>
  <item name="LNBapriFiltro.Tooltip" html="false" placeholder="false">View community filter</item>
  <item name="LNBchiudiFiltro.text" description="Tradurre solo: Nascondi filtri" html="true" placeholder="false">&lt;img src='./../images/filtro_close.gif' alt='' align=middle&gt;Hide filters</item>
  <item name="LNBchiudiFiltro.status" html="false" placeholder="false">Hide filters</item>
  <item name="LNBchiudiFiltro.Tooltip" html="false" placeholder="false">Hide filters</item>
  <item name="LNBalberoGerarchico.text" html="false" placeholder="false">Hierarchical tree</item>
  <item name="LNBalberoGerarchico.status" html="false" placeholder="false">Hierarchical tree</item>
  <item name="LNBalberoGerarchico.Tooltip" html="false" placeholder="false">Hierarchical tree</item>
  <item name="LNBlista.text" html="false" placeholder="false">Community list</item>
  <item name="LNBlista.status" html="false" placeholder="false">Community list</item>
  <item name="LNBlista.Tooltip" html="false" placeholder="false">Community list</item>
  <item name="LNBalbero.text" html="false" placeholder="false">Community Tree</item>
  <item name="LNBalbero.status" html="false" placeholder="false">Community Tree</item>
  <item name="LNBalbero.Tooltip" html="false" placeholder="false">Community Tree</item>
  <item name="LNBannullaDettagli.text" html="false" placeholder="false">Back to list</item>
  <item name="LNBannullaDettagli.status" html="false" placeholder="false">Back to list</item>
  <item name="LNBannullaDettagli.Tooltip" html="false" placeholder="false">Back to list</item>
  <item name="LNBentra.text" html="false" placeholder="false">Access</item>
  <item name="LNBentra.status" html="false" placeholder="false">Access</item>
  <item name="LNBentra.Tooltip" html="false" placeholder="false">Access</item>
  <item name="LNBiscrivi.text" html="false" placeholder="false">Enroll</item>
  <item name="LNBiscrivi.status" html="false" placeholder="false">Enroll</item>
  <item name="LNBiscrivi.Tooltip" html="false" placeholder="false">Enroll</item>
  <item name="LNBannulla.text" html="false" placeholder="false">Back to the tree</item>
  <item name="LNBannulla.status" html="false" placeholder="false">Back to the tree</item>
  <item name="LNBannulla.Tooltip" html="false" placeholder="false">Back to the tree</item>
  <item name="LNBannullaMessaggio.text" html="false" placeholder="false">Back to the tree</item>
  <item name="LNBannullaMessaggio.status" html="false" placeholder="false">Back to the tree</item>
  <item name="LNBannullaMessaggio.Tooltip" html="false" placeholder="false">Back to the tree</item>
  <item name="LogoutMessage" html="false" placeholder="false">Sorry, your session has expired, you have to log into the system again.</item>
  <item name="entra.isBloccata" html="false" placeholder="false">It is not possible to access a community while its status is set as blocked.</item>
  <item name="iscrivi.isBloccata" html="false" placeholder="false">It is not possible to enroll in a community, whose status is set as blocked.</item>
  <item name="iscrivi.isArchiviata" html="false" placeholder="false">It is not possible to enroll in a community, whose status is set as archived.</item>
  <item name="status.Bloccata" disambiguation="Relativo a Comunità" html="false" placeholder="false">(status = Blocked)</item>
  <item name="status.Archiviata" disambiguation="Relativo a Comunità" html="false" placeholder="false">(status = Archived)</item>
  <item name="LBcorsoDiStudi_t.text" disambiguation="Cds=Corso di studi" html="false" placeholder="false">Cds type:</item>
  <item name="DDLtipoCorsoDiStudi.-1" disambiguation="relativo a tipo di corsi di studio (laurea)" html="false" placeholder="false">-- All --</item>
  <item name="LBtipoComunita_c.text" disambiguation="Relativo a Comunità" html="false" placeholder="false">Type:</item>
  <item name="DDLTipo.-1" disambiguation="relativo a tipo comunità" html="false" placeholder="false">-- All --</item>
  <item name="BTNCerca.text" html="false" placeholder="false">Apply filters</item>
  <item name="BTNCerca.status" html="false" placeholder="false">Apply filters</item>
  <item name="BTNCerca.ToolTip" html="false" placeholder="false">Apply filters</item>
  <item name="CBXautoUpdate.text" html="false" placeholder="false">Update results</item>
  <item name="messaggio.Bloccata" html="false" placeholder="false">It is not possible to enroll in a blocked community</item>
  <item name="messaggio.Archiviata" html="false" placeholder="false">It is not possible to enroll in an archived community</item>
  <item name="messaggio.NoIscrizione" html="false" placeholder="false">It is not possible to enroll in the selected community</item>
  <item name="RaccoltaConferenze" html="false" placeholder="false">Conference</item>
  <item name="RaccoltaTesi" html="false" placeholder="false">Thesis</item>
  <item name="registrazione.3" html="false" placeholder="false">Registration was successfully performed.</item>
  <item name="LBvalore_c.text" html="false" placeholder="false">Value:&amp;nbsp;</item>
  <item name="LBtipoRicerca_c.text" html="false" placeholder="false">Search by:&amp;nbsp;</item>
  <item name="LNBannullaConferma.text" html="false" placeholder="false">Back</item>
  <item name="LNBannullaConferma.ToolTip" html="false" placeholder="false">Back</item>
  <item name="LNBiscriviConferma.text" html="false" placeholder="false">Confirm enrollment</item>
  <item name="LNBiscriviConferma.ToolTip" html="false" placeholder="false">Confirm enrollment</item>
  <item name="LBconferma.text" html="false" placeholder="true" mustcontains="#nomeComunita#|#nomeResponsabile#">Confirm enrollment in the community "#nomeComunita#" - #nomeResponsabile# ?</item>
  <item name="DDLresponsabile.-1" disambiguation="relativo a responsabile" html="false" placeholder="false">Anyone</item>
  <item name="LThasnews.text" description="Tradurre solo: 'novità', Leggi News" html="true" placeholder="true" mustcontains="{3}|{0}|{1}|{2}">&amp;nbsp;&lt;a class='{3}' href='{0}' Title='{1} novità'&gt;&lt;img src='{2}'&gt; Read News &lt;/a&gt;</item>
</Resource>