<?xml version="1.0" encoding="utf-8"?>
<Resource xmlns:xsi="http://www.w3.org/2001/XMLSchema-instance" xmlns:xsd="http://www.w3.org/2001/XMLSchema" xmlns="urn:ComolTranslation">
  <item name="All.M" description="utenti, maschile" html="false" placeholder="false">--   All   --</item>
  <item name="All.F" description="utenti, femminile" html="false" placeholder="false">--   All   --</item>
  <item name="None.M" description="utenti, maschile" html="false" placeholder="false">--   None   --</item>
  <item name="None.F" description="utenti, femminile" html="false" placeholder="false">--   None   --</item>
  <item name="LBtitolo.text" html="false" placeholder="false">Search community</item>
  <item name="LBtitoloRicercaTesi.text" html="false" placeholder="false">Search thesis students communities</item>
  <item name="LBtitoloRicercaCorso.text" html="false" placeholder="false">Search courses</item>
  <item name="LBNopermessi.text" html="false" placeholder="false">Sorry, you do not have permission to access this page.</item>
  <item name="LogoutMessage" html="false" placeholder="false">Sorry, your session has expired, you have to log into the system again.</item>
  <item name="RedirectMessage" description="\r indica l'interruzione di riga" html="true" placeholder="false">The selected page does not exist anymore (your bookmark can be wrong or the proxy  server did not udpate the page correctly).\rPress "ok" and you will be redirected to the current page.</item>
  <item name="LKBaltro.status" html="false" placeholder="false">Other characters</item>
  <item name="LKBaltro.text" disambiguation="Relativo a caratteri" html="false" placeholder="false">Other</item>
  <item name="LKBaltro.ToolTip" html="false" placeholder="false">Other characters</item>
  <item name="LKBtutti.status" disambiguation="Relativo a caratteri" html="false" placeholder="false">All</item>
  <item name="LKBtutti.text" disambiguation="Relativo a caratteri" html="false" placeholder="false">All</item>
  <item name="LKBtutti.ToolTip" disambiguation="Relativo a caratteri" html="false" placeholder="false">All</item>
  <item name="Lettera.status" disambiguation="lettera=carattere" html="false" placeholder="true" mustcontains="#%%#">Letter #%%#</item>
  <item name="Lettera.ToolTip" disambiguation="lettera=carattere" html="false" placeholder="true" mustcontains="#%%#">Letter #%%#</item>
  <item name="LBannoAccademico_c.text" disambiguation="A.A.=Anno accademico" html="false" placeholder="false">A.Y.:&amp;nbsp;</item>
  <item name="DDLannoAccademico.0" disambiguation="relativo ad anno accademico" html="false" placeholder="false">-- None --</item>
  <item name="DDLannoAccademico.-1" disambiguation="relativo ad anni accademici" html="false" placeholder="false">-- All --</item>
  <item name="LBperiodo_c.text" html="false" placeholder="false">Period:&amp;nbsp;</item>
  <item name="DDLperiodo.0" disambiguation="relativo a periodo" html="false" placeholder="false">-- None --</item>
  <item name="DDLperiodo.-1" disambiguation="relativo a periodo" html="false" placeholder="false">-- All --</item>
  <item name="LBtipoCorsoDiStudi_t.text" disambiguation="Cds=Corso di studi" html="false" placeholder="false">Cds type:&amp;nbsp;</item>
  <item name="LBcorsoDiStudi_t.text" disambiguation="Cds=Corso di studi" html="false" placeholder="false">Cos:&amp;nbsp;</item>
  <item name="DDLtipoCorsoDiStudi.-1" disambiguation="relativo a tipo di corsi di studio (laurea)" html="false" placeholder="false">-- All --</item>
  <item name="DDLtipoCorsoDiStudi.0" disambiguation="relativo a tipo di corsi di studio (laurea)" html="false" placeholder="false">-- None --</item>
  <item name="LBvalore_c.text" html="false" placeholder="false">Value:&amp;nbsp;</item>
  <item name="LBtipoRicerca_c.text" html="false" placeholder="false">Search by:&amp;nbsp;</item>
  <item name="LBtipoComunita_c.text" disambiguation="relativo a tipo comunità" html="false" placeholder="false">Type:&amp;nbsp;</item>
  <item name="DDLTipoRicerca.-2" html="false" placeholder="false">Name begins with</item>
  <item name="DDLTipoRicerca.-7" html="false" placeholder="false">Name contains..</item>
  <item name="DDLTipoRicerca.-5" html="false" placeholder="false">Enrollment date after the</item>
  <item name="DDLTipoRicerca.-6" html="false" placeholder="false">Registration ends the</item>
  <item name="DDLTipoRicerca.-3" html="false" placeholder="false">Created after the </item>
  <item name="DDLTipoRicerca.-4" html="false" placeholder="false">Created before the</item>
  <item name="DDLTipoRicerca.-8" html="false" placeholder="false">Responsible's name and surname</item>
  <item name="DDLTipoRicerca.-9" html="false" placeholder="false">Of professor:</item>
  <item name="DDLTipoRicerca.-99" html="false" placeholder="false">Of the responsible:</item>
  <item name="CBXmostraPadre.text" html="false" placeholder="false"> Show membership community.</item>
  <item name="DDLTipo.-1" disambiguation="relativo a tipi" html="false" placeholder="false">-- All --</item>
  <item name="LBnumeroRecord_c.text" html="false" placeholder="false">&amp;nbsp;&amp;nbsp;N° record:&amp;nbsp;</item>
  <item name="LBorganizzazione_c.text" disambiguation="organiz.=organizzazione" html="false" placeholder="false">Organiz.:&amp;nbsp;</item>
  <item name="DDLorganizzazione.-1" disambiguation="relativo ad organizzazioni" html="false" placeholder="false">-- All --</item>
  <item name="DDLorganizzazione.0" disambiguation="relativo ad organizzazione" html="false" placeholder="false">- not identified -</item>
  <item name="LBricercaByIscrizione_c.text" html="false" placeholder="false">Community:&amp;nbsp;</item>
  <item name="DDLricercaByIscrizione.0" html="false" placeholder="false">in which you can enroll</item>
  <item name="DDLricercaByIscrizione.1" html="false" placeholder="false">in which you're enrolled </item>
  <item name="LBtitolo.0" html="false" placeholder="false">Search communities in which enroll</item>
  <item name="LBtitolo.1" html="false" placeholder="false">Search communities in which you are enrolled</item>
  <item name="LBtitolo.2" html="false" placeholder="false">Search community</item>
  <item name="LBtitolo.course.0" html="false" placeholder="false">Search course in which enroll</item>
  <item name="LBtitolo.course.1" html="false" placeholder="false">Search courses in which you are enrolled</item>
  <item name="LBtitolo.course.2" html="false" placeholder="false">Search course</item>
  <item name="LBtitolo.organization.0" html="false" placeholder="false">Search organizations in which to enroll</item>
  <item name="LBtitolo.organization.1" html="false" placeholder="false">Search organizations in which you are enrolled</item>
  <item name="LBtitolo.organization.2" html="false" placeholder="false">Search organization/s</item>
  <item name="LBtitolo.workgroup.0" html="false" placeholder="false">Search workgroups in which to enroll</item>
  <item name="LBtitolo.workgroup.1" html="false" placeholder="false">Search workgroups in which you are enrolled</item>
  <item name="LBtitolo.workgroup.2" html="false" placeholder="false">Search workgroups</item>
  <item name="LBtitoloRicercaTesi.0" html="false" placeholder="false">Search thesis students communities in which enroll</item>
  <item name="LBtitoloRicercaTesi.1" html="false" placeholder="false">Search thesis students communities in which you are enrolled</item>
  <item name="LBtitoloRicercaTesi.2" html="false" placeholder="false">Search thesis students communities</item>
  <item name="stato.True" html="false" placeholder="false">Registration still have to be accepted.</item>
  <item name="stato.False" html="false" placeholder="false">Free registration</item>
  <item name="stato.image.True" html="false" placeholder="false" hidden="true">lucchetto_closed.gif</item>
  <item name="stato.image.False" html="false" placeholder="false" hidden="true">lucchetto_open.gif</item>
  <item name="creata" html="false" placeholder="true" mustcontains="#%%#">(created by #%%# )</item>
  <item name="iscrizioni.0" html="false" placeholder="true" mustcontains="#%%#">Enrollments opened on&amp;nbsp;#%%#</item>
  <item name="iscrizioni.1" html="false" placeholder="false">Enrollments closed</item>
  <item name="iscrizioni.2" html="false" placeholder="false">Registrations limit reached</item>
  <item name="iscrizioni.3" html="false" placeholder="true" mustcontains="#%%#"> &amp;nbsp;Register  &amp;nbsp;#%%#</item>
  <item name="DGComunita.page" html="false" placeholder="true" mustcontains="#%%#">Page &lt;#%%#&gt;</item>
  <item name="DGComunita.ordinamento.0.status" html="false" placeholder="true" mustcontains="#%%#">Ascending order by &lt;#%%#&gt;</item>
  <item name="DGComunita.ordinamento.1.status" html="false" placeholder="true" mustcontains="#%%#">Descending order by &lt;#%%#&gt;</item>
  <item name="DGComunita.ordinamento.2.status" html="false" placeholder="true" mustcontains="#%%#">Order by &lt;#%%#&gt;</item>
  <item name="DGComunita.IMBnews.ImageUrl" html="false" placeholder="false" hidden="true">./../images/HasNews.gif</item>
  <item name="DGComunita.IMBnews.status" html="false" placeholder="false">Last news.</item>
  <item name="DGComunita.IMBnews.AlternateText" html="false" placeholder="false">Last news</item>
  <item name="DGComunita.TPCM_Descrizione.HeaderText" html="false" placeholder="false">Type</item>
  <item name="DGComunita.CMNT_Nome.HeaderText" html="false" placeholder="false">Name</item>
  <item name="DGComunita.AnnoAccademico.HeaderText" disambiguation="A.A.=Anno accademico" html="false" placeholder="false">A.Y.</item>
  <item name="DGComunita.Periodo.HeaderText" html="false" placeholder="false">Period</item>
  <item name="DGComunita.AnagraficaResponsabile.HeaderText" html="false" placeholder="false">Responsible</item>
  <item name="DGComunita.Iscritti.HeaderText" html="false" placeholder="false">N° registered users.</item>
  <item name="LNBnews.text" html="false" placeholder="false">Read news</item>
  <item name="LNBnews.status" html="false" placeholder="false">Last news.</item>
  <item name="LNBdettagli.status" html="false" placeholder="false">Community details.</item>
  <item name="LNBdettagli.ToolTip" html="false" placeholder="false">Community details.</item>
  <item name="LNBdettagli.text" html="false" placeholder="false">Details</item>
  <item name="LNBiscrivi.status" html="false" placeholder="false">Enroll me in the selected community</item>
  <item name="LNBiscrivi.ToolTip" html="false" placeholder="false">Enroll me in the selected community</item>
  <item name="LNBiscrivi.text" html="false" placeholder="false">Enroll</item>
  <item name="LNBlogin.text" html="false" placeholder="false">Access</item>
  <item name="LNBlogin.status" html="false" placeholder="true" mustcontains="#%%#">Go to the community: #%%#</item>
  <item name="LNBlogin.blocked" html="false" placeholder="false">Access not allowed; the community has been blocked by the main administrator.</item>
  <item name="LNBlogin.ToolTip" html="false" placeholder="false">Access</item>
  <item name="BTNMessaggi.0.text" html="false" placeholder="false">Select again</item>
  <item name="BTNMessaggi.0.status" html="false" placeholder="false">Select again</item>
  <item name="BTNMessaggi.1.text" html="false" placeholder="false">Back</item>
  <item name="BTNMessaggi.1.status" html="false" placeholder="false">Back.</item>
  <item name="BTNindietro.text" html="false" placeholder="false">Back</item>
  <item name="BTNindietro.status" html="false" placeholder="false">Back.</item>
  <item name="BTNiscrivi.text" html="false" placeholder="false">Enroll</item>
  <item name="BTNiscrivi.status" html="false" placeholder="false">Enroll.</item>
  <item name="BTNiscrivi.ToolTip" html="false" placeholder="false">Enroll.</item>
  <item name="BTNelencoIscritte.text" html="false" placeholder="false">Enrolled community list</item>
  <item name="BTNelencoIscritte.status" html="false" placeholder="false">Enrolled community list.</item>
  <item name="LBiscrizione.text" html="false" placeholder="false">Enrolled community list</item>
  <item name="registrazione.0" html="false" placeholder="false">Sorry, an error occurred while trying to register.</item>
  <item name="registrazione.1" html="true" placeholder="false">You have been correctly registered in the community but access is not enabled yet.&lt;br&gt;Your registration must be first examinated by a community administrator.</item>
  <item name="registrazione.2" html="false" placeholder="false">Sorry, enrollment has NOT been accepted, enrollments limit has been reached.</item>
  <item name="registrazione.3" html="false" placeholder="false">You were successfully enrolled in the selected community.</item>
  <item name="limiti" html="false" placeholder="false">up</item>
  <item name="limiti.superato" html="false" placeholder="true" mustcontains="#num1#|#numOver#|#limite#">#num1# (#numOver# more) of #limite#</item>
  <item name="LBlegenda.text" disambiguation="singolare" html="false" placeholder="false">Community details</item>
  <item name="LBtitolo2.text" html="false" placeholder="false">Search course</item>
  <item name="LBcorsoDiStudi2_t.text" html="false" placeholder="false">Course of study:&amp;nbsp;</item>
  <item name="BTNannullaConferma.text" html="false" placeholder="false">Cancel</item>
  <item name="BTNannullaConferma.ToolTip" html="false" placeholder="false">Cancel</item>
  <item name="BTNiscriviConferma.text" html="false" placeholder="false">Confirm  enrollment</item>
  <item name="BTNiscriviConferma.ToolTip" html="false" placeholder="false">Confirm  enrollment</item>
  <item name="LBconferma.text" html="false" placeholder="true" mustcontains="#nomeComunita#|#nomeResponsabile#">Confirm enrollment in the community "#nomeComunita#" - #nomeResponsabile# ?</item>
  <item name="LNBannullaDettagli.text" html="false" placeholder="false">Back to list</item>
  <item name="LNBannullaDettagli.status" html="false" placeholder="false">Back to list</item>
  <item name="LNBannullaDettagli.Tooltip" html="false" placeholder="false">Back to list</item>
  <item name="LNBentraDettagli.text" html="false" placeholder="false">Access</item>
  <item name="LNBentraDettagli.status" html="false" placeholder="false">Access</item>
  <item name="LNBentraDettagli.Tooltip" html="false" placeholder="false">Access</item>
  <item name="LNBiscriviDettagli.text" html="false" placeholder="false">Enroll</item>
  <item name="LNBiscriviDettagli.status" html="false" placeholder="false">Enroll</item>
  <item name="LNBiscriviDettagli.Tooltip" html="false" placeholder="false">Enroll</item>
  <item name="LNBapriFiltro.text" html="true" placeholder="false">&lt;img src='./../images/filtro_open.gif' alt='' align=middle&gt;View filter</item>
  <item name="LNBapriFiltro.status" html="false" placeholder="false">View community filter</item>
  <item name="LNBapriFiltro.Tooltip" html="false" placeholder="false">View community filter</item>
  <item name="LNBchiudiFiltro.text" html="true" placeholder="false">&lt;img src='./../images/filtro_close.gif' alt='' align=middle&gt;Hide filters</item>
  <item name="LNBchiudiFiltro.status" html="false" placeholder="false">Hide filters</item>
  <item name="LNBchiudiFiltro.Tooltip" html="false" placeholder="false">Hide filters</item>
  <item name="LNBannullaConferma.text" html="false" placeholder="false">Back to list</item>
  <item name="LNBannullaConferma.status" html="false" placeholder="false">Back to list</item>
  <item name="LNBannullaConferma.ToolTip" html="false" placeholder="false">Back to list</item>
  <item name="LNBiscriviConferma.text" html="false" placeholder="false">Confirm  enrollment</item>
  <item name="LNBiscriviConferma.status" html="false" placeholder="false">Confirm  enrollment</item>
  <item name="LNBiscriviConferma.ToolTip" html="false" placeholder="false">Confirm  enrollment</item>
  <item name="LNBelencoIscritte.text" html="false" placeholder="false">Back to the enrolled ones</item>
  <item name="LNBelencoIscritte.status" html="false" placeholder="false">Back to the enrolled ones</item>
  <item name="LNBelencoIscritte.ToolTip" html="false" placeholder="false">Back to the enrolled ones</item>
  <item name="LNBiscriviAltre.text" html="false" placeholder="false">Other enrollment</item>
  <item name="LNBiscriviAltre.status" html="false" placeholder="false">Other enrollment</item>
  <item name="LNBiscriviAltre.ToolTip" html="false" placeholder="false">Other enrollment</item>
  <item name="LNBiscriviMultipli.text" html="false" placeholder="false">Enroll me in the selected ones</item>
  <item name="LNBiscriviMultipli.status" html="false" placeholder="false">Enroll me in the selected communities</item>
  <item name="LNBiscriviMultipli.status" html="false" placeholder="false">Iscrivimi alle comunità selezionate</item>
  <item name="messaggio.BloccataForCopisteria" html="false" placeholder="false">Non è possibile iscriversi, l'accesso per la copisteria NON è consentito !</item>
  <item name="messaggio.Bloccata" html="false" placeholder="false">It is not possible to enroll in a blocked community</item>
  <item name="messaggio.Archiviata" html="false" placeholder="false">It is not possible to enroll in an archived community</item>
  <item name="messaggio.NoIscrizione" html="false" placeholder="false">It is not possible to enroll in the selected community</item>
  <item name="NONattivati" html="false" placeholder="false">Access confirmation pending</item>
  <item name="NONabilitati" html="false" placeholder="false">Access blocked</item>
  <item name="bloccate" html="false" placeholder="false">Blocked communities.</item>
  <item name="archiviate" html="false" placeholder="false">Archived communities.</item>
  <item name="LNBannulla.text" html="false" placeholder="false">Back to list</item>
  <item name="LNBannulla.status" html="false" placeholder="false">Back to list</item>
  <item name="LNBannulla.Tooltip" html="false" placeholder="false">Back to list</item>
  <item name="LBMessaggi.-1" html="false" placeholder="false">Sorry, your registration is still under examination, so it is impossible to login.</item>
  <item name="LBMessaggi.0" html="false" placeholder="false">Sorry, the community access is currently  disabled.</item>
  <item name="LBMessaggi.3" html="false" placeholder="false">Sorry, this community is currently blocked, access is disabled for all the enrollees.</item>
  <item name="LBstatoComunita_t.text" html="false" placeholder="false">Community status:</item>
  <item name="DDLstatoComunita.-1" disambiguation="Relativo a Comunità" html="false" placeholder="false">All</item>
  <item name="DDLstatoComunita.0" disambiguation="Relativo a Comunità" html="false" placeholder="false">Active</item>
  <item name="DDLstatoComunita.1" disambiguation="Relativo a Comunità" html="false" placeholder="false">Archived</item>
  <item name="DDLstatoComunita.2" disambiguation="Relativo a Comunità" html="false" placeholder="false">blocked</item>
  <item name="RBLstatoComunita.-1" disambiguation="Relativo a Comunità" html="false" placeholder="false">All</item>
  <item name="RBLstatoComunita.0" disambiguation="Relativo a Comunità" html="false" placeholder="false">Active</item>
  <item name="RBLstatoComunita.1" disambiguation="Relativo a Comunità" html="false" placeholder="false">Archived</item>
  <item name="RBLstatoComunita.2" disambiguation="Relativo a Comunità" html="false" placeholder="false">blocked</item>
  <item name="RBLricercaByIscrizione.0" html="false" placeholder="false">in which you can enroll</item>
  <item name="RBLricercaByIscrizione.1" html="false" placeholder="false">in which you're enrolled </item>
  <item name="ISCRIZIONIdisattivate" html="false" placeholder="false">Enrollments DEACTIVATED (communities block., etc)</item>
  <item name="ISCRIZIONInonPossibili" html="false" placeholder="false">Enrollments NOT allowed (deadline, number of enrollees)</item>
  <item name="BTNCerca.text" html="false" placeholder="false">Search</item>
  <item name="BTNCerca.status" html="false" placeholder="false">Search</item>
  <item name="BTNCerca.ToolTip" html="false" placeholder="false">Search</item>
  <item name="CBXautoUpdate.text" html="false" placeholder="false">Update results</item>
  <item name="elenco.1" html="false" placeholder="false">No community found, according to the specified criteria</item>
  <item name="elenco.0" html="false" placeholder="false">&lt;br/&gt;ATTENTION: in order to search a community you have to enter its name or its responsible.&lt;br/&gt;&lt;br/&gt;&lt;br/&gt;</item>
  <item name="LBiscrizioni_t.text" html="false" placeholder="false">Enrollments:</item>
  <item name="CBXattive.text" html="false" placeholder="false">ONLY the active ones</item>
  <item name="MessaggioSelezione" html="false" placeholder="false">Select at least a community</item>
  <item name="MessaggioConferma" html="false" placeholder="false">Confirm the enrollment in theselected communities?</item>
  <item name="ErroriIscrizioneComunita.1" html="false" placeholder="false">You were successfully enrolled in the selected community.</item>
  <item name="ErroriIscrizioneComunita.2" html="true" placeholder="false">You have been correctly registered in the community but access is not enabled yet.&lt;br&gt;Your registration must be first examinated by a community administrator.</item>
  <item name="ErroriIscrizioneComunita.-1" html="false" placeholder="false">Sorry, an error occurred while trying to register.</item>
  <item name="ErroriIscrizioneComunita.-2" html="false" placeholder="false">Sorry, enrollment has NOT been accepted, enrollments limit has been reached.</item>
  <item name="ErroriIscrizioneComunita.Multipla.1" html="true" placeholder="true" mustcontains="#nomeComunita#">You were successfully enrolled in the following communities:&lt;br&gt;#nomeComunita#</item>
  <item name="ErroriIscrizioneComunita.Multipla.2" html="true" placeholder="true" mustcontains="#nomeComunita#">You were successfully registered in the following communities:&lt;br&gt;#nomeComunita#&lt;br&gt;You can NOT access the community, yet. A responsible will consider your enrollment.</item>
  <item name="ErroriIscrizioneComunita.Multipla.-1" html="true" placeholder="true" mustcontains="#nomeComunita#">Sorry, an errror occurred while enrolling in these communities:&lt;br&gt;#nomeComunita#</item>
  <item name="ErroriIscrizioneComunita.Multipla.-2" html="true" placeholder="true" mustcontains="#nomeComunita#">Sorry, enrollment in the following communities:&lt;br&gt;#nomeComunita#&lt;br&gt;  has NOT been accepted, enrollments limit has been reached.</item>
  <item name="LBconfermaMultipla.text" html="false" placeholder="false">Confirm the enrollment in the selected communities ?</item>
  <item name="LBdocente_t.text" html="false" placeholder="false">Professor:</item>
  <item name="DDLresponsabile.-1" disambiguation="relativo ad utente" html="false" placeholder="false">All</item>
  <item name="DDLresponsabile.-2" disambiguation="relativo ad utente" html="false" placeholder="false">--  Select  --</item>
  <item name="DDLdocente.-1" disambiguation="relativo ad utente" html="false" placeholder="false">All</item>
  <item name="DDLdocente.-2" disambiguation="relativo ad utente" html="false" placeholder="false">--  Select  --</item>
  <item name="LBdocente_t.text" html="false" placeholder="false">Docente:&amp;nbsp;</item>
  <item name="LNBalberoGerarchico.text" html="false" placeholder="false">Hierarchical tree</item>
  <item name="LNBalberoGerarchico.status" html="false" placeholder="false">Hierarchical tree</item>
  <item name="LNBalberoGerarchico.Tooltip" html="false" placeholder="false">Hierarchical tree</item>
  <item name="LNBalbero.text" html="false" placeholder="false">Community Tree</item>
  <item name="LNBalbero.status" html="false" placeholder="false">Community Tree</item>
  <item name="LNBalbero.Tooltip" html="false" placeholder="false">Community Tree</item>
  <item name="LBresponsabile_t.text" html="false" placeholder="false">Person in charge:&amp;nbsp;</item>
  <item name="LBnomeComunita_t.text" html="false" placeholder="false">Community name:&amp;nbsp;</item>
  <item name="LThasnews.text" html="true" placeholder="false">&amp;nbsp;&lt;a class="{3}" href="{0}" Title="{1} novità"&gt;&lt;img src="{2}"&gt; Read News &lt;/a&gt; </item>
</Resource>