<?xml version="1.0" encoding="utf-8"?>
<Resource xmlns:xsi="http://www.w3.org/2001/XMLSchema-instance" xmlns:xsd="http://www.w3.org/2001/XMLSchema" xmlns="urn:ComolTranslation">
  <item name="LBtitolo.text" description="#o#=nome organizzaizone, #c#=nome comunità" html="false" placeholder="true" mustcontains="#o#|#c#">Enrollees in #o# in the #c# community</item>
  <item name="LBcolonne.text" html="false" placeholder="false">Displayed columns:</item>
  <item name="CHLcolonne.1" html="false" placeholder="false">Matriculation number</item>
  <item name="CHLcolonne.2" description="relativo ad utente" html="false" placeholder="false">Vital statistics</item>
  <item name="CHLcolonne.3" html="false" placeholder="false">Login</item>
  <item name="CHLcolonne.4" html="false" placeholder="false">E-mail</item>
  <item name="CHLcolonne.5" html="false" placeholder="false">Role</item>
  <item name="CHLcolonne.6" html="false" placeholder="false">Person type</item>
  <item name="CHLcolonne.7" html="false" placeholder="false">Last  link</item>
  <item name="CHLcolonne.8" html="false" placeholder="false">Registerd on</item>
  <item name="BTNOk.text" html="false" placeholder="false">Close window</item>
  <item name="BTNOk.status" html="false" placeholder="false">Close window</item>
  <item name="BTNOk.ToolTip" html="false" placeholder="false">Close window</item>
  <item name="BTNstampa.text" html="false" placeholder="false">Print</item>
  <item name="BTNstampa.status" html="false" placeholder="false">Print</item>
  <item name="BTNstampa.ToolTip" html="false" placeholder="false">Print</item>
  <item name="BTNexcel.text" html="false" placeholder="false" mustcontains="Excel">Extract in Excel</item>
  <item name="BTNexcel.status" html="false" placeholder="false" mustcontains="Excel">Extract in Excel</item>
  <item name="BTNexcel.ToolTip" html="false" placeholder="false" mustcontains="Excel">Extract in Excel</item>
  <item name="LBtitolo.standard" html="false" placeholder="false">List ordered by surname of ALL the users registered to the community</item>
  <item name="LBtitolo.altri" html="false" placeholder="true" mustcontains="#ruolo#">List ordered by surname of the users with role: #ruolo#</item>
  <item name="DGiscritti.matricola.HeaderText" html="false" placeholder="false">Matriculation number</item>
  <item name="DGiscritti.PRSN_Anagrafica.HeaderText" description="relativo ad utente" html="false" placeholder="false">Vital statistics</item>
  <item name="DGiscritti.PRSN_login.HeaderText" html="false" placeholder="false">Login</item>
  <item name="DGiscritti.Mail.HeaderText" html="false" placeholder="false">Mail</item>
  <item name="DGiscritti.TPRL_nome.HeaderText" html="false" placeholder="false">Role</item>
  <item name="DGiscritti.TPPR_descrizione.HeaderText" html="false" placeholder="false">Person type</item>
  <item name="DGiscritti.RLPC_ultimoCollegamento.HeaderText" html="false" placeholder="false">Last  link</item>
  <item name="DGiscritti.RLPC_IscrittoIl.HeaderText" html="false" placeholder="false">Registerd on</item>
  <item name="DGiscritti.nome.HeaderText" description="relativo ad utente" html="false" placeholder="false">Name</item>
  <item name="DGiscritti.cognome.HeaderText" description="relativo ad utente" html="false" placeholder="false">Surname</item>
  <item name="LBnoIscrittiInAttesa.text" html="false" placeholder="false">There are no users waiting for activation.</item>
  <item name="LBnoIscrittiBloccati.text" html="false" placeholder="false">There are no users whose access is blocked.</item>
  <item name="LBnoIscritti.text" html="false" placeholder="false">There are no users enrolled in the communityNon vi sono utenti iscritti alla comunità.</item>
  <item name="LBabilitati.text" html="false" placeholder="false">Enabled users</item>
  <item name="LBinAttesa.text" html="false" placeholder="false">Usera waiting for activation</item>
  <item name="LButentiBloccati.text" html="false" placeholder="false">Blocked users</item>
  <item name="noMatricola" disambiguation="relativo ad iscritto" html="false" placeholder="false">Pending</item>
</Resource>