<?xml version="1.0" encoding="utf-8"?>
<Resource xmlns:xsi="http://www.w3.org/2001/XMLSchema-instance" xmlns:xsd="http://www.w3.org/2001/XMLSchema" xmlns="urn:ComolTranslation">
  <item name="LBtitolo.text" html="false" placeholder="false">User/s enrollment</item>
  <item name="LBtitolo.1" html="false" placeholder="false">User/s enrollment: choose communities</item>
  <item name="LBtitolo.2" html="false" placeholder="false">Enrollments open: choose users</item>
  <item name="LBtitolo.3" html="false" placeholder="false">User/s enrollment: role definition</item>
  <item name="LBNopermessi.text" html="false" placeholder="false">You do not have permission to access this page.</item>
  <item name="BTNCerca.text" html="false" placeholder="false">Apply filters</item>
  <item name="LKBaltro.status" html="false" placeholder="false">Other characters</item>
  <item name="LKBaltro.text" disambiguation="Relativo a caratteri" html="false" placeholder="false">Other</item>
  <item name="LKBaltro.ToolTip" html="false" placeholder="false">Other characters</item>
  <item name="LKBtutti.status" html="false" placeholder="false">All</item>
  <item name="LKBtutti.text" html="false" placeholder="false">All</item>
  <item name="LKBtutti.ToolTip" html="false" placeholder="false">All</item>
  <item name="Lettera.status" disambiguation="lettera=carattere" html="false" placeholder="true" mustcontains="#%%#">Letter #%%#</item>
  <item name="Lettera.ToolTip" disambiguation="lettera=carattere" html="false" placeholder="true" mustcontains="#%%#">Letter #%%#</item>
  <item name="DGPersone.page" html="false" placeholder="true" mustcontains="#%%#">Page &lt;#%%#&gt;</item>
  <item name="DGPersone.ordinamento.0.status" html="false" placeholder="true" mustcontains="#%%#">Ascending order by &lt;#%%#&gt;</item>
  <item name="DGPersone.ordinamento.1.status" html="false" placeholder="true" mustcontains="#%%#">Descending order by &lt;#%%#&gt;</item>
  <item name="DGPersone.ordinamento.2.status" html="false" placeholder="true" mustcontains="#%%#">Order by &lt;#%%#&gt;</item>
  <item name="DGPersone.IMBinfo.ImageUrl" html="false" placeholder="false" hidden="true">../images/proprieta.gif</item>
  <item name="DGPersone.IMBinfo.status" html="false" placeholder="false">User info</item>
  <item name="DGPersone.IMBinfo.AlternateText" html="false" placeholder="false">User info</item>
  <item name="DGPersone.PRSN_login.HeaderText" html="false" placeholder="false">Login</item>
  <item name="DGPersone.PRSN_matricola.HeaderText" html="false" placeholder="false">Matriculation number</item>
  <item name="DGPersone.nome.HeaderText" description="relativo ad utente" html="false" placeholder="false">Name</item>
  <item name="DGPersone.cognome.HeaderText" description="relativo ad utente" html="false" placeholder="false">Surname</item>
  <item name="DGPersone.PRSN_mail.HeaderText" html="false" placeholder="false">Mail</item>
  <item name="DGPersone.TPRL_nome.HeaderText" html="false" placeholder="false">Role</item>
  <item name="DGPersone.TPPR_descrizione.HeaderText" html="false" placeholder="false">Person type</item>
  <item name="CBXaggiorna.text" html="false" placeholder="false">Automatic update</item>
  <item name="LBtipoRuolo_t.text" html="false" placeholder="false">Role:&amp;nbsp;</item>
  <item name="LBtipoPersona_t.text" html="false" placeholder="false">Person type:&amp;nbsp;</item>
  <item name="LBnumrecord_t.text" html="false" placeholder="false">N° record:&amp;nbsp;</item>
  <item name="LBtipoRicerca_t.text" html="false" placeholder="false">Search type:&amp;nbsp;</item>
  <item name="LBvalore_t.text" html="false" placeholder="false">Value:&amp;nbsp;</item>
  <item name="DDLTipoRicerca.-2" description="relativo ad utente" html="false" placeholder="false">Name</item>
  <item name="DDLTipoRicerca.-3" description="relativo ad utente" html="false" placeholder="false">Surname</item>
  <item name="DDLTipoRicerca.-4" description="relativo ad utente" html="false" placeholder="false">Name/Surname</item>
  <item name="DDLTipoRicerca.-5" html="false" placeholder="false">Birth date(dd/mm/yyyy)</item>
  <item name="DDLTipoRicerca.-6" html="false" placeholder="false">Matriculation number</item>
  <item name="DDLTipoRicerca.-7" html="false" placeholder="false">Login</item>
  <item name="LBtiporuoloAggiungi_t.text" html="true" placeholder="false">Role of:&amp;nbsp;</item>
  <item name="LBresponsabile_t.text" html="false" placeholder="false">Responsible:</item>
  <item name="CBXresponsabile.text" html="false" placeholder="false">Yes</item>
  <item name="nessuna" html="false" placeholder="false">-- None --</item>
  <item name="LBMessaggio1.text" html="false" placeholder="false">No user available</item>
  <item name="LBMessaggio2.text" html="false" placeholder="false">Sorry, an error occurred.</item>
  <item name="descrizione1" html="false" placeholder="true" mustcontains="#anagrafica#">In order to register the user #anagrafica#, enter the following data:</item>
  <item name="DDLTipoRuolo.-1" disambiguation="Relativo a tipi ruolo" html="false" placeholder="false">-- All --</item>
  <item name="DDLtipoRuoloAggiungi.-1" disambiguation="Relativo a tipo ruolo" html="false" placeholder="false">-- no role --</item>
  <item name="DDLTipoPersona.-1" disambiguation="relativo a tipo profilo" html="false" placeholder="false">-- All --</item>
  <item name="descrizione2" html="false" placeholder="false">To add the selected users, specify the related role:</item>
  <item name="LBparentesi.text" html="false" placeholder="false" hidden="true">):</item>
  <item name="LBseleziona.text" html="false" placeholder="false" mustcontains="(">For the selected users (</item>
  <item name="NONattivati" html="false" placeholder="false">Not enabled users.</item>
  <item name="NONabilitati" html="false" placeholder="false">Not enabled users.</item>
  <item name="NOmatricola" disambiguation="n.d.=nessun dato" html="false" placeholder="false">n.d.</item>
  <item name="BTNindietro.text" html="false" placeholder="false">&lt; Back</item>
  <item name="BTNindietro.ToolTip" html="false" placeholder="false">Back</item>
  <item name="BTNavanti.text" html="false" placeholder="false">Next &gt;</item>
  <item name="BTNavanti.ToolTip" html="false" placeholder="false">Next</item>
  <item name="BTNconferma.text" html="false" placeholder="false">Enroll</item>
  <item name="BTNconferma.ToolTip" html="false" placeholder="false">Enroll</item>
  <item name="BTNindietro2.text" html="false" placeholder="false">&lt; Back</item>
  <item name="BTNindietro2.ToolTip" html="false" placeholder="false">Back</item>
  <item name="BTNavanti2.text" html="false" placeholder="false">Next &gt;</item>
  <item name="BTNavanti2.ToolTip" html="false" placeholder="false">Next</item>
  <item name="BTNconferma2.text" html="false" placeholder="false">Enroll</item>
  <item name="BTNconferma2.ToolTip" html="false" placeholder="false">Enroll</item>
  <item name="BTNgoToManagement.text" html="false" placeholder="false">Go to management</item>
  <item name="BTNgoToManagement.ToolTip" html="false" placeholder="false">Go to management</item>
  <item name="BTNtornaPaginaElenco.text" html="false" placeholder="false">Back to enrolees</item>
  <item name="BTNtornaPaginaElenco.ToolTip" html="false" placeholder="false">Back to enrolees</item>
  <item name="BTNgoToManagementBasso.text" html="false" placeholder="false">Go to management</item>
  <item name="BTNgoToManagementBasso.ToolTip" html="false" placeholder="false">Go to management</item>
  <item name="BTNtornaPaginaElencoBasso.text" html="false" placeholder="false">Back to enrolees</item>
  <item name="BTNtornaPaginaElencoBasso.ToolTip" html="false" placeholder="false">Back to enrolees</item>
  <item name="BTNgoToManagementAlto.text" html="false" placeholder="false">Go to management</item>
  <item name="BTNgoToManagementAlto.ToolTip" html="false" placeholder="false">Go to management</item>
  <item name="BTNtornaPaginaElencoAlto.text" html="false" placeholder="false">Back to enrolees</item>
  <item name="BTNtornaPaginaElencoAlto.ToolTip" html="false" placeholder="false">Back to enrolees</item>
  <item name="LBnessunUtente.text" html="false" placeholder="false">No user found based on the inserted parameters.</item>
  <item name="messaggioSelezione" html="false" placeholder="false">Select at least one user to add to the community.</item>
  <item name="LBinfoSorgente.text" html="false" placeholder="false">In this section you have to choose the community from which import users.</item>
  <item name="LBscelta_t.text" html="false" placeholder="false">Import users from:&amp;nbsp;</item>
  <item name="LBcomunita_t.text" html="false" placeholder="false">Community:&amp;nbsp</item>
  <item name="RBLimporta.0" html="false" placeholder="false">From system</item>
  <item name="RBLimporta.1" html="false" placeholder="false">From a community</item>
  <item name="NessunIscritto" html="false" placeholder="false">Any of the selected users were added to the community.</item>
  <item name="Iscritti" html="false" placeholder="false">All the selected users have been added to the community.</item>
  <item name="IscrittiConErrori" html="false" placeholder="false">Some selected users were not added to the community</item>
  <item name="LogoutMessage" html="false" placeholder="false">Sorry, your session has expired, you have to log into the system again.</item>
  <item name="LNBapriFiltro.text" description="Tradurre solo: 'Visualizza filtro'" html="true" placeholder="false">&lt;img src='./../images/filtro_open.gif' alt='' align=middle&gt;View filter</item>
  <item name="LNBapriFiltro.status" html="false" placeholder="false">View community filter</item>
  <item name="LNBapriFiltro.Tooltip" html="false" placeholder="false">View community filter</item>
  <item name="LNBchiudiFiltro.text" description="Tradurre solo: 'Nascondi filtri'" html="true" placeholder="false">&lt;img src='./../images/filtro_close.gif' alt='' align=middle&gt;Hide filters</item>
  <item name="LNBchiudiFiltro.status" html="false" placeholder="false">Hide filters</item>
  <item name="LNBchiudiFiltro.Tooltip" html="false" placeholder="false">Hide filters</item>
  <item name="LBsceltaRuoli_t.status" html="false" placeholder="false">Roles choice:&amp;nbsp;</item>
  <item name="RBLsceltaRuoli.1" html="false" placeholder="false">Standard roles</item>
  <item name="RBLsceltaRuoli.5" html="false" placeholder="false">Community profile</item>

  <item name="alertNessunaSelezione">No user to be imported selected</item>
  <item name="Iscritti.1">User has been enrolled in the community</item>
  <item name="Iscritti.n" placeholder="true" mustcontains="{0}">{0} selected users have been enrolled in the community.</item>
  <item name="IscrittiConErrori.0.1"> User has NOT been enrolled in the community </item>
  <item name="IscrittiConErrori.0.n" placeholder="true" mustcontains="{0}">}"> None of the {0} selected users have been enrolled in the community.</item>
  <item name="IscrittiConErrori.1.1">One user has been enrolled in the community, the other was NOT.</item>
  <item name="IscrittiConErrori.1.n" placeholder="true" mustcontains="{0}"> One user has been enrolled in the community, the other {0} have NOT.</item>
  <item name="IscrittiConErrori.n.1" placeholder="true" mustcontains="{0}"> {0} users have been enrolled in the community, only one has not.</item>
  <item name="IscrittiConErrori.n.n" placeholder="true" mustcontains="{0}|{1}">{0} users have been enrolled in the community, other {1} users have NOT.</item>
</Resource>