<?xml version="1.0" encoding="utf-8"?>
<Resource xmlns:xsi="http://www.w3.org/2001/XMLSchema-instance" xmlns:xsd="http://www.w3.org/2001/XMLSchema" xmlns="urn:ComolTranslation">
  <item name="LBtitolo.text" html="false" placeholder="false">Profile creation</item>
  <item name="LBNopermessi.text" html="false" placeholder="false">You do not have permission to access this page.</item>
  <item name="LogoutMessage" html="false" placeholder="false">Sorry, your session has expired, you have to log into the system again.</item>
  <item name="LNBindietro.text" html="false" placeholder="false">Back to list</item>
  <item name="LNBindietro.status" html="false" placeholder="false">Back to list</item>
  <item name="LNBindietro.ToolTip" html="false" placeholder="false">Back to list</item>
  <item name="LNBindietro.fromComunita.text" html="false" placeholder="false">Back</item>
  <item name="LNBindietro.fromComunita.status" html="false" placeholder="false">Back</item>
  <item name="LNBindietro.fromComunita.ToolTip" html="false" placeholder="false">Back</item>
  <item name="BTNsalva.text" html="false" placeholder="false">Save</item>
  <item name="BTNsalva.status" html="false" placeholder="false">Save</item>
  <item name="BTNsalva.ToolTip" html="false" placeholder="false">Save</item>
  <item name="BTNindietro.text" html="false" placeholder="false">&lt; Back</item>
  <item name="BTNindietro.status" html="false" placeholder="false">&lt; Back</item>
  <item name="BTNindietro.ToolTip" html="false" placeholder="false">&lt; Back</item>
  <item name="BTNavanti.text" html="false" placeholder="false">Next &gt;</item>
  <item name="BTNavanti.status" html="false" placeholder="false">Next &gt;</item>
  <item name="BTNavanti.ToolTip" html="false" placeholder="false">Next &gt;</item>
  <item name="BTNconferma.text" html="false" placeholder="false">Create</item>
  <item name="BTNconferma.status" html="false" placeholder="false">Create</item>
  <item name="BTNconferma.ToolTip" html="false" placeholder="false">Create</item>
  <item name="BTNelenco.text" html="false" placeholder="false">Back to list</item>
  <item name="BTNelenco.status" html="false" placeholder="false">Associate selected</item>
  <item name="BTNelenco.ToolTip" html="false" placeholder="false">Associate selected</item>
  <item name="BTNelenco.fromComunita.text" html="false" placeholder="false">Back</item>
  <item name="BTNelenco.fromComunita.status" html="false" placeholder="false">Back</item>
  <item name="BTNelenco.fromComunita.ToolTip" html="false" placeholder="false">Back</item>
  <item name="BTNsalva2.text" html="false" placeholder="false">Save</item>
  <item name="BTNsalva2.status" html="false" placeholder="false">Save</item>
  <item name="BTNsalva2.ToolTip" html="false" placeholder="false">Save</item>
  <item name="BTNindietro2.text" html="false" placeholder="false">&lt; Back</item>
  <item name="BTNindietro2.status" html="false" placeholder="false">&lt; Back</item>
  <item name="BTNindietro2.ToolTip" html="false" placeholder="false">&lt; Back</item>
  <item name="BTNavanti2.text" html="false" placeholder="false">Next &gt;</item>
  <item name="BTNavanti2.status" html="false" placeholder="false">Next &gt;</item>
  <item name="BTNavanti2.ToolTip" html="false" placeholder="false">Next &gt;</item>
  <item name="BTNconferma2.text" html="false" placeholder="false">Create</item>
  <item name="BTNconferma2.status" html="false" placeholder="false">Create</item>
  <item name="BTNconferma2.ToolTip" html="false" placeholder="false">Create</item>
  <item name="BTNelenco2.text" html="false" placeholder="false">Back to list</item>
  <item name="BTNelenco2.status" html="false" placeholder="false">Back to list</item>
  <item name="BTNelenco2.ToolTip" html="false" placeholder="false">Back to list</item>
  <item name="BTNelenco2.fromComunita.text" html="false" placeholder="false">Back</item>
  <item name="BTNelenco2.fromComunita.status" html="false" placeholder="false">Back</item>
  <item name="BTNelenco2.fromComunita.ToolTip" html="false" placeholder="false">Back</item>
  <item name="IndiceFasi.0" html="false" placeholder="false">Profile services /permissions - Step 1, creation new profile</item>
  <item name="IndiceFasi.1" html="false" placeholder="true" mustcontains="##">Service wizard ## - Step 2, roles choise</item>
  <item name="IndiceFasi.2" html="false" placeholder="true" mustcontains="##">Service wizard ## - Step 3, service choise</item>
  <item name="IndiceFasi.3" html="false" placeholder="true" mustcontains="##">Service wizard ## - Step 4, permessions definition</item>
  <item name="IndiceFasi.4" html="false" placeholder="false">Profile services /permissions - Step 1, main data definition</item>
  <item name="WizardProfilo_Message.0" html="false" placeholder="false">ATTENTION: Error while performing the operation.</item>
  <item name="WizardProfilo_Message.1" html="false" placeholder="false">Profile was correctly created</item>
  <item name="WizardProfilo_Message.2" html="false" placeholder="false">Data were saved correctly</item>
  <item name="WizardProfilo_Message.3" html="false" placeholder="false">The main available roles have been correctly associated to the profile</item>
  <item name="WizardProfilo_Message.4" html="false" placeholder="false">The services to activate were correctly associated to the profile.</item>
  <item name="WizardProfilo_Message.5" html="false" placeholder="false">Permissions have been correctrly saved.</item>
  <item name="WizardProfilo_Message.-1" html="false" placeholder="false">Enter a name for the profile you want to create.</item>
  <item name="WizardProfilo_Message.-2" html="false" placeholder="false">Profile has not been modified.</item>
  <item name="WizardProfilo_Message.-3" html="false" placeholder="false">Profile was not imported.</item>
  <item name="WizardProfilo_Message.-4" html="false" placeholder="false">Select at least one role.</item>
  <item name="WizardProfilo_Message.-5" html="false" placeholder="false">Select at least one service.</item>
  <item name="WizardProfilo_Message.-6" html="false" placeholder="false">ATTENTION: no permission detected, it is impossible to continue</item>
  <item name="WizardProfilo_Message.-7" html="false" placeholder="false">ATTENTION: no service detected, it is impossible to continue.</item>
  <item name="WizardProfilo_Message.-8" html="false" placeholder="false">ATTENTION: permissions partially defined !</item>
  <item name="WizardProfilo_Message.-9" html="false" placeholder="false">Profile has not been found, impossible to continue.</item>
  <item name="WizardProfilo_Message.-10" html="false" placeholder="false">ATTENTION: no community type detected.</item>
  <item name="WizardProfilo_Message.-11" html="false" placeholder="false">ATTENTION: no role type detected</item>
  <item name="WizardProfilo_Message.-12" html="false" placeholder="false">ATTENTION: error while associating permissions</item>
</Resource>