<?xml version="1.0" encoding="utf-8"?>
<Resource xmlns:xsi="http://www.w3.org/2001/XMLSchema-instance" xmlns:xsd="http://www.w3.org/2001/XMLSchema" xmlns="urn:ComolTranslation">
  <item name="LBtitolo.text" html="false" placeholder="false">Community creation</item>
  <item name="LBNopermessi.text" html="false" placeholder="false">You do not have permission to access this page.</item>
  <item name="LogoutMessage" html="false" placeholder="false">Sorry, your session has expired, you have to log into the system again.</item>
  <item name="LNBindietro.text" html="false" placeholder="false">Back to list</item>
  <item name="LNBindietro.status" html="false" placeholder="false">Associate selected</item>
  <item name="LNBindietro.ToolTip" html="false" placeholder="false">Associate selected</item>
  <item name="LNBindietro.fromComunita.text" html="false" placeholder="false">Back</item>
  <item name="LNBindietro.fromComunita.status" html="false" placeholder="false">Back</item>
  <item name="LNBindietro.fromComunita.ToolTip" html="false" placeholder="false">Back</item>
  <item name="BTNsalva.text" html="false" placeholder="false">Save</item>
  <item name="BTNsalva.status" html="false" placeholder="false">Save</item>
  <item name="BTNsalva.ToolTip" html="false" placeholder="false">Save</item>
  <item name="BTNindietro.text" html="false" placeholder="false">&lt; Back</item>
  <item name="BTNindietro.status" html="false" placeholder="false">&lt; Back</item>
  <item name="BTNindietro.ToolTip" html="false" placeholder="false">&lt; Back</item>
  <item name="BTNavanti.text" html="false" placeholder="false">Next &gt;</item>
  <item name="BTNavanti.status" html="false" placeholder="false">Next &gt;</item>
  <item name="BTNavanti.ToolTip" html="false" placeholder="false">Next &gt;</item>
  <item name="BTNconferma.text" html="false" placeholder="false">Create</item>
  <item name="BTNconferma.status" html="false" placeholder="false">Create</item>
  <item name="BTNconferma.ToolTip" html="false" placeholder="false">Create</item>
  <item name="BTNelenco.text" html="false" placeholder="false">Back to list</item>
  <item name="BTNelenco.status" html="false" placeholder="false">Associate selected</item>
  <item name="BTNelenco.ToolTip" html="false" placeholder="false">Associate selected</item>
  <item name="BTNelenco.fromComunita.text" html="false" placeholder="false">Back</item>
  <item name="BTNelenco.fromComunita.status" html="false" placeholder="false">Back</item>
  <item name="BTNelenco.fromComunita.ToolTip" html="false" placeholder="false">Back</item>
  <item name="BTNsalva2.text" html="false" placeholder="false">Save</item>
  <item name="BTNsalva2.status" html="false" placeholder="false">Save</item>
  <item name="BTNsalva2.ToolTip" html="false" placeholder="false">Save</item>
  <item name="BTNindietro2.text" html="false" placeholder="false">&lt; Back</item>
  <item name="BTNindietro2.status" html="false" placeholder="false">&lt; Back</item>
  <item name="BTNindietro2.ToolTip" html="false" placeholder="false">&lt; Back</item>
  <item name="BTNavanti2.text" html="false" placeholder="false">Next &gt;</item>
  <item name="BTNavanti2.status" html="false" placeholder="false">Next &gt;</item>
  <item name="BTNavanti2.ToolTip" html="false" placeholder="false">Next &gt;</item>
  <item name="BTNconferma2.text" html="false" placeholder="false">Create</item>
  <item name="BTNconferma2.status" html="false" placeholder="false">Create</item>
  <item name="BTNconferma2.ToolTip" html="false" placeholder="false">Create</item>
  <item name="BTNelenco2.text" html="false" placeholder="false">Back to list</item>
  <item name="BTNelenco2.status" html="false" placeholder="false">Back to list</item>
  <item name="BTNelenco2.ToolTip" html="false" placeholder="false">Back to list</item>
  <item name="BTNelenco2.fromComunita.text" html="false" placeholder="false">Back</item>
  <item name="BTNelenco2.fromComunita.status" html="false" placeholder="false">Back</item>
  <item name="BTNelenco2.fromComunita.ToolTip" html="false" placeholder="false">Back</item>
  <item name="BTNaggiungiPadre.text" html="false" placeholder="false">Adds another </item>
  <item name="BTNaggiungiPadre.status" html="false" placeholder="false">Adds another </item>
  <item name="BTNaggiungiPadre.ToolTip" html="false" placeholder="false">Adds another </item>
  <item name="BTNaggiungiPadre2.text" html="false" placeholder="false">Adds another </item>
  <item name="BTNaggiungiPadre2.status" html="false" placeholder="false">Adds another </item>
  <item name="BTNaggiungiPadre2.ToolTip" html="false" placeholder="false">Adds another </item>
  <item name="LBTitolo.0" html="false" placeholder="false">New community - Step 1, main data definition</item>
  <item name="LBTitolo.1" html="false" placeholder="false">New community - Step 2, person in charge definition</item>
  <item name="LBTitolo.2" html="false" placeholder="false">New community - Step 3, choose father community</item>
  <item name="LBTitolo.3" html="false" placeholder="false">New community - Step 4, service definition</item>
  <item name="LBTitolo.4" html="false" placeholder="false">New community - Step 5, confirm data</item>
  <item name="LBTitolo.5" html="false" placeholder="false">New community - Step 3, associated communities</item>
  <item name="LBTitolo.6" html="false" placeholder="false">New community - Step 3, add other communities</item>
  <item name="LBTitolo.7" html="false" placeholder="false">New community - Step 4, service activation</item>
  <item name="LBTitolo.8" html="false" placeholder="false">New community - Step 5, default service</item>
  <item name="LBTitolo.10" html="false" placeholder="false">New course - Step 1, choose faculty / courses</item>
  <item name="LBTitolo.11" html="false" placeholder="false">New course - Step 2, Main data</item>
  <item name="LBTitolo.12" html="false" placeholder="false">New course - Step 3, person in charge definition</item>
  <item name="LBTitolo.13" html="false" placeholder="false">New course - Step 4, service definition</item>
  <item name="LBTitolo.14" html="false" placeholder="false">New course - Step 5, confirm data</item>
  <item name="LBTitolo.modifica.0" html="false" placeholder="false">Main data definition</item>
  <item name="LBTitolo.modifica.1" html="false" placeholder="false">Responsible definition</item>
  <item name="LBTitolo.modifica.2" html="false" placeholder="false">Choose father communities</item>
  <item name="LBTitolo.modifica.3" html="false" placeholder="false">Service definition</item>
  <item name="LBTitolo.modifica.4" html="false" placeholder="false">Confirm data</item>
  <item name="LBTitolo.modifica.5" html="false" placeholder="false">Associated communities</item>
  <item name="LBTitolo.modifica.6" html="false" placeholder="false">Add other community</item>
  <item name="LBTitolo.modifica.7" html="false" placeholder="false">Services activation</item>
  <item name="LBTitolo.modifica.8" html="false" placeholder="false">Default service</item>
  <item name="LBTitolo.modifica.10" html="false" placeholder="false">Choose faculties / courses</item>
  <item name="LBTitolo.modifica.11" html="false" placeholder="false">Main data</item>
  <item name="LBTitolo.modifica.12" html="false" placeholder="false">Responsible definition</item>
  <item name="LBTitolo.modifica.13" html="false" placeholder="false">Service definition</item>
  <item name="LBTitolo.modifica.14" html="false" placeholder="false">Confirm data</item>
  <item name="WizardComunita_Message.-10" html="false" placeholder="false">Any degree course was selected as default. </item>
  <item name="WizardComunita_Message.-8" html="false" placeholder="false">It was not possible to make this community available for some of the selected parent communities.</item>
  <item name="WizardComunita_Message.-7" html="false" placeholder="false">Error while defining the services to activate, the default ones will be enabled.</item>
  <item name="WizardComunita_Message.-6" html="false" placeholder="false">Error while defining the person in charge of the community.</item>
  <item name="WizardComunita_Message.-5" html="false" placeholder="false">Error, created community was not detected.</item>
  <item name="WizardComunita_Message.-4" html="false" placeholder="false">Error, no service detected</item>
  <item name="WizardComunita_Message.-3" html="false" placeholder="false">Attention, the created community can not be other communities child.</item>
  <item name="WizardComunita_Message.-1" html="false" placeholder="false">Attention, not all of the mandatory fields were filled in</item>
  <item name="WizardComunita_Message.0" html="false" placeholder="false">Attention, community was NOT created !</item>
  <item name="WizardComunita_Message.1" html="false" placeholder="false">Community has successfully been created.</item>
  <item name="WizardComunita_Message.2" html="false" placeholder="false">Community has ALREADY been created. </item>
  <item name="WizardComunita_Message.3" html="false" placeholder="false">Person in charge has been correctly associated.</item>
  <item name="WizardComunita_Message.5" html="false" placeholder="false">Default services have been associated.</item>
</Resource>