<?xml version="1.0" encoding="utf-8" ?>
<hibernate-mapping xmlns="urn:nhibernate-mapping-2.2" assembly="lm.Comol.Core.DomainModel" namespace="lm.Comol.Core.DomainModel.DocTemplateVers">
    <class name="ServiceContent" table="DT_ServiceContent" >
        <id name="Id" column="Id" type="Int64">
            <generator class="native"/>
        </id>
        <version name="TimeStamp"
            generated="always"
            unsaved-value="null"
            type="BinaryBlob">
            <column name="_Timestamp"
                    not-null="false"
                    sql-type="timestamp"/>
        </version>


        <many-to-one name="Template" class="lm.Comol.Core.DomainModel.DocTemplateVers.Template, lm.Comol.Core.DomainModel" column="IdTemplate" foreign-key="IdTemplate" cascade="none" />


        <property name="Version" type="Int32" column="Version" />
        
        <property name="IsActive" type="Boolean" column="IsActive" />
        <property name="ModuleId" type="Int64" column="IdModule" />
        <property name="ModuleCode" type="String" column="CodeModule" />
        <property name="ModuleName" type="String" column="NameModule" />

        <property name="CreatedOn" type="DateTime" column="_CreatedOn" />
        <many-to-one name="CreatedBy" class="lm.Comol.Core.DomainModel.Person" column="_CreatedBy" foreign-key="_CreatedBy" cascade="none" />
        <property name="ModifiedOn" type="DateTime" column="_ModifiedOn" />
        <many-to-one name="ModifiedBy" class="lm.Comol.Core.DomainModel.Person" column="_ModifiedBy" foreign-key="_ModifiedBy" cascade="none" />
        <property name="CreatorProxyIpAddress" type="String" column="_CreatedProxyIPaddress" />
        <property name="CreatorIpAddress" type="String" column="_CreatedIPaddress" />
        <property name="ModifiedProxyIpAddress" type="String" column="_ModifiedProxyIPaddress" />
        <property name="ModifiedIpAddress" type="String" column="_ModifiedIPaddress" />
        <property name="Deleted" type="lm.Comol.Core.DomainModel.BaseStatusDeleted,lm.Comol.Core.DomainModel" column="_Deleted" />
    </class>
</hibernate-mapping>
