<?xml version="1.0" encoding="utf-8" ?>
<hibernate-mapping xmlns="urn:nhibernate-mapping-2.2" assembly="lm.Comol.Core.DomainModel" namespace="lm.Comol.Core.DomainModel.DocTemplateVers">
    
    <class name="TemplateVersion" table="DT_Version" >
        <id name="Id" column="Id" type="Int64">
            <generator class="native"/>
        </id>
        <version name="TimeStamp"
            generated="always"
            unsaved-value="null"
            type="BinaryBlob">
            <column name="_Timestamp"
                    not-null="false"
                    sql-type="timestamp"/>
        </version>
        
        <property name="IsActive" type="Boolean" column="IsActive" />
        <property name="IsDraft" type="Boolean" column="IsDraft" />
        
        <many-to-one name="Template" class="lm.Comol.Core.DomainModel.DocTemplateVers.Template, lm.Comol.Core.DomainModel" column="IdTemplate" foreign-key="IdTemplate" cascade="none" />
        
        <property name="Version" type="Int32" column="Version" />
        <property name="SubVersion" type="Int64" column="SubVersion" />
        <property name="HasSignatures" type="Boolean" column="HasSignatures" />

        <bag name="Settings" table="DT_Settings" cascade="all-delete-orphan" lazy="true" inverse="true">
            <key column="IdTemplateVersion" foreign-key="Id"/>
            <one-to-many class="lm.Comol.Core.DomainModel.DocTemplateVers.Settings, lm.Comol.Core.DomainModel"/>
        </bag>
        
        <bag name="Elements" table="DT_PageElement" cascade="all-delete-orphan" lazy="true" inverse="true">
            <key column="IdTemplateVersion" foreign-key="Id"/>
            <one-to-many class="lm.Comol.Core.DomainModel.DocTemplateVers.PageElement, lm.Comol.Core.DomainModel"/>
        </bag>

        <bag name="Signatures" table="DT_Signature" cascade="all-delete-orphan" lazy="true" inverse="true">
            <key column="IdTemplateVersion" foreign-key="Id"/>
            <one-to-many class="lm.Comol.Core.DomainModel.DocTemplateVers.Signature, lm.Comol.Core.DomainModel"/>
        </bag>
        
        <property name="CreatedOn" type="DateTime" column="_CreatedOn" />
        <many-to-one name="CreatedBy" class="lm.Comol.Core.DomainModel.Person" column="_CreatedBy" foreign-key="_CreatedBy" cascade="none" />
        <property name="ModifiedOn" type="DateTime" column="_ModifiedOn" />
        <many-to-one name="ModifiedBy" class="lm.Comol.Core.DomainModel.Person" column="_ModifiedBy" foreign-key="_ModifiedBy" cascade="none" />
        <property name="CreatorProxyIpAddress" type="String" column="_CreatedProxyIPaddress" />
        <property name="CreatorIpAddress" type="String" column="_CreatedIPaddress" />
        <property name="ModifiedProxyIpAddress" type="String" column="_ModifiedProxyIPaddress" />
        <property name="ModifiedIpAddress" type="String" column="_ModifiedIPaddress" />
        <property name="Deleted" type="lm.Comol.Core.DomainModel.BaseStatusDeleted,lm.Comol.Core.DomainModel" column="_Deleted" />
    </class>
</hibernate-mapping>
