<?xml version="1.0" encoding="utf-8"?>
<Resource xmlns:xsi="http://www.w3.org/2001/XMLSchema-instance" xmlns:xsd="http://www.w3.org/2001/XMLSchema" xmlns="urn:ComolTranslation">
  <item name="LBL_NomeLista_t.text" html="false" placeholder="false">List name: </item>
  <item name="LBL_ITitolo_t.text" html="false" placeholder="false">Title : </item>
  <item name="LBL_INome_t.text" description="relativo ad utente" html="false" placeholder="false">Name : </item>
  <item name="LBL_ICognome_t.text" description="relativo ad utente" html="false" placeholder="false">Surname : </item>
  <item name="LBL_IMail_t.text" html="false" placeholder="false">Mail : </item>
  <item name="LBL_IStruttura_t.text" html="false" placeholder="false">Structure : </item>
  <item name="BTN_InserisciExt.text" html="false" placeholder="false">Add community user</item>
  <item name="BTN_InserisciExt.ToolTip" html="false" placeholder="false">Adds one or more addresses of community users</item>
  <item name="BTN_InserisciExt.status" html="false" placeholder="false">Adds one or more addresses of community users</item>
  <item name="BTN_InserisciInt.text" html="false" placeholder="false">New external contact  </item>
  <item name="BTN_InserisciInt.ToolTip" html="false" placeholder="false">Insert a new external address </item>
  <item name="BTN_InserisciInt.status" html="false" placeholder="false">Insert a new external address </item>
  <item name="BTNCancel.text" html="false" placeholder="false">Cancel</item>
  <item name="BTNCancel.ToolTip" html="false" placeholder="false">Cancel</item>
  <item name="BTNCancel.status" html="false" placeholder="false">Cancel</item>
  <item name="BTNinsert.text" html="false" placeholder="false">Add</item>
  <item name="BTNinsert.ToolTip" html="false" placeholder="false">Add</item>
  <item name="BTNinsert.status" html="false" placeholder="false">Add</item>
  <item name="BTNupdate.text" html="false" placeholder="false">Update</item>
  <item name="BTNupdate.ToolTip" html="false" placeholder="false">Update</item>
  <item name="BTNupdate.status" html="false" placeholder="false">Update</item>
  <item name="New" html="false" placeholder="false">New addres</item>
  <item name="Modify" disambiguation="verbo" html="false" placeholder="false">Modify</item>
  <item name="REV_Mail.ErrorMessage" html="false" placeholder="false">invalid mail format.</item>
  <item name="GRVIndirizzi.M.HeaderText" disambiguation="M=modifica (un solo carattere)" html="false" placeholder="false">M</item>
  <item name="GRVIndirizzi.C.HeaderText" disambiguation="C=cancella (un solo carattere)" html="false" placeholder="false">D</item>
  <item name="GRVIndirizzi.Titolo.HeaderText" html="false" placeholder="false">Title</item>
  <item name="GRVIndirizzi.Nome.HeaderText" description="relativo ad utente" html="false" placeholder="false">Name</item>
  <item name="GRVIndirizzi.Cognome.HeaderText" description="relativo ad utente" html="false" placeholder="false">Surname</item>
  <item name="GRVIndirizzi.Mail.HeaderText" html="false" placeholder="false">Mail</item>
  <item name="GRVIndirizzi.Struttura.HeaderText" html="false" placeholder="false">Structure</item>
  <item name="BTN_ModificaNome.text" disambiguation="verbo" html="false" placeholder="false">Modify</item>
  <item name="BTN_ModificaNome.ToolTip" html="false" placeholder="false">Modify list name</item>
  <item name="BTN_ModificaNome.status" html="false" placeholder="false">Modify list name</item>
  <item name="Info.NoItem" html="false" placeholder="false">No element inserted, yet. Click "Add Internal" o "New external" to add .</item>
  <item name="_ctl0.ImageUrl" html="false" placeholder="false" hidden="true">~/images/DG/m.gif</item>
  <item name="_ctl0.AlternateText" disambiguation="verbo" html="false" placeholder="false">Modify</item>
  <item name="_ctl0.status" disambiguation="verbo" html="false" placeholder="false">Modify</item>
  <item name="GRVIndirizzi.Modifica.ImageUrl" html="false" placeholder="false" hidden="true">/images/DG/m.gif</item>
  <item name="GRVIndirizzi.Modifica.AlternateText" disambiguation="verbo" html="false" placeholder="false">Modify</item>
  <item name="GRVIndirizzi.Modifica.status" disambiguation="verbo" html="false" placeholder="false">Modify</item>
  <item name="GRVIndirizzi.Delete.ImageUrl" html="false" placeholder="false" hidden="true">/images/DG/x.gif</item>
  <item name="GRVIndirizzi.Delete.AlternateText" html="false" placeholder="false">Delete</item>
  <item name="GRVIndirizzi.Delete.status" html="false" placeholder="false">Delete</item>
  <item name="GRVIndirizzi.Delete.ConfirmText" html="false" placeholder="false">Definitively delete?</item>
  <item name="Message.AddUserError" html="false" placeholder="false">Error while entering new contact.</item>
  <item name="Message.AddUserOK" html="false" placeholder="false">New contact correctly added</item>
  <item name="Message.DeleteError" html="false" placeholder="false">Error while deleting</item>
  <item name="Message.DeleteOK" html="false" placeholder="false">Deletion successfully performed.</item>
  <item name="Message.UpdateError" html="false" placeholder="false">Updating error.</item>
  <item name="Message.UpdateOk" html="false" placeholder="false">Update successfully performed.</item>
</Resource>