<?xml version="1.0" encoding="utf-8"?>
<Resource xmlns:xsi="http://www.w3.org/2001/XMLSchema-instance" xmlns:xsd="http://www.w3.org/2001/XMLSchema" xmlns="urn:ComolTranslation">
  <item name="btn_Annulla.text" html="false" placeholder="false">Back to mail</item>
  <item name="btn_Annulla.ToolTip" html="false" placeholder="false">Cancel and back to mail</item>
  <item name="btn_Annulla.status" html="false" placeholder="false">Cancel and back to mail</item>
  <item name="Btn_BackLista.text" html="false" placeholder="false">Lists management</item>
  <item name="Btn_BackLista.ToolTip" html="false" placeholder="false">Back to lists management</item>
  <item name="Btn_BackLista.status" html="false" placeholder="false">Back to lists management</item>
</Resource>