<?xml version="1.0" encoding="utf-8"?>
<Resource xmlns:xsi="http://www.w3.org/2001/XMLSchema-instance" xmlns:xsd="http://www.w3.org/2001/XMLSchema" xmlns="urn:ComolTranslation">
  <item name="LBL_RecPerPage_t.text" html="false" placeholder="false">N° Record</item>
  <item name="LBtipoPersona_t.text" html="false" placeholder="false">Role: </item>
  <item name="GRVInterni.Cognome.HeaderText" description="relativo ad utente" html="false" placeholder="false">Surname</item>
  <item name="GRVInterni.Nome.HeaderText" description="relativo ad utente" html="false" placeholder="false">Name</item>
  <item name="GRVInterni.Mail.HeaderText" html="false" placeholder="false">Mail</item>
  <item name="GRVInterni.Seleziona.HeaderText" html="false" placeholder="false">Select</item>
  <item name="Message.PochiParametri" html="false" placeholder="false">Parameters are insufficient to perform a research. (Al least 2 characters are needed in one of the fields)</item>
  <item name="LBnorecord.text" html="false" placeholder="false">No element available.</item>
  <item name="LBL_R_Cerca_t.text" html="false" placeholder="false">Search name</item>
  <item name="LBL_R_Cognome_t.text" description="relativo ad utente" html="false" placeholder="false">Surname: </item>
  <item name="LBL_R_Login_t.text" html="false" placeholder="false">Login: </item>
  <item name="LBL_R_Mail_t.text" html="false" placeholder="false">Mail: </item>
  <item name="LBL_R_Matricola_t.text" html="false" placeholder="false">Matriculation number: </item>
  <item name="LBL_R_Nome_t.text" description="relativo ad utente" html="false" placeholder="false">Name: </item>
  <item name="LBL_R_Tipo_t.text" html="false" placeholder="false">Type: </item>
  <item name="CBX_R_Comunita.text" disambiguation="singolare" html="false" placeholder="false">Community</item>
  <item name="BTN_R_Submit.text" html="false" placeholder="false">Search</item>
  <item name="BTN_R_Submit.ToolTip" html="false" placeholder="false">Search</item>
  <item name="BTN_R_Submit.status" html="false" placeholder="false">Search</item>
  <item name="BTN_AnnullaInt.text" html="false" placeholder="false">Cancel</item>
  <item name="BTN_AnnullaInt.ToolTip" html="false" placeholder="false">Back to lists management</item>
  <item name="BTN_AnnullaInt.status" html="false" placeholder="false">Back to lists management</item>
  <item name="BTN_ConfermaSel.text" html="false" placeholder="false">Confirm selection</item>
  <item name="BTN_ConfermaSel.ToolTip" html="false" placeholder="false">Confirm the selected names and back to list management</item>
  <item name="BTN_ConfermaSel.status" html="false" placeholder="false">Confirm the selected names and back to list management</item>
  <item name="DDLtipoPersona.-1" disambiguation="relativo a tipo profili" html="false" placeholder="false">-- All --</item>
</Resource>