<?xml version="1.0" encoding="utf-8"?>
<Resource xmlns:xsi="http://www.w3.org/2001/XMLSchema-instance" xmlns:xsd="http://www.w3.org/2001/XMLSchema" xmlns="urn:ComolTranslation">
  <item name="LBL_NewLista_t.text" html="false" placeholder="false">New list</item>
  <item name="BTN_AddNew.text" html="false" placeholder="false">Add</item>
  <item name="BTN_AddNew.ToolTip" html="false" placeholder="false">Add new list</item>
  <item name="BTN_AddNew.status" html="false" placeholder="false">Add new list</item>
  <item name="BTN_Inserisci.text" html="false" placeholder="false">Confirm selection</item>
  <item name="BTN_Inserisci.ToolTip" html="false" placeholder="false">Confirm selection</item>
  <item name="BTN_Inserisci.status" html="false" placeholder="false">Confirm selection</item>
  <item name="GRVListe.M.HeaderText" disambiguation="M=modifica (un solo carattere)" html="false" placeholder="false">M</item>
  <item name="GRVListe.C.HeaderText" disambiguation="C=cancella (un solo carattere)" html="false" placeholder="false">D</item>
  <item name="GRVListe.LISTA_Nome.HeaderText" html="false" placeholder="false">Name</item>
  <item name="GRVListe.Modifica.ImageUrl" html="false" placeholder="false" hidden="true">images/DG/m.gif</item>
  <item name="GRVListe.Modifica.AlternateText" disambiguation="verbo" html="false" placeholder="false">Modify</item>
  <item name="GRVListe.Modifica.status" disambiguation="verbo" html="false" placeholder="false">Modify</item>
  <item name="GRVListe.Delete.ImageUrl" html="false" placeholder="false" hidden="true">images/DG/x.gif</item>
  <item name="GRVListe.Delete.AlternateText" html="false" placeholder="false">Delete</item>
  <item name="GRVListe.Delete.status" html="false" placeholder="false">Delete</item>
  <item name="GRVListe.Delete.ConfirmText" html="false" placeholder="false">Definitively delete?</item>
</Resource>