﻿<?xml version="1.0" encoding="utf-8"?>
<Resource xmlns:xsi="http://www.w3.org/2001/XMLSchema-instance">
  <item name="LBTitolo.text">Noticeboard</item>
  <item name="LogoutMessage">We are sorry, the session is expired. Retry to login in the system</item>
  <item name="LBNopermessi.text">You don't have th</item>
  <item name="LBscritta.text">&lt;FONT Color=blue size=1 face=verdana&gt;&lt;STRONG&gt;Noticeboard preview&lt;/STRONG&gt; (visible to the student)&lt;/FONT&gt;</item>
  <item name="LBmessaggio.text">Click on the pencil to modify the noticeboard</item>
  <item name="CVlunghezza.ErrorMessage">The text is too long.</item>
  <item name="EditorAvanzato.tooltip">Modify the noticeboard</item>
  <item name="BTNaggiornaOpera.text">Save the text</item>
  <item name="LBoperaAvviso.text">If you are using Opera please click here to update the noticeboard</item>
  <item name="LNBmodifica.text">Save the text</item>
  <item name="LNBmodifica.status">Save the text</item>
  <item name="LNBmodifica.ToolTip">Save the text</item>
  <item name="LNBmodifica.ConfirmText">WARNING: the text will be modified permanently, proceed?</item>
  <item name="LNBcloseEditor.text">Close the Editor without saving.</item>
  <item name="LNBcloseEditor.status">Close the Editor without saving.</item>
  <item name="LNBcloseEditor.ToolTip">Close the Editor without saving.</item>
  <item name="LNBopenEditor.text">Open the Editor</item>
  <item name="LNBopenEditor.status">Open the Editor</item>
  <item name="LNBopenEditor.ToolTip">Open the Editor</item>
  <item name="LNBopenSimpleEditor.text">Open the HTML Editor</item>
  <item name="LNBopenSimpleEditor.status">Open the HTML Editor</item>
  <item name="LNBopenSimpleEditor.ToolTip">Open the HTML Editor</item>
  <item name="BTNcancelOpera.text">Cancel</item>
  <item name="LBultimaModifica">Modified on #d#</item>
  <item name="LBultimaModifica2">Modified from #a#, on #d#</item>
  <item name="LBultimaModifica3">No message avaialbe.</item>
  <item name="insertCode">Specify the text for the selected tag: \n&lt;#code#&gt;text&lt;#code#&gt;</item>
  <item name="InsertText">&lt;#code#&gt;text&lt;/#code#&gt;</item>
  <item name="LBinfoModifica.True">&lt;b&gt;WARNING&lt;/b&gt;: modifing the noticeboard text (created with the advanced editor) with this editor the result could be different. The previous style could be LOST.</item>
  <item name="LBinfoModifica.False">&lt;b&gt;WARNING&lt;/b&gt;: modifing the noticeboard text (created with the HTML editor) with this editor the result could be different. The previous style could be LOST.</item>
  <item name="LBinfoModifica.comune">&lt;b&gt;WARNING&lt;/b&gt;: the editor dimension match with the noticeboard dimension.</item>
  <item name="LBvelocita_t.text">Scrolling speed:</item>
  <item name="LBvelocitaAvanzato_t.text">Scrolling speed:</item>
  <item name="RBLvelocita.0">None</item>
  <item name="RBLvelocita.1">Slow</item>
  <item name="RBLvelocita.2">Fast</item>
  <item name="RBLvelocita.3">Very Fast</item>
  <item name="RBLvelocitaAvanzato.0">None</item>
  <item name="RBLvelocitaAvanzato.1">Slow</item>
  <item name="RBLvelocitaAvanzato.2">Fast</item>
  <item name="RBLvelocitaAvanzato.3">Very Fast</item>
  <item name="LNBcancella.text">Delete noticeboard</item>
  <item name="LNBcancella.status">Delete noticeboard</item>
  <item name="LNBcancella.ToolTip">Delete noticeboard</item>
  <item name="InfoMessage.Dati">Noticeboard modified by</item>
  <item name="InfoMessage.Svuotata">Noticeboard modified by</item>
  <item name="InfoMessage.NonInizializzata">Noticeboard not started</item>
</Resource>