<?xml version="1.0" encoding="utf-8"?>
<Resource xmlns:xsi="http://www.w3.org/2001/XMLSchema-instance" xmlns:xsd="http://www.w3.org/2001/XMLSchema" xmlns="urn:ComolTranslation">
  <item name="serviceSessionExpiredTitle" html="false" placeholder="false">Work session has expired</item>
  <item name="LBsessionError.text" html="false" placeholder="false">ATTENTION la sessione di lavoro è scaduta, premere su login e specificare i propri dati di accesso, il sistema cercherà di visualuzzare la pagina da voi richiesta.</item>
  <item name="serviceSingleUploadTitle" html="false" placeholder="false">Add file/folder to the community materials</item>
  <item name="serviceSingleUploadTitleFile" disambiguation="carica=upload" html="false" placeholder="false">File upload</item>
  <item name="serviceSingleUploadTitleFolder" html="false" placeholder="false">Create a new folder</item>
  <item name="nopermission" html="false" placeholder="false">You don't have permissions to access this page.</item>
  <item name="LBnoPermissionToUpload" html="false" placeholder="false">You do not have permission to perform this action.</item>
  <item name="HYPbackToDownloads.text" description="materiale inteso come file/materiale didattico" disambiguation="materiale=file" html="false" placeholder="false">Back to materials</item>
  <item name="HYPbackToDownloads.status" description="materiale inteso come file/materiale didattico" html="false" placeholder="false">Back to materials page</item>
  <item name="HYPbackToDownloads.status" description="materiale inteso come file/materiale didattico" html="false" placeholder="false">Torna alla pagina del materiale</item>
  <item name="HYPbackToManagement.text" html="false" placeholder="false">Back to management</item>
  <item name="HYPbackToManagement.status" description="materiale inteso come file/materiale didattico" html="false" placeholder="false">Back to materials management</item>
  <item name="HYPbackToManagement.ToolTip" description="materiale inteso come file/materiale didattico" html="false" placeholder="false">Back to materials management</item>
  <item name="BTNupload.text" disambiguation="carica=upload" html="false" placeholder="false">Upload</item>
  <item name="BTNupload.status" description="materiale inteso come file/materiale didattico" html="false" placeholder="false">Upload materials</item>
  <item name="BTNupload.ToolTip" description="materiale inteso come file/materiale didattico" html="false" placeholder="false">Upload materials</item>
  <item name="BTNuploadAndPermission.text" disambiguation="carica=upload" html="false" placeholder="false">Upload and permissions</item>
  <item name="BTNuploadAndPermission.status" disambiguation="carica=upload" html="false" placeholder="false">Upload materials and go to download permissions managment</item>
  <item name="BTNuploadAndPermission.ToolTip" disambiguation="carica=upload" html="false" placeholder="false">Upload materials and go to download permissions managment</item>
  <item name="BTNcreate.text" html="false" placeholder="false">Create</item>
  <item name="BTNcreate.status" html="false" placeholder="false">Create a new folder</item>
  <item name="BTNcreate.ToolTip" html="false" placeholder="false">Create a new folder</item>
  <item name="BTNcreateAndPermission.text" html="false" placeholder="false">Create and permissions</item>
  <item name="BTNcreateAndPermission.status" html="false" placeholder="false">Create folder and manage view permissions</item>
  <item name="BTNcreateAndPermission.ToolTip" html="false" placeholder="false">Create folder and manage view permissions</item>
  <item name="serviceErrorTitle" html="false" placeholder="false">Error </item>
  <item name="HYPbackToList.text" html="false" placeholder="false">Back to list</item>
  <item name="HYPbackToList.status" html="false" placeholder="false">Back to list</item>
  <item name="HYPbackToList.ToolTip" html="false" placeholder="false">Back to list</item>
  <item name="HYPback.text" html="false" placeholder="false">Retry</item>
  <item name="HYPback.status" html="false" placeholder="false">Retry</item>
  <item name="HYPback.ToolTip" html="false" placeholder="false">Retry</item>
  <item name="ItemRepositoryStatus.FolderCreated" html="false" placeholder="false">Folder created</item>
  <item name="ItemRepositoryStatus.FileUploaded" html="false" placeholder="false">File correctly added</item>
  <item name="ItemRepositoryStatus.ChangeSaved" html="false" placeholder="false">Changes saved</item>
  <item name="ItemRepositoryStatus.EditError" html="false" placeholder="false">Changes not saved!</item>
  <item name="ItemRepositoryStatus.UploadError" html="false" placeholder="false">Impossible to add files</item>
  <item name="ItemRepositoryStatus.FileExist" html="false" placeholder="false">The file already exists in this folder</item>
  <item name="ItemRepositoryStatus.FolderExist" html="false" placeholder="false">This folder already exists.</item>
  <item name="ItemRepositoryStatus.CreationError" html="false" placeholder="false">Error while creating folder</item>
  <item name="ItemRepositoryStatus.FileDoesntExist" html="false" placeholder="false">File not found (it can have been moved or deleted)</item>
  <item name="ItemRepositoryStatus.FolderDoesntExist" html="false" placeholder="false">Folder not found (it can be moved or deleted)</item>
  <item name="ItemRepositoryStatus.NoPermissionToSeeItem" html="false" placeholder="false">You do not have permission to download the picture</item>
  <item name="ItemRepositoryStatus.NoItemSpecified" html="false" placeholder="false">You do not have permission to download the picture</item>
  <item name="ItemRepositoryStatus.NotLoggedIn" html="false" placeholder="false">You have to be logged in to download this file</item>
  <item name="ErrorGeneric" html="false" placeholder="false">Errors:</item>
  <item name="ItemRepositoryStatus" html="false" placeholder="true" hidden="true" mustcontains="{0}|{1}">{0}: {1};</item>
  <item name="BTNlogin.text" html="false" placeholder="false">Login and retry</item>
  <item name="BTNlogin.status" html="false" placeholder="false">Please, login and try to download the file</item>
  <item name="BTNlogin.ToolTip" html="false" placeholder="false">Please, login and try to download the file</item>
  <item name="serviceMultipleUploadTitleFile" html="false" placeholder="false">Add file to community</item>
  <item name="LBpermissionInfo_t.text" html="false" placeholder="false">Special permissions:</item>
  <item name="CBXallowUpload.text" disambiguation="carica=upload" html="false" placeholder="false">File upload</item>
  <item name="CBXallowUpload.ToolTip" disambiguation="carica=upload" html="false" placeholder="false">Allows users that access the folder, to upload files</item>
  <item name="CBXallowDeleteSelf.text" html="false" placeholder="false">File deletion</item>
  <item name="CBXallowDeleteSelf.ToolTip" html="false" placeholder="false">Allows users that access the folder, to delete their files</item>
</Resource>