<?xml version="1.0" encoding="utf-8"?>
<Resource xmlns:xsi="http://www.w3.org/2001/XMLSchema-instance" xmlns:xsd="http://www.w3.org/2001/XMLSchema" xmlns="urn:ComolTranslation">
  <item name="serviceTitle" html="false" placeholder="false">Import Files / folders</item>
  <item name="serviceTitleCommunityName" html="false" placeholder="true" mustcontains="{0}">Import file/folder into community : {0}</item>
  <item name="nopermission" html="false" placeholder="false">You do not have permission to import file or folders in this community.</item>
  <item name="HYPbackToFileManagement.text" html="false" placeholder="false">Back to management</item>
  <item name="HYPbackToFileManagement.ToolTip" description="materiale inteso come file/materiale didattico" html="false" placeholder="false">Back to materials management</item>
  <item name="HYPbackToFileManagement.status" description="materiale inteso come file/materiale didattico" html="false" placeholder="false">Back to materials management</item>
  <item name="LBselectCommunity.text" description="materiale inteso come file/materiale didattico" html="false" placeholder="false">STEP 1 - Select a community from which import materials</item>
  <item name="LBfileToExport.text" html="false" placeholder="true" mustcontains="{0}">STEP 2 - Select files or folders to import in "{0}"</item>
  <item name="LBselectFolder.text" html="false" placeholder="false">STEP 3 - Select destination folder</item>
  <item name="LBmultipleFileError.text" html="false" placeholder="false">STEP 4 - Rename existing files and/or folders</item>
  <item name="fileNameToReplace" html="true" placeholder="true" mustcontains="{0}">ATTENTION: file &lt;b&gt;{0}&lt;/b&gt; already exists in destination folder, name it differently:</item>
  <item name="folderNameToReplace" html="true" placeholder="true" mustcontains="{0}">ATTENTION: folder &lt;b&gt;{0}&lt;/b&gt; already exists in destination folder, name it differently:</item>
  <item name="LBsummary.text" html="false" placeholder="false">Summary - Files/folders to import in the community</item>
  <item name="LBsummaryDescription.text" html="true" placeholder="true" mustcontains="{0}|{1}">You are trying to add to folder "&lt;b&gt;{0}&lt;/b&gt;" of the community &lt;b&gt;{1}&lt;/b&gt; the following files and folders:</item>
  <item name="StartNextButton.text" html="false" placeholder="false">Continue</item>
  <item name="StartNextButton.ToolTip" html="false" placeholder="false">Continue to next step.</item>
  <item name="StepNextButton.text" html="false" placeholder="false">Continue</item>
  <item name="StepNextButton.ToolTip" html="false" placeholder="false">Continue to next step.</item>
  <item name="StepPreviousButton.text" html="false" placeholder="false">Back</item>
  <item name="StepPreviousButton.ToolTip" html="false" placeholder="false">Back to previous step.</item>
  <item name="FinishPreviousButton.text" html="false" placeholder="false">Back</item>
  <item name="FinishPreviousButton.ToolTip" html="false" placeholder="false">Back to previous step.</item>
  <item name="FinishButton.text" html="false" placeholder="false">Import</item>
  <item name="FinishButton.ToolTip" description="materiale inteso come file/materiale didattico" html="false" placeholder="false">Import file and folders into community materials.</item>
  <item name="BTNgoToManagement.text" html="false" placeholder="false">Back to management</item>
  <item name="BTNgoToManagement.ToolTip" description="materiale inteso come file/materiale didattico" html="false" placeholder="false">Back to materials management</item>
  <item name="RenamedFiles" html="false" placeholder="false">Following files were renamed in order to be imported</item>
  <item name="LBvisibile_t.text" html="true" placeholder="false">Visible:&amp;nbsp;</item>
  <item name="RBLvisibleTo.True" html="false" placeholder="false">To the ones who can download/play it</item>
  <item name="RBLvisibleTo.False" html="false" placeholder="false">ONLY to the owner</item>
  <item name="NoPermissionToManagementFiles" html="false" placeholder="false">Sorry, you do not have permission to manage files</item>
  <item name="NoPermissionToPublishFiles" html="false" placeholder="false">Sorry, you do not have permission to import file in the community.</item>
  <item name="Portalname" html="false" placeholder="false">Portal - Home</item>
  <item name="LBcommunity_t.text" disambiguation="singolare" html="false" placeholder="false">Community:</item>
  <item name="LBpath_t.text" html="false" placeholder="false">Destination folder:</item>
  <item name="LBvisibleTo_t.text" html="false" placeholder="false">Visible to:</item>
  <item name="RBLvisibleTo.TheSame" html="false" placeholder="false">Same settings of the files and folders to import</item>
  <item name="BaseFolder" html="false" placeholder="false">Base folder</item>
  <item name="BTNeditPath.text" html="false" placeholder="false">Change folder</item>
  <item name="BTNeditPath.ToolTip" html="false" placeholder="false">Change destination folder</item>
  <item name="BTNeditPath.status" html="false" placeholder="false">Change destination folder</item>
</Resource>