<?xml version="1.0" encoding="utf-8"?>
<!--eng-->
<Resource xmlns:xsi="http://www.w3.org/2001/XMLSchema-instance" xmlns:xsd="http://www.w3.org/2001/XMLSchema" xmlns="urn:ComolTranslation">
  <item name="info.deleted" html="false" placeholder="true" mustcontains="{0}|{1}|{2}">Deleted by {0} on {1} at {2}.</item>
  <item name="info.notdeleted" html="false" placeholder="true" mustcontains="{0}|{1}|{2}">Created by {0} on {1} at {2}.</item>
  <item name="useraction.info.deleted" html="false" placeholder="false">Deletd</item>
  <item name="useraction.info.notdeleted" html="false" placeholder="false">Created</item>
  <item name="useraction.info.fromuser" html="false" placeholder="true" mustcontains="{0}">by {0}</item>
  <item name="useraction.info.onDate" html="false" placeholder="true" mustcontains="{0}">on {0}</item>
  <item name="useraction.info.onTime" html="false" placeholder="true" mustcontains="{0}"> at {0}</item>
  <item name="info.nonoticeboard" html="false" placeholder="false">No message found.</item>
  <item name="BTNstampa.text" html="false" placeholder="false">Print</item>
  <item name="BTNstampa.status" html="false" placeholder="false">Print</item>
  <item name="BTNstampa.ToolTip" html="false" placeholder="false">Print</item>
  <item name="BTNclear.text" html="false" placeholder="false">Empty noticeboard</item>
  <item name="BTNclear.ToolTip" html="false" placeholder="false">Empty noticeboard</item>
  <item name="BTNeditHTML.text" html="false" placeholder="false" mustcontains="HTML">Modify in HTML</item>
  <item name="BTNeditHTML.ToolTip" html="false" placeholder="false" mustcontains="HTML">Modify in HTML</item>
  <item name="BTNeditADV.text" disambiguation="verbo" html="false" placeholder="false">Modify</item>
  <item name="BTNeditADV.ToolTip" html="false" placeholder="false">Modify displayed message</item>
  <item name="BTNdelete.text" html="false" placeholder="false">Delete </item>
  <item name="BTNdelete.ToolTip" html="false" placeholder="false">Delete the message definitively from history</item>
  <item name="BTNvirtualDelete.text" html="false" placeholder="false">Trash</item>
  <item name="BTNvirtualDelete.ToolTip" html="false" placeholder="false">Put the message in the trashbin (recoverable)</item>
  <item name="BTNvirtualUndelete.text" html="false" placeholder="false">Recover</item>
  <item name="BTNvirtualUndelete.ToolTip" html="false" placeholder="false">Recover message from the trashbin</item>
  <item name="BTNvirtualUndeleteAndActivate.text" html="false" placeholder="false">Recover and activate</item>
  <item name="BTNvirtualUndeleteAndActivate.ToolTip" html="false" placeholder="false">Recover message from the trashbin and activate it</item>
  <item name="BTNsetActive.text" html="false" placeholder="false">Activate</item>
  <item name="BTNsetActive.ToolTip" html="false" placeholder="false">Activates the displayed message</item>
  <item name="HYPstampaDS.text" html="true" placeholder="false">Print</item>
  <item name="HYPstampaDS.ToolTip" html="false" placeholder="false">Print current noticeboard</item>
  <item name="HYPeditDS.text" html="true" placeholder="false">Management</item>
  <item name="HYPeditDS.ToolTip" html="false" placeholder="false">Noticeboard messages management</item>
  <item name="HYPmoreMessagesDS.text" html="true" placeholder="false">Other messages</item>
  <item name="HYPmoreMessagesDS.ToolTip" html="false" placeholder="false">Previous messages</item>
  <item name="LTdashBoard.text" html="false" placeholder="false">Portal noticeboard</item>
  <item name="HYPtoDashboard.text" html="true" placeholder="false">Back to home </item>
  <item name="HYPtoDashboard.ToolTip" html="false" placeholder="false">Back to home page</item>
  <item name="HYPnewMessageADV.text" html="false" placeholder="false">New message</item>
  <item name="HYPnewMessageADV.ToolTip" html="false" placeholder="false">Create a new message on noticeboard</item>
  <item name="HYPnewMessageHTML.text" html="false" placeholder="false">New HTML message</item>
  <item name="HYPnewMessageHTML.ToolTip" html="false" placeholder="false">Create a new HTML message on noticeboard</item>
  <item name="LTheaderMessages.text" html="false" placeholder="false">Previous messages</item>
  <item name="HYPmore.text" html="false" placeholder="false">Show previous</item>
  <item name="HYPmore.ToolTip" html="false" placeholder="false">Show previous noticeboard messages</item>
  <item name="HYPmoreNotDeleted.text" html="false" placeholder="false">Show all</item>
  <item name="HYPmoreNotDeleted.ToolTip" html="false" placeholder="false">Show all noticeboard messages (also the deleted ones)</item>
  <item name="HYPfirstFive.text" html="false" placeholder="false">Show first five</item>
  <item name="HYPfirstFive.ToolTip" html="false" placeholder="false">Show first five messages in the noticeboard</item>
  <item name="BTNbackFromHTML.text" html="false" placeholder="false">Close editor without saving</item>
  <item name="BTNbackFromHTML.ToolTip" html="false" placeholder="false">Close editor without saving.</item>
  <item name="BTNbackFromADV.text" html="false" placeholder="false">Close editor without saving</item>
  <item name="BTNbackFromADV.ToolTip" html="false" placeholder="false">Close editor without saving.</item>
  <item name="BTNsaveHTML.text" html="false" placeholder="false">Save</item>
  <item name="BTNsaveHTML.ToolTip" html="false" placeholder="false">Save</item>
  <item name="BTNsaveADV.text" html="false" placeholder="false">Save</item>
  <item name="BTNsaveADV.ToolTip" html="false" placeholder="false">Save</item>
  <item name="LBtitoloServizio.text" html="false" placeholder="false">Noticeboard service</item>
  <item name="LBtitoloServizio.isPortal" html="false" placeholder="false">Portal noticeboard</item>
  <item name="LBtitoloServizio.isCommunity" html="false" placeholder="false">Community noticeboard</item>
  <item name="InfoEditor.True" html="true" placeholder="false">&lt;b&gt;ATTENTION&lt;/b&gt;: by modifying the noticeboard text (created with the advanced editor) with the simplified editor, could lead to misalignments. Previous style could be NOT be mantained.</item>
  <item name="InfoEditor.False" html="true" placeholder="false">&lt;b&gt;ATTENTION&lt;/b&gt;: by modifying the noticeboard text (created with the HTML editor) with the advanced editor, could lead to misalignments. Previous style could NOT be mantained.</item>
  <item name="InfoEditor.comune" html="true" placeholder="false">&lt;b&gt;ATTENTION&lt;/b&gt;: editor size is equal to the noticeboard's. If an horizontal bar appears below the editor area, text will be truncated.</item>
  <item name="PortalName" html="false" placeholder="false">Portal - Home</item>
  <item name="editTitle_True_True" html="false" placeholder="false">Modify portal notice board message</item>
  <item name="editTitle_True_False" html="false" placeholder="false">Modify community notice board message</item>
  <item name="editTitle_False_True" html="false" placeholder="false">New portal noticeboard message </item>
  <item name="editTitle_False_False" html="false" placeholder="false">New community noticeboard message </item>
  <item name="editCommunityTitle_True_True" html="false" placeholder="false">Modify portal notice board message</item>
  <item name="editCommunityTitle_True_False" html="false" placeholder="true" mustcontains="{0}">Modify noticeboard message {0}</item>
  <item name="editCommunityTitle_False_True" html="false" placeholder="false">New portal noticeboard message </item>
  <item name="editCommunityTitle_False_False" html="false" placeholder="true" mustcontains="{0}">New noticeboard message {0}</item>
  <item name="HYPback.text" html="false" placeholder="false">Back</item>
  <item name="HYPback.ToolTip" html="false" placeholder="false">Back to previous page without saving data</item>
  <item name="HYPback.status" html="false" placeholder="false">Back to previous page without saving data</item>
  <item name="HYPeditHTML.text" html="false" placeholder="false" mustcontains="HTML">Modify in HTML</item>
  <item name="HYPeditHTML.ToolTip" html="false" placeholder="false" mustcontains="HTML">Modify in HTML</item>
  <item name="HYPeditHTML.status" html="false" placeholder="false" mustcontains="HTML">Modify in HTML</item>
  <item name="HYPeditADV.text" disambiguation="verbo" html="false" placeholder="false">Modify</item>
  <item name="HYPeditADV.ToolTip" html="false" placeholder="false">Modify displayed message</item>
  <item name="HYPeditADV.status" html="false" placeholder="false">Modify displayed message</item>
</Resource>