<?xml version="1.0" encoding="utf-8"?>
<Resource xmlns:xsi="http://www.w3.org/2001/XMLSchema-instance" xmlns:xsd="http://www.w3.org/2001/XMLSchema" xmlns="urn:ComolTranslation">
  <item name="LogoutMessage" html="false" placeholder="false">Sorry, your session has expired, you have to log into the system again.</item>
  <item name="LBNopermessi.text" html="false" placeholder="false">You do not have permission to access this service</item>
  <item name="LNBsalvaImpostazioni.status" html="false" placeholder="false">Save</item>
  <item name="LNBsalvaImpostazioni.text" html="false" placeholder="false">Save</item>
  <item name="LNBsalvaImpostazioni.ToolTip" html="false" placeholder="false">Save</item>
  <item name="LNBgestione.status" html="false" placeholder="false">Cover management</item>
  <item name="LNBgestione.text" html="false" placeholder="false">Cover management</item>
  <item name="LNBgestione.ToolTip" html="false" placeholder="false">Cover management</item>
  <item name="LNBvisualizza.status" html="false" placeholder="false">View Cover</item>
  <item name="LNBvisualizza.text" html="false" placeholder="false">View Cover</item>
  <item name="LNBvisualizza.ToolTip" html="false" placeholder="false">View Cover</item>
  <item name="LBtitoloServizio.text" html="false" placeholder="false">Cover service</item>
  <item name="LBnoattivata.text" html="false" placeholder="false">This community's cover is currently disabled.</item>
  <item name="LBnonDefinita.text" html="false" placeholder="false">This community's cover is currently not defined yet.</item>
  <item name="CBXskip.text" html="false" placeholder="false">Hide cover on next access.</item>
  <item name="LBattivata.text" html="false" placeholder="false">Activated:</item>
  <item name="CBXattivata.text" html="false" placeholder="false">Yes</item>
  <item name="LBtitolo.text" html="false" placeholder="false">Title:</item>
  <item name="LBfontFace" html="false" placeholder="false">Font:</item>
  <item name="LBfontSize" html="false" placeholder="false">Size:</item>
  <item name="LBfontColor" html="false" placeholder="false">Color:</item>
  <item name="LBanno.text" html="false" placeholder="false">Year:</item>
  <item name="LBcommento.text" html="false" placeholder="false">Comment:</item>
  <item name="LBavviso.text" html="false" placeholder="false" mustcontains="300px|700px">The logo image will be displayed with max height of 300px and max width of 700px. For better performances we reccomend to use jpeg files.</item>
  <item name="LBlogo_t.text" html="false" placeholder="false">Logo:</item>
  <item name="LBdidascalia.text" html="false" placeholder="false">Caption:</item>
  <item name="LBpaginaDefault_t.text" html="false" placeholder="false">Default service:</item>
  <item name="LBpaginaDefault.text" html="true" placeholder="false">&amp;nbsp;displayed on the user's click on the community logo.</item>
  <item name="disattivato" html="false" placeholder="false">Disabled</item>
  <item name="Errore.0" html="false" placeholder="false">Operation successfully performed.</item>
  <item name="Errore.1" html="false" placeholder="false">Image not correctly saved.</item>
  <item name="Errore.2" html="false" placeholder="false">Image not deleted</item>
  <item name="Errore.3" html="false" placeholder="false">Image not modified</item>
  <item name="Errore.4" html="false" placeholder="false">Image not resized.</item>
  <item name="Errore.5" html="false" placeholder="false">Cover changes were not successfully saved </item>
  <item name="Errore.6" html="false" placeholder="false">Cover not correctly added.</item>
</Resource>