<?xml version="1.0" encoding="utf-8"?>
<Resource xmlns:xsi="http://www.w3.org/2001/XMLSchema-instance" xmlns:xsd="http://www.w3.org/2001/XMLSchema" xmlns="urn:ComolTranslation">
  <item name="serviceTitle" description="materiale inteso come file/materiale didattico" html="false" placeholder="false">Community </item>
  <item name="nopermission" description="materiale inteso come file/materiale didattico" html="false" placeholder="false">You do not have permission to view the community materials</item>
  <item name="HYPadvancedManagement.text" html="false" placeholder="false">Advenced management</item>
  <item name="HYPadvancedManagement.ToolTip" html="false" placeholder="false">Advenced management</item>
  <item name="HYPadvancedManagement.status" html="false" placeholder="false">Advenced management</item>
  <item name="HYPmanagement.text" html="false" placeholder="false">Management</item>
  <item name="HYPmanagement.ToolTip" html="false" placeholder="false">Materials management</item>
  <item name="HYPmanagement.status" html="false" placeholder="false">Materials management</item>
  <item name="HYPupload.text" disambiguation="carica=upload" html="false" placeholder="false">Upload</item>
  <item name="HYPupload.ToolTip" description="materiale inteso come file/materiale didattico" disambiguation="carica=upload" html="false" placeholder="false">Upload new material</item>
  <item name="HYPupload.status" description="materiale inteso come file/materiale didattico" disambiguation="carica=upload" html="false" placeholder="false">Upload new material</item>
  <item name="LBfolderTitle.text" html="false" placeholder="false">Folders list</item>
  <item name="LBname_t.text" html="false" placeholder="false">Name</item>
  <item name="LBdinfo_t.text" html="false" placeholder="false">Infos</item>
  <item name="HYPdownload.text" disambiguation="scarica=download" html="false" placeholder="false">Download</item>
  <item name="HYPdownload.status" disambiguation="scarica=download" html="false" placeholder="false">Download</item>
  <item name="HYPdownload.Tooltip" disambiguation="scarica=download" html="false" placeholder="false">Download</item>
  <item name="HYPcontenutoAttivo.scorm.text" html="false" placeholder="false">(play package)</item>
  <item name="HYPcontenutoAttivo.scorm.status" html="false" placeholder="false">(play package)</item>
  <item name="HYPcontenutoAttivo.scorm.Tooltip" html="false" placeholder="false">(play package)</item>
  <item name="IMBcontenutoAttivo.scorm.status" html="false" placeholder="false">(play package)</item>
  <item name="IMBcontenutoAttivo.scorm.Tooltip" html="false" placeholder="false">(play package)</item>
  <item name="HYPcontenutoAttivo.videocast.text" html="false" placeholder="false">(play videocast)</item>
  <item name="HYPcontenutoAttivo.videocast.status" html="false" placeholder="false">(play videocast)</item>
  <item name="HYPcontenutoAttivo.videocast.Tooltip" html="false" placeholder="false">(play videocast)</item>
  <item name="IMBcontenutoAttivo.videocast.status" html="false" placeholder="false">(play videocast)</item>
  <item name="IMBcontenutoAttivo.videocast.Tooltip" html="false" placeholder="false">(play videocast)</item>
  <item name="HYPstatistics.text" html="true" placeholder="true" mustcontains="{0}|{1}">&lt;img src="{0}" ToolTip="{1}"&gt; (Usage statistics)</item>
  <item name="HYPstatistics.status" html="false" placeholder="false">Usage statistics</item>
  <item name="HYPstatistics.ToolTip" html="false" placeholder="false">Usage statistics</item>
  <item name="uploaded.True" html="false" placeholder="true" mustcontains="{0}|{1}">Added by {0} on {1} at {2}</item>
  <item name="uploaded.False" html="false" placeholder="true" mustcontains="{0}|{1}">Added by {0} on {1} at {2}</item>
  <item name="CBXshowDescriptionTop.text" html="false" placeholder="false">show description</item>
  <item name="CBXshowDescriptionBottom.text" html="false" placeholder="false">show description</item>
  <item name="LNBsortByName.text" html="false" placeholder="false" hidden="true">&lt;img src="{0}" ToolTip="{1}"&gt;</item>
  <item name="LNBsortByName.ToolTip" html="false" placeholder="false">Order by name</item>
  <item name="LNBsortByName.status" html="false" placeholder="false">Order by name</item>
  <item name="LNBsortByDate.text" html="false" placeholder="false" hidden="true">&lt;img src="{0}" ToolTip="{1}"&gt;</item>
  <item name="LNBsortByDate.ToolTip" html="false" placeholder="false">Order by date</item>
  <item name="LNBsortByDate.status" html="false" placeholder="false">Order by date</item>
  <item name="LNBinfo.text" html="false" placeholder="false" hidden="true">&lt;img src="{0}" ToolTip="{1}"&gt;</item>
  <item name="LNBinfo.ToolTip" html="false" placeholder="false">Details</item>
  <item name="LNBinfo.status" html="false" placeholder="false">Details</item>
  <item name="LBpath_t.text" disambiguation="percorso file" html="false" placeholder="false">Path:</item>
  <item name="HYPlist.text" html="false" placeholder="false" hidden="true">&lt;img src="{0}" ToolTip="{1}"&gt;</item>
  <item name="HYPlist.ToolTip" html="false" placeholder="false">View list</item>
  <item name="HYPlist.status" html="false" placeholder="false">View list</item>
  <item name="HYPfolders.text" html="false" placeholder="false" hidden="true">&lt;img src="{0}" ToolTip="{1}"&gt;</item>
  <item name="HYPfolders.ToolTip" html="false" placeholder="false">View files and folders</item>
  <item name="HYPfolders.status" html="false" placeholder="false">View files and folders</item>
  <item name="serviceManagementTitle" description="materiale inteso come file/materiale didattico" html="false" placeholder="false">Community materials management</item>
  <item name="BaseFolder" html="false" placeholder="false">Base folder</item>
  <item name="HYPmultipUpload.text" disambiguation="carica=upload" html="false" placeholder="false">Multiple upload</item>
  <item name="HYPmultipUpload.ToolTip" disambiguation="carica=upload" html="false" placeholder="false">Multiple upload</item>
  <item name="HYPmultipUpload.status" disambiguation="carica=upload" html="false" placeholder="false">Multiple upload</item>
  <item name="HYPdownload.text" html="false" placeholder="false">Back to list</item>
  <item name="HYPdownload.ToolTip" html="false" placeholder="false">Back to list</item>
  <item name="HYPdownload.status" html="false" placeholder="false">Back to list</item>
  <item name="HYPaddFolder.text" html="false" placeholder="false">New folder</item>
  <item name="HYPaddFolder.ToolTip" html="false" placeholder="false">New folder</item>
  <item name="HYPaddFolder.status" html="false" placeholder="false">New folder</item>
  <item name="HYPmultipleDelete.text" html="false" placeholder="false">Delete file/folder</item>
  <item name="HYPmultipleDelete.ToolTip" html="false" placeholder="false">Multiple deletion of files and folders</item>
  <item name="HYPmultipleDelete.status" html="false" placeholder="false">Multiple deletion of files and folders</item>
  <item name="HYPimport.text" html="false" placeholder="false">Import</item>
  <item name="HYPimport.ToolTip" html="false" placeholder="false">Import file/folder from another community</item>
  <item name="HYPimport.status" html="false" placeholder="false">Import file/folder from another community</item>
  <item name="LNBhideAll.text" html="false" placeholder="false">Hide all</item>
  <item name="LNBhideAll.ToolTip" html="false" placeholder="false">Hide all</item>
  <item name="LNBhideAll.status" html="false" placeholder="false">Hide all</item>
  <item name="BTNbackToFolder.text" disambiguation="percorso file" html="false" placeholder="false">Change path</item>
  <item name="BTNbackToFolder.status" disambiguation="percorso file" html="false" placeholder="false">Change path</item>
  <item name="BTNbackToFolder.ToolTip" disambiguation="percorso file" html="false" placeholder="false">Change path</item>
  <item name="BTNclose.text" html="false" placeholder="false">Close</item>
  <item name="BTNclose.status" html="false" placeholder="false">Close</item>
  <item name="BTNclose.ToolTip" html="false" placeholder="false">Close</item>
  <item name="ShowFileNameExist" html="false" placeholder="true" mustcontains="{0}|{1}">In the folder &lt;b&gt;{0}&lt;/b&gt; already exists a file named &lt;b&gt;{1}&lt;/b&gt;</item>
  <item name="ShowFolderExist" html="false" placeholder="true" mustcontains="{0}|{1}">In the folder &lt;b&gt;{0}&lt;/b&gt; already exists a folder named &lt;b&gt;{1}&lt;/b&gt;</item>
  <item name="ShowFolderDoesntExist" html="false" placeholder="true" mustcontains="{0}">Destination folder &lt;b&gt;{0}&lt;/b&gt; does not exist</item>
  <item name="HYPedit.text" html="true" placeholder="true" mustcontains="{0}|{1}">&lt;img src="{0}" ToolTip="{1}"&gt;</item>
  <item name="HYPedit.ToolTip" disambiguation="verbo" html="false" placeholder="false">Modify</item>
  <item name="HYPedit.status" disambiguation="verbo" html="false" placeholder="false">Modify</item>
  <item name="LNBdelete.text" html="true" placeholder="true" mustcontains="{0}|{1}">&lt;img src="{0}" ToolTip="{1}"&gt;</item>
  <item name="LNBdelete.status" html="false" placeholder="false">Delete definitively</item>
  <item name="LNBdelete.ToolTip" html="false" placeholder="false">Delete definitively</item>
  <item name="LNBdelete.ConfirmText" html="false" placeholder="false">Are you sure you want to permanently delete the selected file?</item>
  <item name="HYPeditPermission.text" html="true" placeholder="true" mustcontains="{0}|{1}">&lt;img src="{0}" ToolTip="{1}"&gt;</item>
  <item name="HYPeditPermission.ToolTip" html="false" placeholder="false">Modify permissions</item>
  <item name="HYPeditPermission.status" html="false" placeholder="false">Modify permissions</item>
  <item name="LNBmoveTo.text" html="false" placeholder="false">Move in</item>
  <item name="LNBmoveTo.ToolTip" html="false" placeholder="false">Move in another folder</item>
  <item name="LNBmoveTo.status" html="false" placeholder="false">Move in another folder</item>
  <item name="LNBhide.True.text" html="false" placeholder="false">Hide</item>
  <item name="LNBhide.True.ToolTip" html="false" placeholder="false">Hide</item>
  <item name="LNBhide.True.status" html="false" placeholder="false">Hide</item>
  <item name="LNBhide.False.text" html="false" placeholder="false">Show</item>
  <item name="LNBhide.False.ToolTip" html="false" placeholder="false">Show</item>
  <item name="LNBhide.False.status" html="false" placeholder="false">Show</item>
  <item name="BTNselectOtherFolder.text" html="false" placeholder="false">Select another folder</item>
  <item name="BTNselectOtherFolder.ToolTip" html="false" placeholder="false">Select another folder</item>
  <item name="BTNselectOtherFolder.status" html="false" placeholder="false">Select another folder</item>
  <item name="BTNconfirmFolder.text" html="false" placeholder="false">Save changes</item>
  <item name="BTNconfirmFolder.ToolTip" html="false" placeholder="false">Save changes</item>
  <item name="BTNconfirmFolder.status" html="false" placeholder="false">Save changes</item>
  <item name="ConfirmFolder" html="false" placeholder="true" mustcontains="{0}|{1}|{2}">Are you sure you want to move &lt;b&gt;{0}&lt;/b&gt; from folder &lt;b&gt;{1}&lt;/b&gt; to folder&lt;b&gt;{2}&lt;/b&gt; ?</item>
  <item name="serviceManagementTitleCommunityName" description="materiale inteso come file/materiale didattico" html="false" placeholder="true" mustcontains="{0}">Community materials management: {0}</item>
  <item name="serviceTitleCommunityName" description="materiale inteso come file/materiale didattico" html="false" placeholder="true" mustcontains="{0}">Materials of the community : {0}</item>
  <item name="serviceMultipleDeleteTitle" html="false" placeholder="false">Delete file/folder</item>
  <item name="serviceMultipleDeleteTitleCommunityName" html="false" placeholder="true" mustcontains="{0}">Delete file/folder from community: {0}</item>
  <item name="HYPbackToManagement.text" html="false" placeholder="false">Back to management</item>
  <item name="HYPbackToManagement.ToolTip" html="false" placeholder="false">Back to materials management</item>
  <item name="HYPbackToManagement.status" html="false" placeholder="false">Back to materials management</item>
  <item name="LBnoPermissionToDelete.text" html="false" placeholder="false">You do not have permission to perform multiple deletion of files or folders</item>
  <item name="communityPermission" html="false" placeholder="false">Accessible to community members</item>
  <item name="roleUserPermission" html="false" placeholder="false">Accessible only </item>
  <item name="LNBmultipleDelete.text" html="false" placeholder="false">Delete selected</item>
  <item name="LNBmultipleDelete.status" html="false" placeholder="false">Delete definitively selected files and folders</item>
  <item name="LNBmultipleDelete.ToolTip" html="false" placeholder="false">Delete definitively selected files and folders</item>
  <item name="LNBmultipleDelete.ConfirmText" html="false" placeholder="false">Are you sure you want to permanently delete selected items?</item>
  <item name="Portalname" html="false" placeholder="false">Portal - Home</item>
  <item name="LBowner_t.text" html="false" placeholder="false">Owner</item>
  <item name="LBpermission_t.text" disambiguation="P=permessi (un solo carattere)" html="false" placeholder="false">P</item>
  <item name="DownloadNumber" disambiguation="scarica=download" html="false" placeholder="true" mustcontains="{0}"> - downloaded {0} time/s</item>
  <item name="LTprogressInfo.text" html="false" placeholder="false">Data loading in progress...</item>
</Resource>