<?xml version="1.0" encoding="utf-8"?>
<Resource xmlns:xsi="http://www.w3.org/2001/XMLSchema-instance" xmlns:xsd="http://www.w3.org/2001/XMLSchema" xmlns="urn:ComolTranslation">
  <item name="serviceTitle" html="false" placeholder="false">File/folder permission management</item>
  <item name="nopermission" description="materiale inteso come file/materiale didattico" html="false" placeholder="false">You don't have permissions to access community materials </item>
  <item name="HYPbackToDownloads.text" description="materiale inteso come file/materiale didattico" disambiguation="materiale=file" html="false" placeholder="false">Back to materials</item>
  <item name="HYPbackToDownloads.status" description="materiale inteso come file/materiale didattico" html="false" placeholder="false">Back to materials page</item>
  <item name="HYPbackToDownloads.status" description="materiale inteso come file/materiale didattico" html="false" placeholder="false">Torna alla pagina del materiale</item>
  <item name="HYPbackToManagement.text" html="false" placeholder="false">Back to management</item>
  <item name="HYPbackToManagement.status" description="materiale inteso come file/materiale didattico" html="false" placeholder="false">Back to materials management</item>
  <item name="HYPbackToManagement.ToolTip" description="materiale inteso come file/materiale didattico" html="false" placeholder="false">Back to materials management</item>
  <item name="HYPbackToItem.text" html="false" placeholder="false">Back to files/folders</item>
  <item name="HYPbackToItem.ToolTip" html="false" placeholder="false">Back to files/folders</item>
  <item name="HYPbackToItem.status" html="false" placeholder="false">Back to files/folders</item>
  <item name="LNBsave.text" html="false" placeholder="false">Save</item>
  <item name="LNBsave.ToolTip" html="false" placeholder="false">Save permissions</item>
  <item name="LNBsave.status" html="false" placeholder="false">Save permissions</item>
  <item name="infoFileTitle" html="true" placeholder="true" mustcontains="{0}">Do you want to edit file permissions: &lt;b&gt;{0}&lt;/b&gt;</item>
  <item name="infoFolderTitle" html="true" placeholder="true" mustcontains="{0}">Do you want to edit folder permissions: &lt;b&gt;{0}&lt;/b&gt;</item>
  <item name="infoFile" html="false" placeholder="false">File is available to</item>
  <item name="infoFileMultiple" html="false" placeholder="false">These files are accessible by</item>
  <item name="infoFolder" html="false" placeholder="false">This folder content is visible to:</item>
  <item name="RBLallowTo.True" html="false" placeholder="false">All community members</item>
  <item name="RBLallowTo.False" html="false" placeholder="false">Some users / roles</item>
  <item name="LBrolesInfo.text" html="false" placeholder="false">ROLES</item>
  <item name="LNBroles.text" html="false" placeholder="false">Add role</item>
  <item name="LNBroles.ToolTip" html="false" placeholder="false">Add role</item>
  <item name="LNBroles.status" html="false" placeholder="false">Add role</item>
  <item name="LBpersonInfo.text" html="false" placeholder="false">USERS</item>
  <item name="LNBaddPerson.text" html="false" placeholder="false">Add user</item>
  <item name="LNBaddPerson.ToolTip" html="false" placeholder="false">Add user</item>
  <item name="LNBaddPerson.status" html="false" placeholder="false">Add user</item>
  <item name="LBselectRole.text" html="false" placeholder="false">Select roles:</item>
  <item name="LNBsaveRole.text" html="false" placeholder="false">Save</item>
  <item name="LNBsaveRole.ToolTip" html="false" placeholder="false">Save and close visualisation window</item>
  <item name="LNBsaveRole.status" html="false" placeholder="false">Save and close visualisation window</item>
  <item name="LNBunSaveRole.text" html="false" placeholder="false">Cancel</item>
  <item name="LNBunSaveRole.ToolTip" html="false" placeholder="false">Cancel and close view window</item>
  <item name="LNBunSaveRole.status" html="false" placeholder="false">Cancel and close view window</item>
  <item name="LNBdelete.text" html="false" placeholder="false" hidden="true">&lt;img src="{0}" ToolTip="{1}"&gt;</item>
  <item name="LNBdelete.ToolTip" html="false" placeholder="false">Remove user</item>
  <item name="LNBdelete.status" html="false" placeholder="false">Remove user</item>
  <item name="LNBsavePerson.text" html="false" placeholder="false">Update</item>
  <item name="LNBsavePerson.ToolTip" html="false" placeholder="false">Update</item>
  <item name="LNBsavePerson.status" html="false" placeholder="false">Update</item>
  <item name="LNBunSavePerson.text" html="false" placeholder="false">Cancel</item>
  <item name="LNBunSavePerson.ToolTip" html="false" placeholder="false">Cancel and close view window</item>
  <item name="LNBunSavePerson.status" html="false" placeholder="false">Cancel and close view window</item>
  <item name="LNBunSavePerson.text" html="false" placeholder="false">Annulla</item>
  <item name="LNBunSavePerson.ToolTip" html="false" placeholder="false">Annulla e chiude la finestra di visualizzazione</item>
  <item name="LNBunSavePerson.status" html="false" placeholder="false">Annulla e chiude la finestra di visualizzazione</item>
  <item name="LBapplyTo.text" html="false" placeholder="false">ATTENZIONE: stai editando i permessi di una cartella, vuoi applicare questi permessi SOLO alla cartella o a tutto il suo contenuto ?</item>
  <item name="LNBundo.text" html="false" placeholder="false">Cancel</item>
  <item name="LNBundo.ToolTip" html="false" placeholder="false">Cancel and close view window</item>
  <item name="LNBundo.status" html="false" placeholder="false">Cancel and close view window</item>
  <item name="LNBapplyToThis.text" html="false" placeholder="false">To the folder</item>
  <item name="LNBapplyToThis.ToolTip" html="false" placeholder="false">Apply ONLY to the folder</item>
  <item name="LNBapplyToThis.status" html="false" placeholder="false">Apply ONLY to the folder</item>
  <item name="LNBapplyToSubItems.text" html="false" placeholder="false">Also to content</item>
  <item name="LNBapplyToSubItems.ToolTip" html="false" placeholder="false">Apply to the folder content too</item>
  <item name="LNBapplyToSubItems.status" html="false" placeholder="false">Apply to the folder content too</item>
  <item name="BaseFolder" html="false" placeholder="false">Base folder</item>
</Resource>