﻿<?xml version="1.0" encoding="utf-8" ?>
<Resource xmlns="urn:ComolTranslation">
	<item name="serviceTitleLinkCommunityFile">	Add community file/s to diary item</item>
	<item name="nopermissionLinkCommunityFile">You don't have permission to add/remove community file to this item.</item>
	<item name="HYPbackToFileManagement.Text">Add to item</item>
	<item name="HYPbackToFileManagement.status">Add to this diary item</item>
	<item name="HYPbackToFileManagement.ToolTip">Add to this diary item</item>
	<item name="LNBlinkToItem.Text">Add</item>
	<item name="LNBlinkToItem.status">Import file/s from community repository</item>
	<item name="LNBlinkToItem.ToolTip">Import file/s from community repository</item>

	<item name="serviceTitleMultipleUpload">Add file to diary item</item>
	<item name="nopermissionMultipleUpload">You don't have the permission to add file to this diary item.</item>
	<item name="HYPbackToItems.text">Back to items</item>
	<item name="HYPbackToItems.ToolTip">Back to community diary items</item>
	<item name="HYPbackToItems.status">Back to community diary items</item>
	<item name="HYPbackToItem.text">Back to item</item>
	<item name="HYPbackToItem.ToolTip">Back to diary item</item>
	<item name="HYPbackToItem.status">Back to diary item</item>
	<item name="HYPbackToFileManagement.text">Back to management</item>
	<item name="HYPbackToFileManagement.ToolTip">Back to file management</item>
	<item name="HYPbackToFileManagement.status">Back to file management</item>
	<item name="LNBupload.text">Upload</item>
	<item name="LNBupload.ToolTip">Upload</item>
	<item name="LNBupload.status">Upload</item>
	<item name="LTuploadToCommunity_t.text">Upload file into community and link to diary item</item>
	<item name="LTuploadToWorkBook_t.text">Upload file ONLY into diary item</item>


	<item name="LNBdelete.text">&lt;img src="{0}" ToolTip="{1}"&gt;</item>
	<item name="LNBdelete.status">Permanent deletion</item>
	<item name="LNBdelete.ToolTip">Permanent deletion</item>
	<item name="LNBdelete.ConfirmText">Are you sure to delete PERMANENTLY the selected file from the diary item?</item>
	<item name="LNBvirtualDelete.text">&lt;img src="{0}" ToolTip="{1}"&gt;</item>
	<item name="LNBvirtualDelete.status">Delete file of the diary item</item>
	<item name="LNBvirtualDelete.ToolTip">Delete file of the diary item</item>
	<item name="LNBvirtualDelete.ConfirmText">Are you sure to delete the file?</item>
	<item name="LNBundelete.text">&lt;img src="{0}" ToolTip="{1}"&gt;</item>
	<item name="LNBundelete.status">Restore from the bin</item>
	<item name="LNBundelete.ToolTip">Restore from the bin</item>
	<item name="LNBunlink.text">&lt;img src="{0}" ToolTip="{1}"&gt;</item>
	<item name="LNBunlink.status">Unlink community file</item>
	<item name="LNBunlink.ToolTip">Unlink community file</item>
	<item name="HYPpublishItem.text">&lt;img src="{0}" ToolTip="{1}"&gt;</item>
	<item name="HYPpublishItem.status">Publish file into community repository</item>
	<item name="HYPpublishItem.ToolTip">Publish file into community repository</item>
	<item name="HYPdownload.text">Download</item>
	<item name="HYPdownload.status">Download</item>
	<item name="HYPdownload.Tooltip">Download</item>
	<item name="HYPcontenutoAttivo.scorm.text">(play package)</item>
	<item name="HYPcontenutoAttivo.scorm.status">(play package)</item>
	<item name="HYPcontenutoAttivo.scorm.Tooltip">(play package)</item>
	<item name="IMBcontenutoAttivo.scorm.status">(play package)</item>
	<item name="IMBcontenutoAttivo.scorm.Tooltip">(play package)</item>
	<item name="HYPcontenutoAttivo.videocast.text">(play movie)</item>
	<item name="HYPcontenutoAttivo.videocast.status">(play movie)</item>
	<item name="HYPcontenutoAttivo.videocast.Tooltip">(play movie)</item>
	<item name="IMBcontenutoAttivo.videocast.status">(play movie)</item>
	<item name="IMBcontenutoAttivo.videocast.Tooltip">(play movie)</item>
	<item name="HYPstatistics.text">&lt;img src="{0}" ToolTip="{1}"&gt; (Usage statistics)</item>
	<item name="HYPstatistics.status">Usage statistics</item>
	<item name="HYPstatistics.ToolTip">Usage statistics</item>
	<item name="CommunityAuthor">from community (by {0})</item>
	
	<item name="serviceTitleManagementFile">Diary item management file</item>
	<item name="nopermissionManagementFile">You don't have the permission to view management page of this diary item.</item>
	<item name="HYPmultipleUpload.text">Multiple upload</item>
	<item name="HYPmultipleUpload.ToolTip">Multiple upload</item>
	<item name="HYPmultipleUpload.status">Multiple upload</item>
	<item name="LTaddFromCommunity_t.text">Import file from community</item>
	<item name="LTlinkToCommunity.text">In this way you can link one or more community file to this item</item>
	<item name="BTNlinkCommunityFile.text">Link</item>
	<item name="BTNlinkCommunityFile.ToolTip">Link</item>
	<item name="BTNlinkCommunityFile.status">Link</item>
	<item name="LTuploadToCommunity_t.text">Upload file into community and diary item</item>
	<item name="BTNaddCommunityFile.text">Upload</item>
	<item name="BTNaddCommunityFile.ToolTip">Upload and link</item>
	<item name="BTNaddCommunityFile.status">Upload and link</item>
	<item name="LTuploadToDiaryItem_t.text">Upload file ONLY into this diary item</item>
	<item name="BTNaddToItem.text">Upload</item>
	<item name="BTNaddToItem.ToolTip">Upload</item>
	<item name="BTNaddToItem.status">Upload</item>
	<item name="LTitemFiles_t.text">Diary Item's files</item>
	
	<item name="serviceTitleItemFileError">Diary Item's files - error uploading</item>
	<item name="nopermissionItemFileError">No permission to add file to diary items</item>
	<item name="ItemRepositoryStatus.FolderCreated">Folder created !</item>
	<item name="ItemRepositoryStatus.FileUploaded">File uploaded !</item>
	<item name="ItemRepositoryStatus.ChangeSaved">Saved</item>
	<item name="ItemRepositoryStatus.EditError">Changes not saved !</item>
	<item name="ItemRepositoryStatus.UploadError">Unable to upload file</item>
	<item name="ItemRepositoryStatus.FileExist">File already in this community folder</item>
	<item name="ItemRepositoryStatus.FolderExist">This folder exist !</item>
	<item name="ItemRepositoryStatus.CreationError">Error creating folder</item>
	<item name="ItemRepositoryStatus.FileDoesntExist">The file does not exist (may have been deleted or moved)</item>
	<item name="ItemRepositoryStatus.FileDoesntExist">The folder does not exist (may have been deleted or moved)</item>
	<item name="ItemRepositoryStatus.NoPermissionToSeeItem">You are not allowed to download this file</item>
	<item name="ItemRepositoryStatus.NoItemSpecified">You are not allowed to download this file</item>
	<item name="ItemRepositoryStatus.NotLoggedIn">You must log in to download this file</item>
	<item name="ErrorGeneric">Errors:</item>
	<item name="ItemRepositoryStatus">{0}: {1};</item>
	<item name="communityfile.error">Errors uploading these files into community:</item>
	<item name="internalfile.error">Errors uploading these files into item</item>
  <item name="LTuploadToDiary_t.text"> Upload file ONLY into diary item</item>
</Resource>