<?xml version="1.0" encoding="utf-8"?>
<Resource xmlns:xsi="http://www.w3.org/2001/XMLSchema-instance" xmlns:xsd="http://www.w3.org/2001/XMLSchema" xmlns="urn:ComolTranslation">
  <item name="serviceTitle" html="false" placeholder="false">Community diary </item>
  <item name="serviceTitleCommunity" html="true" placeholder="true" mustcontains="{0}|{1}">Community diary &lt;span tooltip="{0}" &gt;{1} &lt;span/&gt;</item>
  <item name="nopermission" html="false" placeholder="false">Sorry, you do not have permission to view this community diary.</item>
  <item name="LBTitolo.text" html="false" placeholder="false">Lessons</item>
  <item name="LBorderby_t.text" html="false" placeholder="false">Order:</item>
  <item name="RBLorderby.0" html="true" placeholder="false">From first to last&amp;nbsp;&amp;nbsp;</item>
  <item name="RBLorderby.1" html="true" placeholder="false">From last to first&amp;nbsp;&amp;nbsp;</item>
  <item name="LNBdeleteItems.text" html="false" placeholder="false">Delete all</item>
  <item name="LNBdeleteItems.status" html="false" placeholder="false">Delete all lessons</item>
  <item name="LNBdeleteItems.ToolTip" html="false" placeholder="false">Delete all lessons</item>
  <item name="LNBdeleteItems.ConfirmText" html="false" placeholder="false">Are you sure you want to delete all this community lessons?</item>
  <item name="HYPaddItem.text" html="false" placeholder="false">New</item>
  <item name="HYPaddItem.status" html="false" placeholder="false">Create a new lesson</item>
  <item name="HYPaddItem.ToolTip" html="false" placeholder="false">Create a new lesson</item>
  <item name="HYPprintItems.text" html="false" placeholder="false">Print</item>
  <item name="HYPprintItems.status" html="false" placeholder="false">Print diary</item>
  <item name="HYPprintItems.ToolTip" html="false" placeholder="false">Print diary</item>
  <item name="HYPitemFiles.text" html="false" placeholder="false">File management</item>
  <item name="HYPitemFiles.ToolTip" html="false" placeholder="false">File management for this item</item>
  <item name="HYPitemFiles.status" html="false" placeholder="false">File management for this item</item>
  <item name="HYPimport.text" html="false" placeholder="false">Import</item>
  <item name="HYPimport.ToolTip" html="false" placeholder="false">Import items from an existing community diary.</item>
  <item name="HYPimport.status" html="false" placeholder="false">Import items from an existing community diary.</item>
  <item name="HYPedit.text" html="true" placeholder="true" mustcontains="{0}|{1}">&lt;img src="{0}" ToolTip="{1}" &gt;</item>
  <item name="HYPedit.ToolTip" disambiguation="voce=voce/elemento del diario delle lezioni/quarderno attività" html="false" placeholder="false">Edit item</item>
  <item name="HYPedit.status" disambiguation="voce=voce/elemento del diario delle lezioni/quarderno attività" html="false" placeholder="false">Edit item</item>
  <item name="IMGdelete.status" disambiguation="voce=voce/elemento del diario delle lezioni/quarderno attività" html="false" placeholder="false">Delete definitively this voice</item>
  <item name="IMGdelete.AlternateText" disambiguation="voce=voce/elemento del diario delle lezioni/quarderno attività" html="false" placeholder="false">Delete definitively this voice</item>
  <item name="IMGdelete.ToolTip" disambiguation="voce=voce/elemento del diario delle lezioni/quarderno attività" html="false" placeholder="false">Delete definitively this voice</item>
  <item name="IMGdelete.ConfirmText" description="\r carattere di a-capo riga. Lasciare così." html="false" placeholder="false">Are you sure you want to permanently delete the item? \r</item>
  <item name="LBtitle_t.text" html="false" placeholder="false">Title:</item>
  <item name="LBplace_t.text" html="false" placeholder="false">Site:</item>
  <item name="LBdescription_t.text" html="false" placeholder="false">Description:</item>
  <item name="LBlink.text" html="false" placeholder="false">Links:</item>
  <item name="LBmateriale_t.text" html="false" placeholder="false">File:</item>
  <item name="LBnote_t.text" html="false" placeholder="false">Notes:</item>
  <item name="HYPdownload.text" html="false" placeholder="false">Download</item>
  <item name="HYPdownload.status" html="false" placeholder="false">Download</item>
  <item name="HYPdownload.Tooltip" html="false" placeholder="false">Download</item>
  <item name="HYPcontenutoAttivo.scorm.text" html="false" placeholder="false">(play package)</item>
  <item name="HYPcontenutoAttivo.scorm.status" html="false" placeholder="false">(play package)</item>
  <item name="HYPcontenutoAttivo.scorm.Tooltip" html="false" placeholder="false">(play package)</item>
  <item name="IMBcontenutoAttivo.scorm.status" html="false" placeholder="false">(play package)</item>
  <item name="IMBcontenutoAttivo.scorm.Tooltip" html="false" placeholder="false">(play package)</item>
  <item name="HYPcontenutoAttivo.videocast.text" html="false" placeholder="false">(play video)</item>
  <item name="HYPcontenutoAttivo.videocast.status" html="false" placeholder="false">(play video)</item>
  <item name="HYPcontenutoAttivo.videocast.Tooltip" html="false" placeholder="false">(play video)</item>
  <item name="IMBcontenutoAttivo.videocast.status" html="false" placeholder="false">(play video)</item>
  <item name="IMBcontenutoAttivo.videocast.Tooltip" html="false" placeholder="false">(play video)</item>
  <item name="LNBstatistics.text" html="true" placeholder="true" mustcontains="{0}|{1}">&lt;img" src="{0}" ToolTip="{1}"&gt;</item>
  <item name="LBerrors.text" html="false" placeholder="false" />
  <item name="LBlez.text" html="false" placeholder="true" mustcontains="{0}">Les. {0}"</item>
  <item name="PortalHome" html="false" placeholder="false">Portal - Home</item>
  <item name="LBnoLesson" html="false" placeholder="false">No lesson found for this community.</item>
  <item name="LBtitle.text" html="false" placeholder="false">Lessons</item>
  <item name="BaseFolder" html="false" placeholder="false">Base folder</item>
  <item name="LNBhide.text" html="false" placeholder="false">Change</item>
  <item name="LNBhide.ToolTip" html="false" placeholder="false">Change materials visibility </item>
  <item name="LNBhide.True.text" html="false" placeholder="false">Hide</item>
  <item name="LNBhide.True.ToolTip" html="false" placeholder="false">Hide</item>
  <item name="LNBhide.True.status" html="false" placeholder="false">Hide</item>
  <item name="LNBhide.False.text" html="false" placeholder="false">Show</item>
  <item name="LNBhide.False.ToolTip" html="false" placeholder="false">Show</item>
  <item name="LNBhide.False.status" html="false" placeholder="false">Show</item>
  <item name="LBhiddenFile.text" html="false" placeholder="false"> - NOt VISIBLE -</item>
  <item name="DLGclearItemsTitle" html="false" placeholder="false">Delete Diary</item>
  <item name="DLGclearItemsText" html="false" placeholder="false">Are you sure you want to permanently delete this community diary?</item>
  <item name="DLGremoveItemTitle" html="false" placeholder="false">Delete item</item>
  <item name="DLGremoveItemText" disambiguation="voce=voce/elemento del diario delle lezioni/quarderno attività" html="false" placeholder="false">Are you sure you want to permanently delete the item?</item>
  <item name="DLGremoveItemsTitle" disambiguation="voce=voce/elemento del diario delle lezioni/quarderno attività" html="false" placeholder="false">Delete items</item>
  <item name="DLGremoveItemsText" disambiguation="voce=voce/elemento del diario delle lezioni/quarderno attività" html="false" placeholder="false">Are you sure you want to permanently delete the following items?</item>
  <item name="DLGrepositoryFileItemVisibilityTitle" html="false" placeholder="false">Modify file visibility</item>
  <item name="DLGrepositoryFileItemVisibilityText" html="false" placeholder="false">The selected file must be:</item>
  <item name="DLGmoduleFileItemVisibilityTitle" html="false" placeholder="false">Modify file visibility</item>
  <item name="DLGmoduleFileItemVisibilityText" html="false" placeholder="false">The selected file must be:</item>
  <item name="ModuleItemFileVisibilityStatus.VisibleForModule" html="false" placeholder="false">visible to the diary</item>
  <item name="ModuleItemFileVisibilityStatus.Visible" disambiguation="comunità=singolare" html="false" placeholder="false">Visible from communtiy materials</item>
  <item name="ModuleItemFileVisibilityStatus.2" disambiguation="comunità=singolare" html="false" placeholder="false">HIDDEN for the community</item>
  <item name="ModuleItemFileVisibilityStatus.4" disambiguation="voce=voce/elemento del diario delle lezioni/quarderno attività" html="false" placeholder="false">HIDDEN for the item</item>
  <item name="ModuleItemFileVisibilityStatus.8" disambiguation="comunità=singolare" html="false" placeholder="false">VISIBLE from community materials</item>
  <item name="ModuleItemFileVisibilityStatus.16" disambiguation="voce=voce/elemento del diario delle lezioni/quarderno attività" html="false" placeholder="false">VISIBLE from the item</item>
  <item name="ModuleItemFileVisibilityStatus.6" disambiguation="voce=voce/elemento del diario delle lezioni/quarderno attività;comunità=singolare" html="false" placeholder="false">HIDDEN for item / community materials</item>
  <item name="ModuleItemFileVisibilityStatus.24" disambiguation="voce=voce/elemento del diario delle lezioni/quarderno attività;comunità=singolare" html="false" placeholder="false">VISIBLE item / community materials</item>
  <item name="ModuleItemFileVisibilityStatus.18" disambiguation="voce=voce/elemento del diario delle lezioni/quarderno attività;comunità=singolare" html="false" placeholder="false">VISIBLE item / HIDDEN community materials</item>
  <item name="ModuleItemFileVisibilityStatus.12" disambiguation="voce=voce/elemento del diario delle lezioni/quarderno attività;comunità=singolare" html="false" placeholder="false">HIDDEN item / VISIBLE for community materials</item>
  <item name="visibilityFileInternal.HiddenForModule" html="false" placeholder="false">- HIDDEN</item>
  <item name="visibilityFileInternal.VisibleForModule" html="false" placeholder="false">- VISIBLE</item>
  <item name="visibilityFile.HiddenForModule" html="false" placeholder="false">- HIDDEN only in the diary</item>
  <item name="visibilityFile.VisibleForModule" html="false" placeholder="false">- VISIBLE only in diary</item>
  <item name="visibilityFile.Hidden" html="false" placeholder="false">- HIDDEN (diary and community materials)</item>
  <item name="visibilityFile.Visible" html="false" placeholder="false">- VISIBLE (diary and commnity materials)</item>
  <item name="LNBdeleteItem.text" html="true" placeholder="true" hidden="true" mustcontains="{0}|{1}">&lt;img src="{0}" ToolTip="{1}"&gt;</item>
  <item name="LNBdeleteItem.AlternateText" disambiguation="voce=voce/elemento del diario delle lezioni/quarderno attività" html="false" placeholder="false">Delete definitively the selected item</item>
  <item name="LNBdeleteItem.Tooltip" disambiguation="voce=voce/elemento del diario delle lezioni/quarderno attività" html="false" placeholder="false">Delete definitively the selected item</item>
  <item name="LNBdeleteItem.status" disambiguation="voce=voce/elemento del diario delle lezioni/quarderno attività" html="false" placeholder="false">Delete definitively the selected item</item>
  <item name="LNBdeleteSelectedItems.text" html="false" placeholder="false">Delete selected</item>
  <item name="LNBdeleteSelectedItems.AlternateText" disambiguation="voce=voce/elemento del diario delle lezioni/quarderno attività" html="false" placeholder="false">Delete definitively the selected items</item>
  <item name="LNBdeleteSelectedItems.Tooltip" disambiguation="voce=voce/elemento del diario delle lezioni/quarderno attività" html="false" placeholder="false">Delete definitively the selected items</item>
  <item name="LNBdeleteSelectedItems.status" disambiguation="voce=voce/elemento del diario delle lezioni/quarderno attività" html="false" placeholder="false">Delete definitively the selected items</item>
  <item name="LBduration_t.text" html="false" placeholder="false">Duration:</item>
  <item name="duration" html="false" placeholder="false">Duration</item>
  <item name="durationMinutes" html="false" placeholder="false"> minutes.</item>
  <item name="durationHour" html="false" placeholder="false">an hour</item>
  <item name="durationHours" html="false" placeholder="false">hours</item>
</Resource>