﻿<?xml version="1.0" encoding="utf-8"?>
<Resource xmlns:xsi="http://www.w3.org/2001/XMLSchema-instance">
  <item name="LBTitolo.text">Syllabus</item>
  <item name="LBtitolo.inserisciDiario">Syllabus: lession insertion</item>
  <item name="LBtitolo.dettagli">Lesson Material: details</item>
  <item name="LBtitolo.modifica">Materiale lezione: upload file</item>
  <item name="LBtitolo.modifica">Materiale lezione: upload file</item>
  <item name="LBtitolo.modificaDiario">Syllabus: lesson modify</item>
  <item name="LBtitolo.associaMateriale">Lesson Material: material association</item>
  <item name="LBtitolo.Materiale">Lesson Material</item>
  <item name="LBNopermessi.text">You don't have th</item>
  <item name="LogoutMessage">We are sorry, the session is expired. Retry to login in the system</item>
  <item name="LNBcancellaTutto.text">Delete the lessons</item>
  <item name="LNBcancellaTutto.status">Delete the lessons</item>
  <item name="LNBcancellaTutto.ToolTip">Delete the lessons</item>
  <item name="LNBcancellaTutto.ConfirmText">Are you sure to delete all the lessons of this community?</item>
  <item name="LNBaggiungi.text">New lesson</item>
  <item name="LNBaggiungi.status">New lesson</item>
  <item name="LNBaggiungi.ToolTip">New lesson</item>
  <item name="LNBstampaLezioni.text">Print the list</item>
  <item name="LNBstampaLezioni.status">Print the list</item>
  <item name="LNBstampaLezioni.ToolTip">Print the list</item>
  <item name="LNBannullaInserimento.text">Back to the lessons</item>
  <item name="LNBannullaInserimento.status">Back to the lessons</item>
  <item name="LNBannullaInserimento.ToolTip">Back to the lessons</item>
  <item name="LNBinserimento.text">Data save</item>
  <item name="LNBinserimento.status">Data save</item>
  <item name="LNBinserimento.ToolTip">Data save</item>
  <item name="LNBdettagliBack.text">Back to the material</item>
  <item name="LNBdettagliBack.status">Back to the material</item>
  <item name="LNBdettagliBack.ToolTip">Back to the material</item>
  <item name="LNBmodificaBack.text">Back to the material</item>
  <item name="LNBmodificaBack.status">Back to the material</item>
  <item name="LNBmodificaBack.ToolTip">Back to the material</item>
  <item name="LNBsave.text">Save</item>
  <item name="LNBsave.status">Save</item>
  <item name="LNBsave.ToolTip">Save</item>
  <item name="LNBcreaFileBack.text">Back to the material</item>
  <item name="LNBcreaFileBack.status">Back to the material</item>
  <item name="LNBcreaFileBack.ToolTip">Back to the material</item>
  <item name="LNBsaveFile.text">Save</item>
  <item name="LNBsaveFile.status">Save</item>
  <item name="LNBsaveFile.ToolTip">Save</item>
  <item name="LNBannullaModifica.text">Back to the lessons</item>
  <item name="LNBannullaModifica.status">Back to the lessons</item>
  <item name="LNBannullaModifica.ToolTip">Back to the lessons</item>
  <item name="LNBsaveDiario.text">Save</item>
  <item name="LNBsaveDiario.status">Save</item>
  <item name="LNBsaveDiario.ToolTip">Save</item>
  <item name="LNBannullaAssocia.text">Back to the lessons</item>
  <item name="LNBannullaAssocia.status">Back to the lessons</item>
  <item name="LNBannullaAssocia.ToolTip">Back to the lessons</item>
  <item name="LNBtornaAiFile.text">Back to the material</item>
  <item name="LNBtornaAiFile.status">Back to the material</item>
  <item name="LNBtornaAiFile.ToolTip">Back to the material</item>
  <item name="LNBassocia.text">Associate</item>
  <item name="LNBassocia.status">Associate</item>
  <item name="LNBassocia.ToolTip">Associate</item>
  <item name="LNBmaterialeBack.text">Back to the lessons</item>
  <item name="LNBmaterialeBack.status">Back to the lessons</item>
  <item name="LNBmaterialeBack.ToolTip">Back to the lessons</item>
  <item name="LNBcambiaAssociazione.text">Change the association</item>
  <item name="LNBcambiaAssociazione.status">Change the association</item>
  <item name="LNBcambiaAssociazione.ToolTip">Change the association</item>
  <item name="LNBcambiaAssociazione.nessunAssociato.text">Material association</item>
  <item name="LNBcambiaAssociazione.nessunAssociato.status">Material association</item>
  <item name="LNBcambiaAssociazione.nessunAssociato.ToolTip">Material association</item>
  <item name="LNBupload.text">Upload the material</item>
  <item name="LNBupload.status">Upload the material</item>
  <item name="LNBupload.ToolTip">Upload the material</item>
  <item name="LBnoLezioni.text">No lesson defined for this community.</item>
  <item name="LBtitoloLezione_t.text">Titolo:</item>
  <item name="LBtitoloLezioni.text">Community lessons</item>
  <item name="LBorario.text">Time:</item>
  <item name="LBlez.text">Lesson.&amp;nbsp;</item>
  <item name="LBluogo_t.text">Place:</item>
  <item name="LBlink_n.text">Link:</item>
  <item name="LBprogramma_t.text">Program:</item>
  <item name="LBnote_t.text">Note: </item>
  <item name="LBmateriale_t.text">Material:</item>
  <item name="DGLezioni.IMGElimina.ImageUrl">./../images/x.gif</item>
  <item name="DGLezioni.IMGElimina.status">Delete</item>
  <item name="DGLezioni.IMGElimina.ToolTip">Delete</item>
  <item name="DGLezioni.IMGElimina.ConfirmText">Are you sure to delete the lesson? \r The associated material will not deleted!</item>
  <item name="DGLezioni.IMGModifica.ImageUrl">./../images/m.gif</item>
  <item name="DGLezioni.IMGModifica.status">Edit</item>
  <item name="DGLezioni.IMGModifica.AlternateText">Edit</item>
  <item name="DGLezioni.IMGModifica.ToolTip">Edit</item>
  <item name="DGLezioni.LKBMateriale.text">Material Management</item>
  <item name="DGLezioni.LKBMateriale.status">Associated Material</item>
  <item name="DGLezioni.LKBMateriale.ToolTip">Associated Material</item>
  <item name="nonVisibileTxt">(non visible)</item>
  <item name="InserimentoDiario.-5">The selected lesson is not available!</item>
  <item name="InserimentoDiario.-4">Please select at least one day for the weekly repetition!</item>
  <item name="InserimentoDiario.-3">ERROR: The lesson program has not been uploaded!</item>
  <item name="InserimentoDiario.-2">ERROR: The lesson has not been uploaded!</item>
  <item name="InserimentoDiario.-1">ERROR: it is impossible to continue!</item>
  <item name="InserimentoDiario.0">ERROR: data not available, please try again.</item>
  <item name="InserimentoDiario.1">Inserimento avvenuto correttamente.</item>
  <item name="InserimentoDiario.3">Modifica avvenuta correttamente.</item>
  <item name="LBinfoAssociaMateriale_t.text">Select the material to associate to the lesson</item>
  <item name="oRootNode.Text">Base folder</item>
  <item name="oRootNode.ToolTip">Base folder</item>
  <item name="AssociazioneMateriale.-4">No selected material!</item>
  <item name="AssociazioneMateriale.-3">No material available in the current community!</item>
  <item name="AssociazioneMateriale.-2">ERROR: operation not completed!</item>
  <item name="AssociazioneMateriale.-1">ERROR: it is impossible to continue!</item>
  <item name="AssociazioneMateriale.0">ERROR: data not available, please try again.</item>
  <item name="AssociazioneMateriale.1">Association excecuted correctly</item>
  <item name="LBripetizione_c.text">Repetition:</item>
  <item name="RBLRipetizione.nessuna">None</item>
  <item name="RBLRipetizione.settimanale">Weekly</item>
  <item name="LBdata_mc.text">Day:&amp;nbsp;</item>
  <item name="BTNannullaData.text">Restore the previous date</item>
  <item name="BTNannullaData.status">Restore the previous date</item>
  <item name="BTNannullaData.ToolTip">Restore the previous date</item>
  <item name="LBdalle_m.text">From:&amp;nbsp;</item>
  <item name="LBalle_m.text">To:&amp;nbsp;</item>
  <item name="LBluogo_mc.text">Place:&amp;nbsp;</item>
  <item name="LBLink_mc.text">Links:&lt;br&gt;(use commas)</item>
  <item name="LBProgramma_mc.text">Program:&amp;nbsp;</item>
  <item name="LBnote_mc.text">Notes:&amp;nbsp;</item>
  <item name="LBvisibile_mc.text">Visible:&amp;nbsp;</item>
  <item name="CBXvisibile_m.text">Yes.</item>
  <item name="LBsceltaGiorno.text">Choose a data:&amp;nbsp;</item>
  <item name="LBdalle.text">From:&amp;nbsp;</item>
  <item name="LBalle.text">&amp;nbsp;to&amp;nbsp;</item>
  <item name="LBdataIniziale.text">Start on:&amp;nbsp;</item>
  <item name="LBdataFinale.text">End on:&amp;nbsp;</item>
  <item name="LBluogo_c.text">Place:&amp;nbsp;</item>
  <item name="LBlink_c.text">Link:&amp;nbsp;</item>
  <item name="LBprogramma_c.text">Program:&amp;nbsp;</item>
  <item name="LBnote_c.text">Notes:&amp;nbsp;</item>
  <item name="LBvisibile_c.text">Visible:&amp;nbsp;</item>
  <item name="CBXvisibile.text">Yes.</item>
  <item name="LBdisclamer.text">&lt;P&gt;Weekly lesson insertion&lt;/P&gt;&lt;P&gt;The system create automatically the lesson timetable for each week. Please create the timetable selecting the days and the start/end hours.&lt;/p&gt;</item>
  <item name="LBdal.text">From</item>
  <item name="LBal.text">To</item>
  <item name="LBlunedi.text">Monday</item>
  <item name="LBmartedi.text">Tuesday</item>
  <item name="LBmercoledi.text">Wednesday</item>
  <item name="LBgiovedi.text">Thursday</item>
  <item name="LBvenerdi.text">Friday</item>
  <item name="LBsabato.text">Saturday</item>
  <item name="LBdomenica.text">Sunday</item>
  <item name="LBNoItem.text">&lt;br&gt;No file associated to this lesson! &lt;br&gt;&lt;br&gt;&lt;br&gt;</item>
  <item name="lezione">Lesson of:</item>
  <item name="no">No.</item>
  <item name="RBLEliminaEventi.0">only this event</item>
  <item name="RBLEliminaEventi.1">all the recurrencies</item>
  <item name="numLez">N° Lessons:</item>
  <item name="inserimento.-12">Il percorso della directory è troppo lungo, impossibile continuare.</item>
  <item name="inserimento.-6">Tipologia file mancante !</item>
  <item name="inserimento.-5">Errore nel salvataggio dei dati !</item>
  <item name="inserimento.-4">File non trovato !</item>
  <item name="inserimento.-3">Non tutti i campi obbligatori risultano completi !</item>
  <item name="inserimento.-2">La categoria del file non è disponibile, impossibile salvare le modifiche !</item>
  <item name="inserimento.-1">Errore nella modifica dei dati, operazione non completata!</item>
  <item name="inserimento.0">File non creato, errore nell'upload !</item>
  <item name="inserimento.-7">La cartella desiderata non è stata creata !</item>
  <item name="inserimento.1">Inserimento avvenuto correttamente.</item>
  <item name="inserimento.2">Modifica avvenuta correttamente.</item>
  <item name="inserimento.4">La cartella è stata creata correttamente.</item>
  <item name="inserimento.5">Il file è stato creato correttamente, per effettuare l'upload di un nuovo file usare il link "Altro upload", per copiare il file in altre comunità premere il pulsante "Copia in..".</item>
  <item name="inserimento.-8">Il file esiste già !</item>
  <item name="inserimento.-9">Errore nell'upload del file !</item>
  <item name="inserimento.-10">La cartella esiste già !</item>
  <item name="DGmateriale.FLDS_Ordine.HeaderText">Order</item>
  <item name="DGmateriale.FLDS_Nome.HeaderText">Material</item>
  <item name="DGmateriale.FLDS_dimensione.HeaderText">Dimension(KB)</item>
  <item name="DGmateriale.FLDS_dataInserimento.HeaderText">Upload Date</item>
  <item name="DGmateriale.autore.HeaderText">Owner</item>
  <item name="DGmateriale.page">Page &lt;#%%#&gt;</item>
  <item name="DGmateriale.ordinamento.0.status">Incrising order by &lt;#%%#&gt;</item>
  <item name="DGmateriale.ordinamento.1.status">Decreasing order for &lt;#%%#&gt;</item>
  <item name="DGmateriale.ordinamento.2.status">Order by &lt;#%%#&gt;</item>
  <item name="DGmateriale.LNBElimina.status">Delete the selected file</item>
  <item name="DGmateriale.LNBElimina.ToolTip">Delete</item>
  <item name="DGmateriale.LNBElimina.ImageUrl">./../../images/elimina.gif</item>
  <item name="DGmateriale.LNBElimina.ConfirmText">Are you sure to delete this file? \r The file will be definitely deleted!</item>
  <item name="DGmateriale.LNBElimina.ImageUrl_disabled">./../../images/x_d.gif</item>
  <item name="DGmateriale.LNBEdit.status">Modify the file details.</item>
  <item name="DGmateriale.LNBEdit.ToolTip">Edit</item>
  <item name="DGmateriale.LNBEdit.ImageUrl">./../../images/m.gif</item>
  <item name="DGmateriale.LNBDettagli.status">File details.</item>
  <item name="DGmateriale.LNBDettagli.ToolTip">Details</item>
  <item name="DGmateriale.LNBDettagli.ImageUrl">./../../images/proprieta.gif</item>
  <item name="DGmateriale.LNBdisassocia.status">Delete the association to the lesson</item>
  <item name="DGmateriale.LNBdisassocia.ToolTip">Delete the association to the lesson</item>
  <item name="DGmateriale.LNBdisassocia.text">De-associate</item>
  <item name="DGmateriale.LNBdisassocia.ConfirmText">Are you sure to delete the association material/lesson? \r The file will NOT deleted from the current community!</item>
  <item name="materialeSENZAproprietario">File without owner</item>
  <item name="materialeNONvisibile">File not visible</item>
  <item name="BTNOk.text">Close</item>
  <item name="BTNOk.status">Close</item>
  <item name="BTNOk.ToolTip">Close</item>
  <item name="BTNstampa.text">Print</item>
  <item name="BTNstampa.status">Print</item>
  <item name="BTNstampa.ToolTip">Print</item>
  <item name="LBordinamento_t.text">Order the lessons:&amp;nbsp;</item>
  <item name="RBLordinamentoDiario.0">From the first to the last</item>
  <item name="RBLordinamentoDiario.1">From the last to the first</item>
  <item name="LNBsalvaNote.text">Close the editor</item>
  <item name="LNBsalvaNote.status">Close the note editor</item>
  <item name="LNBsalvaNote.ToolTip">Close the note editor</item>
  <item name="LNBmodificaNote.text">Modify the text</item>
  <item name="LNBmodificaNote.status">Modify the text</item>
  <item name="LNBmodificaNote.ToolTip">Modify the text</item>
  <item name="LNBsalvaProgramma.text">Close the editor</item>
  <item name="LNBsalvaProgramma.status">Close the program editor</item>
  <item name="LNBsalvaProgramma.ToolTip">Close the program editor</item>
  <item name="LNBmodificaProgramma.text">Modify the text</item>
  <item name="LNBmodificaProgramma.status">Modify the text</item>
  <item name="LNBmodificaProgramma.ToolTip">Modify the text</item>
  <item name="LNBmostraNascondi.True.text">Hide</item>
  <item name="LNBmostraNascondi.True.status">Hide the selected file.</item>
  <item name="LNBmostraNascondi.True.ToolTip">Hide the selected file.</item>
  <item name="LNBmostraNascondi.False.text">Show</item>
  <item name="LNBmostraNascondi.False.status">Show the selected file.</item>
  <item name="LNBmostraNascondi.False.ToolTip">Show the selected file.</item>
  <item name="Lbl_Riepilogo.text">Created by #%User%# il #%Data%#</item>
  <item name="HYPcontenutoAttivo.scorm.text">(play package)</item>
  <item name="HYPcontenutoAttivo.scorm.status">(play package)</item>
  <item name="HYPcontenutoAttivo.scorm.Tooltip">(play package)</item>
  <item name="IMBcontenutoAttivo.scorm.status">(play package)</item>
  <item name="IMBcontenutoAttivo.scorm.Tooltip">(play package)</item>
  <item name="HYPcontenutoAttivo.videocast.text">(play movie)</item>
  <item name="HYPcontenutoAttivo.videocast.status">(play movie)</item>
  <item name="HYPcontenutoAttivo.videocast.Tooltip">(play movie)</item>
  <item name="IMBcontenutoAttivo.videocast.status">(play movie)</item>
  <item name="IMBcontenutoAttivo.videocast.Tooltip">(play movie)</item>
</Resource>