﻿<?xml version="1.0" encoding="utf-8"?>
<Resource xmlns:xsi="http://www.w3.org/2001/XMLSchema-instance">
  <item name="LBtitolo.text">Advanced Management</item>
  <item name="LBtitolo.modifica.True">Advanced Management: Modify the material</item>
  <item name="LBtitolo.modifica.False">Advanced Management: Modificy the folder</item>
  <item name="LBtitolo.upload.True">Advanced Management: material upload</item>
  <item name="LBtitolo.upload.False">Advanced Management: folder creation</item>
  <item name="LBtitolo.sposta.True">Advanced Management: move the material</item>
  <item name="LBtitolo.sposta.False">Advanced Management: move the folder</item>
  <item name="LBtitolo.cancellazione">Advanced Management: delete the material/folders</item>
  <item name="LBtitolo.ordiamento">Advanced Management: material details ordering</item>
  <item name="LBtitolo.importa">Advanced Management: import from other communities</item>
  <item name="LBtitolo.sposta">Advanced Management: move the folder</item>
  <item name="LBtitolo.statistiche">Advanced Management: statistics</item>
  <item name="LBNopermessi.text">You don't have the permission to see this page</item>
  <item name="LogoutMessage">We are sorry, the session is expired. Retry to login in the system</item>
  <item name="LBAzione_t.text">Functions</item>
  <item name="RBLazioni.0">Multiple deletion</item>
  <item name="RBLazioni.1">Import from another community</item>
  <item name="RBLazioni.2">File Upload</item>
  <item name="RBLazioni.3">Create a folder</item>
  <item name="RBLazioni.4">Modify the folder details</item>
  <item name="RBLazioni.5">Modify the file order</item>
  <item name="RBLazioni.6">Move the folder</item>
  <item name="RBLazioni.7">Statistics</item>
  <item name="RBLazioni.8">Complete Statistics</item>
  <item name="RBLazioni.9">Folder Statistics</item>
  <item name="LNBbackToList.text">Simple Management</item>
  <item name="LNBbackToList.status">Simple Management</item>
  <item name="LNBbackToList.ToolTip">Simple Management</item>
  <item name="LNBbackToFileList.text">Back to the download</item>
  <item name="LNBbackToFileList.status">Back to the download</item>
  <item name="LNBbackToFileList.ToolTip">Back to the download</item>
  <item name="LNBcreaDir.text">Create a folder</item>
  <item name="LNBcreaDir.status">Create a folder</item>
  <item name="LNBcreaDir.ToolTip">Create a folder</item>
  <item name="LNBupload.text">Upload File</item>
  <item name="LNBupload.status">Upload File</item>
  <item name="LNBupload.ToolTip">Upload File</item>
  <item name="LNBsaveDir.text">Data save</item>
  <item name="LNBsaveDir.status">Data save</item>
  <item name="LNBsaveDir.ToolTip">Data save</item>
  <item name="LNBcreaDirBack.text">Back to the selection</item>
  <item name="LNBcreaDirBack.status">Back to the selection</item>
  <item name="LNBcreaDirBack.ToolTip">Back to the selection</item>
  <item name="LNBsaveFile.text">Aggiungi</item>
  <item name="LNBsaveFile.status">Aggiungi file</item>
  <item name="LNBsaveFile.ToolTip">Aggiungi file</item>
  <item name="LNBcreaFileBack.text">Back to the selection</item>
  <item name="LNBcreaFileBack.status">Back to the selection</item>
  <item name="LNBcreaFileBack.ToolTip">Back to the selection</item>
  <item name="SENZAproprietario">File without owner</item>
  <item name="NONvisibile">File not visible</item>
  <item name="LNBmodificaBack.text">Back to the selection</item>
  <item name="LNBmodificaBack.status">Back to the selection</item>
  <item name="LNBmodificaBack.Tooltip">Back to the selection</item>
  <item name="LNBsave.text">Save</item>
  <item name="LNBsave.status">Save</item>
  <item name="LNBsave.Tooltip">Save</item>
  <item name="inserimento.-12">Il percorso della directory è troppo lungo, impossibile continuare.</item>
  <item name="inserimento.-6">Tipologia file mancante !</item>
  <item name="inserimento.-5">Errore nel salvataggio dei dati !</item>
  <item name="inserimento.-4">File non trovato !</item>
  <item name="inserimento.-3">Non tutti i campi obbligatori risultano completi !</item>
  <item name="inserimento.-2">La categoria del file non è disponibile, impossibile salvare le modifiche !</item>
  <item name="inserimento.-1">Errore nella modifica dei dati, operazione non completata!</item>
  <item name="inserimento.0">File non creato, errore nell'upload !</item>
  <item name="inserimento.-7">La cartella desiderata non è stata creata !</item>
  <item name="inserimento.1">Inserimento avvenuto correttamente.</item>
  <item name="inserimento.2">Modifica avvenuta correttamente.</item>
  <item name="inserimento.4">La cartella è stata creata correttamente.</item>
  <item name="inserimento.5">Il file è stato creato correttamente, per effettuare l'upload di un nuovo file usare il link "Altro upload", per copiare il file in altre comunità premere il pulsante "Copia in..".</item>
  <item name="inserimento.-8">Il file esiste già !</item>
  <item name="inserimento.-9">Errore nell'upload del file !</item>
  <item name="inserimento.-10">La cartella esiste già !</item>
  <item name="LNBaltroBack.text">Back to the selection</item>
  <item name="LNBaltroBack.status">Back to the selection</item>
  <item name="LNBaltroBack.Tooltip">Back to the selection</item>
  <item name="LNBriprova.text">Rerty</item>
  <item name="LNBriprova.status">Rerty</item>
  <item name="LNBriprova.Tooltip">Rerty</item>
  <item name="LNBmultiplo.text">Copy in...</item>
  <item name="LNBmultiplo.status">Copy in...</item>
  <item name="LNBmultiplo.Tooltip">Copy in...</item>
  <item name="LNBaggiungiAltro.text">Other upload</item>
  <item name="LNBaggiungiAltro.status">Other upload</item>
  <item name="LNBaggiungiAltro.Tooltip">Other upload</item>
  <item name="LNBaggiungiAltro.dir.text">Create another fold.</item>
  <item name="LNBaggiungiAltro.dir.status">Create another fold.</item>
  <item name="LNBaggiungiAltro.dir.Tooltip">Create another fold.</item>
  <item name="LNBannullaMultiplo.text">Back to the selection</item>
  <item name="LNBannullaMultiplo.status">Back to the selection</item>
  <item name="LNBannullaMultiplo.Tooltip">Back to the selection</item>
  <item name="LNBassocia.text">Copy in the selection</item>
  <item name="LNBassocia.status">Copy in the selection</item>
  <item name="LNBassocia.Tooltip">Copy in the selection</item>
  <item name="multiplo.-11">No community/folder in the selected destination!</item>
  <item name="multiplo.-10">La cartella esiste già !</item>
  <item name="multiplo.-8">Il file esiste già !</item>
  <item name="multiplo.-7">Folder not available</item>
  <item name="multiplo.-5">Errore nel salvataggio dei dati !</item>
  <item name="multiplo.-4">File non trovato !</item>
  <item name="multiplo.1">Success in the copy of the file in another community</item>
  <item name="LNBmodificaDir.text">Modify the directory</item>
  <item name="LNBmodificaDir.status">Modify the directory</item>
  <item name="LNBmodificaDir.Tooltip">Modify the directory</item>
  <item name="LNBcancellaContenuto.text">Delete the files</item>
  <item name="LNBcancellaContenuto.status">Delete the files</item>
  <item name="LNBcancellaContenuto.Tooltip">Delete the files</item>
  <item name="LNBcancellaContenuto.ConfirmText">Are you sure to delete all the files from the current folder?</item>
  <item name="LNBelimina.text">Delete</item>
  <item name="LNBelimina.status">Delete the selected</item>
  <item name="LNBelimina.Tooltip">Delete the selected</item>
  <item name="LNBelimina.ConfirmText">Are you sure to delete all the selected elements?</item>
  <item name="LNBannullaElimina.text">Back to the selection</item>
  <item name="LNBannullaElimina.status">Back to the selection</item>
  <item name="LNBannullaElimina.Tooltip">Back to the selection</item>
  <item name="Cancellazione.-2">No element selected!</item>
  <item name="Cancellazione.-1">ERROR: it is impossible to delete the elements. Please try later.</item>
  <item name="Cancellazione.1">Operation correctly completed.</item>
  <item name="Cancellazione.2">Folder not available</item>
  <item name="ordinamentoMsg.-2">ERROR: data not saved</item>
  <item name="ordinamentoMsg.-1">No file available in the selected folder</item>
  <item name="ordinamentoMsg.0">ERROR: data not available, please try again.</item>
  <item name="ordinamentoMsg.1">Operation correctly completed.</item>
  <item name="ordinamentoMsg.2">Folder not available</item>
  <item name="LNBimporta.text">Import</item>
  <item name="LNBimporta.status">Import the material and the selected folders</item>
  <item name="LNBimporta.Tooltip">Import material/folder</item>
  <item name="LNBimportaBack.text">Back to the selection</item>
  <item name="LNBimportaBack.status">Back to the selection</item>
  <item name="LNBimportaBack.Tooltip">Back to the selection</item>
  <item name="LNBsalvaOrdinamento.text">Save the ordering</item>
  <item name="LNBsalvaOrdinamento.status">Save the ordering</item>
  <item name="LNBsalvaOrdinamento.Tooltip">Save the ordering</item>
  <item name="LNBannullaOrdinamento.text">Back to the selection</item>
  <item name="LNBannullaOrdinamento.status">Back to the selection</item>
  <item name="LNBannullaOrdinamento.Tooltip">Back to the selection</item>
  <item name="LNBbackStatistiche.text">Back to the selection</item>
  <item name="LNBbackStatistiche.status">Back to the selection</item>
  <item name="LNBbackStatistiche.Tooltip">Back to the selection</item>
  <item name="importaMsg.-5">No elements available to import</item>
  <item name="importaMsg.-4">No destination folder selected!</item>
  <item name="importaMsg.-3">Error in the file import</item>
  <item name="importaMsg.-2">No community selected</item>
  <item name="importaMsg.-1">No file available to import in the selected community</item>
  <item name="importaMsg.0">ERROR: data not available, please try again.</item>
  <item name="importaMsg.1">The import was correctly executed</item>
  <item name="Spostamento.2">Inizialisation completed</item>
  <item name="Spostamento.1">The movement was completed</item>
  <item name="Spostamento.0">ERROR: in the movement</item>
  <item name="Spostamento.-1">ERROR: in the operation</item>
  <item name="Spostamento.-2">No destination folder available</item>
  <item name="Spostamento.-3">No file to move available</item>
  <item name="Spostamento.-4">The destination folder is in a too long path!</item>
  <item name="Spostamento.-5">No file to move available</item>
  <item name="Spostamento.-6">Directory not available</item>
  <item name="Spostamento.-7">Element not available</item>
  <item name="Spostamento.-8">The file already exists in the destination folder!</item>
  <item name="Spostamento.-9">The folder already exists!</item>
  <item name="noStatistiche">In the current community there are no file or folders</item>
  <item name="LBtitolo.PaginaStatistiche">Community material statistics</item>
  <item name="LBvisualizzaStatistiche_t.text">Show:</item>
  <item name="LBAzioneStatistiche_t.text">Statistics</item>
  <item name="LBstatistiche_t.text">Folder:</item>
  <item name="LBnoStatistiche_t.text">&lt;br&gt;&lt;br&gt;The statistics are not available for these parameters.&lt;br&gt;&lt;br&gt;</item>
  <item name="cartellaBase">Base Folder</item>
  <item name="LBdescrizioneFile">Description:</item>
  <item name="LNK_DownloadData.text">Export the data</item>
  <item name="LNK_DownloadData.ToolTip">Export the data</item>
  <item name="LNK_DownloadData.status">Export the data table</item>
	<item name="oRootNodeCartelle.Text">Base Folder</item>
</Resource>