<?xml version="1.0" encoding="utf-8"?>
<Resource xmlns:xsi="http://www.w3.org/2001/XMLSchema-instance" xmlns:xsd="http://www.w3.org/2001/XMLSchema" xmlns="urn:ComolTranslation">
  <item name="LBtitolo.text" disambiguation="materiale=file" html="false" placeholder="false">Community materials</item>
  <item name="LBtitolo.normale" disambiguation="materiale=file" html="false" placeholder="false">Community materials management</item>
  <item name="LBtitolo.dettagli.True" disambiguation="materiale=file" html="false" placeholder="false">Community materials management: materials details</item>
  <item name="LBtitolo.dettagli.False" disambiguation="materiale=file" html="false" placeholder="false">Community materials management: Folder details</item>
  <item name="LBtitolo.modifica.True" disambiguation="materiale=file" html="false" placeholder="false">Community materials management: Modify materials</item>
  <item name="LBtitolo.modifica.False" disambiguation="materiale=file" html="false" placeholder="false">Community materials management: Modify folder</item>
  <item name="LBtitolo.upload.True" disambiguation="materiale=file" html="false" placeholder="false">Community materials management: upload materials</item>
  <item name="LBtitolo.upload.False" disambiguation="materiale=file" html="false" placeholder="false">Community materials management: folder creation</item>
  <item name="LBtitolo.sposta.True" disambiguation="materiale=file" html="false" placeholder="false">Community materials management: move materials</item>
  <item name="LBtitolo.sposta.False" disambiguation="materiale=file" html="false" placeholder="false">Community materials management: move folder</item>
  <item name="LBtitolo.dettagliDownload.True" disambiguation="materiale=file" html="false" placeholder="false">Community materials: details</item>
  <item name="LBtitolo.dettagliDownload.False" disambiguation="materiale=file" html="false" placeholder="false">Community materials: folder details</item>
  <item name="LBNopermessi.text" html="false" placeholder="false">You do not have permission to access this page.</item>
  <item name="LogoutMessage" html="false" placeholder="false">Sorry, your session has expired, you have to log into the system again.</item>
  <item name="LNBbackToFileList.text" html="false" placeholder="false">Back to download</item>
  <item name="LNBbackToFileList.status" html="false" placeholder="false">Back to download</item>
  <item name="LNBbackToFileList.ToolTip" html="false" placeholder="false">Back to download</item>
  <item name="LKBaltro.status" html="false" placeholder="false">Other characters</item>
  <item name="LKBaltro.text" disambiguation="Relativo a caratteri" html="false" placeholder="false">Other</item>
  <item name="LKBaltro.ToolTip" html="false" placeholder="false">Other characters</item>
  <item name="LKBtutti.status" disambiguation="Relativo a caratteri" html="false" placeholder="false">All</item>
  <item name="LKBtutti.text" disambiguation="Relativo a caratteri" html="false" placeholder="false">All</item>
  <item name="LKBtutti.ToolTip" disambiguation="Relativo a caratteri" html="false" placeholder="false">All</item>
  <item name="LKBUpload.status" html="false" placeholder="false">Upload a new file here</item>
  <item name="LKBUpload.text" html="false" placeholder="false">Upload</item>
  <item name="LKBUpload.ToolTip" html="false" placeholder="false">Upload a file to a folder</item>
  <item name="Lettera.status" disambiguation="lettera=carattere" html="false" placeholder="true" mustcontains="#%%#">Letter #%%#</item>
  <item name="Lettera.ToolTip" disambiguation="lettera=carattere" html="false" placeholder="true" mustcontains="#%%#">Letter #%%#</item>
  <item name="LBnumeroRecord_c.text" html="false" placeholder="false">N° record:</item>
  <item name="DGFileDisponibile.page" html="false" placeholder="true" mustcontains="#%%#">Page &lt;#%%#&gt;</item>
  <item name="DGFileDisponibile.ordinamento.0.status" html="false" placeholder="true" mustcontains="#%%#">Ascending order by &lt;#%%#&gt;</item>
  <item name="DGFileDisponibile.ordinamento.1.status" html="false" placeholder="true" mustcontains="#%%#">Descending order by &lt;#%%#&gt;</item>
  <item name="DGFileDisponibile.ordinamento.2.status" html="false" placeholder="true" mustcontains="#%%#">Order by &lt;#%%#&gt;</item>
  <item name="LBnoFile.text" html="false" placeholder="false">No file found, according to the specified criteria</item>
  <item name="LNBapriFiltro.text" html="true" placeholder="false">&lt;img src='./../images/filtro_open.gif' alt='' align=middle&gt;View filter</item>
  <item name="LNBapriFiltro.status" html="false" placeholder="false">View community filter</item>
  <item name="LNBapriFiltro.Tooltip" html="false" placeholder="false">View community filter</item>
  <item name="LNBchiudiFiltro.text" html="true" placeholder="false">&lt;img src='./../images/filtro_close.gif' alt='' align=middle&gt;Hide filters</item>
  <item name="LNBchiudiFiltro.status" html="false" placeholder="false">Hide filters</item>
  <item name="LNBchiudiFiltro.Tooltip" html="false" placeholder="false">Hide filters</item>
  <item name="LBmostra_t.text" html="false" placeholder="false">Display:</item>
  <item name="RBLvisualizza.1" html="false" placeholder="false">Files in current folder</item>
  <item name="RBLvisualizza.0" html="false" placeholder="false">Last inserted</item>
  <item name="RBLvisualizza.-1" html="false" placeholder="false">ll community files</item>
  <item name="LBcategoria_t.text" html="false" placeholder="false">File category:</item>
  <item name="DDLcategoria.-1" html="false" placeholder="false">All</item>
  <item name="DDLcategoria.0" html="false" placeholder="false">Not available</item>
  <item name="LBdescrizione_t.text" html="false" placeholder="false">Description:</item>
  <item name="CBXdescrizione.text" html="false" placeholder="false">show</item>
  <item name="DGFileDisponibile.FLDS_Ordine.HeaderText" disambiguation="O=ordine (un solo carattere)" html="false" placeholder="false">O</item>
  <item name="DGFileDisponibile.FLDS_Nome.HeaderText" disambiguation="materiale=file" html="false" placeholder="false">Materials</item>
  <item name="DGFileDisponibile.FLDS_dimensione.HeaderText" description="Dimens. = dimensione" html="false" placeholder="false">Size(KB)</item>
  <item name="DGFileDisponibile.FLDS_dataInserimento.HeaderText" html="false" placeholder="false">Data Upload</item>
  <item name="DGFileDisponibile.autore.HeaderText" description="Propr. = proprietario" html="false" placeholder="false">Owner</item>
  <item name="LNBmanagement.text" html="false" placeholder="false">Management</item>
  <item name="LNBmanagement.status" html="false" placeholder="false">Management</item>
  <item name="LNBmanagement.ToolTip" html="false" placeholder="false">Management</item>
  <item name="LNBmanagementAvanzato.text" html="false" placeholder="false">Advanced management</item>
  <item name="LNBmanagementAvanzato.status" html="false" placeholder="false">Advanced management</item>
  <item name="LNBmanagementAvanzato.ToolTip" html="false" placeholder="false">Advanced management</item>
  <item name="LNBcreaDir.text" html="false" placeholder="false">Create folder</item>
  <item name="LNBcreaDir.status" html="false" placeholder="false">Create folder</item>
  <item name="LNBcreaDir.ToolTip" html="false" placeholder="false">Create folder</item>
  <item name="LNBupload.text" html="false" placeholder="false">File upload </item>
  <item name="LNBupload.status" html="false" placeholder="false">File upload </item>
  <item name="LNBupload.ToolTip" html="false" placeholder="false">File upload </item>
  <item name="LNBdettagliBack.text" html="false" placeholder="false">Back to management</item>
  <item name="LNBdettagliBack.status" html="false" placeholder="false">Back to management</item>
  <item name="LNBdettagliBack.ToolTip" html="false" placeholder="false">Back to management</item>
  <item name="LNBdettagliDownBack.text" html="false" placeholder="false">Back to list</item>
  <item name="LNBdettagliDownBack.status" html="false" placeholder="false">Back to list</item>
  <item name="LNBdettagliDownBack.ToolTip" html="false" placeholder="false">Back to list</item>
  <item name="LNBsaveDir.text" html="false" placeholder="false">Save data</item>
  <item name="LNBsaveDir.status" html="false" placeholder="false">Save data</item>
  <item name="LNBsaveDir.ToolTip" html="false" placeholder="false">Save data</item>
  <item name="LNBcreaDirBack.text" html="false" placeholder="false">Back to management</item>
  <item name="LNBcreaDirBack.status" html="false" placeholder="false">Back to management</item>
  <item name="LNBcreaDirBack.ToolTip" html="false" placeholder="false">Back to management</item>
  <item name="LNBsaveFile.text" html="false" placeholder="false">Add</item>
  <item name="LNBsaveFile.status" html="false" placeholder="false">Add file</item>
  <item name="LNBsaveFile.ToolTip" html="false" placeholder="false">Add file</item>
  <item name="LNBcreaFileBack.text" html="false" placeholder="false">Back to management</item>
  <item name="LNBcreaFileBack.status" html="false" placeholder="false">Back to management</item>
  <item name="LNBcreaFileBack.ToolTip" html="false" placeholder="false">Back to management</item>
  <item name="DGFileDisponibile.IMGDelete.status" html="false" placeholder="false">Delete the selected file.</item>
  <item name="DGFileDisponibile.IMGDelete.ToolTip" html="false" placeholder="false">Delete</item>
  <item name="DGFileDisponibile.IMGDelete.ImageUrl" html="false" placeholder="false" hidden="true">./../images/elimina.gif</item>
  <item name="DGFileDisponibile.IMGDelete.ConfirmText" html="false" placeholder="false">Are you sure you want to delete this file ? \r file will be permanently removed from server.</item>
  <item name="DGFileDisponibile.IMGDelete.ImageUrl_disabled" html="false" placeholder="false" hidden="true">./../images/x_d.gif</item>
  <item name="DGFileDisponibile.IMGEdit.status" html="false" placeholder="false">Modify file details.</item>
  <item name="DGFileDisponibile.IMGEdit.ToolTip" disambiguation="verbo" html="false" placeholder="false">Modify</item>
  <item name="DGFileDisponibile.IMGEdit.ImageUrl" html="false" placeholder="false" hidden="true">./../images/m.gif</item>
  <item name="DGFileDisponibile.IMGDettagli.status" html="false" placeholder="false">Selected file details.</item>
  <item name="DGFileDisponibile.IMGDettagli.ToolTip" html="false" placeholder="false">Details</item>
  <item name="DGFileDisponibile.IMGDettagli.ImageUrl" html="false" placeholder="false" hidden="true">./../images/proprieta.gif</item>
  <item name="DGFileDisponibile.IMGutente.status" html="false" placeholder="false">Change owner.</item>
  <item name="DGFileDisponibile.IMGutente.ToolTip" html="false" placeholder="false">Change owner</item>
  <item name="DGFileDisponibile.IMGutente.ImageUrl" html="false" placeholder="false" hidden="true">./../images/persona.gif</item>
  <item name="LBpercorso_t.text" disambiguation="percorso file" html="true" placeholder="false">&lt;b&gt;Path:&amp;nbsp;&lt;/b&gt;</item>
  <item name="File" html="false" placeholder="false">File</item>
  <item name="HYPdownload.text" html="false" placeholder="false">Download</item>
  <item name="HYPdownload.status" html="false" placeholder="false">Download</item>
  <item name="HYPdownload.Tooltip" html="false" placeholder="false">Download</item>
  <item name="LNBspostaIn.text" html="false" placeholder="false">Move in..</item>
  <item name="LNBspostaIn.status" html="false" placeholder="false">Move in another folder</item>
  <item name="LNBspostaIn.Tooltip" html="false" placeholder="false">Move in another folder</item>
  <item name="LNBmostraNascondi.True.text" html="false" placeholder="false">Hide</item>
  <item name="LNBmostraNascondi.True.status" html="false" placeholder="false">Hide the selected file.</item>
  <item name="LNBmostraNascondi.True.ToolTip" html="false" placeholder="false">Hide the selected file.</item>
  <item name="LNBmostraNascondi.False.text" html="false" placeholder="false">Show</item>
  <item name="LNBmostraNascondi.False.status" html="false" placeholder="false">Show selected file</item>
  <item name="LNBmostraNascondi.False.ToolTip" html="false" placeholder="false">Show selected file</item>
  <item name="SENZAproprietario" html="false" placeholder="false">File without owner</item>
  <item name="NONvisibile" html="false" placeholder="false">File not visible</item>
  <item name="LNBmodificaBack.text" html="false" placeholder="false">Back to management</item>
  <item name="LNBmodificaBack.status" html="false" placeholder="false">Back to management</item>
  <item name="LNBmodificaBack.Tooltip" html="false" placeholder="false">Back to management</item>
  <item name="LNBsave.text" html="false" placeholder="false">Save settings</item>
  <item name="LNBsave.status" html="false" placeholder="false">Save settings</item>
  <item name="LNBsave.Tooltip" html="false" placeholder="false">Save settings</item>
  <item name="inserimento.-12" html="false" placeholder="false">Directory's path is too long, impossible to continue.</item>
  <item name="inserimento.-6" html="false" placeholder="false">File type missing</item>
  <item name="inserimento.-5" html="false" placeholder="false">Error while saving data</item>
  <item name="inserimento.-4" html="false" placeholder="false">File not found</item>
  <item name="inserimento.-3" html="false" placeholder="false">Not all the mandatory fields have been filled.</item>
  <item name="inserimento.-2" html="false" placeholder="false">File category is not available, impossible to save changes.</item>
  <item name="inserimento.-1" html="false" placeholder="false">Error while editing data, operation not performed.</item>
  <item name="inserimento.0" html="false" placeholder="false">File not created, error while uploading</item>
  <item name="inserimento.-7" html="false" placeholder="false">Folder was not created</item>
  <item name="inserimento.1" html="false" placeholder="false">Insertion correctly performed.</item>
  <item name="inserimento.2" html="false" placeholder="false">Changes were successful.</item>
  <item name="inserimento.4" html="false" placeholder="false">Folder was successfully created</item>
  <item name="inserimento.5" html="false" placeholder="false">File was correctly created, to upload a new file press "another upload", to copy file in other communities press "Copy in".</item>
  <item name="inserimento.-8" html="false" placeholder="false">File is already existing</item>
  <item name="inserimento.-9" html="false" placeholder="false">Error while uploading file</item>
  <item name="inserimento.-10" html="false" placeholder="false">Folder already existing</item>
  <item name="Spostamento.2" html="false" placeholder="false">Initialization completed</item>
  <item name="Spostamento.1" html="false" placeholder="false">Moving succesfully performed</item>
  <item name="Spostamento.0" html="false" placeholder="false">Error while moving</item>
  <item name="Spostamento.-1" html="false" placeholder="false">Error, operation not performed</item>
  <item name="Spostamento.-2" html="false" placeholder="false">No destination folder found !</item>
  <item name="Spostamento.-3" html="false" placeholder="false">No file to move selected </item>
  <item name="Spostamento.-4" html="false" placeholder="false">Destination folder's path is too long.</item>
  <item name="Spostamento.-5" html="false" placeholder="false">File not found</item>
  <item name="Spostamento.-6" html="false" placeholder="false">Directory not found</item>
  <item name="Spostamento.-7" html="false" placeholder="false">Element not found</item>
  <item name="Spostamento.-8" html="false" placeholder="false">The file already exists in destination folder</item>
  <item name="Spostamento.-9" html="false" placeholder="false">Folder already exists in the Destination folder.</item>
  <item name="LNBaltroBack.text" html="false" placeholder="false">Back to management</item>
  <item name="LNBaltroBack.status" html="false" placeholder="false">Back to management</item>
  <item name="LNBaltroBack.Tooltip" html="false" placeholder="false">Back to management</item>
  <item name="LNBriprova.text" html="false" placeholder="false">Retry</item>
  <item name="LNBriprova.status" html="false" placeholder="false">Retry</item>
  <item name="LNBriprova.Tooltip" html="false" placeholder="false">Retry</item>
  <item name="LNBmultiplo.text" html="false" placeholder="false">Copy in..</item>
  <item name="LNBmultiplo.status" html="false" placeholder="false">Copy in..</item>
  <item name="LNBmultiplo.Tooltip" html="false" placeholder="false">Copy in..</item>
  <item name="LNBaggiungiAltro.text" html="false" placeholder="false">Other upload</item>
  <item name="LNBaggiungiAltro.status" html="false" placeholder="false">Other upload</item>
  <item name="LNBaggiungiAltro.Tooltip" html="false" placeholder="false">Other upload</item>
  <item name="LNBaggiungiAltro.dir.text" html="false" placeholder="false">Create another folder</item>
  <item name="LNBaggiungiAltro.dir.status" html="false" placeholder="false">Create another folder</item>
  <item name="LNBaggiungiAltro.dir.Tooltip" html="false" placeholder="false">Create another folder</item>
  <item name="LNBannullaMultiplo.text" html="false" placeholder="false">Back to management</item>
  <item name="LNBannullaMultiplo.status" html="false" placeholder="false">Back to management</item>
  <item name="LNBannullaMultiplo.Tooltip" html="false" placeholder="false">Back to management</item>
  <item name="LNBassocia.text" html="false" placeholder="false">Copy in the selected ones</item>
  <item name="LNBassocia.status" html="false" placeholder="false">Copy in the selected ones</item>
  <item name="LNBassocia.Tooltip" html="false" placeholder="false">Copy in the selected ones</item>
  <item name="multiplo.-11" html="false" placeholder="false">No destination community/folder selected. </item>
  <item name="multiplo.-10" html="false" placeholder="false">Folder already existing</item>
  <item name="multiplo.-8" html="false" placeholder="false">File is already existing</item>
  <item name="multiplo.-7" html="false" placeholder="false">Folder not found</item>
  <item name="multiplo.-5" html="false" placeholder="false">Error while saving data</item>
  <item name="multiplo.-4" html="false" placeholder="false">File not found</item>
  <item name="multiplo.1" html="false" placeholder="false">File copy to other communities successfully performed!</item>
  <item name="LNBmodificaDir.text" html="false" placeholder="false">Modify directory</item>
  <item name="LNBmodificaDir.status" html="false" placeholder="false">Modify directory</item>
  <item name="LNBmodificaDir.Tooltip" html="false" placeholder="false">Modify directory</item>
  <item name="LNBcancellaContenuto.text" html="false" placeholder="false">Delete files</item>
  <item name="LNBcancellaContenuto.status" html="false" placeholder="false">Delete files</item>
  <item name="LNBcancellaContenuto.Tooltip" html="false" placeholder="false">Delete files</item>
  <item name="LNBcancellaContenuto.ConfirmText" html="false" placeholder="false">Are you sure you want to delete all the file of the current folder? </item>
  <item name="LNBbackSposta.text" html="false" placeholder="false">Back to management</item>
  <item name="LNBbackSposta.status" html="false" placeholder="false">Back to management</item>
  <item name="LNBbackSposta.Tooltip" html="false" placeholder="false">Back to management</item>
  <item name="LNBspostaFile.text" html="false" placeholder="false">Move</item>
  <item name="LNBspostaFile.status" html="false" placeholder="false">Move</item>
  <item name="LNBspostaFile.Tooltip" html="false" placeholder="false">Move</item>
  <item name="LNBspostaEsovrascrivi.text" html="false" placeholder="false">Move and replace</item>
  <item name="LNBspostaEsovrascrivi.status" html="false" placeholder="false">Move and replace if existent</item>
  <item name="LNBspostaEsovrascrivi.Tooltip" html="false" placeholder="false">Move and replace if existent</item>
  <item name="LNBspostaEsovrascrivi.ConfirmText" html="false" placeholder="false">Move material/s and replace if already existent?</item>
  <item name="downloadTxt" html="false" placeholder="false">downloaded: </item>
  <item name="cartellaBase" html="false" placeholder="false">Base folder</item>
  <item name="RedirectMessage" html="false" placeholder="false">Selected page does not exist anymore (your bookmark/favorite is wrong or the proxy server did not add correctly the page).\rPress "ok" and you will be redirected to the right page.</item>
  <item name="LBdescrizioneFile" html="false" placeholder="false">Description:</item>
  <item name="LNBmostraFile.text" html="false" placeholder="false">Show all</item>
  <item name="LNBmostraFile.status" html="false" placeholder="false">Make visible all files</item>
  <item name="LNBmostraFile.Tooltip" html="false" placeholder="false">Make visible all files</item>
  <item name="LNBnascondiFile.text" html="false" placeholder="false">Hide all</item>
  <item name="LNBnascondiFile.status" html="false" placeholder="false">Hide all files</item>
  <item name="LNBnascondiFile.Tooltip" html="false" placeholder="false">Hide all files</item>
  <item name="HYPcontenutoAttivo.scorm.text" html="false" placeholder="false">(play package)</item>
  <item name="HYPcontenutoAttivo.scorm.status" html="false" placeholder="false">(play package)</item>
  <item name="HYPcontenutoAttivo.scorm.Tooltip" html="false" placeholder="false">(play package)</item>
  <item name="IMBcontenutoAttivo.scorm.status" html="false" placeholder="false">(play package)</item>
  <item name="IMBcontenutoAttivo.scorm.Tooltip" html="false" placeholder="false">(play package)</item>
  <item name="HYPcontenutoAttivo.videocast.text" html="false" placeholder="false">(play video)</item>
  <item name="HYPcontenutoAttivo.videocast.status" html="false" placeholder="false">(play video)</item>
  <item name="HYPcontenutoAttivo.videocast.Tooltip" html="false" placeholder="false">(play video)</item>
  <item name="IMBcontenutoAttivo.videocast.status" html="false" placeholder="false">(play video)</item>
  <item name="IMBcontenutoAttivo.videocast.Tooltip" html="false" placeholder="false">(play video)</item>
  <item name="LNBstatistics.text" html="false" placeholder="false" hidden="true">&lt;img src="{0}" ToolTip="{1}"&gt;</item>
  <item name="HYPstatistics.status" html="false" placeholder="false">File statistics</item>
  <item name="HYPstatistics.ToolTip" html="false" placeholder="false">File statistics</item>
  <item name="oRootNodeCartelle.Text" html="false" placeholder="false">Base folder</item>
</Resource>