﻿<?xml version="1.0" encoding="utf-8"?>
<Resource xmlns:xsi="http://www.w3.org/2001/XMLSchema-instance">
  <item name="LBTitolo.text">Community Material: Change the owner</item>
  <item name="LBNopermessi.text">Sorry, you don't have the permission to access at this page.</item>
  <item name="LogoutMessage">We are sorry, the session is expired. Retry to login in the system</item>
  <item name="LBtipoRuolo_t.text">Role Type:&amp;nbsp;</item>
  <item name="LBnumeroRecord_t.text">N° Record:&amp;nbsp;</item>
  <item name="LBtipoRicerca_t.text">Search Type:&amp;nbsp;</item>
  <item name="LBvalore_t.text">Value:&amp;nbsp;</item>
  <item name="DDLTipoRicerca.-2">Name</item>
  <item name="DDLTipoRicerca.-3">Surname</item>
  <item name="DDLTipoRicerca.-4">Name/Surname</item>
  <item name="BTNCerca.text">Search</item>
  <item name="BTNCerca.ToolTip">Search user</item>
  <item name="LBelencoFile_t.text">File:&amp;nbsp;</item>
  <item name="LBproprietario_t.text">Owner:&amp;nbsp;</item>
  <item name="LBlistaNuovoProprietario.text">The new owner:&amp;nbsp;</item>
  <item name="LNBback.text">Back to the list</item>
  <item name="LNBback.status">Torna all'elenco dei file</item>
  <item name="LNBback.Tooltip">Torna all'elenco dei file</item>
  <item name="LNBtogliAssociazione.text">Remove association</item>
  <item name="LNBtogliAssociazione.status">Remove the association to the owner</item>
  <item name="LNBtogliAssociazione.Tooltip">Remove the association to the owner</item>
  <item name="LNBapriFiltro.text">&lt;img src='./../images/filtro_open.gif' alt='' align=middle&gt;Show the filter</item>
  <item name="LNBapriFiltro.status">Show the community filter</item>
  <item name="LNBapriFiltro.Tooltip">Show the community filter</item>
  <item name="LNBchiudiFiltro.text">&lt;img src='./../images/filtro_close.gif' alt='' align=middle&gt;Hide the filter</item>
  <item name="LNBchiudiFiltro.status">Hide the filter</item>
  <item name="LNBchiudiFiltro.Tooltip">Hide the filter</item>
  <item name="LKBaltro.status">Others characters</item>
  <item name="LKBaltro.text">Others</item>
  <item name="LKBaltro.ToolTip">Others</item>
  <item name="LKBtutti.status">All the characters</item>
  <item name="LKBtutti.text">All</item>
  <item name="LKBtutti.ToolTip">All</item>
  <item name="Lettera.status">Letter #%%#</item>
  <item name="Lettera.ToolTip">Letter #%%#</item>
  <item name="DGpersona.page">Page &lt;#%%#&gt;</item>
  <item name="DGpersona.ordinamento.0.status">Incrising order by &lt;#%%#&gt;</item>
  <item name="DGpersonae.ordinamento.1.status">Decreasing order for &lt;#%%#&gt;</item>
  <item name="DGpersona.ordinamento.2.status">Order by &lt;#%%#&gt;</item>
  <item name="DGpersona.nome.HeaderText">Name</item>
  <item name="DGpersona.cognome.HeaderText">Surname</item>
  <item name="DGpersona.Mail.HeaderText">Mail</item>
  <item name="DGpersona.ruolo.HeaderText">Role</item>
  <item name="DGpersona.Associa.HeaderText" />
  <item name="DGpersona.LNBassocia.status">Associate file to the selected user.</item>
  <item name="DGpersona.LNBassocia.AlternateText">Associate file to the selected user.</item>
  <item name="DGpersona.LNBassocia.ToolTip">Associate file to the selected user.</item>
  <item name="DGpersona.LNBassocia.text">Associate</item>
  <item name="DDLTipoRuolo.-1">	All	</item>
  <item name="LBelencoFile.1">No file found.</item>
  <item name="LBproprietario.1">--</item>
  <item name="LBelencoFile.2">Unknown</item>
  <item name="LBproprietario.2">Unknown</item>
  <item name="LBelencoFile.3">You have selected many files.</item>
  <item name="LBproprietario.3">One or more.</item>
  <item name="LBnorecord.text">No user founded in this community</item>
  <item name="LBavviso.1">Assignment correctly executed</item>
  <item name="LBavviso.2">Sorry, for an error it is impossible to execute the operation</item>
  <item name="LBproprietario.4">Unknown - (creator: #%%# )</item>
  <item name="NONattivati">User not activated.</item>
  <item name="NONabilitati">User not enabled</item>
</Resource>