<?xml version="1.0" encoding="utf-8"?>
<Resource xmlns:xsi="http://www.w3.org/2001/XMLSchema-instance" xmlns:xsd="http://www.w3.org/2001/XMLSchema" xmlns="urn:ComolTranslation">
  <item name="LBTitolo.text" html="false" placeholder="false">Personal links</item>
  <item name="LBTitolo.InserimentoLink.True" html="false" placeholder="false">Personal links: new link</item>
  <item name="LBTitolo.InserimentoLink.False" html="false" placeholder="false">Personal links: new folder</item>
  <item name="LBTitolo.gestione" html="false" placeholder="false">Personal links management</item>
  <item name="LBTitolo.gestione.InserimentoLink.True" html="false" placeholder="false">Personal links management: new link</item>
  <item name="LBTitolo.gestione.InserimentoLink.False" html="false" placeholder="false">Personal links management: new folder</item>
  <item name="LBTitolo.gestione.dettagli.True" html="false" placeholder="false">Personal links management: link details</item>
  <item name="LBTitolo.gestione.dettagli.False" html="false" placeholder="false">Personal links management: folder details</item>
  <item name="LBTitolo.gestione.cancella.True" html="false" placeholder="false">Personal links management: delete link</item>
  <item name="LBTitolo.gestione.cancella.False" html="false" placeholder="false">Personal links management: delete folder</item>
  <item name="LBTitolo.gestione.modifica.True" html="false" placeholder="false">Personal links management: modify link</item>
  <item name="LBTitolo.gestione.modifica.False" html="false" placeholder="false">Personal links management: modify folder</item>
  <item name="LBTitolo.gestione.cancellaContenuto.False" html="false" placeholder="false">Personal links management: delete foldere content</item>
  <item name="LBNopermessi.text" html="false" placeholder="false">Sorry, you do not have permission to access this page.</item>
  <item name="LogoutMessage" html="false" placeholder="false">Sorry, your session has expired, you have to log into the system again.</item>
  <item name="TABlista.Text" html="false" placeholder="false">Personal links</item>
  <item name="TABlista.ToolTip" html="false" placeholder="false">Personal links</item>
  <item name="TABgestione.Text" html="false" placeholder="false">Link management</item>
  <item name="TABgestione.ToolTip" html="false" placeholder="false">Link management.</item>
  <item name="TABimporta.Text" html="false" placeholder="false">Import</item>
  <item name="TABimporta.ToolTip" html="false" placeholder="false">Import from Community.</item>
  <item name="TABesporta.Text" html="false" placeholder="false">Export</item>
  <item name="TABesporta.ToolTip" html="false" placeholder="false">Export to Community links.</item>
  <item name="LNBespandi.text" description="albero: rappresentazione ad albero dei link" html="false" placeholder="false">Expand tree</item>
  <item name="LNBespandi.status" description="albero: rappresentazione ad albero dei link" html="false" placeholder="false">Expand tree</item>
  <item name="LNBespandi.ToolTip" description="albero: rappresentazione ad albero dei link" html="false" placeholder="false">Expand tree</item>
  <item name="LNBcomprimi.text" description="albero: rappresentazione ad albero dei link" html="false" placeholder="false">Compress tree</item>
  <item name="LNBcomprimi.status" description="albero: rappresentazione ad albero dei link" html="false" placeholder="false">Compress tree</item>
  <item name="LNBcomprimi.ToolTip" description="albero: rappresentazione ad albero dei link" html="false" placeholder="false">Compress tree</item>
  <item name="LNBaggiorna.text" description="albero: rappresentazione ad albero dei link" html="false" placeholder="false">Update tree</item>
  <item name="LNBaggiorna.status" description="albero: rappresentazione ad albero dei link" html="false" placeholder="false">Update tree</item>
  <item name="LNBaggiorna.ToolTip" description="albero: rappresentazione ad albero dei link" html="false" placeholder="false">Update tree</item>
  <item name="LNBnuovoFolderLink.text" html="false" placeholder="false">New folder</item>
  <item name="LNBnuovoFolderLink.status" html="false" placeholder="false">New folder</item>
  <item name="LNBnuovoFolderLink.ToolTip" html="false" placeholder="false">New folder</item>
  <item name="LNBnuovoLink.text" html="false" placeholder="false">New link</item>
  <item name="LNBnuovoLink.status" html="false" placeholder="false">New link</item>
  <item name="LNBnuovoLink.ToolTip" html="false" placeholder="false">New link</item>
  <item name="LNBindietro.text" html="false" placeholder="false">Back</item>
  <item name="LNBindietro.status" html="false" placeholder="false">Back</item>
  <item name="LNBindietro.ToolTip" html="false" placeholder="false">Back</item>
  <item name="LNBinserisci.text" html="false" placeholder="false">Save data</item>
  <item name="LNBinserisci.status" html="false" placeholder="false">Save data</item>
  <item name="LNBinserisci.ToolTip" html="false" placeholder="false">Save data</item>
  <item name="LNBesporta.text" html="false" placeholder="false">Export selected Link</item>
  <item name="LNBesporta.status" html="false" placeholder="false">Export selected Link</item>
  <item name="LNBesporta.ToolTip" html="false" placeholder="false">Export selected Link</item>
  <item name="LNBimporta.text" html="false" placeholder="false">Import selected Links</item>
  <item name="LNBimporta.status" html="false" placeholder="false">Import selected Links</item>
  <item name="LNBimporta.ToolTip" html="false" placeholder="false">Import selected Links</item>
  <item name="oRootNode.Text" html="false" placeholder="false" mustcontains="*">* Personal link</item>
  <item name="oRootNode.ToolTip" html="false" placeholder="false" mustcontains="*">* Personal link</item>
  <item name="oNoNode.Text" html="false" placeholder="false">No link found</item>
  <item name="oNoNode.ToolTip" html="false" placeholder="false">No link found</item>
  <item name="LBfolder_t.text" html="false" placeholder="false">Current folder:</item>
  <item name="LNBdettagliDir.text" html="false" placeholder="false">Details</item>
  <item name="LNBdettagliDir.status" html="false" placeholder="false">Details</item>
  <item name="LNBdettagliDir.ToolTip" html="false" placeholder="false">Details</item>
  <item name="LNBcreaLink.text" html="false" placeholder="false">New link</item>
  <item name="LNBcreaLink.status" html="false" placeholder="false">New link</item>
  <item name="LNBcreaLink.ToolTip" html="false" placeholder="false">New link</item>
  <item name="LNBcreaDirectory.text" html="false" placeholder="false">New folder</item>
  <item name="LNBcreaDirectory.status" html="false" placeholder="false">New folder</item>
  <item name="LNBcreaDirectory.ToolTip" html="false" placeholder="false">New folder</item>
  <item name="LNBmodificaDir.text" disambiguation="verbo" html="false" placeholder="false">Modify</item>
  <item name="LNBmodificaDir.status" html="false" placeholder="false">Modify </item>
  <item name="LNBmodificaDir.ToolTip" html="false" placeholder="false">Modify </item>
  <item name="LNBeliminaDir.text" html="false" placeholder="false">Delete</item>
  <item name="LNBeliminaDir.status" html="false" placeholder="false">Delete link folder</item>
  <item name="LNBeliminaDir.ToolTip" html="false" placeholder="false">Delete link folder</item>
  <item name="LNBeliminaDir.ConfirmText" html="false" placeholder="false">Are you sure you want to delete the folder and all of its links?</item>
  <item name="LNBeliminaContenuto.text" html="false" placeholder="false">Delete content</item>
  <item name="LNBeliminaContenuto.status" html="false" placeholder="false">Delete folder content</item>
  <item name="LNBeliminaContenuto.ToolTip" html="false" placeholder="false">Delete folder content</item>
  <item name="LNBeliminaContenuto.ConfirmText" html="false" placeholder="false">Are you sure you want to delete the selected folder content?</item>
  <item name="LNBdettagli.text" html="false" placeholder="false">Details</item>
  <item name="LNBdettagli.status" html="false" placeholder="false">Details</item>
  <item name="LNBdettagli.ToolTip" html="false" placeholder="false">Details</item>
  <item name="LNBmodifica.text" disambiguation="verbo" html="false" placeholder="false">Modify</item>
  <item name="LNBmodifica.status" html="false" placeholder="false">Modify link</item>
  <item name="LNBmodifica.ToolTip" html="false" placeholder="false">Modify link</item>
  <item name="LNBeliminaLink.status" html="false" placeholder="false">Delete link</item>
  <item name="LNBeliminaLink.ToolTip" html="false" placeholder="false">Delete link</item>
  <item name="LNBeliminaLink.ConfirmText" html="false" placeholder="false">Are you sure you want to delete the selected link?</item>
  <item name="Inserimento.1" html="false" placeholder="false">Folder correctly created.</item>
  <item name="Inserimento.2" html="false" placeholder="false">Link correctly created.</item>
  <item name="Inserimento.3" html="false" placeholder="false">Folder correctly modified.</item>
  <item name="Inserimento.4" html="false" placeholder="false">Link correctly modified</item>
  <item name="Inserimento.-1" html="false" placeholder="false">Link already existing</item>
  <item name="Inserimento.-2" html="false" placeholder="false">Folder already existing</item>
  <item name="Inserimento.-3" html="false" placeholder="false">Error while creating.</item>
  <item name="Inserimento.-4" html="false" placeholder="false">Error while editing</item>
  <item name="Inserimento.-5" html="false" placeholder="false">Operation can not be performed due to errors</item>
  <item name="CancellaLink.True" html="false" placeholder="false">Link was correctly deleted.</item>
  <item name="CancellaLink.False" html="false" placeholder="false">Link was not deleted</item>
  <item name="CancellaDir.True" html="false" placeholder="false">Selected folder and all its content were correctly deleted.</item>
  <item name="CancellaDir.False" html="false" placeholder="false">The selected folder was not deleted</item>
  <item name="CancellaContenuto.True" html="false" placeholder="false">Selected content was correctly deleted.</item>
  <item name="CancellaContenuto.False" html="false" placeholder="false">Folder content was not deleted.</item>
  <item name="LNBannullaElimina.text" html="false" placeholder="false">Back</item>
  <item name="LNBannullaElimina.text" html="false" placeholder="false">Indietro</item>
  <item name="LNBannullaElimina.ToolTip" html="false" placeholder="false">Back</item>
  <item name="LNBreplicaElimina.text" html="false" placeholder="false">Delete from community too</item>
  <item name="LNBreplicaElimina.status" html="false" placeholder="false">Delete from community too</item>
  <item name="LNBreplicaElimina.ToolTip" html="false" placeholder="false">Delete both from personal and from community</item>
  <item name="LNBelimina.text" html="false" placeholder="false">Only from the personals ones</item>
  <item name="LNBelimina.status" html="false" placeholder="false">Only from the personals ones</item>
  <item name="LNBelimina.ToolTip" html="false" placeholder="false">Only from the personals ones</item>
</Resource>