<?xml version="1.0" encoding="utf-8"?>
<Resource xmlns:xsi="http://www.w3.org/2001/XMLSchema-instance" xmlns:xsd="http://www.w3.org/2001/XMLSchema" xmlns="urn:ComolTranslation">
  <item name="LBtitoloServizio.text" html="false" placeholder="false">Activity workbook</item>
  <item name="LBNopermessi.text" html="false" placeholder="false">You do not have permission to access this service</item>
  <item name="BTNreturnToList.text" html="false" placeholder="false">Back to list</item>
  <item name="BTNreturnToList.status" html="false" placeholder="false">Back to list</item>
  <item name="BTNreturnToList.ToolTip" html="false" placeholder="false">Back to list</item>
  <item name="BTNbackToItemsFromManagement.text" disambiguation="voce=voce/elemento del diario delle lezioni/quarderno attività" html="false" placeholder="false">Back to items</item>
  <item name="BTNbackToItemsFromManagement.status" disambiguation="voce=voce/elemento del diario delle lezioni/quarderno attività" html="false" placeholder="false">Back to items</item>
  <item name="BTNbackToItemsFromManagement.ToolTip" disambiguation="voce=voce/elemento del diario delle lezioni/quarderno attività" html="false" placeholder="false">Back to items</item>
  <item name="BTNsaveDiary.text" html="false" placeholder="false">Save data</item>
  <item name="BTNsaveDiary.status" html="false" placeholder="false">Save data</item>
  <item name="BTNsaveDiary.ToolTip" html="false" placeholder="false">Save data</item>
  <item name="LBorderby_t.text" html="false" placeholder="false">Order items:</item>
  <item name="LBtitle.text" html="false" placeholder="false">Workbook items</item>
  <item name="RBLorderby.0" html="false" placeholder="false">From first to last</item>
  <item name="RBLorderby.1" html="false" placeholder="false">From last to first</item>
  <item name="BTNdeleteItems.text" html="false" placeholder="false">Deleted selected</item>
  <item name="BTNdeleteItems.status" html="false" placeholder="false">Delete the selected items</item>
  <item name="BTNdeleteItems.ToolTip" html="false" placeholder="false">Delete the selected items</item>
  <item name="BTNdeleteItems.ConfirmText" html="false" placeholder="false">Attention, all the selected items will be deleted. Are you sure you want to continue?</item>
  <item name="HYPaddItem.text" html="false" placeholder="false">New item</item>
  <item name="HYPaddItem.status" html="false" placeholder="false">New item</item>
  <item name="HYPaddItem.ToolTip" html="false" placeholder="false">New item</item>
  <item name="LKBMateriale.text" html="false" placeholder="false">Materials management</item>
  <item name="LKBMateriale.status" html="false" placeholder="false">Materials management</item>
  <item name="LKBMateriale.ToolTip" html="false" placeholder="false">Materials management</item>
  <item name="IMGElimina.status" html="false" placeholder="false">Delete</item>
  <item name="IMGElimina.ToolTip" html="false" placeholder="false">Delete</item>
  <item name="IMGElimina.ConfirmText" description="\r - indica a capo riga" html="false" placeholder="false">Are you sure to delete item? \r associated files will not be deleted.</item>
  <item name="IMGElimina.delete.status" html="false" placeholder="false">Delete item definitively</item>
  <item name="IMGElimina.delete.ToolTip" html="false" placeholder="false">Delete item definitively</item>
  <item name="IMGElimina.delete.ConfirmText" description="\r - indica a capo riga" html="false" placeholder="false">Are you sure you want to permanently delete? \r It will not be recoverable later.</item>
  <item name="IMGElimina.virtualdelete.status" html="false" placeholder="false">Delete item</item>
  <item name="IMGElimina.virtualdelete.ToolTip" html="false" placeholder="false">Delete item</item>
  <item name="IMGElimina.virtualdelete.ConfirmText" description="\r - indica a capo riga" html="false" placeholder="false">Are you sure you want to delete the item? \r</item>
  <item name="IMGvirtualDelete.virtualdelete.status" html="false" placeholder="false">Delete item</item>
  <item name="IMGvirtualDelete.virtualdelete.ToolTip" html="false" placeholder="false">Delete item</item>
  <item name="IMGvirtualDelete.virtualdelete.ConfirmText" description="\r - indica a capo riga" html="false" placeholder="false">Are you sure you want to delete the item? \r</item>
  <item name="IMGdelete.confirmdelete.status" html="false" placeholder="false">Delete item definitively</item>
  <item name="IMGdelete.confirmdelete.ToolTip" html="false" placeholder="false">Delete item definitively</item>
  <item name="IMGdelete.confirmdelete.ConfirmText" description="\r - indica a capo riga" html="false" placeholder="false">Are you sure you want to permanently delete? \r It will not be recoverable later.</item>
  <item name="IMGModifica.status" disambiguation="verbo" html="false" placeholder="false">Modify</item>
  <item name="IMGModifica.AlternateText" disambiguation="verbo" html="false" placeholder="false">Modify</item>
  <item name="IMGModifica.ToolTip" disambiguation="verbo" html="false" placeholder="false">Modify</item>
  <item name="IMGundelete.status" html="false" placeholder="false">Recover item from the trashbin</item>
  <item name="IMGundelete.AlternateText" html="false" placeholder="false">Recover item from the trashbin</item>
  <item name="IMGundelete.ToolTip" html="false" placeholder="false">Recover item from the trashbin</item>
  <item name="IMGdelete.status" html="false" placeholder="false">Definitively delete item from the workbook</item>
  <item name="IMGdelete.AlternateText" html="false" placeholder="false">Definitively delete item from the workbook</item>
  <item name="IMGdelete.ToolTip" html="false" placeholder="false">Definitively delete item from the workbook</item>
  <item name="IMGdelete.ConfirmText" html="false" placeholder="false">Are you sure you want to permanently delete? \r Item will not be recoverable later.</item>
  <item name="LBtitolo_t.text" html="false" placeholder="false">Title:</item>
  <item name="LBprogramma_t.text" html="false" placeholder="false">Description:</item>
  <item name="LBnote_t.text" html="false" placeholder="false">Personal notes:</item>
  <item name="LBmateriale_t.text" html="false" placeholder="false">Materials:</item>
  <item name="BTNbackToItems.text" disambiguation="voce=voce/elemento del diario delle lezioni/quarderno attività" html="false" placeholder="false">Back to items</item>
  <item name="BTNbackToItems.status" disambiguation="voce=voce/elemento del diario delle lezioni/quarderno attività" html="false" placeholder="false">Back to items</item>
  <item name="BTNbackToItems.ToolTip" disambiguation="voce=voce/elemento del diario delle lezioni/quarderno attività" html="false" placeholder="false">Back to items</item>
  <item name="BTNsaveItem.text" html="false" placeholder="false">Save data</item>
  <item name="BTNsaveItem.status" html="false" placeholder="false">Save data</item>
  <item name="BTNsaveItem.ToolTip" html="false" placeholder="false">Save data</item>
  <item name="BTNmanagementFile.text" html="false" placeholder="false">File management</item>
  <item name="BTNmanagementFile.status" html="false" placeholder="false">File management</item>
  <item name="BTNmanagementFile.ToolTip" html="false" placeholder="false">File management</item>
  <item name="BTNbackToItem.text" disambiguation="voce=voce/elemento del diario delle lezioni/quarderno attività" html="false" placeholder="false">Back to item</item>
  <item name="BTNbackToItem.status" disambiguation="voce=voce/elemento del diario delle lezioni/quarderno attività" html="false" placeholder="false">Back to item</item>
  <item name="BTNbackToItem.ToolTip" disambiguation="voce=voce/elemento del diario delle lezioni/quarderno attività" html="false" placeholder="false">Back to item</item>
  <item name="BTNupload.text" html="false" placeholder="false">Add file</item>
  <item name="BTNupload.status" html="false" placeholder="false">Add file</item>
  <item name="BTNupload.ToolTip" html="false" placeholder="false">Add file</item>
  <item name="BTNsaveStatus.text" html="false" placeholder="false">Save status</item>
  <item name="BTNsaveStatus.status" html="false" placeholder="false">Save items approvation status</item>
  <item name="BTNsaveStatus.ToolTip" html="false" placeholder="false">Save items approvation status</item>
  <item name="LBstatusItem_t.text" disambiguation="status: attivo/chiuso/in corso/valutazione" html="false" placeholder="false">Status:</item>
  <item name="RBLstatus.0" html="false" placeholder="false" />
  <item name="RBLstatus.3" html="false" placeholder="false">Waiting for check</item>
  <item name="RBLstatus.2" html="false" placeholder="false">Not approved</item>
  <item name="RBLstatus.1" html="false" placeholder="false">Approved</item>
  <item name="BTNprintItems.text" html="false" placeholder="false">Print</item>
  <item name="BTNprintItems.status" html="false" placeholder="false">Print workbook items</item>
  <item name="BTNprintItems.ToolTip" html="false" placeholder="false">Print workbook items</item>
  <item name="BTNclose.text" html="false" placeholder="false">Close (X)</item>
  <item name="BTNclose.status" html="false" placeholder="false">Close current window</item>
  <item name="BTNclose.ToolTip" html="false" placeholder="false">Close current window</item>
</Resource>