<?xml version="1.0" encoding="utf-8"?>
<Resource xmlns:xsi="http://www.w3.org/2001/XMLSchema-instance" xmlns:xsd="http://www.w3.org/2001/XMLSchema" xmlns="urn:ComolTranslation">
  <item name="LBtitoloServizio.text" html="false" placeholder="false">Community materials - SCORM package viewing</item>
  <item name="LBNopermessi.text" html="false" placeholder="false">You do not have permission to access this page.</item>
  <item name="LogoutMessage" html="false" placeholder="false">Sorry, your session has expired, you have to log into the system again.</item>
  <item name="LNBindietro.text" html="false" placeholder="false">Back to list</item>
  <item name="LNBindietro.status" html="false" placeholder="false">Back to list</item>
  <item name="LNBindietro.ToolTip" html="false" placeholder="false">Back to list</item>
  <item name="LNBdownload.text" html="false" placeholder="false">Download</item>
  <item name="LNBdownload.status" html="false" placeholder="false">Download complete package</item>
  <item name="LNBdownload.ToolTip" html="false" placeholder="false">Download complete package</item>
  <item name="LBtitoloElencoMateriale.text" html="false" placeholder="false">Materials list</item>
  <item name="TipoNodo.0" html="false" placeholder="false">Unrecognized item</item>
  <item name="TipoNodo.1" html="false" placeholder="false">Lessons</item>
  <item name="TipoNodo.2" html="false" placeholder="false">Element</item>
  <item name="TipoNodo.3" html="false" placeholder="false">Resources</item>
  <item name="TipoNodo.4" html="false" placeholder="false">Resources file</item>
  <item name="TipoNodo.5" html="false" placeholder="false">Informations</item>
  <item name="TipoNodo.6" html="false" placeholder="false">Invalid Scorm package</item>
  <item name="TipoNodo.7" html="false" placeholder="false">Scorm package</item>
</Resource>