<?xml version="1.0" encoding="utf-8"?>
<Resource xmlns:xsi="http://www.w3.org/2001/XMLSchema-instance" xmlns:xsd="http://www.w3.org/2001/XMLSchema" xmlns="urn:ComolTranslation">
  <item name="LBTitolo.text" description="Liste di distribuzione mail" html="false" placeholder="false">Distribution list</item>
  <item name="LBNopermessi.text" html="false" placeholder="false">Sorry, you do not have permission to access the service</item>
  <item name="LBfrom.text" disambiguation="Da: Mittente" html="false" placeholder="false">From: </item>
  <item name="LBa.text" disambiguation="A: Destinatario" html="false" placeholder="false">TO: </item>
  <item name="LBobj.text" html="false" placeholder="false">Subject:</item>
  <item name="LBerrore.text" disambiguation="non tradurre" html="false" placeholder="false" hidden="true" />
  <item name="LBattach.text" html="false" placeholder="false">Attachments: </item>
  <item name="LBLErroreAttach.text" disambiguation="non tradurre" html="false" placeholder="false" hidden="true" />
  <item name="LBbody.text" html="false" placeholder="false">Text: </item>
  <item name="LBL_DestMail.text" html="false" placeholder="false">It is possible to select one or more contact lists, to which send mail.</item>
  <item name="CBXcopiamittente.text" html="false" placeholder="false">Send a copy to the sender</item>
  <item name="CBXricezione.text" html="false" placeholder="false">Confirmation of receipt</item>
  <item name="LBAvviso.0" html="false" placeholder="false">Empty file.</item>
  <item name="LBAvviso.1" html="false" placeholder="false">File found.</item>
  <item name="LBAvviso.2" html="false" placeholder="false">Correctly uploaded.</item>
  <item name="LBAvviso.3" html="false" placeholder="false">Maximum number exceeded. </item>
  <item name="LBAvviso.4" html="false" placeholder="false">The requested file can not be found.</item>
  <item name="LBAvviso.5" html="false" placeholder="false">Generic error.</item>
  <item name="BTN.elimina" html="false" placeholder="false">Delete</item>
  <item name="BTN.X" html="false" placeholder="false" hidden="true">X</item>
  <item name="BTallega.text" html="false" placeholder="false">Attach</item>
  <item name="BTallega.ToolTip" html="false" placeholder="false">Adds an attachment</item>
  <item name="BTallega.status" html="false" placeholder="false">Adds an attachment</item>
  <item name="Btn_ModificaLista.text" description="Liste di distribuzione mail" html="false" placeholder="false">Lists management</item>
  <item name="Btn_ModificaLista.ToolTip" description="Liste di distribuzione mail" html="false" placeholder="false">List management</item>
  <item name="Btn_ModificaLista.status" description="Liste di distribuzione mail" html="false" placeholder="false">List management</item>
  <item name="Lbl_InvioOK_t.text" html="false" placeholder="false">Sending correctly performed</item>
  <item name="BTN_invioOk_Back.text" html="false" placeholder="false">Ok</item>
  <item name="BTN_invioOk_Back.ToolTip" html="false" placeholder="false">Write a new mail</item>
  <item name="BTN_invioOk_Back.status" html="false" placeholder="false">Write a new mail</item>
  <item name="Lbl_InvioErr_t.text" html="false" placeholder="false">Mail sending error. If  Se il problema persiste, contattare l'Help Desk.</item>
  <item name="BTN_invioErr_Back.text" html="false" placeholder="false">Back to compilation</item>
  <item name="BTN_invioErr_Back.ToolTip" html="false" placeholder="false">Back to message composition</item>
  <item name="BTN_invioErr_Back.status" html="false" placeholder="false">Back to message composition</item>
  <item name="REVvalid.ErrorMessage" html="false" placeholder="false">In order to upload the attachment, press ATTACH before sending the email.</item>
  <item name="RFV_Subject.ErrorMessage" disambiguation="non tradurre" html="false" placeholder="false" hidden="true">*</item>
  <item name="LblErrore_Dest.text" html="false" placeholder="false">No recipient selected. Choose a list or check that the selected ones were not empty.</item>
  <item name="Nominativi.NoSelezione" html="false" placeholder="false">No element selected.</item>
  <item name="Nominativi.Selezionati" html="false" placeholder="false">Mail will be sent to the following recipients:</item>
  <item name="BTN_DelAllAttach.text" html="false" placeholder="false">Delete </item>
  <item name="BTN_DelAllAttach.ToolTip" html="false" placeholder="false">Delete ALL attachments</item>
  <item name="BTN_DelAllAttach.status" html="false" placeholder="false">Delete ALL attachments</item>
  <item name="BTN_DelAllAttach.ConfirmText" html="false" placeholder="false">Are you sure you want to delete all the attachments?</item>
</Resource>