<?xml version="1.0" encoding="utf-8"?>
<Resource xmlns:xsi="http://www.w3.org/2001/XMLSchema-instance" xmlns:xsd="http://www.w3.org/2001/XMLSchema" xmlns="urn:ComolTranslation">
  <item name="CreateBy" html="false" placeholder="true" mustcontains="{0}|{1}">Created by {0} on {1}</item>
  <item name="ModifyBy" html="false" placeholder="true" mustcontains="{0}|{1}">Modified by {0} on {1}</item>
  <item name="DeletedBy" html="false" placeholder="true" mustcontains="{0}|{1}">Deleted by {0} on {1}</item>
  <item name="ApprovedBy" html="false" placeholder="true" mustcontains="{0}|{1}">Approved by {0} on {1}</item>
  <item name="LBmodificabile_t.text" html="false" placeholder="false">Editable:</item>
  <item name="Editabile.True" html="false" placeholder="false">Yes.</item>
  <item name="Editabile.False" html="false" placeholder="false">No.</item>
  <item name="CBXeditable.text" html="false" placeholder="false">Allowed</item>
  <item name="LBverificato_t.text" disambiguation="status: attivo/chiuso/in corso/valutazione" html="false" placeholder="false">Status:</item>
  <item name="RBLstatus.0" html="false" placeholder="false" />
  <item name="RBLstatus.3" html="false" placeholder="false">Waiting for check</item>
  <item name="RBLstatus.2" html="false" placeholder="false">Not approved</item>
  <item name="RBLstatus.1" html="false" placeholder="false">Approved</item>
  <item name="LBsceltaGiorno.text" html="false" placeholder="false">Day:</item>
  <item name="LBtitle.text" html="false" placeholder="false">Title:</item>
  <item name="LBtext.text" html="false" placeholder="false">Text:</item>
  <item name="LBnote.text" html="false" placeholder="false">Personal notes:</item>
  <item name="LNBdelete.text" html="true" placeholder="true" hidden="true" mustcontains="{0}|{1}">&lt;img src="{0}" ToolTip="{1}"&gt;</item>
  <item name="LNBdelete.status" html="false" placeholder="false">Definitive deletion</item>
  <item name="LNBdelete.ToolTip" html="false" placeholder="false">Definitive deletion</item>
  <item name="LNBdelete.ConfirmText" html="false" placeholder="false">Are you sure you want to permanently delete the selected item from workbook?</item>
  <item name="LNBvirtualDelete.text" html="true" placeholder="true" hidden="true" mustcontains="{0}|{1}">&lt;img src="{0}" ToolTip="{1}"&gt;</item>
  <item name="LNBvirtualDelete.status" html="false" placeholder="false">Delete item from diary</item>
  <item name="LNBvirtualDelete.ToolTip" html="false" placeholder="false">Delete item from diary</item>
  <item name="LNBvirtualDelete.ConfirmText" html="false" placeholder="false">Are you sure you want to delete the item?</item>
  <item name="LNBundelete.text" html="true" placeholder="true" hidden="true" mustcontains="{0}|{1}">&lt;img src="{0}" ToolTip="{1}"&gt;</item>
  <item name="LNBundelete.status" html="false" placeholder="false">Recover from trashbin</item>
  <item name="LNBundelete.ToolTip" html="false" placeholder="false">Recover from trashbin</item>
  <item name="IMGapprovation.0.ToolTip" html="false" placeholder="false" />
  <item name="IMGapprovation.0.AlternateText" html="false" placeholder="false" />
  <item name="IMGapprovation.1.ToolTip" html="false" placeholder="false">Approved</item>
  <item name="IMGapprovation.1.AlternateText" html="false" placeholder="false">Approved</item>
  <item name="IMGapprovation.2.ToolTip" html="false" placeholder="false">Not approved</item>
  <item name="IMGapprovation.2.AlternateText" html="false" placeholder="false">Not approved</item>
  <item name="IMGapprovation.3.ToolTip" disambiguation="relativo a quaderno" html="false" placeholder="false">Approval pending</item>
  <item name="IMGapprovation.3.AlternateText" disambiguation="relativo a quaderno" html="false" placeholder="false">Pending</item>
  <item name="GDVdiaryFiles.S.HeaderText" description="Non relativi a questo file" html="false" placeholder="false" hidden="true">S</item>
  <item name="GDVdiaryFiles.E.HeaderText" description="Non relativi a questo file" html="false" placeholder="false" hidden="true">E</item>
  <item name="GDVdiaryFiles.A.HeaderText" description="Non relativi a questo file" html="false" placeholder="false" hidden="true">A</item>
  <item name="GDVdiaryFiles.M.HeaderText" description="Non relativi a questo file" html="false" placeholder="false" hidden="true">M</item>
  <item name="GDVdiaryFiles.CreatedOn.HeaderText" description="Non relativi a questo file" html="false" placeholder="false" hidden="true">Aggiunto il</item>
  <item name="GDVdiaryFiles.CreatedBy.HeaderText" description="Non relativi a questo file" html="false" placeholder="false" hidden="true">Da</item>
  <item name="GDVdiaryFiles.DeletedOn.HeaderText" description="Non relativi a questo file" html="false" placeholder="false" hidden="true">Cancellato il</item>
  <item name="GDVdiaryFiles.DeletedBy.HeaderText" description="Non relativi a questo file" html="false" placeholder="false" hidden="true">Da</item>
  <item name="GDVdiaryFiles.C.HeaderText" description="Non relativi a questo file" html="false" placeholder="false" hidden="true">C</item>
</Resource>