<?xml version="1.0" encoding="utf-8"?>
<Resource xmlns:xsi="http://www.w3.org/2001/XMLSchema-instance" xmlns:xsd="http://www.w3.org/2001/XMLSchema" xmlns="urn:ComolTranslation">
  <item name="PageTitle" html="false" placeholder="false">File statistics</item>
  <item name="RBLshowBy.0" html="false" placeholder="false">By file</item>
  <item name="RBLshowBy.1" html="false" placeholder="false">By user</item>
  <item name="HYPbackToService.text" html="false" placeholder="false">To the service</item>
  <item name="HYPbackToService.ToolTip" html="false" placeholder="false">To previous service</item>
  <item name="HYPbackToService.status" html="false" placeholder="false">To previous service</item>
  <item name="LKBback.text" html="true" placeholder="false">&lt; Back</item>
  <item name="LKBback.ToolTip" html="false" placeholder="false">Back to previous step</item>
  <item name="LKBback.status" html="false" placeholder="false">Back to previous step</item>
  <item name="LKBnext.text" html="true" placeholder="false">Next &gt;</item>
  <item name="LKBnext.ToolTip" html="false" placeholder="false">Next step</item>
  <item name="LKBnext.status" html="false" placeholder="false">Next step</item>
  <item name="LBLexport_t.text" html="false" placeholder="false">Export as</item>
  <item name="LBL_ByFile_t.text" html="false" placeholder="false">View statistics of SCORM files belonging to this community.</item>
  <item name="LBL_ByUser_t.text" html="false" placeholder="false">View statistics of one or more community users, who has used SCORM files.</item>
  <item name="LKBexportPDF.text" html="false" placeholder="false" hidden="true" mustcontains="PDF">PDF</item>
  <item name="LKBexportPDF.ToolTip" html="false" placeholder="false" mustcontains="PDF">Export current statistics in an PDF file</item>
  <item name="LKBexportPDF.ConfirmText" html="false" placeholder="false">Attention: the operation could require some time. Continue?</item>
  <item name="LKBexportPDF.status" html="false" placeholder="false" mustcontains="PDF">Export current statistics in an PDF file</item>
  <item name="LKBexportRTF.text" html="false" placeholder="false" hidden="true" mustcontains="RTF">RTF</item>
  <item name="LKBexportRTF.ToolTip" html="false" placeholder="false" mustcontains="RTF">Export current statisticsEsporta le statistiche corre in un file RTF.</item>
  <item name="LKBexportRTF.ConfirmText" html="false" placeholder="false">Attention: the operation could require some time. Continue?</item>
  <item name="LKBexportRTF.status" html="false" placeholder="false" mustcontains="RTF">Export current statistics in an RTF file.</item>
  <item name="LKBexportXML.text" html="false" placeholder="false" hidden="true" mustcontains="XML">XML</item>
  <item name="LKBexportXML.ToolTip" html="false" placeholder="false" mustcontains="XML|Excel">Export current statistics in an XML file. (Excel).</item>
  <item name="LKBexportXML.ConfirmText" html="false" placeholder="false">Attention: the operation could require some time. Continue?</item>
  <item name="LKBexportXML.status" html="false" placeholder="false" mustcontains="XML|Excel">Export current statistics in an XML file. (Excel).</item>
  <item name="Step.NoPermission" html="false" placeholder="false">You do not have permission to...</item>
  <item name="Step.Start" html="false" placeholder="false">Start Step...</item>
  <item name="Step.SelectUsers" html="false" placeholder="false">Select user...</item>
  <item name="Step.SelectFiles" html="false" placeholder="false">Select file...</item>
  <item name="Step.StatsUsers" html="false" placeholder="false">Statistics by user</item>
  <item name="Step.StatsFiles" html="false" placeholder="false">Statistics by file</item>
  <item name="Step.DetailFile" html="false" placeholder="false">File details</item>
  <item name="Step.DetailScorm" html="false" placeholder="false">Scorm details</item>
</Resource>