<?xml version="1.0" encoding="utf-8"?>
<Resource xmlns:xsi="http://www.w3.org/2001/XMLSchema-instance" xmlns:xsd="http://www.w3.org/2001/XMLSchema" xmlns="urn:ComolTranslation">
  <item name="LBTitolo.text" html="false" placeholder="false">Mail service</item>
  <item name="LBNopermessi.text" html="false" placeholder="false">You do not have permission to access this service</item>
  <item name="LBcomunita_t.text" disambiguation="singolare" html="false" placeholder="false">Community :</item>
  <item name="LBfrom.text" disambiguation="Da: Mittente" html="false" placeholder="false">From:</item>
  <item name="LBa.text" disambiguation="A: Destinatario" html="false" placeholder="false">TO :</item>
  <item name="LBcc.text" disambiguation="CC: Copia carbone" html="false" placeholder="false">Cc :</item>
  <item name="LBccn.text" disambiguation="CCn: Copia carbone nascosta" html="false" placeholder="false">Bcc :</item>
  <item name="BTNrubrica.text" html="false" placeholder="false">Contacts :</item>
  <item name="LBobj.text" html="false" placeholder="false">Subject :</item>
  <item name="LBattach.text" html="false" placeholder="false">Attachments :</item>
  <item name="BTNattach.text" html="false" placeholder="false">Add</item>
  <item name="BTNinvia.value" html="false" placeholder="false">Send</item>
  <item name="LBinviata.text" html="false" placeholder="false">E-mail successfully sent</item>
  <item name="BTNok.text" html="false" placeholder="false">Ok</item>
  <item name="InfoErrore1.text" html="false" placeholder="true" mustcontains="#%%#|6000 Kbyte">Attachments are too big: #%%#  Kbyte.Max 6000 Kbyte</item>
  <item name="InfoErrore2.text" html="false" placeholder="true" mustcontains="#%%#">Mail NOT send to the following mail adresses: #%%# .They don't seem to exist in this domain.</item>
  <item name="BTNokerrore.text" html="false" placeholder="false">Ok</item>
  <item name="BTNcloseRubrica.text" disambiguation="verbo" html="false" placeholder="false">Confirm</item>
  <item name="BTNcloseRubrica.ToolTip" html="false" placeholder="false">Confirm and back to mail</item>
  <item name="BTNcloseRubrica.status" html="false" placeholder="false">Confirm and back to mail</item>
  <item name="CBXcopiamittente.text" html="false" placeholder="false">Send a copy to the sender</item>
  <item name="CBXricezione.text" html="false" placeholder="false">Confirm reception</item>
  <item name="LBAvviso.text" html="false" placeholder="false" mustcontains="6000 Kbyte">Warning: attachments must not exceed 6000 kbyte</item>
  <item name="BTconferma.text" disambiguation="verbo" html="false" placeholder="false">Confirm</item>
  <item name="LBtransfer.text" html="false" placeholder="false">Data transfer in progress</item>
  <item name="LBdomanda.text" html="false" placeholder="false">Attach another file?</item>
  <item name="BTNsi" html="false" placeholder="false">Yes</item>
  <item name="BTNno" html="false" placeholder="false">No</item>
  <item name="LBAvviso.0" html="false" placeholder="false">zerobyte</item>
  <item name="LBAvviso.1" html="false" placeholder="false">A file with the same name is already in the system.</item>
  <item name="LBAvviso.2" html="false" placeholder="false">Insertion correctly performed</item>
  <item name="LBAvviso.3" html="false" placeholder="false" mustcontains="6 Mb">Attachments too big. A maximum of 6 Mb is allowed.</item>
  <item name="LogoutMessage" html="false" placeholder="false">Sorry, your session has expired, you have to log into the system again.</item>
  <item name="BTN.elimina" html="false" placeholder="false">Delete file</item>
  <item name="BTN.X" html="false" placeholder="false">Delete</item>
  <item name="Error.NoDest" html="false" placeholder="false">No recipient selected.</item>
  <item name="IMBrubrica.AlternateText" html="false" placeholder="false">Contacts</item>
  <item name="IMBrubrica.status" html="false" placeholder="false">Contacts</item>
  <item name="IMBrubricaCCN.AlternateText" description="CCn: Copia carbone nascosta" html="false" placeholder="false">Contacts Bcc</item>
  <item name="IMBrubricaCCN.status" html="false" placeholder="false">Blind carbon copy Contacts</item>
  <item name="RFVBody.ErrorMessage" html="false" placeholder="false">You must enter a messagge body </item>
  <item name="LBLInfoComJava.text" html="false" placeholder="false">It is necessary to select a community in order to send an email.</item>
  <item name="LBInfoCom.text" html="false" placeholder="false" hidden="true">&lt;img src='./../images/forum/waiting.gif'&gt;</item>
  <item name="LBLInfoJava.text" html="true" placeholder="false">Attention! Only the first address will be used for the field A: (recipients). &lt;br&gt; Other recipients will be inserted in the Bcc (Blind carbon copy) field while sending.</item>
  <item name="LBLInfoA.text" html="false" placeholder="false" hidden="true">&lt;img src='./../images/forum/waiting.gif'&gt;</item>
  <item name="REVvalid.ErrorMessage" html="false" placeholder="false">In order to upload the attachment, press ATTACH before sending the email.</item>
  <item name="BTN_DelAllAttach.text" html="false" placeholder="false">Delete </item>
  <item name="BTN_DelAllAttach.ToolTip" html="false" placeholder="false">Delete ALL attachments</item>
  <item name="BTN_DelAllAttach.status" html="false" placeholder="false">Delete ALL attachments</item>
  <item name="BTN_DelAllAttach.ConfirmText" html="false" placeholder="false">Are you sure you want to delete all the attachments?</item>
</Resource>