﻿<?xml version="1.0" encoding="utf-8"?>
<Resource xmlns:xsi="http://www.w3.org/2001/XMLSchema-instance">
  <item name="LogoutMessage">We are sorry, the session is expired. Retry to login in the system</item>
  <item name="LBtitolo.text">Community News:#nomeComunità#</item>
  <item name="LBNopermessi.text">You don't have th</item>
  <item name="LNBback.text">Back to the list</item>
  <item name="LNBback.status">Back to the list</item>
  <item name="LNBback.ToolTip">Back to the list</item>
  <item name="LNBentra.text">Entra</item>
  <item name="LNBentra.status">Entra</item>
  <item name="LNBentra.ToolTip">Entra</item>
  <item name="LNBentra">Entra</item>
  <item name="LBnomeComunita_t.text">Name:</item>
  <item name="LBresponsabile_t.text">Responsible:</item>
  <item name="LBiscrittoIl_t.text">Enrolled on:</item>
  <item name="LBultimoAccesso_t.text">Last access:</item>
  <item name="LBattivazione_t.text">Activated:</item>
  <item name="LBbacheca_t.text">Noticeboard:</item>
  <item name="LNBvaiAbacheca.text">Show...</item>
  <item name="LNBvaiAbacheca.ToolTip">Go to the noticeboard</item>
  <item name="LNBvaiAbacheca.status">Go to the noticeboard</item>
  <item name="LBeventi_t.text">Events:</item>
  <item name="LNBvaiAeventi.text">Show...</item>
  <item name="LNBvaiAeventi.ToolTip">Go to the updated events</item>
  <item name="LNBvaiAeventi.status">Go to the updated events</item>
  <item name="LBiscritti_t.text">Users:</item>
  <item name="LNBvaiAiscritti.text">Go..</item>
  <item name="LNBvaiAiscritti.ToolTip">Go to the new users list.</item>
  <item name="LNBvaiAiscritti.status">Go to the new users list.</item>
  <item name="LBfile_t.text">File: </item>
  <item name="LNBvaiAfile.text">Go..</item>
  <item name="LNBvaiAfile.ToolTip">Go to the file list</item>
  <item name="LNBvaiAfile.status">Go to the file list</item>
  <item name="LBraccoltaLink_t.text">Link List:</item>
  <item name="LNBvaiAraccoltaLink.text">Go..</item>
  <item name="LNBvaiAraccoltaLink.ToolTip">Go the link list.</item>
  <item name="LNBvaiAraccoltaLink.status">Go the link list.</item>
  <item name="LBforum_t.text">Forum:</item>
  <item name="LBthread_t.text">Thread:</item>
  <item name="LBpost_t">Post:</item>
  <item name="BTNentra">Enter</item>
  <item name="LBnoNews.text">No news from the last access</item>
  <item name="TABindietro">Back</item>
  <item name="TABindietro2">News list</item>
  <item name="comunita">Community:</item>
  <item name="creata">-  created by:</item>
  <item name="ultimoAccesso">Last Access &amp;nbsp;</item>
  <item name="bacheca">Noticeboard:</item>
  <item name="iscritti">Users:</item>
  <item name="ultimaModifica">Last modified on</item>
  <item name="unSoloIscritto">Only one new user</item>
  <item name="nuoviIscritti">new users</item>
  <item name="ultimoIscritto">(last user subscribed:</item>
  <item name="file">File: </item>
  <item name="unSoloFile">Only one new file</item>
  <item name="nuoviFile">new files</item>
  <item name="ultimoInserimento">(last insertion:</item>
  <item name="forum">Forum:</item>
  <item name="unSoloForum">Only one new forum</item>
  <item name="nuoviForum">new Forums</item>
  <item name="thread">Thread:</item>
  <item name="unSoloThread">Only one new Thread</item>
  <item name="nuoviThread">new Thread</item>
  <item name="post">Post:</item>
  <item name="unSoloPost">Only one new Post</item>
  <item name="nuoviPost">New posts</item>
  <item name="eventi">Events:</item>
  <item name="unSoloEvento">Only one new event</item>
  <item name="nuoviEventi">new events</item>
  <item name="raccoltaLink">Link List:</item>
  <item name="unSoloLink">Only one new link</item>
  <item name="nuoviLink">new links</item>
  <item name="appenaInserito">Just inserted.</item>
  <item name="appenaInseriti">Just inserted.</item>
  <item name="novita">News:</item>
  <item name="accessoConsentito">Community access enabled.</item>
  <item name="accessoBloccato">Community access blocked by the administrator.</item>
  <item name="accessoConsentitoBloccata">Community access not permitted.</item>
  <item name="accessoInAttesa">Community access waiting for a confirmation by the administrator.</item>
  <item name="noSpecificato">Not specified (created by:</item>
  <item name="appenaSpecificata">Just specified.</item>
  <item name="ultimoInserimento2">Last insertion</item>
  <item name="ruolo">Role</item>
  <item name="categoria">Category</item>
  <item name="no">No.</item>
  <item name="si">Yes.</item>
  <item name="vai">Go..</item>
  <item name="vaiThread">Go the the selected forum thread</item>
  <item name="vaiPost">Go to the selected thread post</item>
  <item name="nomeForum">Forum name</item>
  <item name="moderato">Moderated</item>
  <item name="creatoIl">Created on</item>
  <item name="threads">Threads</item>
  <item name="autore">Author</item>
  <item name="nuoviPost">Nuovi Post</item>
  <item name="ultimoPost">Last post</item>
  <item name="quantitaNuovi">New quantity</item>
  <item name="UltimoIns">Last insertion</item>
  <item name="ultimoIscritto2">Last user subscribed</item>
  <item name="LNBback.text">Torna all'elenco</item>
  <item name="LNBback.status">Torna all'elenco</item>
  <item name="LNBback.ToolTip">Torna all'elenco</item>
  <item name="LNBentra.text">Entra</item>
  <item name="LNBentra.status">Entra</item>
  <item name="LNBentra.ToolTip">Entra</item>
  <item name="LNBentra">Entra</item>
  <item name="LBstatoComunita_t.text">Status:</item>
  <item name="DDLstatoComunita.-1">All</item>
  <item name="DDLstatoComunita.0">Active</item>
  <item name="DDLstatoComunita.1">Achieved</item>
  <item name="DDLstatoComunita.2">Blocked</item>
  <item name="stato.True">The enrollment MUST be validated.</item>
  <item name="stato.False">Access allowed to everybody</item>
  <item name="stato.image.True">lucchetto_closed.gif</item>
  <item name="stato.image.False">lucchetto_open.gif</item>
</Resource>