<?xml version="1.0" encoding="utf-8"?>
<Resource xmlns:xsi="http://www.w3.org/2001/XMLSchema-instance" xmlns:xsd="http://www.w3.org/2001/XMLSchema" xmlns="urn:ComolTranslation">
  <item name="LBtitolo.text" html="false" placeholder="false">News</item>
  <item name="DTVnews.data.HeaderText" html="false" placeholder="false">Validity:</item>
  <item name="DTVnews.Autore.HeaderText" html="false" placeholder="false">Author:</item>
  <item name="DTVnews.TestoBreve.HeaderText" html="false" placeholder="false">Title:</item>
  <item name="DTVnews.Descrizione.HeaderText" html="false" placeholder="false">Text:</item>
  <item name="DTVnews.comunita.HeaderText" disambiguation="singolare" html="false" placeholder="false">Community:</item>
  <item name="LNBclose.text" html="false" placeholder="false">Close (X)</item>
  <item name="LNBclose.status" html="false" placeholder="false">Close (X)</item>
  <item name="errore.0" html="false" placeholder="false">No news found.</item>
  <item name="errore.1" html="false" placeholder="false">The details related to the selected news are not currently available.</item>
  <item name="errore.2" html="false" placeholder="false">You do not have permission to access this page or session has expired</item>
  <item name="validita.0" html="false" placeholder="true" mustcontains="{0}">From {0}</item>
  <item name="validita.1" html="false" placeholder="true" mustcontains="{0}">Till the {0}</item>
  <item name="validita.2" html="false" placeholder="true" mustcontains="{0}|{1}">From {0} to {1}</item>
  <item name="FirstPageText" html="false" placeholder="false">First&amp;nbsp;</item>
  <item name="LastPageText" html="false" placeholder="false">Last</item>
  <item name="NextPageText" description="Succ. = successiva" html="false" placeholder="false">Next&amp;nbsp;</item>
  <item name="PreviousPageText" description="Prec. = precedente" html="false" placeholder="false">Prev&amp;nbsp;</item>
</Resource>