<?xml version="1.0" encoding="utf-8"?>
<Resource xmlns:xsi="http://www.w3.org/2001/XMLSchema-instance" xmlns:xsd="http://www.w3.org/2001/XMLSchema" xmlns="urn:ComolTranslation">
  <item name="LBselezionaComunita.text" html="false" placeholder="false">Community enrollees:</item>
  <item name="RBLcomunita.0" html="false" placeholder="false">current</item>
  <item name="RBLcomunita.-1" html="false" placeholder="false">Current and related sub-community</item>
  <item name="LBselezionaDest.text" html="false" placeholder="false">Recipients :</item>
  <item name="RBLabilitazione.1" html="false" placeholder="false">ONLY the enabled ones</item>
  <item name="RBLabilitazione.5" html="false" placeholder="false">ONLY the blocked ones</item>
  <item name="RBLabilitazione.4" html="false" placeholder="false">To be confirmed</item>
  <item name="RBLabilitazione.0" html="false" placeholder="false">All</item>
  <item name="CBXtutti.text" html="false" placeholder="false">All</item>
  <item name="LBseleziona.text" html="false" placeholder="false">&amp;nbsp;Select:&amp;nbsp;&amp;nbsp;</item>
  <item name="DDLfiltro.0" html="false" placeholder="false">All</item>
  <item name="DDLfiltro.-1" html="false" placeholder="false">None </item>
  <item name="LBfiltraTipo.text" html="true" placeholder="false">&amp;nbsp;Filter by type:</item>
  <item name="BTNfind.text" html="false" placeholder="false">Search</item>
  <item name="LBselezionaFacolta.text" html="false" placeholder="false">Faculty/Organization enrollees :</item>
  <item name="IMBsingoli.url.1" disambiguation="non tradurre" html="false" placeholder="false" hidden="true">./../../images/TabRubrica/TabSingoli_0_1.gif</item>
  <item name="IMBsingoli.url.2" disambiguation="non tradurre" html="false" placeholder="false" hidden="true">./../../images/TabRubrica/TabSingoli_1_1.gif</item>
  <item name="IMBsingoli.url.3" disambiguation="non tradurre" html="false" placeholder="false" hidden="true">./../../images/TabRubrica/TabSingoli_disable_1.gif</item>
  <item name="IMBgruppi.url.1" disambiguation="non tradurre" html="false" placeholder="false" hidden="true">./../../images/TabRubrica/TabGruppo_0_1.gif</item>
  <item name="IMBgruppi.url.2" disambiguation="non tradurre" html="false" placeholder="false" hidden="true">./../../images/TabRubrica/TabGruppo_1_1.gif</item>
  <item name="IMBgruppi.url.3" disambiguation="non tradurre" html="false" placeholder="false" hidden="true">./../../images/TabRubrica/TabGruppo_disable_1.gif</item>
  <item name="LBselezionaFacolta.text" html="false" placeholder="false">Iscritti alla Facoltà/Organizzazione:</item>
  <item name="tutti" html="false" placeholder="false">All</item>
</Resource>