<?xml version="1.0" encoding="utf-8"?>
<Resource xmlns:xsi="http://www.w3.org/2001/XMLSchema-instance" xmlns:xsd="http://www.w3.org/2001/XMLSchema" xmlns="urn:ComolTranslation">
  <item name="LBTitolo.text" html="false" placeholder="false">Consultation hours</item>
  <item name="LBorganizzazione_t.text" html="false" placeholder="false">Organization:</item>
  <item name="LBtipoPersona_t.text" html="false" placeholder="false">Person type:</item>
  <item name="LBtipoRicerca_t.text" html="false" placeholder="false">Search by:</item>
  <item name="DDLtipoRicerca.-1" html="false" placeholder="false">All</item>
  <item name="DDLtipoRicerca.1" html="false" placeholder="false">Name</item>
  <item name="DDLtipoRicerca.2" html="false" placeholder="false">Surname</item>
  <item name="LBvalore_t.text" html="false" placeholder="false">Value:</item>
  <item name="BTNcerca.text" html="false" placeholder="false">Search</item>
  <item name="LKBaltro.status" html="false" placeholder="false">Other characters</item>
  <item name="LKBaltro.text" disambiguation="Relativo a caratteri" html="false" placeholder="false">Other</item>
  <item name="LKBaltro.ToolTip" html="false" placeholder="false">Other characters</item>
  <item name="LKBtutti.status" disambiguation="Relativo a caratteri" html="false" placeholder="false">All</item>
  <item name="LKBtutti.text" disambiguation="Relativo a caratteri" html="false" placeholder="false">All</item>
  <item name="LKBtutti.ToolTip" disambiguation="Relativo a caratteri" html="false" placeholder="false">All</item>
  <item name="Lettera.status" disambiguation="lettera=carattere" html="false" placeholder="true" mustcontains="#%%#">Letter #%%#</item>
  <item name="Lettera.ToolTip" disambiguation="lettera=carattere" html="false" placeholder="true" mustcontains="#%%#">Letter #%%#</item>
  <item name="DGpersona.page" html="false" placeholder="true" mustcontains="#%%#">Page &lt;#%%#&gt;</item>
  <item name="DGpersona.ordinamento.0.status" html="false" placeholder="true" mustcontains="#%%#">Ascending order by &lt;#%%#&gt;</item>
  <item name="DGpersona.ordinamento.1.status" html="false" placeholder="true" mustcontains="#%%#">Descending order by &lt;#%%#&gt;</item>
  <item name="DGpersona.ordinamento.2.status" html="false" placeholder="true" mustcontains="#%%#">Order by &lt;#%%#&gt;</item>
  <item name="DGpersona.PRSN_Cognome.HeaderText" html="false" placeholder="false">Surname</item>
  <item name="DGpersona.PRSN_Nome.HeaderText" html="false" placeholder="false">Name</item>
  <item name="DGpersona.PRSN_mail.HeaderText" html="false" placeholder="false">E-mail</item>
  <item name="DGpersona.oRicevimento.HeaderText" html="false" placeholder="false">Consultation hours</item>
  <item name="DDLorganizzazione.-1" disambiguation="relativo ad organizzazione" html="false" placeholder="false">-- None --</item>
  <item name="Nonspecificato" html="false" placeholder="false">Not specified</item>
  <item name="LBnoRecord.text" html="false" placeholder="false">No user </item>
  <item name="LogoutMessage" html="false" placeholder="false">Sorry, your session has expired, you have to log into the system again.</item>
  <item name="LBnumeroRecord.text" html="false" placeholder="false">N° record:</item>
  <item name="LNBapriFiltro.text" html="true" placeholder="false">&lt;img src='./../images/filtro_open.gif' alt='' align=middle&gt;View filter</item>
  <item name="LNBapriFiltro.status" html="false" placeholder="false">View community filter</item>
  <item name="LNBapriFiltro.Tooltip" html="false" placeholder="false">View community filter</item>
  <item name="LNBchiudiFiltro.text" html="true" placeholder="false">&lt;img src='./../images/filtro_close.gif' alt='' align=middle&gt;Hide filters</item>
  <item name="LNBchiudiFiltro.status" html="false" placeholder="false">Hide filters</item>
  <item name="LNBchiudiFiltro.Tooltip" html="false" placeholder="false">Hide filters</item>
</Resource>