<?xml version="1.0" encoding="utf-8"?>
<Resource xmlns:xsi="http://www.w3.org/2001/XMLSchema-instance" xmlns:xsd="http://www.w3.org/2001/XMLSchema" xmlns="urn:ComolTranslation">
  <item name="LBtitolo.text" html="false" placeholder="false">Portfolio - Workbooks list</item>
  <item name="LBNopermessi.text" html="false" placeholder="false">You do not have permission to access this service</item>
  <item name="Autori" html="false" placeholder="false">Authors</item>
  <item name="LNBdelete.text" html="false" placeholder="false" hidden="true">&lt;img src="{0}" ToolTip="{1}"&gt;</item>
  <item name="LNBdelete.status" html="false" placeholder="false">Definitive deletion</item>
  <item name="LNBdelete.ToolTip" html="false" placeholder="false">Definitive deletion</item>
  <item name="LNBdelete.ConfirmText" html="false" placeholder="false">Are you sure you want to permanently delete the workbook from the system?</item>
  <item name="LNBelimina.text" html="false" placeholder="false" hidden="true">&lt;img src="{0}" ToolTip="{1}"&gt;</item>
  <item name="LNBelimina.status" html="false" placeholder="false">Delete element.</item>
  <item name="LNBelimina.ToolTip" html="false" placeholder="false">Delete element.</item>
  <item name="LNBelimina.ConfirmText" html="false" placeholder="false">Are you sure you want to delete the selected workbook?</item>
  <item name="LNBundelete.text" html="false" placeholder="false" hidden="true">&lt;img src="{0}" ToolTip="{1}"&gt;</item>
  <item name="LNBundelete.status" html="false" placeholder="false">Recover from trashbin</item>
  <item name="LNBundelete.ToolTip" html="false" placeholder="false">Recover from trashbin</item>
  <item name="LNBsave.text" html="false" placeholder="false" hidden="true">&lt;img src="{0}" ToolTip="{1}"&gt;</item>
  <item name="LNBsave.status" html="false" placeholder="false">Save changes</item>
  <item name="LNBsave.ToolTip" html="false" placeholder="false">Save changes</item>
  <item name="LNBmodifica.text" html="false" placeholder="false" hidden="true">&lt;img src="{0}" ToolTip="{1}"&gt;</item>
  <item name="LNBmodifica.status" html="false" placeholder="false">Modify workbook data</item>
  <item name="LNBmodifica.ToolTip" html="false" placeholder="false">Modify workbook data</item>
  <item name="GDVactivityBook.E.HeaderText" disambiguation="E=elimina (un solo carattere)" html="false" placeholder="false">D"</item>
  <item name="GDVactivityBook.Owner.HeaderText" html="false" placeholder="false">Owner</item>
  <item name="GDVactivityBook.Data.HeaderText" html="false" placeholder="false">Created on</item>
  <item name="GDVactivityBook.ChangedOn.HeaderText" html="false" placeholder="false">Modified on</item>
  <item name="GDVactivityBook.ChangedBy.HeaderText" html="false" placeholder="false">Modified by</item>
  <item name="GDVactivityBook.ModificatoDa.HeaderText" html="false" placeholder="false">Author</item>
  <item name="GDVactivityBook.Status.HeaderText" disambiguation="status: attivo/chiuso/in corso/valutazione" html="false" placeholder="false">Status</item>
  <item name="GDVactivityBook.Editing.HeaderText" html="false" placeholder="false">Editing</item>
  <item name="GDVactivityBook.Community.HeaderText" disambiguation="singolare" html="false" placeholder="false">Community</item>
  <item name="GDVactivityBook.M.HeaderText" disambiguation="M=modifica (un solo carattere)" html="false" placeholder="false">M</item>
  <item name="status.4" html="false" placeholder="false">// not defined //</item>
  <item name="status.3" html="false" placeholder="false">Waiting for check</item>
  <item name="status.2" html="false" placeholder="false">Not approved</item>
  <item name="status.1" html="false" placeholder="false">Approved</item>
  <item name="status.0" html="false" placeholder="false">Ignore</item>
  <item name="viewType.0" html="false" placeholder="false">Personal</item>
  <item name="viewType.1" html="false" placeholder="false">In my communities</item>
  <item name="viewType.5" html="false" placeholder="false">In current community</item>
  <item name="viewType.2" html="false" placeholder="false">In the other communities</item>
  <item name="viewType.3" html="false" placeholder="false">Followed</item>
  <item name="viewType.4" html="false" placeholder="false">Followed in other communities</item>
  <item name="LBtitolo.viewType.0" html="false" placeholder="false">Personal activities workbooks list </item>
  <item name="LBtitolo.viewType.1" html="false" placeholder="false">Current communty workbooks list</item>
  <item name="LBtitolo.viewType.5" html="false" placeholder="false">Current communty workbooks list</item>
  <item name="LBtitolo.viewType.2" html="false" placeholder="false">Other communty workbooks list</item>
  <item name="LBtitolo.viewType.3" html="false" placeholder="false">Current communty workbooks list</item>
  <item name="LBtitolo.viewType.4" html="false" placeholder="false">Other communities workbooks list</item>
  <item name="BTNcreateDiary.text" html="false" placeholder="false">Create workbook</item>
  <item name="BTNcreateDiary.status" html="false" placeholder="false">Create a new workbook</item>
  <item name="BTNcreateDiary.ToolTip" html="false" placeholder="false">Create a new workbook</item>
  <item name="Direction.1" html="false" placeholder="false">Ascending order</item>
  <item name="Direction.2" html="false" placeholder="false">Descending order</item>
</Resource>