<?xml version="1.0" encoding="utf-8"?>
<Resource xmlns:xsi="http://www.w3.org/2001/XMLSchema-instance" xmlns:xsd="http://www.w3.org/2001/XMLSchema" xmlns="urn:ComolTranslation">
  <item name="LBtitoloServizio.text" html="false" placeholder="false">Portfolio - Workbook creation</item>
  <item name="LBNopermessi.text" html="false" placeholder="false">You do not have permission to access this service</item>
  <item name="step.0" html="false" placeholder="false">Choose workbook type</item>
  <item name="step.1" html="false" placeholder="false">Workbook data</item>
  <item name="step.2" html="false" placeholder="false">Workbooks authors</item>
  <item name="step.3" html="false" placeholder="false">Workbook owner</item>
  <item name="LBpersonal.text" html="false" placeholder="false">Personal workbook:</item>
  <item name="LBpersonalDescription.text" html="false" placeholder="false">The simpliest type of workbook. It can be created by any unregistered user and it is only visible to the owner.</item>
  <item name="LBpersonalShared.text" html="false" placeholder="false">Personal shared workbook:</item>
  <item name="LBpersonalSharedDescription.text" html="false" placeholder="false">Allows to create a workbook in which people from different communities can collaborate.</item>
  <item name="LBpersonalCommunity.text" html="false" placeholder="false">Personal community workbook:</item>
  <item name="LBpersonalCommunityDescription.text" html="false" placeholder="false">Allows to define a personal workbook in a specific community. Administrators will not be able to see the related content.</item>
  <item name="LBcommunity.text" html="false" placeholder="false">Single user community workbook.</item>
  <item name="LBcommunityDescription.text" html="false" placeholder="false">This type of workbook is visible to the owner and the community administrator. The administrator can add items and validate the ones added by the owner. Other community users can not access these workbook and all of itsd contents.</item>
  <item name="LBcommunityShared.text" html="false" placeholder="false">Shared community workbook:</item>
  <item name="LBcommunitySharedDescription.text" html="false" placeholder="false">Le funzionalità sono del tutto analoghe a quelle del quaderno individuale, in questo caso però ci sono più autori con possibilita di scrivere nel quaderno e uno di essi ne è il proprietario.</item>
  <item name="LNBcommunity.text" html="false" placeholder="false">Choose</item>
  <item name="LNBcommunity.status" html="false" placeholder="false">Choose to create a community individual workbook</item>
  <item name="LNBcommunity.ToolTip" html="false" placeholder="false">Choose to create a community individual workbook</item>
  <item name="LNBcommunityShared.text" html="false" placeholder="false">Choose</item>
  <item name="LNBcommunityShared.status" html="false" placeholder="false">Choose to create a shared community workbook</item>
  <item name="LNBcommunityShared.ToolTip" html="false" placeholder="false">Choose to create a shared community workbook</item>
  <item name="LNBpersonal.text" html="false" placeholder="false">Choose</item>
  <item name="LNBpersonal.status" html="false" placeholder="false">Choose to create a personal workbook</item>
  <item name="LNBpersonal.ToolTip" html="false" placeholder="false">Choose to create a personal workbook</item>
  <item name="LNBpersonalCommunity.text" html="false" placeholder="false">Choose</item>
  <item name="LNBpersonalCommunity.status" html="false" placeholder="false">Choose to create a personal workbook associated to a community</item>
  <item name="LNBpersonalCommunity.ToolTip" html="false" placeholder="false">Choose to create a personal workbook associated to a community</item>
  <item name="LNBpersonalShared.text" html="false" placeholder="false">Choose</item>
  <item name="LNBpersonalShared.status" html="false" placeholder="false">Choose to create a shared personal workbook</item>
  <item name="LNBpersonalShared.ToolTip" html="false" placeholder="false">Choose to create a shared personal workbook</item>
  <item name="LNBcommunityOther.text" html="false" placeholder="false">Choose</item>
  <item name="LNBcommunityOther.status" html="false" placeholder="false">Choose to create a workbook for another community user</item>
  <item name="LNBcommunityOther.ToolTip" html="false" placeholder="false">Choose to create a workbook for another community user</item>
  <item name="LBcommunityOther.text" html="false" placeholder="false">Community workbook for another user:</item>
  <item name="LBcommunityOtherDescription.text" html="false" placeholder="false">Allows to create a workbook for a community user. This workbook will be visible only to the owner and administrators.</item>
  <item name="LBediting.text" html="false" placeholder="false">Add items:</item>
  <item name="CBXediting.text" html="false" placeholder="false">active.</item>
  <item name="editing.True" html="false" placeholder="false">active.</item>
  <item name="editing.False" html="false" placeholder="false">not active.</item>
  <item name="LBprogramma_t.text" html="false" placeholder="false">Description:</item>
  <item name="LBnote_t.text" html="false" placeholder="false">Personal notes:</item>
  <item name="LBstatusItem_t.text" disambiguation="status: attivo/chiuso/in corso/valutazione" html="false" placeholder="false">Status:</item>
  <item name="RBLstatus.0" html="false" placeholder="false">// not defined //</item>
  <item name="RBLstatus.3" html="false" placeholder="false">Waiting for check</item>
  <item name="RBLstatus.2" html="false" placeholder="false">Not approved</item>
  <item name="RBLstatus.1" html="false" placeholder="false">Approved</item>
  <item name="CBXselfAuthor.text" html="false" placeholder="false">Add creator to the authors</item>
  <item name="viewError.0" html="false" placeholder="false" />
  <item name="viewError.1" html="false" placeholder="false">No author selected. In order to create a workbook you must select at least one.</item>
  <item name="viewError.2" html="false" placeholder="false">Sorry, no owner selected. It is necessary to specify at least an author as direct manager of the workbook.</item>
  <item name="viewError.3" html="false" placeholder="false">Sorry, errors occurred while creating the workbook</item>
  <item name="StartNextButton.text" html="false" placeholder="false">Next</item>
  <item name="StartNextButton.ToolTip" html="false" placeholder="false">Go to next step.</item>
  <item name="StepNextButton.text" html="false" placeholder="false">Next</item>
  <item name="StepNextButton.ToolTip" html="false" placeholder="false">Go to next step.</item>
  <item name="StepPreviousButton.text" html="false" placeholder="false">Back</item>
  <item name="StepPreviousButton.ToolTip" html="false" placeholder="false">Back to previous step.</item>
  <item name="FinishPreviousButton.text" html="false" placeholder="false">Back</item>
  <item name="FinishPreviousButton.ToolTip" html="false" placeholder="false">Back to previous step.</item>
  <item name="FinishButton.text" html="false" placeholder="false">Create</item>
  <item name="FinishButton.ToolTip" html="false" placeholder="false">Create workbook.</item>
  <item name="BTNgoToWorkBookList.text" html="false" placeholder="false">Back to list</item>
  <item name="BTNgoToWorkBookList.ToolTip" html="false" placeholder="false">Back to professors list.</item>
  <item name="BTNreturnToList.text" html="false" placeholder="false">Back to list</item>
  <item name="BTNreturnToList.ToolTip" html="false" placeholder="false">Back to professors list.</item>
  <item name="LBworkbookType.text" html="false" placeholder="false">SELECT THE ACTIVITY WORKBOOK TYPE BY CLICKING "CHOOSE" </item>
  <item name="LBworkbookCommunity.text" html="false" placeholder="false">SELECT COMMUNITY IN WHICH YOU WANT TO CREATE A WORKBOOK</item>
  <item name="LBworkBookData.text" html="false" placeholder="false">WORKBOOK DATA</item>
  <item name="LBauthors.text" html="false" placeholder="false">AUTHOR/S</item>
  <item name="LBownerTitle.text" html="false" placeholder="false">OWNER</item>
  <item name="LBtype.text" html="false" placeholder="false">Workbook type:</item>
  <item name="WorkBookType.0" html="false" placeholder="false">Personal workbook.</item>
  <item name="WorkBookType.1" html="false" placeholder="false">Personal shared workbook.</item>
  <item name="WorkBookType.2" html="false" placeholder="false">Personal community workbook.</item>
  <item name="WorkBookType.3" html="false" placeholder="false">Personal community workbook.</item>
  <item name="WorkBookType.4" html="false" placeholder="false">Shared community workbook.</item>
  <item name="WorkBookType.5" html="false" placeholder="false">Personal shared community workbook.</item>
  <item name="EditingSettings.9" html="false" placeholder="false">Only the person in charge</item>
  <item name="EditingSettings.11" html="false" placeholder="false">Only the author</item>
  <item name="EditingSettings.15" html="false" placeholder="false">All authors</item>
  <item name="EditingSettings.8" html="false" placeholder="false">Only the service adminitrator</item>
  <item name="LBowner_t.text" html="false" placeholder="false">Owner:</item>
  <item name="LBowner.text" html="false" placeholder="true" mustcontains="{0}|{1}">{0} [the {1}]</item>
  <item name="Creatingowner" html="false" placeholder="true" mustcontains="{0}">{0}</item>
  <item name="createdHeader" html="false" placeholder="true" mustcontains="{0}|{1}|{2}">{0} (created on {1} at {2})</item>
  <item name="deletedHeader" html="false" placeholder="true" mustcontains="{0}|{1}|{2}">[Deleted on {0} at {1} by {2}]</item>
  <item name="changedHeader" html="false" placeholder="true" mustcontains="{0}|{1}|{2}">[modified on {0} at {1} by {2}]</item>
  <item name="selfchangedHeader" html="false" placeholder="true" mustcontains="{0}|{1}">[modified on {0} alle {1}]</item>
  <item name="LBverificato_t.text" disambiguation="status: attivo/chiuso/in corso/valutazione" html="false" placeholder="false">Status:</item>
  <item name="LBdraft_t.text" html="false" placeholder="false">Draft:</item>
  <item name="CBXdraft.text" html="false" placeholder="false">Yes</item>
  <item name="LBtype.text" html="false" placeholder="false">Tipo:</item>
</Resource>