<?xml version="1.0" encoding="utf-8"?>
<Resource xmlns:xsi="http://www.w3.org/2001/XMLSchema-instance" xmlns:xsd="http://www.w3.org/2001/XMLSchema" xmlns="urn:ComolTranslation">
  <item name="serviceTitle" html="false" placeholder="false">Portfolio - Publish a file/ several files in the workbook.</item>
  <item name="nopermission" html="false" placeholder="false">You do not have permission to use these workbook features</item>
  <item name="HYPbackToItems.text" disambiguation="voce=voce/elemento del diario delle lezioni/quarderno attività" html="false" placeholder="false">Back to items</item>
  <item name="HYPbackToItems.ToolTip" disambiguation="voce=voce/elemento del diario delle lezioni/quarderno attività" html="false" placeholder="false">Back to workbook items</item>
  <item name="HYPbackToItems.status" disambiguation="voce=voce/elemento del diario delle lezioni/quarderno attività" html="false" placeholder="false">Back to workbook items</item>
  <item name="HYPbackToItem.text" disambiguation="voce=voce/elemento del diario delle lezioni/quarderno attività" html="false" placeholder="false">Back to item</item>
  <item name="HYPbackToItem.ToolTip" disambiguation="voce=voce/elemento del diario delle lezioni/quarderno attività" html="false" placeholder="false">Back to workbook item</item>
  <item name="HYPbackToItem.status" disambiguation="voce=voce/elemento del diario delle lezioni/quarderno attività" html="false" placeholder="false">Back to workbook item</item>
  <item name="HYPbackToFileManagement.text" disambiguation="materiale=file" html="false" placeholder="false">Back to materials</item>
  <item name="HYPbackToFileManagement.ToolTip" disambiguation="materiale=file" html="false" placeholder="false">Back to materials</item>
  <item name="HYPbackToFileManagement.status" disambiguation="materiale=file" html="false" placeholder="false">Back to materials</item>
  <item name="LBfileToExport.text" html="false" placeholder="false">STEP 1 - Select file/s to publish in the community materials</item>
  <item name="LBselectFolder.text" html="false" placeholder="false">STEP 2 - Select destination folder</item>
  <item name="LBmultipleFileError.text" html="false" placeholder="false">STEP 3 - Rename duplicated files</item>
  <item name="LBfileNameToReplace.text" html="true" placeholder="true" mustcontains="{0}">ATTENTION: file &lt;b&gt;{0}&lt;/b&gt; is already present in destination folder, please use another name:</item>
  <item name="LBsummary.text" html="false" placeholder="false">SUMMARY - File to publish in the community materials folder</item>
  <item name="LBsummaryDescription.text" html="true" placeholder="true" mustcontains="{0}|{1}">You are trying to add to folder "&lt;b&gt;{0}&lt;/b&gt;" of the community &lt;b&gt;{1}&lt;/b&gt; the following files associated to the workbook item:</item>
  <item name="StartNextButton.text" html="false" placeholder="false">Continue</item>
  <item name="StartNextButton.ToolTip" html="false" placeholder="false">Continue to next step.</item>
  <item name="StepNextButton.text" html="false" placeholder="false">Continue</item>
  <item name="StepNextButton.ToolTip" html="false" placeholder="false">Continue to next step.</item>
  <item name="StepPreviousButton.text" html="false" placeholder="false">Back</item>
  <item name="StepPreviousButton.ToolTip" html="false" placeholder="false">BAck to previous step.</item>
  <item name="FinishPreviousButton.text" html="false" placeholder="false">Back</item>
  <item name="FinishPreviousButton.ToolTip" html="false" placeholder="false">BAck to previous step.</item>
  <item name="FinishButton.text" disambiguation="verbo" html="false" placeholder="false">Public</item>
  <item name="FinishButton.ToolTip" html="false" placeholder="false">Publish files in the community materials.</item>
  <item name="BTNgoToWorkBookList.text" disambiguation="materiale=file" html="false" placeholder="false">Back to materials</item>
  <item name="BTNgoToWorkBookList.ToolTip" disambiguation="materiale=file" html="false" placeholder="false">Back to materials</item>
  <item name="BTNreturnToList.text" disambiguation="voce=voce/elemento del diario delle lezioni/quarderno attività" html="false" placeholder="false">Back to items</item>
  <item name="BTNreturnToList.ToolTip" disambiguation="voce=voce/elemento del diario delle lezioni/quarderno attività" html="false" placeholder="false">Back to workbook item</item>
  <item name="RenamedFiles" disambiguation="materiale=file" html="false" placeholder="false">Following files were renamed in order to be added to the community materials:</item>
  <item name="BaseFolder" html="false" placeholder="false">Base folder</item>
  <item name="NoPermissionToManagementFiles" disambiguation="voce=voce/elemento del diario delle lezioni/quarderno attività" html="false" placeholder="false">Sorry, you do not have permission to manage this item's files </item>
  <item name="NoPermissionToPublishFiles" html="false" placeholder="false">Sorry, you do not have permission to manage/add workbook files to community materials. </item>
  <item name="LBvisibleTo_t.text" html="false" placeholder="false">Visible</item>
  <item name="RBLvisibleTo.True" html="false" placeholder="false">To everybody</item>
  <item name="RBLvisibleTo.False" html="false" placeholder="false">To thw owner</item>
  <item name="BaseFolder" html="false" placeholder="false">Cartella base</item>
</Resource>