<?xml version="1.0" encoding="utf-8"?>
<Resource xmlns:xsi="http://www.w3.org/2001/XMLSchema-instance" xmlns:xsd="http://www.w3.org/2001/XMLSchema" xmlns="urn:ComolTranslation">
  <item name="LBtitoloServizio.text" html="false" placeholder="false">Portfolio - Modify workbook</item>
  <item name="LBNopermessi.text" html="false" placeholder="false">You do not have permission to access this service</item>
  <item name="LBediting.text" html="false" placeholder="false">Add items:</item>
  <item name="CBXediting.text" html="false" placeholder="false">active.</item>
  <item name="editing.True" html="false" placeholder="false">active.</item>
  <item name="editing.False" html="false" placeholder="false">not active.</item>
  <item name="LBtext.text" html="false" placeholder="false">Description:</item>
  <item name="LBnote.text" html="false" placeholder="false">Notes:</item>
  <item name="LBstatusItem_t.text" disambiguation="status: attivo/chiuso/in corso/valutazione" html="false" placeholder="false">Status:</item>
  <item name="RBLstatus.0" html="false" placeholder="false">// not defined //</item>
  <item name="RBLstatus.3" html="false" placeholder="false">Waiting for check</item>
  <item name="RBLstatus.2" html="false" placeholder="false">Not approved</item>
  <item name="RBLstatus.1" html="false" placeholder="false">Approved</item>
  <item name="CBXselfAuthor.text" html="false" placeholder="false">Add creator to the authors</item>
  <item name="viewError.0" html="false" placeholder="false" />
  <item name="viewError.1" html="false" placeholder="false">No author selected. In order to create a workbook you must select at least one.</item>
  <item name="viewError.2" html="false" placeholder="false">Sorry, no owner selected. It is necessary to specify at least an author as direct manager of the workbook.</item>
  <item name="viewError.3" html="false" placeholder="false">Sorry, errors occurred while creating the workbook</item>
  <item name="LNBvirtualDelete.text" html="false" placeholder="false" hidden="true">&lt;img src="{0}" ToolTip="{1}"&gt;</item>
  <item name="LNBvirtualDelete.status" html="false" placeholder="false">Remove author</item>
  <item name="LNBvirtualDelete.ToolTip" html="false" placeholder="false">Remove author</item>
  <item name="LNBvirtualDelete.ConfirmText" html="false" placeholder="false">Are you sure you want to remove the selected author?</item>
  <item name="LNBelimina.text" html="false" placeholder="false" hidden="true">&lt;img src="{0}" ToolTip="{1}"&gt;</item>
  <item name="LNBelimina.status" html="false" placeholder="false">Delete definitively author from the bin</item>
  <item name="LNBelimina.ToolTip" html="false" placeholder="false">Delete definitively author from the bin</item>
  <item name="LNBelimina.ConfirmText" html="false" placeholder="false">Are you sure you want to permanently delete the author?</item>
  <item name="LNBundelete.text" html="false" placeholder="false" hidden="true">&lt;img src="{0}" ToolTip="{1}"&gt;</item>
  <item name="LNBundelete.status" html="false" placeholder="false">Recover from trashbin</item>
  <item name="LNBundelete.ToolTip" html="false" placeholder="false">Recover from trashbin</item>
  <item name="isOwner.True" html="false" placeholder="false">Yes</item>
  <item name="isOwner.False" html="false" placeholder="false" />
  <item name="editing.True" html="false" placeholder="false">Si</item>
  <item name="editing.False" html="false" placeholder="false">No</item>
  <item name="BTNreturnToList.text" html="false" placeholder="false">Back to list</item>
  <item name="BTNreturnToList.ToolTip" html="false" placeholder="false">Back to workbooks list</item>
  <item name="LBworkBookData.text" html="false" placeholder="false">Workbook data</item>
  <item name="BTNgoToWorkBookList.text" html="false" placeholder="false">Back to list</item>
  <item name="BTNgoToWorkBookList.ToolTip" html="false" placeholder="false">Back to workbooks list</item>
  <item name="BTNsaveGoToWorkBookList.text" html="false" placeholder="false">Save</item>
  <item name="BTNsaveGoToWorkBookList.ToolTip" html="false" placeholder="false">Save and back to workbooks.</item>
  <item name="BTNmanagementAuthors.text" html="false" placeholder="false">Authors management</item>
  <item name="BTNmanagementAuthors.ToolTip" html="false" placeholder="false">Management of the workbook authors.</item>
  <item name="LBworkBooManagement.text" html="false" placeholder="false">Management of the workbook authors</item>
  <item name="GDVauthors.E.HeaderText" disambiguation="C=cancella (un solo carattere)" html="false" placeholder="false">D</item>
  <item name="GDVauthors.R.HeaderText" disambiguation="P=proprietario (un solo carattere)" html="false" placeholder="false">P</item>
  <item name="GDVauthors.Autore.HeaderText" html="false" placeholder="false">Author</item>
  <item name="GDVauthors.Data.HeaderText" html="false" placeholder="false">Added on</item>
  <item name="BTNgoToWorkBookList_1.text" html="false" placeholder="false">Back to list</item>
  <item name="BTNgoToWorkBookList_1.ToolTip" html="false" placeholder="false">Back to workbooks list</item>
  <item name="BTNgoToWorkBookList_2.text" html="false" placeholder="false">Back to list</item>
  <item name="BTNgoToWorkBookList_2.ToolTip" html="false" placeholder="false">Back to workbooks list</item>
  <item name="BTNgoToData.text" html="false" placeholder="false">Back</item>
  <item name="BTNgoToData.ToolTip" html="false" placeholder="false">Back</item>
  <item name="BTNsearchAuthors.text" html="false" placeholder="false">Add author/s</item>
  <item name="BTNsearchAuthors.ToolTip" html="false" placeholder="false">Add author/s</item>
  <item name="BTNselectOwner.text" html="false" placeholder="false">Select person in chagre</item>
  <item name="BTNselectOwner.ToolTip" html="false" placeholder="false">Select workbook's person in charge</item>
  <item name="LBaddAuthor.text" html="false" placeholder="false">Add author/s</item>
  <item name="BTNgoToManagement.text" html="false" placeholder="false">Back</item>
  <item name="BTNgoToManagement.ToolTip" html="false" placeholder="false">Back</item>
  <item name="BTNaddAuthors.text" html="false" placeholder="false">Confirm added</item>
  <item name="BTNaddAuthors.ToolTip" html="false" placeholder="false">Confirm author addition to workbook.</item>
  <item name="LBselectOwner.text" html="false" placeholder="false">Select person in charge</item>
  <item name="BTNgoToManagement_2.text" html="false" placeholder="false">Back</item>
  <item name="BTNgoToManagement_2.ToolTip" html="false" placeholder="false">Back</item>
  <item name="BTNconfirmOwner.text" html="false" placeholder="false">Confirm selection</item>
  <item name="BTNconfirmOwner.ToolTip" html="false" placeholder="false">Confirm responsible selection</item>
  <item name="BTNfinish.text" html="false" placeholder="false">Back to list</item>
  <item name="BTNfinish.ToolTip" html="false" placeholder="false">Back to workbooks list</item>
  <item name="BTNreturnToWorkBookList.text" html="false" placeholder="false">Back to list</item>
  <item name="BTNreturnToWorkBookList.ToolTip" html="false" placeholder="false">Back to workbooks list</item>
  <item name="WorkBookType.0" html="false" placeholder="false">Personal workbook.</item>
  <item name="WorkBookType.1" html="false" placeholder="false">Personal shared workbook.</item>
  <item name="WorkBookType.2" html="false" placeholder="false">Personal community workbook.</item>
  <item name="WorkBookType.3" html="false" placeholder="false">Personal community workbook.</item>
  <item name="WorkBookType.4" html="false" placeholder="false">Shared community workbook.</item>
  <item name="WorkBookType.5" html="false" placeholder="false">Personal shared community workbook.</item>
  <item name="EditingSettings.9" html="false" placeholder="false">Only the person in charge</item>
  <item name="EditingSettings.11" html="false" placeholder="false">Only the author</item>
  <item name="EditingSettings.15" html="false" placeholder="false">All authors</item>
  <item name="EditingSettings.8" html="false" placeholder="false">Only the service adminitrator</item>
  <item name="LBowner_t.text" html="false" placeholder="false">Owner:</item>
  <item name="LBowner.text" html="false" placeholder="true" mustcontains="{0}|{1}">{0} [the {1}]</item>
  <item name="Creatingowner" html="false" placeholder="true" mustcontains="{0}">{0}</item>
  <item name="createdHeader" html="false" placeholder="true" mustcontains="{0}|{1}|{2}">{0} (created on {1} at {2})</item>
  <item name="deletedHeader" html="false" placeholder="true" mustcontains="{0}|{1}|{2}">[Deleted on {0} at {1} by {2}]</item>
  <item name="changedHeader" html="false" placeholder="true" mustcontains="{0}|{1}|{2}">[modified on {0} at {1} by {2}]</item>
  <item name="selfchangedHeader" html="false" placeholder="true" mustcontains="{0}|{1}">[modified on {0} alle {1}]</item>
  <item name="LBverificato_t.text" disambiguation="status: attivo/chiuso/in corso/valutazione" html="false" placeholder="false">Status:</item>
  <item name="LBdraft_t.text" html="false" placeholder="false">Draft:</item>
  <item name="CBXdraft.text" html="false" placeholder="false">Yes</item>
  <item name="LBtype.text" html="false" placeholder="false">Type:</item>
  <item name="LBediting_t.text" disambiguation="agg.=Aggiungi;voce=voce/elemento del diario delle lezioni" html="false" placeholder="false">Ref. items:</item>
  <item name="LBtitle.text" html="false" placeholder="false">Title:</item>
</Resource>