<?xml version="1.0" encoding="utf-8"?>
<Resource xmlns:xsi="http://www.w3.org/2001/XMLSchema-instance" xmlns:xsd="http://www.w3.org/2001/XMLSchema" xmlns="urn:ComolTranslation">
  <item name="serviceTitle" disambiguation="voce=voce/elemento del diario delle lezioni/quarderno attività;materiale=file" html="false" placeholder="false">Portfolio - Add materials to a workbook item</item>
  <item name="nopermission" html="false" placeholder="false">You do not have permission to add materials to a workbook item.</item>
  <item name="HYPbackToItems.text" disambiguation="voce=voce/elemento del diario delle lezioni/quarderno attività" html="false" placeholder="false">Back to items</item>
  <item name="HYPbackToItems.ToolTip" disambiguation="voce=voce/elemento del diario delle lezioni/quarderno attività" html="false" placeholder="false">Back to workbook items</item>
  <item name="HYPbackToItems.status" disambiguation="voce=voce/elemento del diario delle lezioni/quarderno attività" html="false" placeholder="false">Back to workbook items</item>
  <item name="HYPbackToItem.text" disambiguation="voce=voce/elemento del diario delle lezioni/quarderno attività" html="false" placeholder="false">Back to item</item>
  <item name="HYPbackToItem.ToolTip" disambiguation="voce=voce/elemento del diario delle lezioni/quarderno attività" html="false" placeholder="false">Back to item</item>
  <item name="HYPbackToItem.status" disambiguation="voce=voce/elemento del diario delle lezioni/quarderno attività" html="false" placeholder="false">Back to item</item>
  <item name="HYPbackToFileManagement.text" description="materiale inteso come file/materiale didattico" disambiguation="materiale=file" html="false" placeholder="false">Back to materials</item>
  <item name="HYPbackToFileManagement.ToolTip" disambiguation="materiale=file" html="false" placeholder="false">Back to materials</item>
  <item name="HYPbackToFileManagement.status" disambiguation="materiale=file" html="false" placeholder="false">Back to materials</item>
  <item name="LNBupload.text" html="false" placeholder="false">Upload</item>
  <item name="LNBupload.ToolTip" html="false" placeholder="false">Selected files upload</item>
  <item name="LNBupload.status" html="false" placeholder="false">Selected files upload</item>
  <item name="LTuploadToCommunity_t.text" disambiguation="voce=voce/elemento del diario delle lezioni/quarderno attività;materiale=file" html="false" placeholder="false">Adds community materials and associate to workbook item</item>
  <item name="LTuploadToWorkBook_t.text" disambiguation="voce=voce/elemento del diario delle lezioni/quarderno attività" html="false" placeholder="false">Add only to workbook item</item>
</Resource>