<?xml version="1.0" encoding="utf-8"?>
<Resource xmlns:xsi="http://www.w3.org/2001/XMLSchema-instance" xmlns:xsd="http://www.w3.org/2001/XMLSchema" xmlns="urn:ComolTranslation">
  <item name="serviceTitle" disambiguation="status: attivo/chiuso/in corso/valutazione" html="false" placeholder="false">Portfolio - List of the statuses available for workbooks</item>
  <item name="serviceTitleEdit" disambiguation="status: attivo/chiuso/in corso/valutazione" html="false" placeholder="false">Add/Edit status</item>
  <item name="nopermission" html="false" placeholder="false">Sorry, you do not have permission to view this page.</item>
  <item name="LNBdelete.text" html="false" placeholder="false" hidden="true">&lt;img src="{0}" ToolTip="{1}"&gt;</item>
  <item name="LNBdelete.status" html="false" placeholder="false">Definitive deletion</item>
  <item name="LNBdelete.ToolTip" html="false" placeholder="false">Definitive deletion</item>
  <item name="LNBdelete.ConfirmText" disambiguation="status: attivo/chiuso/in corso/valutazione" html="false" placeholder="false">Are you sure you want to permanently delete the status ?</item>
  <item name="HYPaddStatus.text" html="false" placeholder="false">New status</item>
  <item name="HYPaddStatus.status" disambiguation="status: attivo/chiuso/in corso/valutazione" html="false" placeholder="false">Create a new status for workbooks and related items</item>
  <item name="HYPaddStatus.ToolTip" disambiguation="status: attivo/chiuso/in corso/valutazione" html="false" placeholder="false">Create a new status for workbooks and related items</item>
  <item name="LBedit_t.text" disambiguation="M=modifica (un solo carattere)" html="false" placeholder="false">M</item>
  <item name="LBaction_t.text" disambiguation="C=cancella (un solo carattere)" html="false" placeholder="false">D</item>
  <item name="LBname_t.text" html="false" placeholder="false">Name</item>
  <item name="LBcount_t.text" html="false" placeholder="false">Used in</item>
  <item name="LBvisible_t.text" html="false" placeholder="false">Visible to:</item>
  <item name="HYPedit.text" html="false" placeholder="false" hidden="true">&lt;img src="{0}" ToolTip="{1}"&gt;</item>
  <item name="HYPedit.status" html="false" placeholder="false">Modify status</item>
  <item name="HYPedit.ToolTip" html="false" placeholder="false">Modify status</item>
  <item name="LBpagesize.text" html="false" placeholder="false">Elements per page:</item>
  <item name="LBerrors.text" disambiguation="status: attivo/chiuso/in corso/valutazione" html="false" placeholder="false">No status detected.</item>
  <item name="LBcount.text" html="true" placeholder="true" mustcontains="{0}|{1}">&lt;span title='{0} workbook items / {1} workbooks'&gt; {0}items/ {1} workb. &lt;/span&gt;</item>
  <item name="EditingPermission.1" html="false" placeholder="false">Workbook responsible</item>
  <item name="EditingPermission.2" html="false" placeholder="false">Owner author</item>
  <item name="EditingPermission.4" html="false" placeholder="false">All authors</item>
  <item name="EditingPermission.8" html="false" placeholder="false">Service manager</item>
  <item name="LBdefault_t.text" disambiguation="status: attivo/chiuso/in corso/valutazione" html="false" placeholder="false">Default status:</item>
  <item name="LBdefault.text" html="true" placeholder="true" mustcontains="{0}">&lt;span title='Default status for all the new workbooks and associated items'&gt; {0}.&lt;/span&gt;</item>
  <item name="HYPreturnToList.text" html="false" placeholder="false">Back to list</item>
  <item name="HYPreturnToList.status" html="false" placeholder="false">Back to list</item>
  <item name="HYPreturnToList.ToolTip" html="false" placeholder="false">Back to list</item>
  <item name="LNBsave.text" html="false" placeholder="false">Save</item>
  <item name="LNBsave.status" disambiguation="status: attivo/chiuso/in corso/valutazione" html="false" placeholder="false">Save status</item>
  <item name="LNBsave.ToolTip" disambiguation="status: attivo/chiuso/in corso/valutazione" html="false" placeholder="false">Save status</item>
  <item name="LBavailableFor_t.text" html="false" placeholder="false">Available to:</item>
  <item name="CBLpermission.1" html="false" placeholder="false">&amp;nbsp;Workbook responsible</item>
  <item name="CBLpermission.2" html="false" placeholder="false">&amp;nbsp;Author owner</item>
  <item name="CBLpermission.4" html="false" placeholder="false">&amp;nbsp;All the authors</item>
  <item name="CBLpermission.8" html="false" placeholder="false">&amp;nbsp;Service manager</item>
  <item name="LBdefault_t.text" disambiguation="status: attivo/chiuso/in corso/valutazione" html="false" placeholder="false">Default status:</item>
  <item name="CBXdefault.text" html="false" placeholder="false" mustcontains="*">&amp;nbsp;yes(*)&amp;nbsp;</item>
  <item name="LBdefaultInfo.text" html="false" placeholder="false" mustcontains="*">		-(*) This status will become the default one for all your workbooks/ item.</item>
  <item name="LBstatusNameFor_t.text" html="false" placeholder="false">Name:</item>
  <item name="LTheaderLanguage.text" html="false" placeholder="false">Language</item>
  <item name="LTheaderTranslation.text" html="false" placeholder="false">Translation</item>
  <item name="LBnoUpdate.text" disambiguation="status: attivo/chiuso/in corso/valutazione" html="false" placeholder="false">Sorry, you do not have permission to edit/create a status</item>
</Resource>