<?xml version="1.0" encoding="utf-8"?>
<Resource xmlns:xsi="http://www.w3.org/2001/XMLSchema-instance" xmlns:xsd="http://www.w3.org/2001/XMLSchema" xmlns="urn:ComolTranslation">
  <item name="serviceTitle" html="false" placeholder="false">Portfolio - Workbooks</item>
  <item name="nopermission" html="false" placeholder="false">Sorry, you do not have permission to workbook lists.</item>
  <item name="EditingSettings.9" html="false" placeholder="false">Only the workbook's person in charge</item>
  <item name="EditingSettings.11" html="false" placeholder="false">Only the author</item>
  <item name="EditingSettings.15" html="false" placeholder="false">All authors</item>
  <item name="EditingSettings.8" html="false" placeholder="false">Only the service adminitrator</item>
  <item name="LBdraft.text" html="false" placeholder="false">**    WORKBOOK DRAFT (VISIBLE ONLY TO THE AUTHOR)    **</item>
  <item name="createdHeader" html="false" placeholder="true" mustcontains="{0}|{1}|{2}">Created on {0} at {1} by {2}</item>
  <item name="deletedHeader" html="false" placeholder="true" mustcontains="{0}|{1}|{2}">Deleted on {0} at {1} by {2}</item>
  <item name="changedHeader" html="false" placeholder="true" mustcontains="{0}|{1}|{2}">Modified on {0} at {1} by {2}</item>
  <item name="selfchangedHeader" html="false" placeholder="true" mustcontains="{0}|{1}">Modified on {0} at {1}</item>
  <item name="modifiedon" html="false" placeholder="true" mustcontains="{0}|{1}">{0} by {1}</item>
  <item name="WorkBookTypeFilter.1" html="false" placeholder="false">Personal</item>
  <item name="WorkBookTypeFilter.2" html="false" placeholder="false">Community</item>
  <item name="WorkBookTypeFilter.4" html="false" placeholder="false">Worbook management</item>
  <item name="LBfilterBy.text" html="false" placeholder="false">Filter by:</item>
  <item name="LBorderBy.text" html="false" placeholder="false">Order by:</item>
  <item name="DDLfilterBy.1" html="false" placeholder="false">All communities</item>
  <item name="DDLfilterBy.2" html="false" placeholder="false">Current community</item>
  <item name="DDLfilterBy.4" html="false" placeholder="false">Portal/Home</item>
  <item name="RBLorderBy.1" html="false" placeholder="false">Owner</item>
  <item name="RBLorderBy.2" html="false" placeholder="false">Creation date On</item>
  <item name="RBLorderBy.4" disambiguation="status: attivo/chiuso/in corso/valutazione" html="false" placeholder="false">Status</item>
  <item name="RBLorderBy.8" disambiguation="singolare" html="false" placeholder="false">Community</item>
  <item name="RBLorderBy.64" html="false" placeholder="false">Last changes</item>
  <item name="RBLorderBy.128" html="false" placeholder="false">Title</item>
  <item name="LBaction.text" disambiguation="C=cancella (un solo carattere)" html="false" placeholder="false">D</item>
  <item name="LBedit.text" disambiguation="M=modifica (un solo carattere)" html="false" placeholder="false">M</item>
  <item name="LBworkbook.text" html="false" placeholder="false">Workbook</item>
  <item name="LBlastEdit_t.text" html="false" placeholder="false">Modified on</item>
  <item name="LNBdelete.text" html="false" placeholder="false" hidden="true">&lt;img src="{0}" ToolTip="{1}"&gt;</item>
  <item name="LNBdelete.status" html="false" placeholder="false">Definitive deletion</item>
  <item name="LNBdelete.ToolTip" html="false" placeholder="false">Definitive deletion of the workbook, of its items and of its files</item>
  <item name="LNBdelete.ConfirmText" html="false" placeholder="false">Are you sure you want to PERMANENTLY delete this workbook?</item>
  <item name="LNBvirtualDelete.text" html="false" placeholder="false" hidden="true">&lt;img src="{0}" ToolTip="{1}"&gt;</item>
  <item name="LNBvirtualDelete.status" html="false" placeholder="false">Delete Workbook.</item>
  <item name="LNBvirtualDelete.ToolTip" html="false" placeholder="false">Delete Workbook.</item>
  <item name="LNBvirtualDelete.ConfirmText" html="false" placeholder="false">Are you sure you want to delete the selected workbook?</item>
  <item name="LNBundelete.text" html="false" placeholder="false" hidden="true">&lt;img src="{0}" ToolTip="{1}"&gt;</item>
  <item name="LNBundelete.status" html="false" placeholder="false">Recover from trashbin</item>
  <item name="LNBundelete.ToolTip" html="false" placeholder="false">Recover from trashbin</item>
  <item name="HYPedit.text" html="false" placeholder="false" hidden="true">&lt;img src="{0}" ToolTip="{1}"&gt;</item>
  <item name="HYPedit.status" html="false" placeholder="false">Modify workbook details</item>
  <item name="HYPedit.ToolTip" html="false" placeholder="false">Modify workbook details</item>
  <item name="LBauthors_t.text" html="false" placeholder="false">Authors:</item>
  <item name="LBcommunityOwner_t.text" disambiguation="singolare" html="false" placeholder="false">Community:</item>
  <item name="LBstatusItem_t.text" disambiguation="status: attivo/chiuso/in corso/valutazione" html="false" placeholder="false">Status:</item>
  <item name="LBediting_t.text" disambiguation="agg.=Aggiungi;voce=voce/elemento del diario delle lezioni" html="false" placeholder="false">Ref. items:</item>
  <item name="GetPortalName" html="false" placeholder="false">Portal - Home</item>
  <item name="GetAllCommunitiesName" html="false" placeholder="false">All communities</item>
  <item name="Autori" html="true" placeholder="true" mustcontains="{0}|{1}">&lt;b&gt;{1}&lt;/b&gt;{0}</item>
  <item name="LBpagesize.text" html="false" placeholder="false">Elements per page:</item>
  <item name="LNBsaveStatus.text" disambiguation="status: attivo/chiuso/in corso/valutazione" html="false" placeholder="false">Save status / editing</item>
  <item name="LNBsaveStatus.ToolTip" disambiguation="status: attivo/chiuso/in corso/valutazione" html="false" placeholder="false">Save workbook status</item>
  <item name="LNBsaveStatus.status" disambiguation="status: attivo/chiuso/in corso/valutazione" html="false" placeholder="false">Save workbook status</item>
  <item name="Owner" html="false" placeholder="false">Workbook responsible</item>
  <item name="LBtitle_t.text" html="false" placeholder="false">Title:</item>
  <item name="HYPaddWorkBook.text" html="false" placeholder="false">New</item>
  <item name="HYPaddWorkBook.ToolTip" html="false" placeholder="false">Create a new workbook</item>
  <item name="HYPaddWorkBook.status" html="false" placeholder="false">Create a new workbook</item>
</Resource>