<?xml version="1.0" encoding="utf-8"?>
<Resource xmlns:xsi="http://www.w3.org/2001/XMLSchema-instance" xmlns:xsd="http://www.w3.org/2001/XMLSchema" xmlns="urn:ComolTranslation">
  <item name="serviceTitleAdd" html="false" placeholder="false">Portfolio - New workbook item</item>
  <item name="serviceTitleEdit" disambiguation="voce=voce/elemento del diario delle lezioni/quarderno attività" html="false" placeholder="false">Modify workbook item</item>
  <item name="nopermission" disambiguation="voce=voce/elemento del diario delle lezioni/quarderno attività" html="false" placeholder="false">You do not have permission to add/remove an item to the workbook.</item>
  <item name="HYPbackToItems.text" disambiguation="voce=voce/elemento del diario delle lezioni/quarderno attività" html="false" placeholder="false">Back to items</item>
  <item name="HYPbackToItems.ToolTip" disambiguation="voce=voce/elemento del diario delle lezioni/quarderno attività" html="false" placeholder="false">Back to workbook items</item>
  <item name="HYPbackToItems.status" disambiguation="voce=voce/elemento del diario delle lezioni/quarderno attività" html="false" placeholder="false">Back to workbook items</item>
  <item name="HYPgoToFileManagement.text" html="false" placeholder="false">File management</item>
  <item name="HYPgoToFileManagement.ToolTip" html="false" placeholder="false">Go to files management</item>
  <item name="HYPgoToFileManagement.status" html="false" placeholder="false">Go to files management</item>
  <item name="LNBgoToFileManagement.text" html="false" placeholder="false">File management</item>
  <item name="LNBgoToFileManagement.ToolTip" html="false" placeholder="false">Go to files management</item>
  <item name="LNBgoToFileManagement.status" html="false" placeholder="false">Go to files management</item>
  <item name="LNBsaveItem.text" html="false" placeholder="false">Save</item>
  <item name="LNBsaveItem.ToolTip" disambiguation="voce=voce/elemento del diario delle lezioni/quarderno attività" html="false" placeholder="false">Save item</item>
  <item name="LNBsaveItem.status" disambiguation="voce=voce/elemento del diario delle lezioni/quarderno attività" html="false" placeholder="false">Save item</item>
  <item name="LBtitle.text" html="false" placeholder="false">Title:</item>
  <item name="LBtext.text" html="false" placeholder="false">Description:</item>
  <item name="LBnote.text" html="false" placeholder="false">Notes:</item>
  <item name="LBsceltaGiorno.text" html="false" placeholder="false">Day:</item>
  <item name="LBverificato_t.text" disambiguation="status: attivo/chiuso/in corso/valutazione" html="false" placeholder="false">Status:</item>
  <item name="LBdraft_t.text" html="false" placeholder="false">Draft:</item>
  <item name="CBXdraft.text" html="false" placeholder="false">Yes</item>
  <item name="LTitemFiles_t.text" html="false" placeholder="false">Item file</item>
  <item name="LNBgoToFileManagementBottom.text" html="false" placeholder="false">File management</item>
  <item name="LNBgoToFileManagementBottom.ToolTip" html="false" placeholder="false">Go to files management</item>
  <item name="LNBgoToFileManagementBottom.status" html="false" placeholder="false">Go to files management</item>
  <item name="status.0" html="false" placeholder="false" />
  <item name="status.3" disambiguation="relativo a quaderno" html="false" placeholder="false">Approval pending</item>
  <item name="status.2" disambiguation="relativo a quaderno" html="false" placeholder="false">Not approved</item>
  <item name="status.1" disambiguation="relativo a quaderno" html="false" placeholder="false">Approved</item>
  <item name="CreateBy" html="false" placeholder="true" mustcontains="{0}|{1}">created by {0} on {1}</item>
  <item name="ModifyBy" html="false" placeholder="true" mustcontains="{0}|{1}">Modified by {0} on {1}</item>
  <item name="DeletedBy" html="false" placeholder="true" mustcontains="{0}|{1}">Deleted by {0} on {1}</item>
  <item name="ApprovedBy" html="false" placeholder="true" mustcontains="{0}|{1}">approved by {0} on {1}</item>
  <item name="defaultTitle" disambiguation="voce=voce/elemento del diario delle lezioni/quarderno attività" html="false" placeholder="true" mustcontains="{0}">{0} item</item>
  <item name="LBowner_t.text" html="false" placeholder="false">Owner:</item>
  <item name="LBowner.text" html="false" placeholder="true" mustcontains="{0}|{1}">{0} [the {1}]</item>
  <item name="Creatingowner" html="false" placeholder="true" mustcontains="{0}">{0}</item>
  <item name="EditingSettings.9" html="false" placeholder="false">Workbook's person in charge</item>
  <item name="EditingSettings.11" html="false" placeholder="false">Only the author</item>
  <item name="EditingSettings.11.True" html="false" placeholder="false">Only for me</item>
  <item name="EditingSettings.11.False" html="false" placeholder="true" mustcontains="{0}">Only for {0}</item>
  <item name="EditingSettings.15" html="false" placeholder="false">All authors</item>
  <item name="EditingSettings.8" html="false" placeholder="false">Only service administrators</item>
  <item name="createdHeader" html="false" placeholder="true" mustcontains="{0}|{1}|{2}">{0} on {1} at {2}</item>
  <item name="deletedHeader" html="false" placeholder="true" mustcontains="{0}|{1}|{2}">[Deleted on {0} at {1} by {2}]</item>
  <item name="changedHeader" html="false" placeholder="true" mustcontains="{0}|{1}|{2}">[Modified on {0} at {1} by {2}]</item>
  <item name="selfchangedHeader" html="false" placeholder="true" mustcontains="{0}|{1}">[Modified on {0} at {1}]</item>
  <item name="LBediting_t.text" html="false" placeholder="false">Allow changes:</item>
</Resource>