<?xml version="1.0" encoding="utf-8"?>
<Resource xmlns:xsi="http://www.w3.org/2001/XMLSchema-instance" xmlns:xsd="http://www.w3.org/2001/XMLSchema" xmlns="urn:ComolTranslation">
  <item name="serviceTitle" disambiguation="voce=voce/elemento del diario delle lezioni/quarderno attività" html="false" placeholder="false">Portfolio - Workbook items</item>
  <item name="nopermission" disambiguation="voce=voce/elemento del diario delle lezioni/quarderno attività" html="false" placeholder="false">Sorry, you do not have permission to view this workbook items list.</item>
  <item name="LBorderby_t.text" disambiguation="voce=voce/elemento del diario delle lezioni/quarderno attività" html="false" placeholder="false">Items order:</item>
  <item name="RBLorderby.0" html="false" placeholder="false">From last to first&amp;nbsp;</item>
  <item name="RBLorderby.1" html="false" placeholder="false">From first to last&amp;nbsp;</item>
  <item name="HYPgoToWorkbooksList.text" html="false" placeholder="false">Workbooks list</item>
  <item name="HYPgoToWorkbooksList.ToolTip" html="false" placeholder="false">Back to workbooks list</item>
  <item name="HYPgoToWorkbooksList.status" html="false" placeholder="false">Back to workbooks list</item>
  <item name="HYPbackToItemsList.text" disambiguation="voce=voce/elemento del diario delle lezioni/quarderno attività" html="false" placeholder="false">Back to items</item>
  <item name="HYPbackToItemsList.ToolTip" html="false" placeholder="false">Back to workbook</item>
  <item name="HYPbackToItemsList.status" html="false" placeholder="false">Back to workbook</item>
  <item name="HYPprintItems.text" html="false" placeholder="false">Print</item>
  <item name="HYPprintItems.ToolTip" disambiguation="voce=voce/elemento del diario delle lezioni/quarderno attività" html="false" placeholder="false">Print all visible items</item>
  <item name="HYPprintItems.status" disambiguation="voce=voce/elemento del diario delle lezioni/quarderno attività" html="false" placeholder="false">Print all visible items</item>
  <item name="HYPaddItem.text" html="false" placeholder="false">New item</item>
  <item name="HYPaddItem.ToolTip" disambiguation="voce=voce/elemento del diario delle lezioni/quarderno attività" html="false" placeholder="false">Add new item to workbook</item>
  <item name="HYPaddItem.status" disambiguation="voce=voce/elemento del diario delle lezioni/quarderno attività" html="false" placeholder="false">Add new item to workbook</item>
  <item name="LNBdeleteItems.text" disambiguation="voce=voce/elemento del diario delle lezioni/quarderno attività" html="false" placeholder="false">Delete items</item>
  <item name="LNBdeleteItems.ToolTip" disambiguation="voce=voce/elemento del diario delle lezioni/quarderno attività" html="false" placeholder="false">Delete all selected items</item>
  <item name="LNBdeleteItems.status" disambiguation="voce=voce/elemento del diario delle lezioni/quarderno attività" html="false" placeholder="false">Delete all selected items</item>
  <item name="LNBdeleteItems.ConfirmText" disambiguation="voce=voce/elemento del diario delle lezioni/quarderno attività" html="false" placeholder="false">ATTENTION: all selected items will be deleted, are you sure to continue?</item>
  <item name="LNBsaveStatus.text" html="false" placeholder="false">Save status</item>
  <item name="LNBsaveStatus.ToolTip" html="false" placeholder="false">Save items approvation status </item>
  <item name="LNBsaveStatus.status" html="false" placeholder="false">Save items approvation status </item>
  <item name="LBtitle.text" html="false" placeholder="false">Items</item>
  <item name="HYPitemFiles.text" html="false" placeholder="false">File management </item>
  <item name="HYPitemFiles.ToolTip" html="false" placeholder="false">Item files management</item>
  <item name="HYPitemFiles.status" html="false" placeholder="false">Item files management</item>
  <item name="HYPedit.text" html="true" placeholder="true" mustcontains="{0}|{1}">&lt;img src="{0}" ToolTip="{1}" &gt;</item>
  <item name="HYPedit.ToolTip" disambiguation="voce=voce/elemento del diario delle lezioni/quarderno attività" html="false" placeholder="false">Edit item</item>
  <item name="HYPedit.status" disambiguation="voce=voce/elemento del diario delle lezioni/quarderno attività" html="false" placeholder="false">Edit item</item>
  <item name="IMGvirtualDelete.status" disambiguation="voce=voce/elemento del diario delle lezioni/quarderno attività" html="false" placeholder="false">Delete selected item</item>
  <item name="IMGvirtualDelete.ToolTip" disambiguation="voce=voce/elemento del diario delle lezioni/quarderno attività" html="false" placeholder="false">Delete selected item</item>
  <item name="IMGvirtualDelete.ConfirmText" disambiguation="voce=voce/elemento del diario delle lezioni/quarderno attività" html="false" placeholder="false" mustcontains="\r">Are you sure you want to trash this item?\r All the associated files will NOT be deleted.</item>
  <item name="IMGundelete.status" disambiguation="voce=voce/elemento del diario delle lezioni/quarderno attività" html="false" placeholder="false">Recover item from the trashbin</item>
  <item name="IMGundelete.AlternateText" disambiguation="voce=voce/elemento del diario delle lezioni/quarderno attività" html="false" placeholder="false">Recover item from the trashbin</item>
  <item name="IMGundelete.ToolTip" disambiguation="voce=voce/elemento del diario delle lezioni/quarderno attività" html="false" placeholder="false">Recover item from the trashbin</item>
  <item name="IMGdelete.status" disambiguation="voce=voce/elemento del diario delle lezioni/quarderno attività" html="false" placeholder="false">Definitively delete item from the workbook</item>
  <item name="IMGdelete.AlternateText" disambiguation="voce=voce/elemento del diario delle lezioni/quarderno attività" html="false" placeholder="false">Definitively delete item from the workbook</item>
  <item name="IMGdelete.ToolTip" disambiguation="voce=voce/elemento del diario delle lezioni/quarderno attività" html="false" placeholder="false">Definitively delete item from the workbook</item>
  <item name="IMGdelete.ConfirmText" disambiguation="voce=voce/elemento del diario delle lezioni/quarderno attività" html="false" placeholder="false" mustcontains="\r">Are you sure you want to permanently delete the selected item from the workbook? \rAll the item's file will be deleted as well (except for the community file).</item>
  <item name="LBtitolo_t.text" html="false" placeholder="false">Title:</item>
  <item name="LBprogramma_t.text" html="false" placeholder="false">Description:</item>
  <item name="LBmateriale_t.text" html="false" placeholder="false">File:</item>
  <item name="LBnote_t.text" html="false" placeholder="false">Notes:</item>
  <item name="HYPdownload.text" html="false" placeholder="false">Download</item>
  <item name="HYPdownload.status" html="false" placeholder="false">Download</item>
  <item name="HYPdownload.Tooltip" html="false" placeholder="false">Download</item>
  <item name="HYPcontenutoAttivo.scorm.text" html="false" placeholder="false">(play package)</item>
  <item name="HYPcontenutoAttivo.scorm.status" html="false" placeholder="false">(play package)</item>
  <item name="HYPcontenutoAttivo.scorm.Tooltip" html="false" placeholder="false">(play package)</item>
  <item name="IMBcontenutoAttivo.scorm.status" html="false" placeholder="false">(play package)</item>
  <item name="IMBcontenutoAttivo.scorm.Tooltip" html="false" placeholder="false">(play package)</item>
  <item name="HYPcontenutoAttivo.videocast.text" html="false" placeholder="false">(play videocast)</item>
  <item name="HYPcontenutoAttivo.videocast.status" html="false" placeholder="false">(play videocast)</item>
  <item name="HYPcontenutoAttivo.videocast.Tooltip" html="false" placeholder="false">(play videocast)</item>
  <item name="IMBcontenutoAttivo.videocast.status" html="false" placeholder="false">(play videocast)</item>
  <item name="IMBcontenutoAttivo.videocast.Tooltip" html="false" placeholder="false">(play videocast)</item>
  <item name="LNBstatistics.text" html="false" placeholder="false" hidden="true">&lt;img src="{0}" ToolTip="{1}"&gt;</item>
  <item name="LBstatusItem_t.text" disambiguation="status: attivo/chiuso/in corso/valutazione" html="false" placeholder="false">Status:</item>
  <item name="DDLstatus.0" html="false" placeholder="false" />
  <item name="DDLstatus.3" disambiguation="relativo a quaderno" html="false" placeholder="false">Approval pending</item>
  <item name="DDLstatus.2" disambiguation="relativo a quaderno" html="false" placeholder="false">Not approved</item>
  <item name="DDLstatus.1" disambiguation="relativo a quaderno" html="false" placeholder="false">Approved</item>
  <item name="NoWorkBookItemWithThisID" disambiguation="voce=voce/elemento del diario delle lezioni/quarderno attività" html="false" placeholder="false">The selected item does not exist.</item>
  <item name="NoWorkBookWithThisID" html="false" placeholder="false">The selected workbook does not exist.</item>
  <item name="BTNprintItems.text" html="false" placeholder="false">Print</item>
  <item name="BTNprintItems.status" disambiguation="voce=voce/elemento del diario delle lezioni/quarderno attività" html="false" placeholder="false">Print workbook items</item>
  <item name="BTNprintItems.ToolTip" disambiguation="voce=voce/elemento del diario delle lezioni/quarderno attività" html="false" placeholder="false">Print workbook items</item>
  <item name="BTNclose.text" html="false" placeholder="false">Close (X)</item>
  <item name="BTNclose.status" html="false" placeholder="false">Close current window</item>
  <item name="BTNclose.ToolTip" html="false" placeholder="false">Close current window</item>
  <item name="LBediting_t.text" html="false" placeholder="false">Changes:</item>
  <item name="EditingSettings.9" html="false" placeholder="false">Workbook's person in charge</item>
  <item name="EditingSettings.11" html="false" placeholder="false">Only the author</item>
  <item name="EditingSettings.11.True" html="false" placeholder="false">Only for me</item>
  <item name="EditingSettings.11.False" html="false" placeholder="true" mustcontains="{0}">Only for {0}</item>
  <item name="EditingSettings.15" html="false" placeholder="false">All authors</item>
  <item name="EditingSettings.8" html="false" placeholder="false">Only service administrators</item>
  <item name="LBdraft.text" html="false" placeholder="false">**    DRAFT (NOT VISIBLE TO OTHER USERS)    **</item>
  <item name="createdHeader" html="false" placeholder="true" mustcontains="{0}|{1}|{2}|{3}">{0} - {1} on {2} at {3}</item>
  <item name="deletedHeader" html="false" placeholder="true" mustcontains="{0}|{1}|{2}|{3}|{4}">{0} - {1} [Deleted on {2} at {3} by {4}]</item>
  <item name="changedHeader" html="false" placeholder="true" mustcontains="{0}|{1}|{2}|{3}|{4}">{0} - {1} [Modified on {2} at {3} by {4}]</item>
  <item name="selfchangedHeader" html="false" placeholder="true" mustcontains="{0}|{1}|{2}|{3}">{0} - {1} [Modified on {2} at {3}]</item>
  <item name="LBediting_t.text" html="false" placeholder="false">Consenti modifiche:</item>
</Resource>