<?xml version="1.0" encoding="utf-8"?>
<Resource xmlns:xsi="http://www.w3.org/2001/XMLSchema-instance" xmlns:xsd="http://www.w3.org/2001/XMLSchema" xmlns="urn:ComolTranslation">
  <item name="LBnomeServizio_t.text" html="false" placeholder="false" mustcontains="*">*Name:</item>
  <item name="LBlinguaNome_t.text" html="false" placeholder="false">&amp;nbsp;Translations(°):</item>
  <item name="LBdescrizione_t.text" html="false" placeholder="false">Description:</item>
  <item name="LBlinguaDescrizione_t.text" html="false" placeholder="false">&amp;nbsp;Translations(°):</item>
  <item name="LBcodice_t.text" html="false" placeholder="false" mustcontains="*">*Code:</item>
  <item name="LBattiva_t.text" disambiguation="sostantivo" html="false" placeholder="false">Activate by default</item>
  <item name="CBXattiva.text" html="false" placeholder="false">Yes</item>
  <item name="CBXnoDisattiva.text" html="false" placeholder="false">Yes</item>
  <item name="LBnonDisattivabile_t.text" html="false" placeholder="false">Not deactivable:&amp;nbsp;</item>
  <item name="LBinfoAssocia_t.text" html="false" placeholder="false">Select the permissions to associate to the service:</item>
  <item name="CBXnotificabile.text" html="false" placeholder="false">Yes</item>
  <item name="LBisNotificabile_t.text" html="false" placeholder="false">Notifiable:&amp;nbsp;</item>
  <item name="LBpermessi_t.text" html="false" placeholder="false">Permissions:</item>
  <item name="LBorganizzazione_t.text" html="false" placeholder="false">Organization:</item>
  <item name="DDLorganizzazione.-1" html="false" placeholder="false">&lt; Default &gt;</item>
  <item name="LBtipoComunita_t.text" html="false" placeholder="false">Community type:</item>
  <item name="LBassociato_t.text" html="false" placeholder="false">Associate</item>
  <item name="LBattiva_t.text" html="false" placeholder="false">Attiva di Default</item>
  <item name="CBXtipoComunitaAssociato.text" html="false" placeholder="false">Associate</item>
  <item name="CBXtipoComunitaAttiva.text" disambiguation="verbo" html="false" placeholder="false">Activate</item>
  <item name="LBorganizzazionePermessi_t.text" html="false" placeholder="false">Organization:</item>
  <item name="LBtipoComunita_t.text" html="false" placeholder="false">Tipo comunità:</item>
  <item name="LBsceltaTipodefinizione_t.text" html="false" placeholder="false">Activate/enable service:</item>
  <item name="RBLsceltaTipodefinizione.0" html="false" placeholder="false">For all the organizations:</item>
  <item name="RBLsceltaTipodefinizione.1" html="false" placeholder="false">Organizations by Organization</item>
  <item name="LBgenericotipoComunita_t.text" html="false" placeholder="false">Community type:&amp;nbsp;&amp;nbsp;</item>
  <item name="CBXgenericoTipoComunitaAssociato.text" html="false" placeholder="false">Associate</item>
  <item name="CBXgenericoTipoComunitaAttiva.text" disambiguation="verbo" html="false" placeholder="false">Activate</item>
</Resource>