﻿<?xml version="1.0" encoding="utf-8" ?>
<Resource>
  <item name="LBL_fNumDownload_t.text">Numero download:</item>
  <item name="LBL_fNumPlay_t.text">Numero play:</item>
  <item name="LBL_fInsertDate_t.text">Inserito il:</item>
  <item name="LBL_fInserBy_t.text">Da: </item>
  
  <item name="LBL_fDurataTotale_t.text">Tempo di play totale:</item>
  <item name="Lbl_fDurataMedia_t.text">Media: </item>
  <item name="Lbl_fScoreAWG_t.text">Punteggio medio:</item>

  <item name="lbl_fUserName_dg.text">Utente</item>
  <item name="lbl_fDuration_dg.text">Durata</item>
  <item name="lbl_fCompletition_dg.text">Completamento</item>
  <item name="lbl_fScore_dg.text">Punteggi</item>
  <item name="lbl_fNumPlay_dg.text">Numero Play</item>
  <item name="lbl_fUserxml_dg.text">XML</item>

  <item name="Lbl_fUserXML.text">Download</item>
  
  <item name="LBL_Act_Duration_t.text">Durata:</item>

  <item name="LBL_Act_Duration_Avg_t.text">(Media)</item>
  <item name="LBL_Act_Duration_Tot_t.text">(Totale)</item>
  
  <item name="LBL_Act_Score_t.text">Punteggio:</item>
  
  <item name="LBL_Act_Score_RAW_t.text">(RAW)</item>
  <item name="LBL_Act_Score_sc_t.text">(Scaled)</item>

  <item name="DG_User_Name_t.text">Nome utente</item>
  <item name="DG_User_Time_t.text">Tempo di utilizzo totale</item>

  <item name="LBL_Riepilogo_t.text">Riepilogo utilizzo file</item>
  <item name="LBL_OrgnName_t.text">Organizzazione:</item>
  <item name="LBL_ActivityName_t.text">Attività:</item>

  
  <item name="Xml.Organization">Organizzazione</item>
  <item name="Xml.Activity">Attività</item>
  <item name="Xml.TotalTime">Tempo totale</item>
  <item name="Xml.Completition">Completamento</item>
  <item name="Xml.ScoreRaw">Punteggio</item>
  <item name="Xml.ScoreScaled">Punteggio scalato</item>
  <item name="Xml.User">Utente</item>
</Resource>