<?xml version="1.0" encoding="utf-8"?>
<Resource xmlns:xsi="http://www.w3.org/2001/XMLSchema-instance" xmlns:xsd="http://www.w3.org/2001/XMLSchema" xmlns="urn:ComolTranslation">
  <item name="visibile.false" html="true" placeholder="false">&amp;nbsp;-&amp;nbsp;(not visible)</item>
  <item name="LBconfermaElimina.text" html="false" placeholder="false">The selected link/folder belong to the personal links. Do you want to delete it only from this community collection or also from the personal links?</item>
  <item name="Elimina.1" html="false" placeholder="false">The selected link was imported in one or more communities. Use menus above to delete this link only from personal collection or also from the commmunity from which it has been imported.</item>
  <item name="Elimina.2" html="false" placeholder="false">This folder has been imported from one or more communities. Do you want to delete it ONLY from PERSONAL Links or also from the source community? (use the menu link above this text)</item>
  <item name="Elimina.3" html="false" placeholder="false">Link and the sub-folders of the current folder have been imported in one or more community, do you want to delete them ONLY from the personal ones or also from the community in which have been imported? (use the link menu above this text)</item>
  <item name="oRootNodeCartelle.Text" html="false" placeholder="false" mustcontains="*">* Link collection</item>
  <item name="oRootNodeCartelle.ToolTip" html="false" placeholder="false" mustcontains="*">* Link collection</item>
  <item name="oNoNodeLink.Text" html="false" placeholder="false">No link found</item>
  <item name="oNoNodeLink.ToolTip" html="false" placeholder="false">No link found</item>
</Resource>