<?xml version="1.0" encoding="utf-8"?>
<Resource xmlns:xsi="http://www.w3.org/2001/XMLSchema-instance" xmlns:xsd="http://www.w3.org/2001/XMLSchema" xmlns="urn:ComolTranslation">
  <item name="Title.Post" html="false" placeholder="false">Manage Post</item>
  <item name="Title.Topic" html="false" placeholder="false">Manage Topic</item>
  <item name="Title.Forum" html="false" placeholder="false">Manage Forum</item>
  <item name="Title.Category" html="false" placeholder="false">Manage Category</item>
  <item name="Title.UsersGroup" html="false" placeholder="false">Manage UsersGroup</item>
  <item name="LBdetailTitle.text" html="false" placeholder="false">Set detail</item>
  <item name="LBnameTitle.text" html="false" placeholder="false">Name</item>
  <item name="LBdescriptionTitle.text" html="false" placeholder="false">Description</item>
  <item name="LBgroupTypeTitle.text" html="false" placeholder="false">Group type</item>
  <item name="CKBisModerated.ToolTip" html="false" placeholder="false">Is moderated</item>
  <item name="CKBisModerated.text" html="false" placeholder="false">Is moderated</item>
  <item name="CKBisLocked.ToolTip" html="false" placeholder="false">Is locked</item>
  <item name="CKBisLocked.text" html="false" placeholder="false">Is locked</item>
  <item name="BTNsave.text" html="false" placeholder="false">Save</item>
  <item name="BTNsave.ToolTip" html="false" placeholder="false">Save</item>
  <item name="HYPerror.text" html="false" placeholder="false">Return</item>
  <item name="HYPerror.ToolTip" html="false" placeholder="false">Return</item>
  <item name="HYPcancel.text" html="false" placeholder="false">Annul</item>
  <item name="HYPcancel.ToolTip" html="false" placeholder="false">Annul</item>
  <item name="Error.Generic" html="false" placeholder="false">System Error</item>
  <item name="Error.NotPermission" html="false" placeholder="false">Not Permission</item>
  <item name="Error.Url" html="false" placeholder="false">Url is not correct</item>
  <item name="GroupType.Open" html="false" placeholder="false">Open</item>
  <item name="GroupType.Closed" html="false" placeholder="false">Closed</item>
  <item name="GroupType.Hidden" html="false" placeholder="false">Hidden</item>
  <item name="GroupType.BuiltIn" html="false" placeholder="false">Built In</item>
  <item name="GroupType.Private" html="false" placeholder="false">Private</item>
  <item name="TopicTypeEnum.Announcement" html="false" placeholder="false">Announcement</item>
  <item name="TopicTypeEnum.GlobalAnnouncement" html="false" placeholder="false">GlobalAnnouncement</item>
  <item name="TopicTypeEnum.Sticky" html="false" placeholder="false">Sticky</item>
  <item name="TopicTypeEnum.Normal" html="false" placeholder="false">Normal</item>
  <item name="Categories" html="false" placeholder="false">Categories: </item>
</Resource>