<?xml version="1.0" encoding="utf-8"?>
<Resource xmlns:xsi="http://www.w3.org/2001/XMLSchema-instance" xmlns:xsd="http://www.w3.org/2001/XMLSchema" xmlns="urn:ComolTranslation">
  <item name="LBemptyMessage.text" html="false" placeholder="false">Work session has expired, it is impossible to continue</item>
  <item name="LBsourceFile_t.text" html="false" placeholder="false">Select file:</item>
  <item name="BTNupload.text" disambiguation="carica=upload" html="false" placeholder="false">Upload</item>
  <item name="BTNupload.ToolTip" disambiguation="carica=upload" html="false" placeholder="false" mustcontains="csv">Upload csv file</item>
  <item name="LBuploadedFile_t.text" html="false" placeholder="false">CSV file uploaded:</item>
  <item name="LBuploadedFile.text" html="false" placeholder="true" mustcontains="{0}|{1}|{2}">{0} on {1} at {2}.</item>
  <item name="BTNremoveFile.text" html="false" placeholder="false" />
  <item name="BTNremoveFile.ToolTip" html="false" placeholder="false">Delete file</item>
  <item name="LBfirstRowColumnNames_t.text" html="false" placeholder="false">Column name on the first row:</item>
  <item name="CBXfirstRowColumnNames.text" html="false" placeholder="false">Yes</item>
  <item name="LBcolumnDelimiter_t.text" html="false" placeholder="false">Column delimiter:</item>
  <item name="LBrowDelimiter_t.text" html="false" placeholder="false">Row delimiter:</item>
  <item name="LBrowToSkip_t.text" html="false" placeholder="false">Row to ignore:</item>
  <item name="TextDelimiter.None" html="false" placeholder="false">None </item>
  <item name="TextDelimiter.Semicolon" html="false" placeholder="false">Semicolon {;}</item>
  <item name="TextDelimiter.Colon" html="false" placeholder="false">Colon {:}</item>
  <item name="TextDelimiter.Comma" html="false" placeholder="false">Comma {,}</item>
  <item name="TextDelimiter.Tab" html="false" placeholder="true" mustcontains="{t}">Tabulation {t}</item>
  <item name="TextDelimiter.VerticalBar" html="false" placeholder="false" mustcontains="{|}">Vertical bar  {|}</item>
  <item name="TextDelimiter.CrLf" html="false" placeholder="true" mustcontains="{CR}{LF}">{CR}{LF}</item>
  <item name="TextDelimiter.Cr" html="false" placeholder="true" mustcontains="{CR}">{CR}</item>
  <item name="TextDelimiter.Lf" html="false" placeholder="true" mustcontains="{LF}">{LF}</item>
  <item name="BTNpreviewCSV.text" html="false" placeholder="false">Preview</item>
  <item name="BTNpreviewCSV.ToolTip" html="false" placeholder="false">Preview</item>
  <item name="Column" html="false" placeholder="true" mustcontains="{0}">Column {0}</item>
  <item name="LBsourceColumn.text" html="false" placeholder="false">Source column</item>
  <item name="LBdestinationColumn.text" html="false" placeholder="false">Invited user field</item>
  <item name="ImportedUserColumn.skip" html="false" placeholder="false">--    Ignore    --</item>
  <item name="ImportedUserColumn.name" html="false" placeholder="false">Name</item>
  <item name="ImportedUserColumn.surname" html="false" placeholder="false">Surname</item>
  <item name="ImportedUserColumn.mail" html="false" placeholder="false">Mail</item>
  <item name="ImportedUserColumn.description" html="false" placeholder="false">Description</item>
  <item name="InvalidMatch.None" html="false" placeholder="false" />
  <item name="InvalidMatch.DuplicatedItem" html="false" placeholder="true" mustcontains="{0}">DUPLICATED field: {0}"</item>
  <item name="InvalidMatch.DuplicatedItems" html="false" placeholder="true" mustcontains="{0}">DUPLICATED fields: {0}"</item>
  <item name="InvalidMatch.IgnoredRequiredItem" html="false" placeholder="true" mustcontains="{0}">Not specified REQUESTED field: {0}"</item>
  <item name="InvalidMatch.IgnoredRequiredItems" html="false" placeholder="true" mustcontains="{0}">NOT specified REQUESTED fields: {0}</item>
  <item name="InvalidMatch.IgnoredAllItems" html="false" placeholder="false">ATTENTION: you can not go on, if all the destination columns are set as "ignored"</item>
  <item name="InvalidMatch.NoRequiredItems" html="false" placeholder="false">ATTENTION: you can not go on, because there are no fields to associate.</item>
  <item name="InvalidMatch.GenericError" html="false" placeholder="false">ATTENTION: you can not go on, verify  the correspondence source/destination columns and possible duplicated</item>
  <item name="InvalidMatch.IgnoredAlternativeRequiredItem" html="false" placeholder="true" mustcontains="{0}">Alternative requested field: {0}</item>
  <item name="InvalidMatch.IgnoredAlternativeRequiredItems" html="false" placeholder="true" mustcontains="{0}">Alternative REQUESTED fileds : {0}</item>
  <item name="Field.InvalidMatch.None" html="false" placeholder="false" />
  <item name="Field.InvalidMatch.DuplicatedItem" html="false" placeholder="false">Duplicated column</item>
  <item name="Field.InvalidMatch.IgnoredRequiredItem" html="false" placeholder="false">Required column NOT specified</item>
  <item name="Field.InvalidMatch.IgnoredAlternativeRequiredItem" html="false" placeholder="false">Alternative column is required and it was not specified</item>
  <item name="LTselectRow_t.text" disambiguation="S=seleziona (un solo carattere)" html="false" placeholder="false">S</item>
  <item name="LTrowInfo_t.text" disambiguation="E=errori (un solo carattere)" html="false" placeholder="false">E</item>
  <item name="InvalidImport.InvalidData" disambiguation="i=dato invalido (uno o due caratteri)" html="false" placeholder="true" mustcontains="[|]">[i]</item>
  <item name="InvalidImport.SourceDuplicatedData" disambiguation="sd=dato sorgente duplicato (uno o due caratteri)" html="false" placeholder="true" mustcontains="[|]">[sd]</item>
  <item name="InvalidImport.AlreadyExist" disambiguation="pp=dati presenti fra gli utenti invitati (uno o due caratteri)" html="false" placeholder="true" mustcontains="[|]">[pp]</item>
  <item name="InvalidImport.InvalidData.Description" disambiguation="i=dato invalido (uno o due caratteri)" html="false" placeholder="true" mustcontains="[|]">[i] - Invalid data"</item>
  <item name="InvalidImport.SourceDuplicatedData.Description" disambiguation="sd=dato sorgente duplicato (uno o due caratteri)" html="false" placeholder="true" mustcontains="[|]">[sd] - Duplicated source data</item>
  <item name="InvalidImport.AlreadyExist.Description" disambiguation="pp=dati presenti fra gli utenti invitati (uno o due caratteri)" html="false" placeholder="false">[pp] - Data contained among the invited users</item>
</Resource>