<?xml version="1.0" encoding="utf-8"?>
<Resource xmlns:xsi="http://www.w3.org/2001/XMLSchema-instance" xmlns:xsd="http://www.w3.org/2001/XMLSchema" xmlns="urn:ComolTranslation">
  <item name="InsertEmoticons.Title" html="false" placeholder="false">Insert icon</item>
  <item name="InsertEmoticons.Info" html="false" placeholder="false">Click on icon to insert it in text</item>
  <item name="InsertLatex.Title" html="false" placeholder="false">Insert LaTex</item>
  <item name="InsertLatex.Info" html="false" placeholder="false">Write the LaTex string to put in the text</item>
  <item name="InsertYoutube.Title" html="false" placeholder="false">Add YouTube video</item>
  <item name="InsertYoutube.Info" html="false" placeholder="false">Write the video url to put in the text</item>
  <item name="InsertWiki.Title" html="false" placeholder="false">Add wiki link</item>
  <item name="InsertWiki.Info" html="false" placeholder="false">Select link to wiki you want to insert in text</item>
  <item name="BTNinsertLatex.text" html="false" placeholder="false">Add</item>
  <item name="BTNinsertLatex.Tooltip" html="false" placeholder="false">Add formula</item>
  <item name="BTNinsertYoutube.text" html="false" placeholder="false">Add</item>
  <item name="BTNinsertYoutube.Tooltip" html="false" placeholder="false">Add video</item>
  <item name="BTNinsertWiki.text" html="false" placeholder="false">Add</item>
  <item name="BTNinsertWiki.Tooltip" html="false" placeholder="false">Insert link</item>
</Resource>