<?xml version="1.0" encoding="utf-8"?>
<Resource xmlns:xsi="http://www.w3.org/2001/XMLSchema-instance" xmlns:xsd="http://www.w3.org/2001/XMLSchema" xmlns="urn:ComolTranslation">
  <item name="BTNaddDown.text" disambiguation="singolare" html="false" placeholder="false">Add community</item>
  <item name="BTNaddDown.status" html="false" placeholder="false">Add one or more communities</item>
  <item name="BTNaddDown.ToolTip" html="false" placeholder="false">Add one or more communities</item>
  <item name="BTNaddUp.text" disambiguation="singolare" html="false" placeholder="false">Add community</item>
  <item name="BTNaddUp.status" html="false" placeholder="false">Add one or more communities</item>
  <item name="BTNaddUp.ToolTip" html="false" placeholder="false">Add one or more communities</item>
  <item name="BTNaddSelectedTop.text" disambiguation="singolare" html="false" placeholder="false">Add community</item>
  <item name="BTNaddSelectedTop.status" html="false" placeholder="false">Add selected</item>
  <item name="BTNaddSelectedTop.ToolTip" html="false" placeholder="false">Add selected</item>
  <item name="BTNaddSelectedBottom.text" disambiguation="singolare" html="false" placeholder="false">Add community</item>
  <item name="BTNaddSelectedBottom.status" html="false" placeholder="false">Add selected</item>
  <item name="BTNaddSelectedBottom.ToolTip" html="false" placeholder="false">Add selected</item>
  <item name="BTNundoSelectedTop.text" html="false" placeholder="false">Cancel</item>
  <item name="BTNundoSelectedTop.status" html="false" placeholder="false">Cancel insertion and close search window</item>
  <item name="BTNundoSelectedTop.ToolTip" html="false" placeholder="false">Cancel insertion and close search window</item>
  <item name="BTNundoSelectedBottom.text" html="false" placeholder="false">Cancel</item>
  <item name="BTNundoSelectedBottom.status" html="false" placeholder="false">Cancel insertion and close search window</item>
  <item name="BTNundoSelectedBottom.ToolTip" html="false" placeholder="false">Cancel insertion and close search window</item>
  <item name="LBsessionTimeout.text" html="false" placeholder="false">Work session has expired</item>
  <item name="BTNdelete.text" html="false" placeholder="false" />
  <item name="BTNdelete.status" html="false" placeholder="false">Delete community from list</item>
  <item name="BTNdelete.ToolTip" html="false" placeholder="false">Delete community from list</item>
  <item name="LBremoveCommunity_t.text" html="false" placeholder="false" hidden="true">X</item>
  <item name="LBcommunityName_t.text" html="false" placeholder="false">Name</item>
  <item name="LBcommunityType_t.text" html="false" placeholder="false">Type</item>
  <item name="LBorganization_t.text" html="false" placeholder="false">Organization:</item>
  <item name="LBcommunityStatus_t.text" disambiguation="status: attivo/chiuso/in corso/valutazione" html="false" placeholder="false">Status:</item>
  <item name="LBcommunityTypes_t.text" html="false" placeholder="false">Community types:</item>
  <item name="LBresponsible_t.text" html="false" placeholder="false">Responsible:</item>
  <item name="LBsearchBy.text" html="false" placeholder="false">Search by:</item>
  <item name="LBvalore_t.text" html="false" placeholder="false" />
  <item name="BTNsearch.text" html="false" placeholder="false">Find</item>
  <item name="BTNsearch.status" html="false" placeholder="false">Find</item>
  <item name="BTNsearch.ToolTip" html="false" placeholder="false">Find</item>
  <item name="LNBtutti.text" html="false" placeholder="false">All</item>
  <item name="LNBtutti.status" html="false" placeholder="false">All</item>
  <item name="LNBtutti.ToolTip" html="false" placeholder="false">All</item>
  <item name="LNBaltro.text" disambiguation="caratt.=caratteri" html="false" placeholder="false">Other charact.</item>
  <item name="LNBaltro.status" disambiguation="caratt.=caratteri" html="false" placeholder="false">Other charact.</item>
  <item name="LNBaltro.ToolTip" disambiguation="caratt.=caratteri" html="false" placeholder="false">Other charact.</item>
  <item name="CBXautoUpdate.text" disambiguation="agg.=aggiorna" html="false" placeholder="false">Refresh results</item>
  <item name="LBselectCommunity_t.text" disambiguation="S=seleziona (un solo carattere)" html="false" placeholder="false">S</item>
  <item name="LBpagesize.text" html="false" placeholder="false">N° elements per page:</item>
  <item name="CommunityStatus.None" disambiguation="Relativo a Comunità" html="false" placeholder="false">Anyone</item>
  <item name="CommunityStatus.Active" disambiguation="Relativo a Comunità" html="false" placeholder="false">active</item>
  <item name="CommunityStatus.Stored" disambiguation="Relativo a Comunità" html="false" placeholder="false">archived</item>
  <item name="CommunityStatus.Blocked" disambiguation="Relativo a Comunità" html="false" placeholder="false">blocked</item>
  <item name="CommunityStatus.Favorite" disambiguation="Relativo a Comunità" html="false" placeholder="false">favourite</item>
  <item name="AllTypes" html="false" placeholder="false">--  any   --</item>
  <item name="AllResponsible" html="false" placeholder="false">--  any   --</item>
  <item name="CommunityAvailability.All" html="false" placeholder="false">associated/not associated</item>
  <item name="CommunityAvailability.Subscribed" html="false" placeholder="false">Associated</item>
  <item name="CommunityAvailability.NotSubscribed" html="false" placeholder="false">not associated</item>
  <item name="LTprogress.text" html="false" placeholder="false">Please wait while saving data</item>
  <item name="LTerrors.text" html="false" placeholder="false">Error while performing the operation, please retry.</item>
  <item name="SearchCommunitiesBy.All" html="false" placeholder="false" hidden="true">--        --</item>
  <item name="SearchCommunitiesBy.Contains" html="false" placeholder="false">Name contains</item>
  <item name="SearchCommunitiesBy.StartAs" html="false" placeholder="false">Begins with</item>
  <item name="SearchCommunitiesBy.Owner" html="false" placeholder="false">Created by</item>
  <item name="SearchCommunitiesBy.Responsible" html="false" placeholder="false">Responsible</item>
  <item name="SearchCommunitiesBy.NameStartAs" html="false" placeholder="false">Name begins with</item>
  <item name="TranslateModalView.AddCommunities" html="false" placeholder="false">Select community to add</item>
</Resource>