﻿<?xml version="1.0" encoding="utf-8" ?>
<Resource xmlns="urn:ComolTranslation">
  <item name="LBusedLanguage_t.text">Internazionalizzazioni attivate:</item>
  <item name="LBlanguageAdd_t.text">Aggiungi</item>
  <item name="MultiLanguage.Name">Multi</item>
  <item name="MultiLanguage.ToolTip">Testo multilingua</item>
  <item name="LBname_t.text">Nome:</item>
  <item name="LBplaceholders_t.text">Campi dinamici:</item>
  <item name="LBshortText_t.text">Testo breve:</item>
  <item name="LBsubject_t.text">Oggetto:</item>
  <item name="LBdisplayAllPlaceHolders.text">Mostra tutti</item>
  <item name="LBdisplaySomePlaceHolders.text">Comprimi lista</item>
  <item name="DVdialog.Title">Descrizione campi dinamici</item>
</Resource>