﻿<?xml version="1.0" encoding="utf-8" ?>
<Resource xmlns="urn:ComolTranslation">
  <item name="Portalname">Portale / Home</item>
  <item name="nopermission">Spiacente, non hai i permessi per accedere a questa pagina.</item>
  <item name="serviceTitle.EditStandard">Modifica modello</item>
  <item name="serviceTitle.ModuleUserMessages">Lista messaggi</item>
  <item name="serviceTitle.ModuleTemplateMessage">Messaggio</item>
  <item name="serviceTitle.SentMessages">Messaggi inviati</item>
  <item name="NoMessageFound">Nessun messaggio trovato</item>
  <item name="LTmessageSentName_t.text">Nome</item>
  <item name="LTmessageSentOn_t.text">Inviato il</item>
  <item name="LTmessageSentAction_t.text">Azione</item>
  <item name="Not.ExternalTemplateCompliant">Modificato rispetto al modello {0}</item>
  <item name="HYPviewMessage.ToolTip">Visualizza il messaggio in un altra finestra</item>
  <item name="LTmessageSentSubject_t.text">Oggetto</item>
  <item name="RemovedUserName">Utente rimosso</item>
  <item name="UnknownUserName">Utente esterno</item>
  <item name="LTmessageSentBy_t.text" disambiguation="da=inteso come azione eseguita dall'utente">Da</item>
  <item name="LNBdisplayMessage.ToolTip">Visualizza il messaggio</item>
  <item name="LBmessageSubject_t.text">Oggetto:</item>

  <item name="Module.PlaceHoldersType.ToolTip">Servizio "{0}"</item>

  <item name="Module.SRVPRFMNG">Gestione profili</item>
  <item name="Common.PlaceHoldersType.CommunityName">Nome comunità</item>
  <item name="Common.PlaceHoldersType.UserName">Utente</item>
  <item name="Common.PlaceHoldersType.RoleName">Ruolo</item>
  <item name="Common.PlaceHoldersType.ProfileType">Tipo profilo</item>
  <item name="Common.PlaceHoldersType.SubscriptionOn">Iscritto il</item>
  <item name="Common.PlaceHoldersType.OrganizationName">Organizzazione</item>
  <item name="Common.PlaceHoldersType.IstanceName">Nome piattaforma</item>
  <item name="ModuleProfileManagement.PlaceHoldersType.Login">Login</item>
  <item name="ModuleProfileManagement.PlaceHoldersType.Mail">Mail utente</item>
  <item name="ModuleProfileManagement.PlaceHoldersType.Password">Password utente</item>
  <item name="ModuleProfileManagement.PlaceHoldersType.PasswordExpireOn">Scadenza password</item>
  <item name="ModuleProfileManagement.PlaceHoldersType.ExternalId">Identificativo esterno</item>
  <item name="ModuleProfileManagement.PlaceHoldersType.AuthenticationType">Tipo autenticazione</item>
  <item name="ModuleProfileManagement.PlaceHoldersType.InternalLoginUrl">Url login interna</item>
  <item name="ModuleProfileManagement.PlaceHoldersType.ExternalLoginUrl">Url login esterna</item>

  <item name="ModuleCallForPaper.PlaceHoldersType.CallName">Nome bando</item>
  <item name="ModuleCallForPaper.PlaceHoldersType.CallEdition">Edizione bando</item>
  <item name="ModuleCallForPaper.PlaceHoldersType.SubmissionDay">Giorno sottomissione</item>
  <item name="ModuleCallForPaper.PlaceHoldersType.SubmissionTime">Data/ora sottomissione</item>
  <item name="ModuleCallForPaper.PlaceHoldersType.CallCommunity" disambiguation="singolare">Comunità</item>
  <item name="ModuleCallForPaper.PlaceHoldersType.SubmitterName">Nome partecipante</item>
  <item name="ModuleCallForPaper.PlaceHoldersType.SubmitterSurname">Cognome partecipante</item>
  <item name="ModuleCallForPaper.PlaceHoldersType.SubmitterMail">Mail partecipante</item>
  <item name="ModuleCallForPaper.PlaceHoldersType.SubmitterType">Tipo partecipante</item>
  <item name="ModuleCallForPaper.PlaceHoldersType.AllFields">Campi inseriti</item>
  <item name="ModuleCallForPaper.PlaceHoldersType.CallPublicUrl">Link pubblico</item>
  <item name="ModuleCallForPaper.PlaceHoldersType.CallInternalUrl">Link interno</item>
  <item name="ModuleCallForPaper.PlaceHoldersType.SubmissionUrl">Link alla domanda</item>
  <item name="ModuleRequestForMembership.PlaceHoldersType.CallName">Nome Adesione</item>
  <item name="ModuleRequestForMembership.PlaceHoldersType.CallEdition">Edizione adesione</item>
  <item name="ModuleRequestForMembership.PlaceHoldersType.SubmissionDay">Giorno sottomissione</item>
  <item name="ModuleRequestForMembership.PlaceHoldersType.SubmissionTime">Data/ora sottomissione</item>
  <item name="ModuleRequestForMembership.PlaceHoldersType.CallCommunity" disambiguation="singolare">Comunità</item>
  <item name="ModuleRequestForMembership.PlaceHoldersType.SubmitterName">Nome partecipante</item>
  <item name="ModuleRequestForMembership.PlaceHoldersType.SubmitterSurname">Cognome partecipante</item>
  <item name="ModuleRequestForMembership.PlaceHoldersType.SubmitterMail">Mail partecipante</item>
  <item name="ModuleRequestForMembership.PlaceHoldersType.SubmitterType">Tipo partecipante</item>
  <item name="ModuleRequestForMembership.PlaceHoldersType.AllFields">Campi inseriti</item>
  <item name="ModuleRequestForMembership.PlaceHoldersType.CallPublicUrl">Link pubblico</item>
  <item name="ModuleRequestForMembership.PlaceHoldersType.CallInternalUrl">Link interno</item>
  <item name="ModuleRequestForMembership.PlaceHoldersType.SubmissionUrl">Link alla domanda</item>
  <item name="ModuleEduPath.PlaceHoldersType.PathName">Nome percorso</item>
  <item name="ModuleEduPath.PlaceHoldersType.UnitCount">Numero unità</item>
  <item name="ModuleEduPath.PlaceHoldersType.ActivitiesCount">Numero attività</item>
  <item name="ModuleEduPath.PlaceHoldersType.StartedActivities">Attività iniziate</item>
  <item name="ModuleEduPath.PlaceHoldersType.CompletedActivities">Attività completate</item>
  <item name="ModuleEduPath.PlaceHoldersType.NotStartedActivities">Attività non iniziate</item>
  <item name="ModuleEduPath.PlaceHoldersType.QuizName">Nome quiz</item>
  <item name="ModuleEduPath.PlaceHoldersType.QuizMinMark">Punteggio minimo</item>
  <item name="ModuleEduPath.PlaceHoldersType.QuizMark">Punteggio ottenuto</item>
  <item name="ModuleEduPath.PlaceHoldersType.QuizMaxMark">Punteggio massimo</item>
  <item name="ModuleEduPath.PlaceHoldersType.QuizAttempts">Numero tentativi</item>
  <item name="ModuleEduPath.PlaceHoldersType.QuizList"></item>
  <item name="ModuleEduPath.PlaceHoldersType.QuizTable"></item>
  <item name="ModuleEduPath.PlaceHoldersType.PathDuration">Durata percorso</item>
  <item name="ModuleEduPath.PlaceHoldersType.CompletedOn">Completato il</item>
  <item name="ModuleEduPath.PlaceHoldersType.PathMinCompletion">Completamento minimo</item>

  <item name="ModuleWebConferencing.PlaceHoldersType.RoomName">Nome stanza</item>
  <item name="ModuleWebConferencing.PlaceHoldersType.ToolTip.RoomName">Nome stanza</item>
  <item name="ModuleWebConferencing.PlaceHoldersType.RoomDescription">Descrizione stanza</item>
  <item name="ModuleWebConferencing.PlaceHoldersType.ToolTip.RoomDescription">Descrizione stanza</item>
  <item name="ModuleWebConferencing.PlaceHoldersType.RoomStartDate">Inizio</item>
  <item name="ModuleWebConferencing.PlaceHoldersType.ToolTip.RoomStartDate">Data e ora di inizio della conferenza/meeting/chat</item>
  <item name="ModuleWebConferencing.PlaceHoldersType.RoomEndDate">Fine</item>
  <item name="ModuleWebConferencing.PlaceHoldersType.ToolTip.RoomEndDate">Data e ora di fine della conferenza/meeting/chat</item>
  <item name="ModuleWebConferencing.PlaceHoldersType.RoomUrl">Url stanza</item>
  <item name="ModuleWebConferencing.PlaceHoldersType.ToolTip.RoomUrl">Url di accesso alla stanza</item>
  <item name="ModuleWebConferencing.PlaceHoldersType.UserKey">Chiave</item>
  <item name="ModuleWebConferencing.PlaceHoldersType.ToolTip.UserKey">Chiave di accesso alla stanza</item>
  <item name="ModuleWebConferencing.PlaceHoldersType.UserDisplayName">Cognome e nome utente</item>
  <item name="ModuleWebConferencing.PlaceHoldersType.ToolTip.UserDisplayName">Cognome e nome utente</item>
  <item name="ModuleWebConferencing.PlaceHoldersType.UserMail">Mail utente</item>
  <item name="ModuleWebConferencing.PlaceHoldersType.ToolTip.UserMail">Mail utente</item>
  <item name="ModuleWebConferencing.PlaceHoldersType.RoomCommunity">Comunità stanza</item>
  <item name="ModuleWebConferencing.PlaceHoldersType.ToolTip.RoomCommunity">Comunità di appartenenza della stanza</item>
  <item name="ModuleWebConferencing.PlaceHoldersType.RoomCreateDate">Data creazione</item>
  <item name="ModuleWebConferencing.PlaceHoldersType.ToolTip.RoomCreateDate">Data di creazione della stanza</item>
  <item name="ModuleWebConferencing.PlaceHoldersType.RoomCode">Codice stanza</item>
  <item name="ModuleWebConferencing.PlaceHoldersType.ToolTip.RoomCode">Codice di accesso alla stanza</item>
  <item name="ModuleWebConferencing.PlaceHoldersType.RoomCreatedBy">Creatore</item>
  <item name="ModuleWebConferencing.PlaceHoldersType.ToolTip.RoomCreatedBy">Creatore della stanza</item>
  <item name="ModuleWebConferencing.PlaceHoldersType.UserLanguageCode">Cod. lingua utente</item>
  <item name="ModuleWebConferencing.PlaceHoldersType.ToolTip.UserLanguageCode">Codice lingua utente</item>
  <item name="ModuleWebConferencing.PlaceHoldersType.IstanceName">Istanza Corrente</item>
  <item name="ModuleWebConferencing.PlaceHoldersType.ToolTip.IstanceName">Istanza Corrente</item>
  <!-- ModuleTicket-->
  <item name="ModuleTicket.PlaceHoldersType.UserMail">Mail utente</item>
  <item name="ModuleTicket.PlaceHoldersType.ToolTip.UserMail">Indirizzo mail utente</item>
  <item name="ModuleTicket.PlaceHoldersType.UserName">Nome utente</item>
  <item name="ModuleTicket.PlaceHoldersType.ToolTip.UserName">Nome utente</item>
  <item name="ModuleTicket.PlaceHoldersType.UserSureName">Cognome utente</item>
  <item name="ModuleTicket.PlaceHoldersType.ToolTip.UserSureName">Cognome utente</item>
  <item name="ModuleTicket.PlaceHoldersType.UserPassword">Password</item>
  <item name="ModuleTicket.PlaceHoldersType.ToolTip.UserPassword">Password assegnata all'utente</item>
  <item name="ModuleTicket.PlaceHoldersType.UserLanguageCode">Codice lingua utente</item>
  <item name="ModuleTicket.PlaceHoldersType.ToolTip.UserLanguageCode">Codice lingua associata all'utente</item>
  <item name="ModuleTicket.PlaceHoldersType.UserToken">Token utente</item>
  <item name="ModuleTicket.PlaceHoldersType.ToolTip.UserToken">Token di accesso</item>
  <item name="ModuleTicket.PlaceHoldersType.UserTokenExpiration">Validità token</item>
  <item name="ModuleTicket.PlaceHoldersType.ToolTip.UserTokenExpiration">Data scadenza TOKEN </item>
  <item name="ModuleTicket.PlaceHoldersType.UserTokenUrl">Url token</item>
  <item name="ModuleTicket.PlaceHoldersType.ToolTip.UserTokenUrl">Url con il token</item>
  <item name="ModuleTicket.PlaceHoldersType.ExternalAccessUrl">Url accesso</item>
  <item name="ModuleTicket.PlaceHoldersType.ToolTip.ExternalAccessUrl">Url Accesso Esterno </item>
  <item name="ModuleTicket.PlaceHoldersType.TicketStatus">Stati ticket</item>
  <item name="ModuleTicket.PlaceHoldersType.ToolTip.TicketStatus">Stato corrente del ticket</item>
  <item name="ModuleTicket.PlaceHoldersType.TicketCategoryCurrent">Categoria ticket</item>
  <item name="ModuleTicket.PlaceHoldersType.ToolTip.TicketCategoryCurrent">Categoria corrente del ticket</item>
  <item name="ModuleTicket.PlaceHoldersType.TicketCategoryInitial">Categoria iniziale ticket</item>
  <item name="ModuleTicket.PlaceHoldersType.ToolTip.TicketCategoryInitial">Categoria iniziale del ticket</item>
  <item name="ModuleTicket.PlaceHoldersType.TicketAssigner">Assegnatario</item>
  <item name="ModuleTicket.PlaceHoldersType.ToolTip.TicketAssigner">Assegnatario del ticket</item>
  <item name="ModuleTicket.PlaceHoldersType.TicketObject">Nome del ticket</item>
  <item name="ModuleTicket.PlaceHoldersType.ToolTip.TicketObject">Nome del ticket</item>
  <item name="ModuleTicket.PlaceHoldersType.TicketPreview">Testo breve ticket</item>
  <item name="ModuleTicket.PlaceHoldersType.ToolTip.TicketPreview">Testo breve del ticket</item>
  <item name="ModuleTicket.PlaceHoldersType.TicketLongText">Testo ticket</item>
  <item name="ModuleTicket.PlaceHoldersType.ToolTip.TicketLongText">Testo esteso del ticket</item>
  <item name="ModuleTicket.PlaceHoldersType.TicketSendDate">Data invio</item>
  <item name="ModuleTicket.PlaceHoldersType.ToolTip.TicketSendDate">Data invio del ticket.</item>
  <item name="ModuleTicket.PlaceHoldersType.TicketLanguage">Nome lingua</item>
  <item name="ModuleTicket.PlaceHoldersType.ToolTip.TicketLanguage">Nome lingua del ticket.</item>
  <item name="ModuleTicket.PlaceHoldersType.TicketLanguageCode">Codice lingua</item>
  <item name="ModuleTicket.PlaceHoldersType.ToolTip.TicketLanguageCode">Codice lingua del ticket.</item>
  <item name="ModuleTicket.PlaceHoldersType.TicketCreatorDisplayName">Creatore ticket</item>
  <item name="ModuleTicket.PlaceHoldersType.ToolTip.TicketCreatorDisplayName">Chi ha creato il ticket.</item>
  <item name="ModuleTicket.PlaceHoldersType.ActionDisplayName">Chi compie l'azione</item>
  <item name="ModuleTicket.PlaceHoldersType.ToolTip.ActionDisplayName">Nome visualizzato di CHI ha fatto l'azione (tipo per l'utente può anche essere solo "manager"...)</item>
  <item name="ModuleTicket.PlaceHoldersType.ActionRole">Ruolo svolto breve</item>
  <item name="ModuleTicket.PlaceHoldersType.ToolTip.ActionRole">"Qualifica" di chi ha compiuto l'azione</item>
  <item name="ModuleTicket.PlaceHoldersType.AnswerShortText">Risposta breve</item>
  <item name="ModuleTicket.PlaceHoldersType.ToolTip.AnswerShortText">Testo breve risposta</item>
  <item name="ModuleTicket.PlaceHoldersType.AnswerFullText">Risposta completa</item>
  <item name="ModuleTicket.PlaceHoldersType.ToolTip.AnswerFullText">Testo completo risposta (HTML)</item>
  <item name="ModuleTicket.PlaceHoldersType.CategoryName">Categoria</item>
  <item name="ModuleTicket.PlaceHoldersType.ToolTip.CategoryDescription">Nome della categoria di ticket.</item>
  <item name="ModuleTicket.PlaceHoldersType.CategoryDescription">Descrizione categoria</item>
  <item name="ModuleTicket.PlaceHoldersType.ToolTip.CategoryDescription">Descrizione della categoria.</item>
  <item name="ModuleTicket.PlaceHoldersType.CategoryLONGNameAndDescriptionLIST">Info categoria</item>
  <item name="ModuleTicket.PlaceHoldersType.ToolTip.CategoryLONGNameAndDescriptionLIST">Lista con lingua, nome e descrizione per tutte le lingue impostate.</item>
  <item name="ModuleTicket.PlaceHoldersType.CategoryType">Tipo categoria</item>
  <item name="ModuleTicket.PlaceHoldersType.ToolTip.CategoryType">Tipo categoria a cui assegnare/è stato assegnato il ticket.</item>
  <item name="ModuleTicket.PlaceHoldersType.CategoryLanguagesCodeList">Lingue</item>
  <item name="ModuleTicket.PlaceHoldersType.ToolTip.CategoryLanguagesCodeList">Lista con tutte le lingue impostate per quella categoria</item>
  <item name="ModuleTicket.PlaceHoldersType.CategoryNewAssignerDisplayName">Nuovo assegnatario</item>
  <item name="ModuleTicket.PlaceHoldersType.ToolTip.CategoryNewAssignerDisplayName">Nome del nuovo utente assegnatario</item>
  <!-- ModuleProjectManagement-->
  <item name="ModuleProjectManagement.PlaceHoldersType.ProjectName">Nome progetto</item>
  <item name="ModuleProjectManagement.PlaceHoldersType.ToolTip.ProjectName">Nome del progetto in cui si è coinvolti</item>
  <item name="ModuleProjectManagement.PlaceHoldersType.ProjectCommunity">Comunità progetto</item>
  <item name="ModuleProjectManagement.PlaceHoldersType.ToolTip.ProjectCommunity">Nome della comunità di appartenenza del progetto</item>
  <item name="ModuleProjectManagement.PlaceHoldersType.ProjectDashboardUrl">Nome progetto</item>
  <item name="ModuleProjectManagement.PlaceHoldersType.ToolTip.ProjectDashboardUrl">Nome del progettio in cui si è coinvolti</item>
  <item name="ModuleProjectManagement.PlaceHoldersType.ProjectsListUrl">Url progetti</item>
  <item name="ModuleProjectManagement.PlaceHoldersType.ToolTip.ProjectsListUrl">Url per raggiungere la lista dei progetti.</item>
  <item name="ModuleProjectManagement.PlaceHoldersType.TasksListUrl" disambiguation="plurale">Url attività progetto</item>
  <item name="ModuleProjectManagement.PlaceHoldersType.ToolTip.TasksListUrl">Url per raggiungere la lista delle attività.</item>
  <item name="ModuleProjectManagement.PlaceHoldersType.ExpiringTasksUrl" disambiguation="plurale">Url attività in scadenza</item>
  <item name="ModuleProjectManagement.PlaceHoldersType.ToolTip.ExpiringTasksUrl">Url per raggiungere la lista delle attività in scadenza.</item>
  <item name="ModuleProjectManagement.PlaceHoldersType.LateTasksUrl" disambiguation="plurale">Url attività in ritardo</item>
  <item name="ModuleProjectManagement.PlaceHoldersType.ToolTip.LateTasksUrl">Url per raggiungere la lista delle attività in ritardo.</item>
  <item name="ModuleProjectManagement.PlaceHoldersType.ToDoTasksUrl" disambiguation="plurale">Url attività da svolgere</item>
  <item name="ModuleProjectManagement.PlaceHoldersType.ToolTip.ToDoTasksUrl">Url per raggiungere la lista delle attività da svolgere.</item>
  <item name="ModuleProjectManagement.PlaceHoldersType.ResourceName">Risorsa</item>
  <item name="ModuleProjectManagement.PlaceHoldersType.ToolTip.ResourceName">Nome della risorsa</item>
  <item name="ModuleProjectManagement.PlaceHoldersType.ManagerName">Manager</item>
  <item name="ModuleProjectManagement.PlaceHoldersType.ToolTip.ManagerName">Nome della risorsa</item>
  <item name="ModuleProjectManagement.PlaceHoldersType.ToDoTasks" disambiguation="plurale">Attività da svolgere</item>
  <item name="ModuleProjectManagement.PlaceHoldersType.ToolTip.ToDoTasks">Elenco delle attività da svolgere.</item>
  <item name="ModuleProjectManagement.PlaceHoldersType.LateTasks" disambiguation="plurale">Attività scadute</item>
  <item name="ModuleProjectManagement.PlaceHoldersType.ToolTip.LateTasks">Elenco delle attività scadute.</item>
  <item name="ModuleProjectManagement.PlaceHoldersType.ExpiringTasks" disambiguation="plurale">Attività in scadenza progetto</item>
  <item name="ModuleProjectManagement.PlaceHoldersType.ToolTip.ExpiringTasks">Elenco delle attività in scadenza.</item>
  <item name="ModuleProjectManagement.PlaceHoldersType.TaskName">Nome attività</item>
  <item name="ModuleProjectManagement.PlaceHoldersType.ToolTip.TaskName">Nome dell'attività.</item>
  <!--NOTIFICATIONS-->
  <item name="ModuleWebConferencing.NotificationAction.Credential">Credenziali</item>
  <item name="ModuleWebConferencing.NotificationAction.LockUser">Blocco utente</item>
  <item name="ModuleWebConferencing.NotificationAction.UnLockUser">Sblocco utente</item>
  <item name="ModuleWebConferencing.NotificationAction.GenericInvitation">Invito generico</item>
  <item name="ModuleProfileManagement.NotificationAction.SetPassword">Impostazione password (admin)</item>
  <item name="ModuleProfileManagement.NotificationAction.RetrievePassword">Recupero password</item>
  <item name="ModuleProfileManagement.NotificationAction.ExpiredPassword">Password scaduta</item>
  <item name="ModuleProfileManagement.NotificationAction.ExpiringPassword">Password in scadenza</item>
  <item name="ModuleProfileManagement.NotificationAction.MyProfileCreated">Iscrizione piattaforma</item>
  <item name="ModuleProfileManagement.NotificationAction.CreateNewPassword">Creazione profilo</item>
  <!-- ModuleTicket-->
  <item name="ModuleTicket.NotificationAction.addAnswer">Risposta al ticket</item>
  <item name="ModuleTicket.NotificationAction.statusChange">Cambiamento di stato del ticket</item>
  <item name="ModuleTicket.NotificationAction.categoryChange">Cambiamento di categoria del ticket</item>
  <item name="ModuleTicket.NotificationAction.assignmentChange">Modifica assegnazione del ticket</item>
  <item name="ModuleTicket.NotificationAction.externalRegistration">Registrazione esterno</item>
  <item name="ModuleTicket.NotificationAction.externalRecover">Recupero credenziali esterno</item>
  <item name="ModuleTicket.NotificationAction.externalPasswordChanged">Cambiamento password</item>
  <item name="ModuleTicket.NotificationAction.categoryAssignedChange">Cambiamento assegnazione categoria</item>
  <!-- ModuleProjectManagement-->
  <item name="ModuleProjectManagement.NotificationAction.projectassigned">Progetto assegnato</item>
  <item name="ModuleProjectManagement.NotificationAction.projectdeleted">Progetto cancellato</item>
  <item name="ModuleProjectManagement.NotificationAction.projectsuspended">Progetto sospeso</item>
  <item name="ModuleProjectManagement.NotificationAction.taskcompleted">Attività completata</item>
  <item name="ModuleProjectManagement.NotificationAction.taskdeleted">Attività cancellata</item>
  <item name="ModuleProjectManagement.NotificationAction.taskassigned">Attività assegnata</item>
  <item name="ModuleProjectManagement.NotificationAction.weeksummary">Sommario settimanale</item>
  <item name="ModuleProjectManagement.NotificationAction.taskapproved">Attività approvate</item>
  <item name="ModuleProjectManagement.NotificationAction.tasknotapproved">Attività non approvata</item>
  
  <item name="LTmessageInfo.text" mustcontains="{0}" disambiguation="da = inteso come da un utente">Messaggio inviato da {0}</item>
  <item name="LTmessageInfoSentOn.text" mustcontains="{0}" disambiguation="inteso come il giorno">il {0}</item>
  <item name="LTmessageInfoSentAt.text" mustcontains="{0}" disambiguation="inteso come alle ore x:y">alle {0}</item>
  <item name="LBnoTemplateFound.text">Modello/Messaggio non individuato</item>
</Resource>