﻿<?xml version="1.0" encoding="utf-8"?>
<Resource xmlns:xsi="http://www.w3.org/2001/XMLSchema-instance">

    <item name="lbl_PkgName_t.text">Package:</item>
    <item name="lbl_ItmName_t.text">Item:</item>

    <item name="lbl_hour_Pkg_t.text">h</item>
    <item name="lbl_min_Pkg_t.text">m</item>
    <item name="lbl_sec_Pkg_t.text">s</item>

    <item name="lbl_hour_item_t.text">h</item>
    <item name="lbl_min_item_t.text">m</item>
    <item name="lbl_sec_item_t.text">s</item>

    <item name="Rbl_StatsTypePkg.0">Default</item>
    <item name="Rbl_StatsTypePkg.1">ByActivity</item>
    <item name="Rbl_StatsTypePkg.2">Custom</item>

    <item name="cbx_completitionPkg.text">Completition</item>
    <item name="cbx_completitionPkg.ToolTip">Completition</item>
    <item name="cbx_timePkg.text">Time</item>
    <item name="cbx_timePkg.ToolTip">Time</item>

    <item name="cbx_scoreRawPkg.text">Score</item>
    <item name="cbx_scoreRawPkg.ToolTip">Score</item>

    <item name="cbx_complItem.text">Completition</item>
    <item name="cbx_complItem.ToolTip">Completition</item>
    <item name="cbx_timeItem.text">Time</item>
    <item name="cbx_timeItem.ToolTip">Time</item>

    <item name="cbx_score_Item.text">Score</item>
    <item name="cbx_score_Item.ToolTip">Score</item>

    <item name="Lnk_SavePackage.text">Save</item>
    <item name="Lnk_SavePackage.ToolTip">Save Package data</item>
    <item name="Lnk_SavePackage.status">Save Package data</item>

    <item name="Lnk_SaveItem.text">Save</item>
    <item name="Lnk_SaveItem.ToolTip">Save Item data</item>
    <item name="Lnk_SaveItem.status">Save Item data</item>

    <item name="Lbl_PkgDescription">Select the SCORM activity where you want to see metadata when "By Activity" is selected.</item>
    <item name="Lbl_PkgDescription.Admin">Select the SCORM activity where you want to insert a personalised metadata set when "By Activity" is selected.</item>

    <item name="Lbl_SettingDesc">Package or Activity settings.</item>
    <item name="Lbl_SettingDesc.Admin">Select the package's or activity’s completion mode.</item>

    <item name="Lnk_ModifyCustom.Text">Modify</item>

    <item name="Message.Saved">Saved.</item>

    <item name="Error.NoFileMetadata">Errore. File not analyzed.</item>

</Resource>