<?xml version="1.0" encoding="utf-8"?>
<Resource xmlns:xsi="http://www.w3.org/2001/XMLSchema-instance" xmlns:xsd="http://www.w3.org/2001/XMLSchema" xmlns="urn:ComolTranslation">
  <item name="Lbl_NomeFile_t.text" html="false" placeholder="false">File analyzed: </item>
  <item name="Lbl_UserName_t.text" html="false" placeholder="false">User name: </item>
  <item name="Lbl_NumActivity_t.text" disambiguation="Scorm Activity" html="false" placeholder="false">Completed activities: </item>
  <item name="Lbl_NumPlay_t.text" description="Numero di play" html="false" placeholder="false">N° Play: </item>
  <item name="Lbl_TotalTime_t.text" html="false" placeholder="false">Total time: </item>
  <item name="Lbl_Filter_t.text" description="Filtro per statistiche Scorm" html="false" placeholder="false">Filter: </item>
  <item name="Lbl_TotalScore_t.text" html="false" placeholder="false">Total score: </item>
  <item name="Lbl_Completition_t.text" html="false" placeholder="false">Status: </item>
  <item name="BackGreenStr" description="Codice colore" disambiguation="non tradurre" html="false" placeholder="false" hidden="true">#99FF99</item>
  <item name="BackYellowStr" description="Codice colore" disambiguation="non tradurre" html="false" placeholder="false" hidden="true">#FFFF99</item>
  <item name="BackRedStr" description="Codice colore" disambiguation="non tradurre" html="false" placeholder="false" hidden="true">#FF9999</item>
  <item name="Lbl_NoData.text" html="false" placeholder="false">No data.</item>
  <item name="Lbl_Filter_T.text" description="Filtro per statistiche Scorm" html="false" placeholder="false">Filter: </item>
  <item name="Filter.ByActivity" html="false" placeholder="false">By activity</item>
  <item name="Filter.Default" html="false" placeholder="false">Default</item>
  <item name="Filter.Custom" html="false" placeholder="false">Custumized</item>
</Resource>