﻿<?xml version="1.0" encoding="utf-8"?>
<Resource xmlns:xsi="http://www.w3.org/2001/XMLSchema-instance">
  <item name="serviceTitle">Add new user profile</item>
  <item name="LBNopermessi.text">Sorry, you don't have permission to access this page.</item>
  <item name="LogoutMessage">We are sorry, the session is expired. Retry to login in the system</item>
	<item name="HYPreturnToList.text">Back to profiles</item>
	<item name="HYPreturnToList.ToolTip">Back to profiles</item>
	<item name="HYPreturnToList.status">Back to profiles</item>
	<item name="StartNextButton.text">Continue</item>
	<item name="StartNextButton.ToolTip">Continue to next step.</item>
	<item name="StepNextButton.text">Continue</item>
	<item name="StepNextButton.ToolTip">Continue to next step.</item>
	<item name="StepPreviousButton.text">Back</item>
	<item name="StepPreviousButton.ToolTip">Back to previous step.</item>
	<item name="FinishPreviousButton.text">Back</item>
	<item name="FinishPreviousButton.ToolTip">Back to previous step.</item>
	<item name="FinishButton.text">Create</item>
	<item name="FinishButton.ToolTip">Create user profile</item>
	<item name="LBselectUserType.text">STEP 1 - Select profile type to create</item>
	<item name="LBselectOrganization.text">STEP 2 - Select organization/s</item>
	<item name="LBauthenticationType.text">STEP 3 - Select user authentication type</item>
	<item name="LBbaseUserInfo.text">STEP 4 - Base user info</item>
	<item name="LBdetailedUserInfo.text">STEP 5 - Advanced details</item>
	<item name="LBsummary.text">FINAL STEP - Confirm profile data and save</item>	
</Resource>