<?xml version="1.0" encoding="utf-8"?>
<Resource xmlns:xsi="http://www.w3.org/2001/XMLSchema-instance" xmlns:xsd="http://www.w3.org/2001/XMLSchema" xmlns="urn:ComolTranslation">
  <item name="serviceTitle" html="false" placeholder="false">User profile management</item>
  <item name="LBNopermessi.text" html="false" placeholder="false">Sorry, you do not have permission to access this page.</item>
  <item name="LogoutMessage" html="false" placeholder="false">Sorry, your session has expired, you have to log into the system again.</item>
  <item name="HYPaddProfile.text" html="false" placeholder="false">New profile</item>
  <item name="HYPaddProfile.ToolTip" html="false" placeholder="false">Adds a new profile</item>
  <item name="HYPaddProfile.status" html="false" placeholder="false">Adds a new profile</item>
  <item name="LBorganizzazione_t.text" description="Organizz. = organizzazione" html="false" placeholder="false">Organiz.:</item>
  <item name="DDLorganizations.-1" html="false" placeholder="false">--		All		--</item>
  <item name="LBprofileType_t.text" html="false" placeholder="false">Type:</item>
  <item name="DDLprofileType.-1" html="false" placeholder="false">--		All		--</item>
  <item name="DDLauthenticationType.-1" html="false" placeholder="false">--		All		--</item>
  <item name="LBstatus_t.text" disambiguation="status: attivo/chiuso/in corso/valutazione" html="false" placeholder="false">Status:</item>
  <item name="ProfilesStatus.-1" html="false" placeholder="false">--		All		--</item>
  <item name="ProfilesStatus.1" html="false" placeholder="false">Active</item>
  <item name="ProfilesStatus.2" html="false" placeholder="false">Disabled</item>
  <item name="ProfilesStatus.3" html="false" placeholder="false">Pending</item>
  <item name="LBauthenticationType_t.text" html="false" placeholder="false">Authentic. type:</item>
  <item name="DDLauthenticationType.-1" html="false" placeholder="false">--		Tutti		--</item>
  <item name="LBtipoRicerca_t.text" html="false" placeholder="false">Find:</item>
  <item name="ProfileSearchBy.-1" description="non tradurre" html="false" placeholder="false">--				--</item>
  <item name="ProfileSearchBy.1" html="false" placeholder="false">Contains</item>
  <item name="ProfileSearchBy.2" html="false" placeholder="false">Login</item>
  <item name="ProfileSearchBy.3" html="false" placeholder="false">Mail</item>
  <item name="ProfileSearchBy.4" html="false" placeholder="false">Matriculation number</item>
  <item name="ProfileSearchBy.5" html="false" placeholder="false">Name</item>
  <item name="ProfileSearchBy.6" html="false" placeholder="false" />
  <item name="ProfileSearchBy.7" html="false" placeholder="false">Surname</item>
  <item name="ProfileSearchBy.8" html="false" placeholder="false">Tax code</item>
  <item name="LBvalore_t.text" html="false" placeholder="false">Value:</item>
  <item name="BTNcerca.text" html="false" placeholder="false">Find</item>
  <item name="BTNcerca.ToolTip" html="false" placeholder="false">Find</item>
  <item name="BTNcerca.status" html="false" placeholder="false">Find</item>
  <item name="CBXautoUpdate.text" disambiguation="Agg.=aggiorna" html="false" placeholder="false">Refresh results</item>
  <item name="LBpagesize.text" html="false" placeholder="false">Per page:</item>
  <item name="LBinfo_t.text" disambiguation="I=informazione (un solo carattere)" html="false" placeholder="false">I</item>
  <item name="LBedit.text" disambiguation="M=modifica (un solo carattere)" html="false" placeholder="false">M</item>
  <item name="LBdelete_t.text" disambiguation="C=cancella (un solo carattere)" html="false" placeholder="false">D</item>
  <item name="LBnameSurname_t.text" html="false" placeholder="false">Vital statistics</item>
  <item name="LBmail_t.text" html="false" placeholder="false">Mail</item>
  <item name="LBlogin_t.text" html="false" placeholder="false">Login</item>
  <item name="LBtipo_t.text" html="false" placeholder="false">Type</item>
  <item name="LBstatusInfo_t.text" disambiguation="S=status/condizione (un solo carattere)" html="false" placeholder="false">S</item>
  <item name="LBstatus_t.text" disambiguation="status: attivo/chiuso/in corso/valutazione" html="false" placeholder="false">Status</item>
  <item name="LBpwd_t.text" description="Passw = password" html="false" placeholder="false">Passw</item>
  <item name="LNBdelete.text" html="true" placeholder="true" mustcontains="{0}|{1}">&lt;img src="{0}" ToolTip="{1}"&gt;</item>
  <item name="LNBdelete.status" html="false" placeholder="false">Delete profile.</item>
  <item name="LNBdelete.ToolTip" html="false" placeholder="false">Delete profile.</item>
  <item name="LNBdelete.ConfirmText" html="false" placeholder="false">Are you sure you want to delete the selected profile?</item>
  <item name="LNBedit.text" html="false" placeholder="false" hidden="true">&lt;img src="{0}" ToolTip="{1}"&gt;</item>
  <item name="LNBedit.status" html="false" placeholder="false">Modify profile.</item>
  <item name="LNBedit.ToolTip" html="false" placeholder="false">Modify profile.</item>
  <item name="staus.activate" disambiguation="verbo" html="false" placeholder="false">Activate</item>
  <item name="staus.activate.ToolTip" html="false" placeholder="false">Activate profile while waiting for confirmation</item>
  <item name="staus.disable" disambiguation="relativo  profilo utente;verbo" html="false" placeholder="false">Disable</item>
  <item name="staus.disable.ToolTip" html="false" placeholder="false">Disable profile</item>
  <item name="staus.enable" disambiguation="relativo a profilo utente" html="false" placeholder="false">Enable</item>
  <item name="staus.enable.ToolTip" html="false" placeholder="false">Enable profile</item>
  <item name="LNBpassword.text" html="false" placeholder="false">Send new</item>
  <item name="LNBpassword.status" html="false" placeholder="false">Send a new password to the user</item>
  <item name="LNBpassword.ToolTip" html="false" placeholder="false">Send a new password to the user</item>
  <item name="LNBlogin.text" html="false" placeholder="false">Logon as ..</item>
  <item name="LNBlogin.status" html="false" placeholder="false">Logon with the selected profile.</item>
  <item name="LNBlogin.ToolTip" html="false" placeholder="false">Logon with the selected profile.</item>
  <item name="LNBchangeProfile.text" html="false" placeholder="false">Change type</item>
  <item name="LNBchangeProfile.status" html="false" placeholder="false">Change profile type</item>
  <item name="LNBchangeProfile.ToolTip" html="false" placeholder="false">Change profile type</item>
  <item name="HYPreturnToList.text" html="false" placeholder="false">Back to profiles </item>
  <item name="HYPreturnToList.ToolTip" html="false" placeholder="false">Back to profiles </item>
  <item name="HYPreturnToList.status" html="false" placeholder="false">Back to profiles </item>
  <item name="serviceTitleRemove" html="false" placeholder="true" mustcontains="{0}">Delete the profile of {0}</item>
  <item name="LNBconfirmDelete.text" html="false" placeholder="false">Delete</item>
  <item name="LNBconfirmDelete.status" html="false" placeholder="false">Delete definitively the profile from the platform.</item>
  <item name="LNBconfirmDelete.ToolTip" html="false" placeholder="false">Delete definitively the profile from the platform.</item>
  <item name="Delete.Single" html="false" placeholder="true" mustcontains="{0}|{1}">Are you sure you want to permanently delete the profile of {0} ({1}) ?</item>
  <item name="Delete.Multiple" html="false" placeholder="true" mustcontains="{0}|{1}">If you delete the profile of  {0} ({1}) you will also delete his/her communities, enrollments, files, etc. Continue??</item>
</Resource>