﻿<?xml version="1.0" encoding="utf-8"?>
<Resource xmlns:xsi="http://www.w3.org/2001/XMLSchema-instance">
  <item name="LBnome_t.text">Name:&amp;nbsp;</item>
  <item name="LBdescrizione_t.text">Description:&amp;nbsp;</item>
  <item name="LBorganizzazione_t.text">Organisation:&amp;nbsp;</item>
  <item name="LBabilitata_t.text">Active:&amp;nbsp;</item>
  <item name="CBXabilitata.text">Yes</item>
  <item name="LBchiusa_t.text">Subscription:&amp;nbsp;</item>
  <item name="CBXchiusa.text">Free</item>
  <item name="LBdimensione_t.text">File space:&amp;nbsp;</item>
  <item name="abilitata.True">Yes.</item>
  <item name="abilitata.False">No.</item>
  <item name="chiusa.True">Free.</item>
  <item name="chiusa.False">Only after the teacher confirm.</item>
  <item name="dimensione.infinita">No limits</item>
</Resource>