﻿<?xml version="1.0" encoding="utf-8"?>
<Resource xmlns:xsi="http://www.w3.org/2001/XMLSchema-instance">
  <item name="BTNfind.text">Search</item>
  <item name="BTNfind.ToolTip">Search</item>
  <item name="BTNfind.status">Search</item>
  <item name="BTNscelta.text">-&gt;</item>
  <item name="BTNscelta.ToolTip">Aggiungi</item>
  <item name="BTNscelta.status">Add the selected users</item>
  <item name="BTNrimuovi.text">&lt;-</item>
  <item name="BTNrimuovi.ToolTip">Togli</item>
  <item name="BTNrimuovi.status">Remove the selected users</item>
  <item name="BTconferma.text">Confirm</item>
  <item name="BTconferma.ToolTip">Confirm and close the address b</item>
  <item name="BTconferma.status">Confirm and close the address b</item>
  <item name="LKBtutti.text">- All -</item>
  <item name="LKBtutti.ToolTip">Show all</item>
  <item name="LKBtutti.status">Show all</item>
  <item name="LKBa.text">a</item>
  <item name="LKBb.text">b</item>
  <item name="LKBc.text">c</item>
  <item name="LKBd.text">d</item>
  <item name="LKBe.text">e</item>
  <item name="LKBf.text">f</item>
  <item name="LKBg.text">g</item>
  <item name="LKBh.text">h</item>
  <item name="LKBi.text">i</item>
  <item name="LKBj.text">j</item>
  <item name="LKBk.text">k</item>
  <item name="LKBl.text">l</item>
  <item name="LKBm.text">m</item>
  <item name="LKBn.text">n</item>
  <item name="LKBo.text">o</item>
  <item name="LKBp.text">p</item>
  <item name="LKBq.text">q</item>
  <item name="LKBr.text">r</item>
  <item name="LKBs.text">s</item>
  <item name="LKBt.text">t</item>
  <item name="LKBu.text">u</item>
  <item name="LKBv.text">v</item>
  <item name="LKBw.text">w</item>
  <item name="LKBx.text">x</item>
  <item name="LKBy.text">y</item>
  <item name="LKBz.text">z</item>
  <item name="LKBa.ToolTip">Filter</item>
  <item name="LKBb.ToolTip">Filter</item>
  <item name="LKBc.ToolTip">Filter</item>
  <item name="LKBd.ToolTip">Filter</item>
  <item name="LKBe.ToolTip">Filter</item>
  <item name="LKBf.ToolTip">Filter</item>
  <item name="LKBg.ToolTip">Filter</item>
  <item name="LKBh.ToolTip">Filter</item>
  <item name="LKBi.ToolTip">Filter</item>
  <item name="LKBj.ToolTip">Filter</item>
  <item name="LKBk.ToolTip">Filter</item>
  <item name="LKBl.ToolTip">Filter</item>
  <item name="LKBm.ToolTip">Filter</item>
  <item name="LKBn.ToolTip">Filter</item>
  <item name="LKBo.ToolTip">Filter</item>
  <item name="LKBp.ToolTip">Filter</item>
  <item name="LKBq.ToolTip">Filter</item>
  <item name="LKBr.ToolTip">Filter</item>
  <item name="LKBs.ToolTip">Filter</item>
  <item name="LKBt.ToolTip">Filter</item>
  <item name="LKBu.ToolTip">Filter</item>
  <item name="LKBv.ToolTip">Filter</item>
  <item name="LKBw.ToolTip">Filter</item>
  <item name="LKBx.ToolTip">Filter</item>
  <item name="LKBy.ToolTip">Filter</item>
  <item name="LKBz.ToolTip">Filter</item>
  <item name="LKBa.status">Filter by first letter</item>
  <item name="LKBb.status">Filter by first letter</item>
  <item name="LKBc.status">Filter by first letter</item>
  <item name="LKBd.status">Filter by first letter</item>
  <item name="LKBe.status">Filter by first letter</item>
  <item name="LKBf.status">Filter by first letter</item>
  <item name="LKBg.status">Filter by first letter</item>
  <item name="LKBh.status">Filter by first letter</item>
  <item name="LKBi.status">Filter by first letter</item>
  <item name="LKBj.status">Filter by first letter</item>
  <item name="LKBk.status">Filter by first letter</item>
  <item name="LKBl.status">Filter by first letter</item>
  <item name="LKBm.status">Filter by first letter</item>
  <item name="LKBn.status">Filter by first letter</item>
  <item name="LKBo.status">Filter by first letter</item>
  <item name="LKBp.status">Filter by first letter</item>
  <item name="LKBq.status">Filter by first letter</item>
  <item name="LKBr.status">Filter by first letter</item>
  <item name="LKBs.status">Filter by first letter</item>
  <item name="LKBt.status">Filter by first letter</item>
  <item name="LKBu.status">Filter by first letter</item>
  <item name="LKBv.status">Filter by first letter</item>
  <item name="LKBw.status">Filter by first letter</item>
  <item name="LKBx.status">Filter by first letter</item>
  <item name="LKBy.status">Filter by first letter</item>
  <item name="LKBz.status">Filter by first letter</item>
</Resource>