<?xml version="1.0" encoding="utf-8"?>
<Resource xmlns:xsi="http://www.w3.org/2001/XMLSchema-instance" xmlns:xsd="http://www.w3.org/2001/XMLSchema" xmlns="urn:ComolTranslation">
  <item name="LBTitolo.text" html="false" placeholder="false">Service statistics</item>
  <item name="Lnb_Cerca.text" html="false" placeholder="false">Search</item>
  <item name="Lnb_Cerca.ToolTip" html="false" placeholder="false">Apply filters</item>
  <item name="Lnb_Cerca.status" html="false" placeholder="false">Apply filters</item>
  <item name="TBSstat.0" html="false" placeholder="false">In current community</item>
  <item name="TBSstat.1" html="false" placeholder="false">Personals</item>
  <item name="Service.Scorm" html="false" placeholder="false">Scorm</item>
  <item name="Service.File" html="false" placeholder="false">File</item>
</Resource>