<?xml version="1.0" encoding="utf-8"?>
<Resource xmlns:xsi="http://www.w3.org/2001/XMLSchema-instance" xmlns:xsd="http://www.w3.org/2001/XMLSchema" xmlns="urn:ComolTranslation">
  <item name="Lbl_FileName_Dg.text" html="false" placeholder="false">File</item>
  <item name="Lbl_Scaricamenti_Dg.text" html="false" placeholder="false">Download number</item>
  <item name="Lbl_LastDownload_Dg.text" html="false" placeholder="false">Last download</item>
  <item name="LBL_NumPlay_t.text" html="false" placeholder="false">Overall downloads</item>
</Resource>