<?xml version="1.0" encoding="utf-8"?>
<Resource xmlns:xsi="http://www.w3.org/2001/XMLSchema-instance" xmlns:xsd="http://www.w3.org/2001/XMLSchema" xmlns="urn:ComolTranslation">
  <item name="LBelencoPadri.text" html="false" placeholder="false">List of membership communities:</item>
  <item name="DGComunitaAssociate.page" html="false" placeholder="true" mustcontains="#%%#">Page &lt;#%%#&gt;</item>
  <item name="DGComunitaAssociate.ordinamento.0.status" html="false" placeholder="true" mustcontains="#%%#">Ascending order by &lt;#%%#&gt;</item>
  <item name="DGComunitaAssociate.ordinamento.1.status" html="false" placeholder="true" mustcontains="#%%#">Descending order by &lt;#%%#&gt;</item>
  <item name="DGComunitaAssociate.ordinamento.2.status" html="false" placeholder="true" mustcontains="#%%#">Order by &lt;#%%#&gt;</item>
  <item name="DGComunitaAssociate.Tipo.HeaderText" html="false" placeholder="false">Type</item>
  <item name="DGComunitaAssociate.nome.HeaderText" disambiguation="singolare" html="false" placeholder="false">Community name</item>
  <item name="DGComunitaAssociate.Responsabile.HeaderText" html="false" placeholder="false">Responsible</item>
  <item name="DGComunitaAssociate.CMNT_dataCreazione.HeaderText" html="false" placeholder="false">Creation date</item>
  <item name="LBnoRecordAssociate.text" html="false" placeholder="false">This community does not belong to any community in the system</item>
  <item name="LBelencoPossibiliPadri.text" html="false" placeholder="false">Select other possible membership communities:</item>
  <item name="LBorganizzazione_t.text" html="false" placeholder="false">Organization:&amp;nbsp;</item>
  <item name="DDLorganizzazione.-1" html="false" placeholder="false">--	All  --</item>
  <item name="DDLorganizzazione.-2" disambiguation="relativo ad organizzazione" html="false" placeholder="false">--	None	--</item>
  <item name="LBtipoComunita_t.text" disambiguation="relativo a tipo comunità" html="false" placeholder="false">Type:&amp;nbsp;</item>
  <item name="DDLtipocomunita.-1" disambiguation="relativo a tipi comunità" html="false" placeholder="false">--	All  --</item>
  <item name="DDLtipocomunita.-2" disambiguation="relativo a tipi comunità" html="false" placeholder="false">--	None	--</item>
  <item name="LBannoAccademico_t.text" disambiguation="A.A.=Anno accademico" html="false" placeholder="false">A.Y:&amp;nbsp;</item>
  <item name="DDLannoAccademico.-1" disambiguation="relativo ad anni accademici" html="false" placeholder="false">--	All  --</item>
  <item name="DDLannoAccademico.-2" disambiguation="relativo ad anni accademici" html="false" placeholder="false">--	None	--</item>
  <item name="LBperiodo_t.text" html="false" placeholder="false">Period:&amp;nbsp;</item>
  <item name="DDLperiodo.-1" disambiguation="relativo a periodo" html="false" placeholder="false">--	All  --</item>
  <item name="DDLperiodo.-2" disambiguation="relativo a periodo" html="false" placeholder="false">--	None	--</item>
  <item name="LBcorsoDiStudi_t.text" disambiguation="Cds=Corso di studi" html="false" placeholder="false">Cds type:&amp;nbsp;</item>
  <item name="DDLtipoCorsoDiStudi.-1" disambiguation="relativo a tipo di corsi di studio (laurea)" html="false" placeholder="false">--	All  --</item>
  <item name="DDLtipoCorsoDiStudi.-2" disambiguation="relativo a tipo di corsi di studio (laurea)" html="false" placeholder="false">--	None	--</item>
  <item name="DGComunita.page" html="false" placeholder="true" mustcontains="#%%#">Page &lt;#%%#&gt;</item>
  <item name="DGComunita.ordinamento.0.status" html="false" placeholder="true" mustcontains="#%%#">Ascending order by &lt;#%%#&gt;</item>
  <item name="DGComunita.ordinamento.1.status" html="false" placeholder="true" mustcontains="#%%#">Descending order by &lt;#%%#&gt;</item>
  <item name="DGComunita.ordinamento.2.status" html="false" placeholder="true" mustcontains="#%%#">Order by &lt;#%%#&gt;</item>
  <item name="DGComunita.Tipo.HeaderText" html="false" placeholder="false">Type</item>
  <item name="DGComunita.nome.HeaderText" disambiguation="singolare" html="false" placeholder="false">Community name</item>
  <item name="DGComunita.Responsabile.HeaderText" html="false" placeholder="false">Responsible</item>
  <item name="DGComunita.CMNT_dataCreazione.HeaderText" html="false" placeholder="false">Creation date</item>
  <item name="LBnoPossibiliPadri.text" html="false" placeholder="false">No further membership comminities essun possibile ulteriore comunità di appartenenza in base ai criteri di ricerca specificati.</item>
  <item name="bloccate" html="false" placeholder="false">Blocked communities.</item>
  <item name="archiviate" html="false" placeholder="false">Archived communities.</item>
  <item name="principale" html="false" placeholder="false">(Main).</item>
</Resource>