﻿<?xml version="1.0" encoding="utf-8" ?>
<!--eng-->
<Resource xmlns="urn:ComolTranslation">
  <item name="UnknownUser">User removed</item>
  <item name="AnonymousUserTranslation">Unregistered user</item>
  <item name="LBsearchUserByFilter_t.text">Search for:</item>
  <item name="SearchProfilesBy.All">--	Ignore filter   --</item>
  <item name="SearchProfilesBy.Contains">Contains</item>
  <item name="SearchProfilesBy.Login">Login</item>
  <item name="SearchProfilesBy.Mail">Mail</item>
  <item name="SearchProfilesBy.Matricula">Matricola</item>
  <item name="SearchProfilesBy.Name">Name</item>
  <item name="SearchProfilesBy.Surname">Surname</item>
  <item name="SearchProfilesBy.TaxCode">Tax Code</item>
  <item name="LBselectMessages_t.text">from these messages:</item>
  <item name="LNBselectMessages.text">Select messages</item>
  <item name="LNBselectMessages.ToolTip">Select messages</item>
  <item name="LBselectMessages.0">(no selected).</item>
  <item name="LBselectMessages.1">( 1 selected).</item>
  <item name="LBselectMessages.n" mustcontains="{0}" placeholder="true">( {0} selected).</item>
  <item name="LBselectUsersByType_t.text">Display:</item>
  <item name="UserTypeFilter.None">potential participants</item>
  <item name="UserTypeFilter.Participant">participants</item>
  <item name="UserTypeFilter.Administrator">managers</item>
  <item name="UserTypeFilter.GenericMail">generic mail</item>
  <item name="UserTypeFilter.WithoutMembers">potential participants excluded</item>
  <item name="UserTypeFilter.ExternalParticipant">External participants</item>
  <item name="UserTypeFilter.InternalParticipant">Internal participants</item>
  <item name="UserTypeFilter.All">--	All   --</item>
  <item name="LBselectUsersByStatus_t.text">which are:</item>
  <item name="UserStatus.None"> //  </item>
  <item name="UserStatus.Locked">blocked</item>
  <item name="UserStatus.Unlocked">enabled</item>
  <item name="UserStatus.NotSubscribed">unregistered</item>
  <item name="UserStatus.All">--	All   --</item>
  <item name="LBselectUsersByMail_t.text">with mail:</item>
  <item name="MailStatus.None"> //  </item>
  <item name="MailStatus.Confirmed">verified</item>
  <item name="MailStatus.WaitingConfirm">not verified</item>
  <item name="MailStatus.All">--	All   --</item>
  <item name="LBcommunityRole_t.text">Role:</item>
  <item name="DDLroles.-1">--	Ignore filter   --</item>
  <item name="LBprofileType_t.text">Profile:</item>
  <item name="DDLprofileTypes.-1">--	Ignore filter   --</item>
  <item name="LBcommunityAgencyFilter_t.text">Agency/Corporation:</item>
  <item name="agencies.ignorefilter">--	Ignore filter   --</item>
  <item name="agencies.noemployeee">No agency associated</item>
  <item name="agencies.all">every associated agency</item>
  
  <item name="BTNapplyFilters.text">Apply</item>
  <item name="BTNapplyFilters.ToolTip">Apply filters</item>
  <item name="LNBselectRecipientsIntoAllPages.text">Select on all pages</item>
  <item name="LNBunselectRecipientsIntoAllPages.text">Deselect on all pages</item>
  <item name="LBsurnameNameHeader_t.text">Name</item>
  <item name="LBstatusHeader_t.text" disambiguation="status: abilitato/bloccato/altro">Status</item>
  <item name="LBmailHeader_t.text">Mail</item>
  <item name="LBuserAgencyNameHeader_t.text">Agency/Corporation</item>
  <item name="LBsurnameHeader_t.text">Surname</item>
  <item name="LTuserPartecipantType_t.text" disambiguation="tipo partecipante: utente/amministratore">Type</item>
  <item name="UserByMessagesOrder.Ascending">Ascending order by </item>
  <item name="UserByMessagesOrder.Descending">Descending order by</item>
  <item name="UserByMessagesOrder.None"></item>
  <item name="UserByMessagesOrder.ByMail">mail</item>
  <item name="UserByMessagesOrder.ByType">user type</item>
  <item name="UserByMessagesOrder.ByName">name</item>
  <item name="UserByMessagesOrder.BySurname">surname</item>
  <item name="UserByMessagesOrder.ByMessageNumber">Number of messages</item>
  <item name="UserByMessagesOrder.ByAgency">Agency/Corporation</item>
  <item name="UserByMessagesOrder.ByStatus">Participation status</item>


  <item name="LTmessages_t.text" >Messages</item>
  <item name="LTuserMessageActions_t.text" >Actions</item>
  <item name="HYPdisplayMessages.ToolTip">Display messages</item>
  <item name="LBemptyItems.text" >Utilizza  i filtri sopra la tabella per individuare gli utenti.</item>
  <item name="NoUsersForSelection" >No user found according to the specified criteria.</item>
  <item name="DVdialogMessages.ToolTip">Select messages</item>
  <item name="BTNcloseMessageSelectorWindow.text">Confirm</item>
  <item name="BTNcloseMessageSelectorWindow.ToolTip">Confirm messages selection</item>
  <item name="LBmailAddressCheck.None">-</item>
  <item name="LBmailAddressCheck.Confirmed">Mail Confirmed</item>
  <item name="LBmailAddressCheck.WaitingConfirm">Mail NOT confirmed</item>
  <item name="LBmailAddressCheck.All">-</item>
  <item name="LBuserStatus.None">-</item>
  <item name="LBuserStatus.Locked">Blocked</item>
  <item name="LBuserStatus.Unlocked">Enabled</item>
  <item name="LBuserStatus.NotSubscribed">//</item>
  <item name="LBuserStatus.ToolTip.None">-</item>
  <item name="LBuserStatus.ToolTip.Locked">User blocked</item>
  <item name="LBuserStatus.ToolTip.Unlocked">User enabled</item>
  <item name="LBuserStatus.ToolTip.NotSubscribed">User not registered in the room</item>
  
  <item name="LBwebconferenceusertype.None">User</item>
  <item name="LBwebconferenceusertype.ToolTip.None">Platform user</item>
  <item name="LBwebconferenceusertype.Participant">Participant</item>
  <item name="LBwebconferenceusertype.ToolTip.Participant">Participating user</item>
  <item name="LBwebconferenceusertype.InternalParticipant">Internal P.</item>
  <item name="LBwebconferenceusertype.ToolTip.InternalParticipant">Registered participant</item>
  <item name="LBwebconferenceusertype.ExternalParticipant">External P.</item>
  <item name="LBwebconferenceusertype.ToolTip.ExternalParticipant">Unregistered participant</item>
  <item name="LBwebconferenceusertype.Administrator">Manager</item>
  <item name="LBwebconferenceusertype.ToolTip.Administrator">Meeting manager</item>
  <item name="LBwebconferenceusertype.GenericMail">Mail</item>
  <item name="LBwebconferenceusertype.ToolTip.GenericMail">Generic mail</item>

  <item name="Enum.UserStatus.None"></item>
  <item name="Enum.UserStatus.Locked">blocked</item>
  <item name="Enum.UserStatus.Unlocked">enable</item>
  <item name="Enum.UserStatus.NotSubscribed">unregistered</item>
</Resource>