﻿<?xml version="1.0" encoding="utf-8" ?>
<!--eng-->
<Resource xmlns="urn:ComolTranslation">

    <item name="Step.Title.1">Parameters</item>
    <item name="Step.Description.1">Set room parameters. More settings will be available in edit mode.</item>
    <item name="Step.Title.2">Users selection</item>
    <item name="Step.Description.2">Select users you want to invite to the room and set the related parameters. Later you will be able to change these settings</item>
    <item name="Step.Title.3">Guests</item>
    <item name="Step.Description.3">It is possible to send an invite by mail to the registered users.</item>
    <item name="Step.Title.4">Summary?</item>
    <item name="Step.Description.4">Entry summary and confirmation request.</item>

    <item name="Error.NoName">Please name the romm.</item>
    
    <item name="RoomTitle.Chat" mustcontains="{0}">Chat {0}</item>

    <item name="LITerror.NoServer">Server not available.</item>
    <item name="LITerror.SessionTimeout">Session expired.</item>

    <item name="HYPlist.text">To list (annul)</item>
    <item name="HYPlist.ToolTip">To list (annul)</item>
    <item name="HYPlist.status">To list (annul)</item>

    <item name="LTtitle_t.text">Web Conferencing - room creation</item>
    <item name="LTtitlePage_t.text">Web Conferencing - room creation</item>
    
    <item name="LITdescription_t.text">
        Choose one of the available types.&lt;br/&gt;
      One to one chat , many to many meeting and Webinar (N to many) allow to create rooms with a default set of settings.&lt;br/&gt;
      Later you will be able to change these settings.</item>
    <item name="LITchat_t.text">1 to 1 chat</item>
    <item name="LITchatDesc_t.text">
        Create a private room with only two participants.&lt;br/&gt;
       Later you will be able to change these settings.
    </item>
    <item name="LITmeeting_t.text">Many to many meeting</item>
    <item name="LITmeetingDesc_t.text">
        Create a 4-5 people room, with all the features enabled (audio, video, chat).&lt;br/&gt;
       Later you will be able to change these settings.
    </item>
    <item name="LITlesson_t.text">Webinar (N to many)</item>
    <item name="LITlessonDesc_t.text">
        Create a room, without participants limit and customizing all features for every single user.&lt;br/&gt;
      Later you will be able to change these settings.
    </item>
    <item name="LITconference_t.text">Conference</item>
    <item name="LITconferenceDesc_t.text">Room with a moderator, a group of users with all the tools enabled, and a group of "passive" users with all of the tools disabled.</item>
    <item name="LITcustom_t.text">Customized</item>
    <item name="LITcustomDesc_t.text">You will able to customize room parameters to your liking</item>
    <item name="LITuserParam_t.text">User tools</item>
    <item name="LITusers_t.text">Users</item>

    <item name="CBXuserHost.text">Host</item>
    <item name="CBXuserHost.ToolTip">Host</item>
    <item name="CBXuserCtrl.text">Controller</item>
    <item name="CBXuserCtrl.ToolTip">Controller</item>
    <item name="CBXuserAudio.text">Audio</item>
    <item name="CBXuserAudio.ToolTip">Audio</item>
    <item name="CBXuserVideo.text">Video</item>
    <item name="CBXuserVideo.ToolTip">Video</item>
    <item name="CBXuserChat.text">Chat</item>
    <item name="CBXuserChat.ToolTip">Chat</item>

    
    <item name="LKBwizFirst.text">All'inizio</item>
    <item name="LKBwizFirst.ToolTip">All'inizio</item>
    <item name="LKBwizFirst.status">All'inizio</item>
    <item name="LKBwizBack.text">&lt; Back</item>
    <item name="LKBwizBack.ToolTip">&lt; Back</item>
    <item name="LKBwizBack.status">&lt; Back</item>
    <item name="LKBwizNext.text">Next &gt;</item>
    <item name="LKBwizNext.ToolTip">Next &gt;</item>
    <item name="LKBwizNext.status">Next &gt;</item>
    <item name="LKBwizFirstb.text">All'inizio</item>
    <item name="LKBwizFirstb.ToolTip">All'inizio</item>
    <item name="LKBwizFirstb.status">All'inizio</item>
    <item name="LKBwizBackb.text">&lt; Back</item>
    <item name="LKBwizBackb.ToolTip">&lt; Back</item>
    <item name="LKBwizBackb.status">&lt; Back</item>
    <item name="LKBwizNextb.text">Next &gt;</item>
    <item name="LKBwizNextb.ToolTip">Next &gt;</item>
    <item name="LKBwizNextb.status">Next &gt;</item>

    <item name="LKBwizCreate.text">Create</item>
    <item name="LKBwizCreate.ToolTip">Create</item>
    <item name="LKBwizCreate.status">Create</item>
    <item name="LKBwizCreate.ConfirmText">Room will be definitively created, do you want to continue?</item>

    <item name="LKBwizCreateb.text">Create</item>
    <item name="LKBwizCreateb.ToolTip">Create</item>
    <item name="LKBwizCreateb.status">Create</item>
    <item name="LKBwizCreateb.ConfirmText">Room will be definitively created, do you want to continue?</item>

    <item name="LBdescription">Select users</item>
    
</Resource>