﻿<?xml version="1.0" encoding="utf-8" ?>
<!--eng-->
<Resource xmlns="urn:ComolTranslation">
    <item name="LTtitle_t.text">Web Conferencing - Modify room</item>
    <item name="LTtitlePage_t.text">Web Conferencing - Modify room</item>
    
    <item name="HYPlist.text">To list</item>
    <item name="HYPlist.ToolTip">To list</item>
    <item name="HYPlist.status">To list</item>

    <item name="LBLtype_t.text">Room type</item>

    <item name="LITuser.text">Users settings</item>

    <item name="LKBSave.text">Save</item>
    <item name="LKBSave.ToolTip">Save</item>
    <item name="LKBSave.status">Save</item>
    <item name="LKBaddUser.text">Add user</item>
    <item name="LKBaddUser.ToolTip">Add internal user</item>
    <item name="LKBaddUser.status">Add internal user</item>
    <item name="LKBaddExtUser.text">Add external user</item>
    <item name="LKBaddExtUser.ToolTip">Add unregistered user</item>
    <item name="LKBaddExtUser.status">Add unregistered user</item>
    <item name="LKBupdate.text">Add user</item>
    <item name="LKBupdate.ToolTip">Update user settings</item>
    <item name="LKBupdate.status">Update user settings</item>

    <item name="LKBsetUsers.text">Add selected users</item>
    <item name="LKBsetUsers.ToolTip">Add selected users</item>
    <item name="LKBsetUsers.status">Add selected users</item>

    <item name="LKBtoList.text">To list</item>
    <item name="LKBtoList.ToolTip">Back to list</item>
    <item name="LKBtoList.status">Back to list</item>


    <!--<item name="CBXuserHost.text">Host</item>
    <item name="CBXuserHost.ToolTip">Host</item>
    <item name="CBXuserController.text">Controller</item>
    <item name="CBXuserController.ToolTip">Controller</item>-->
    <item name="CBXuserAdmin.text">Administrator</item>
    <item name="CBXuserAdmin.ToolTip">Administrator</item>

    <item name="CBXuserAudio.text">Audio</item>
    <item name="CBXuserAudio.ToolTip">Audio</item>
    <item name="CBXuserVideo.text">Video</item>
    <item name="CBXuserVideo.ToolTip">Video</item>
    <item name="CBXuserChat.text">Chat</item>
    <item name="CBXuserChat.ToolTip">Chat</item>

    <item name="DDLtype.VideoChat">VideoChat</item>
    <item name="DDLtype.Meeting">Meeting</item>
    <item name="DDLtype.Lesson">Lesson</item>
    <item name="DDLtype.Conference">Conference</item>
    <item name="DDLtype.Custom">Customized</item>

    <item name="LITerror.text.NoPermission">You do not have the permission to see this page</item>
    <item name="LITerror.text.TimeOut">Session expired</item>
    <item name="LITerror.text.NoServer">Server not available.</item>
    <item name="LITerror.text.MailNotSended">Mail not send.</item>
    

    <item name="DataGeneric.text">General settings</item>
    <item name="DataGeneric.description">Name, description, end/start date, notifications.</item>

    <item name="DataAdvance.text">Advanced settings</item>
    <item name="DataAdvance.description">Audio/video rating, enabled tools, registration.</item>

    <item name="Users.text">User settings</item>
    <item name="Users.description">Participants management: subscription, block, deletion.</item>

    <!--<item name="UsersInvitation.text">Inviti utenti</item>
    <item name="UsersInvitation.description">Per mandare inviti agli utenti iscritti.</item>-->

    <item name="ExternalAccess.text">Access</item>
    <item name="ExternalAccess.description">Access mode configuration for system , community and external users.</item>

    <!--<item name="GenericInvitation.text">Inviti generici</item>
    <item name="GenericInvitation.description">Inviti ad utenti che non sono iscritti alla stanza o non sono iscritti alla piattaforma</item>-->
    
    <item name="LBLurl_t.text">External access url:</item>
    <item name="LBLcode_t.text">Room code:</item>
    <item name="LBLManageSubscription_t.text">Subscriptions:</item>
    <item name="LBLManageSubscription_t.ToolTip">Subscription permissions management</item>
    
    <item name="HYPextLogin.text">Room access url</item>
    <item name="HYPextLogin.ToolTip">Click to enter</item>
    <item name="HYPextLogin.status">Click to enter</item>

    <item name="LKBcodeNew.generate.text">Generate</item>
    <item name="LKBcodeNew.generate.ToolTip">Generate room code</item>
    <item name="LKBcodeNew.generate.status">Generate room code</item>

    <item name="LKBcodeNew.update.text">Generate again</item>
    <item name="LKBcodeNew.update.ToolTip">Generate a new room code</item>
    <item name="LKBcodeNew.update.status">Generate a new room code</item>
    <item name="LKBcodeNew.update.ConfirmText">The current code has expired. All the sent invites will not be valid anymore. Continue?</item>

    <item name="LKBcodeDelete.text">Delete</item>
    <item name="LKBcodeDelete.ToolTip">Delete room code</item>
    <item name="LKBcodeDelete.status">Delete room code</item>
    <item name="LKBcodeDelete.ConfirmText">By deleting the current code, it will not be possible to access the room. All the sent invites will not be valid anymore. Continue?</item>

    <item name="LblSmType_t.text">Type</item>
    <item name="LblSmType_t.ToolTip">Access type</item>
    <item name="LblSmNotAllow_t.text">Not allowed</item>
    <item name="LblSmNotAllow_t.ToolTip">Not allowed</item>
    <item name="LblSmModerated_t.text">On approval</item>
    <item name="LblSmModerated_t.ToolTip">Access allowed only after administrator approval</item>
    <item name="LblSmAllowed_t.text">Autonomous</item>
    <item name="LblSmAllowed_t.ToolTip">Self registration and access</item>

    <item name="LblSmType.Community.text">Community</item>
    <item name="LblSmType.Community.ToolTip">Enrolled in the community</item>
    <item name="LblSmType.System.text">System</item>
    <item name="LblSmType.System.ToolTip">Registered to the system</item>
    <item name="LblSmType.External.text">External</item>
    <item name="LblSmType.External.ToolTip">Unregistered</item>
    
    <item name="Modal.InternalUsers.Title">Platform users</item>
    <item name="Modal.InternalUsers.Description">Platform users</item>
    <item name="Modal.ExternalUsers">Unregistered users</item>

    <item name="tag.VoidDateTime" description="Testo che sostituisce una data vuota nelle mail">no date</item>

    <item name="lit_descriptionUsr_t.text">Set custom permissions for the selected users.</item>
    <item name="lit_descriptionExtAc_t.text">Description...</item>

    <item name="LITintUsrPermission_t.text">Custom permissions</item>
    
</Resource>