﻿<?xml version="1.0" encoding="utf-8" ?>
<!--eng-->
<Resource xmlns="urn:ComolTranslation">
    <item name="LTtitle_t.text">Web Conferencing - Room list</item>
    <item name="LTtitlePage_t.text">Web Conferencing - Room list</item>

    <item name="LITname_t.text">Room name</item>
    <item name="LITtype_t.text">Type</item>
    <item name="LITusers_t.text">Users</item>
    <item name="LITaccess_t.text">Access</item>
    <item name="LITstatus_t.text">Status</item>
    <item name="LITactions_t.text">Actions</item>

    <item name="LITerror.text.NoSession">Session expired</item>
    <item name="LITerror.text.NoPermission">Non si dispone dei permessi necessari per accedere alla pagina...</item>
    <item name="LITerror.text.NoItem">Nessuna stanza disponibile o nessun risultato per i filtri impostati.</item>
    <item name="LITerror.text.NoServer">Server unavailable.</item>
    
    <item name="HYPadd.text">Create new</item>
    <item name="HYPadd.ToolTip">Create new room</item>
    <item name="HYPadd.status">Create new room</item>

    <item name="HYPname.text"></item>
    <item name="HYPname.ToolTip">Enter</item>
    <item name="HYPname.status">Enter the room</item>

    <item name="HYPedit.text"></item>
    <item name="HYPedit.ToolTip">Modify</item>
    <item name="HYPedit.status">Modify</item>

    <item name="HYPmanUsers.text"></item>
    <item name="HYPmanUsers.ToolTip">Users management</item>
    <item name="HYPmanUsers.status">Users management</item>

    <item name="HYPinvitations.text"></item>
    <item name="HYPinvitations.ToolTip">Invites management</item>
    <item name="HYPinvitations.status">Invites management</item>

    <item name="LKBdelete.text"></item>
    <item name="LKBdelete.ToolTip">Delete</item>
    <item name="LKBdelete.status">Delete</item>
    <item name="LKBdelete.ConfirmText">The room will be definitively deleted. Continue?</item>
    
    <item name="LKBinfo.text"></item>
    <item name="LKBinfo.ToolTip">Infos</item>
    <item name="LKBinfo.status">Infos</item>

    <item name="LKBrecords.text"></item>
    <item name="LKBrecords.ToolTip">Registrations</item>
    <item name="LKBrecords.status">Registrations</item>

    <item name="LKBfiles.text"></item>
    <item name="LKBfiles.ToolTip">Attachments and files</item>
    <item name="LKBfiles.status">Attachments and files</item>

    <item name="Type.VideoChat" description="Filtro tipo: chat, Webinar, ...">VideoChat</item>
    <item name="Type.Meeting" description="Filtro tipo: chat, Webinar, ...">Meeting</item>
    <item name="Type.Lesson" description="Filtro tipo: chat, Webinar, ...">Lessons</item>
    <item name="Type.Conference" description="Filtro tipo: chat, Webinar, ...">Webinar</item>
    <item name="Type.Custom" description="Filtro tipo: chat, Webinar, ...">Customized</item>
    
    <item name="UserNum.Unlimited" description="Numero utenti: #/ILLIMITATI">Unlimited</item>


    <item name="DateTime.Start">Start date</item>
    <item name="DateTime.End" description="Numero utenti: #/ILLIMITATI">End date</item>

    <item name="Status.Public">Public</item>
    <item name="Status.Private">Private</item>

    <item name="LBLrecord.text">Rec</item>
    <item name="LBLrecord.ToolTip">Recording activated</item>

    <item name="LITempty.text">No room found.</item>

    <item name="LKBrefreshRecording.text">Align recording</item>
    <item name="LKBrefreshRecording.ToolTip">Align recording with eWorks data</item>
    <item name="LKBrefreshRecording.status">Align recording with eWorks data</item>
    <item name="LKBrefreshRecording.ConfirmText">Attention. Alignment will affect EVERY room in the system. </item>
    
</Resource>