﻿<?xml version="1.0" encoding="utf-8" ?>
<!--eng-->
<Resource xmlns="urn:ComolTranslation">

    <item name="HYPList.text">To list (cancel)</item>
    <item name="HYPList.ToolTip">To list (cancel)</item>
    <item name="HYPList.status">To list (cancel)</item>

    <item name="LTtitle_t.text">Web Conferencing - External access</item>

    <item name="LITlogin_t.text">Login</item>
    <item name="LITsubscription_t.text">Registration</item>

    <item name="LBLlgnMail_t.text">eMail: </item>
    <item name="LBLlgnMail_t.ToolTip">eMail for entering conference</item>
    
    <item name="LBLlgnKey_t.text">Key: </item>
    <item name="LBLlgnKey_t.ToolTip">Access key</item>

    <item name="LBLloginDesc_t.text">Please insert data received by mail, or enter your mail address to receive new data.</item>
    <item name="LBLsubscribeDesc_t.text">In order to register, insert your name, surname, mail.</item>
    
    <item name="LKBlgnSendKey.text">Send key</item>
    <item name="LKBlgnSendKey.ToolTip">Send key</item>
    <item name="LKBlgnSendKey.status">Send key</item>

    <item name="LKBlgLogin.text">Enter</item>
    <item name="LKBlgLogin.ToolTip">Enter</item>
    <item name="LKBlgLogin.status">Enter</item>

    <item name="Error.none"></item>
    <item name="Error.NoServer">Server not available.</item>
    <item name="Error.UnknowRoom">Not recognized room or invalid url.</item>
    <item name="Error.InternalSubScriptionError">Internal registration error.</item>
    <item name="Error.AdminConfirmRequired"> Access not allowed, waiting for the administrator approval.</item>
    <item name="Error.NoPermission">Access not allowed .</item>
    <item name="Error.WrongUserKey">Wrong user key.</item>
    <item name="Error.NoTemplate">Mail sending temporarely disabled. Please retry later.</item>
    
</Resource>