﻿<?xml version="1.0" encoding="utf-8" ?>
<!--eng-->
<Resource xmlns="urn:ComolTranslation">
    <item name="LBLtitle_t.text">Title</item>
    <item name="LBLdescription_t.text">Description</item>
    <item name="LBLusedatetime_t.text">use start date</item>
    <item name="LBLstart_t.text">Start</item>
    <item name="LBLduration_t.text">Duratiion</item>
    <item name="LBLpwd_t.text">Password</item>
    <item name="LBLlanguage_t.text">Language</item>
    <item name="LBLprtLanguage_t.text">Participant language</item>
    <item name="LBLbitrate_t.text">Bitrate</item>
    <item name="LBLvideoCodec_t.text">Codec video</item>
    <item name="LBLvideoSize_t.text">Video size</item>
    <item name="LBLframerate_t.text">FrameRate</item>
    <item name="LBLaudiocodec_t.text">Codec Audio</item>
    <item name="LBLsharingType_t.text">Default tool</item>
    <item name="LBLpresence_t.text">Presence</item>
    <item name="LBLpartProperties_t.text">Participant tools (for public rooms - self resgistrations)</item>
    <item name="LBLproperties_t.text">Tools</item>
    <item name="LBLdashboard_t.text">Enable blackboard</item>
    <item name="LBLmeetingLog_t.text">Enable log</item>
    <item name="LBLrecording_t.text">Enable recording</item>
    <item name="LBLtimeZone_t.text">Time zone</item>
    <item name="LBLudpEnabled_t.text">Enable UDP</item>
    <item name="LBLneedAccount_t.text">Account needed</item>
    <item name="LBLforceHost_t.text">Force Host</item>
    <item name="LBLforceController_t.text">Force Controller</item>
    <item name="LBLcontroller_t.text">Controller</item>
    <item name="LBLhost_t.text">Host</item>
    <item name="LBLcrypt_t.text">Encrypt</item>
    <item name="LBLvavEnabled_t.text">Enable video, for the user with the highest audio level</item>
    
    <item name="CBXusedatetime.text">yes</item>
    <item name="CBXusedatetime.ToolTip">Enable start date usage</item>
    <item name="CBXpart_properties_avt_a.text">Audio</item>
    <item name="CBXpart_properties_avt_a.ToolTip">Enable Audio</item>
    <item name="CBXpart_properties_avt_v.text">Video</item>
    <item name="CBXpart_properties_avt_v.ToolTip">Enable Video</item>
    <item name="CBXpart_properties_avt_t.text">Chat</item>
    <item name="CBXpart_properties_avt_t.ToolTip">Enable Chat</item>
    <item name="CBXproperties_avt_a.text">Audio</item>
    <item name="CBXproperties_avt_a.ToolTip">Enable audio</item>
    <item name="CBXproperties_avt_v.text">Video</item>
    <item name="CBXproperties_avt_v.ToolTip">Enable video</item>
    <item name="CBXproperties_avt_t.text">Chat</item>
    <item name="CBXproperties_avt_t.ToolTip">Enable Chat</item>
    <item name="CBXdashboard.text">enable</item>
    <item name="CBXdashboard.ToolTip">Enable blackboard</item>
    <item name="CBXmeetinglog.text">enable</item>
    <item name="CBXmeetinglog.ToolTip">Enable log</item>
    <item name="CBXrecording.text">enable</item>
    <item name="CBXrecording.ToolTip">Enable recording</item>
    <item name="CBXudpenabled.text">enable</item>
    <item name="CBXudpenabled.ToolTip">Enable UDP</item>
    <item name="CBXneedaccount.text">Yes</item>
    <item name="CBXneedaccount.ToolTip"></item>
    <item name="CBXforcehost.text">Yes</item>
    <item name="CBXforcehost.ToolTip"></item>
    <item name="CBXforcecontroller.text">Yes</item>
    <item name="CBXforcecontroller.ToolTip"></item>
    <item name="CBXcontroller.text">Yes</item>
    <item name="CBXcontroller.ToolTip"></item>
    <item name="CBXhost.text">Yes</item>
    <item name="CBXhost.ToolTip"></item>
    <item name="CBXcrypt.text">Yes</item>
    <item name="CBXcrypt.ToolTip">Enable coding</item>

    <item name="DDLgeneric.null">-n.d.-</item>

    <item name="DDLsharingtype.none">None</item>
    <item name="DDLsharingtype.screen">Screen</item>
    <item name="DDLsharingtype.whiteboard">Blackboard</item>
    <item name="DDLsharingtype.browser">Browser</item>
    <item name="DDLsharingtype.dicom">DICOM</item>

    <item name="CbxvavEnabled.text">VAV enabled</item>
    <item name="CbxvavEnabled.ToolTip">VAV enabled</item>
</Resource>