<?xml version="1.0" encoding="utf-8" ?>
<!--eng-->
<Resource xmlns="urn:ComolTranslation">
    
	<item name="LBLpartizipants_t.text">Number of participants</item>
    <item name="LBLisModerated_t.text">Moderated</item>
    <item name="LBLpassword_t.text">Password</item>
	
    <item name="CBXisModerated.text">Yes</item>
    <item name="CBXisModerated.ToolTip">Moderated room</item>

    <item name="LBLname_t.text">Name</item>
    <item name="LBLname_t.ToolTip">Name</item>
    <item name="LBLsname_t.text">Surname</item>
    <item name="LBLsname_t.ToolTip">Surname</item>
    <item name="LBLmail_t.text">Mail</item>
    <item name="LBLmail_t.ToolTip">Mail</item>
    <item name="LBLsetAudio_t.text" description="Audio">A</item>
    <item name="LBLsetAudio_t.ToolTip">Audio</item>
    <item name="LBLsetVideo_t.text" description="=Video">V</item>
    <item name="LBLsetVideo_t.ToolTip">Video</item>
    <item name="LBLsetChat_t.text" description="Chat">C</item>
    <item name="LBLsetChat_t.ToolTip">Chat</item>
    <item name="LBLsetAdmin_t.text" description="Gestore - in Eng -> Cotnroller">Controller</item>
    <item name="LBLsetAdmin_t.ToolTip" description="Gestore - in Eng -> Cotnroller">Controller</item>
    <item name="LBLaction_t.text">Actions</item>
    <item name="LBLaction_t.ToolTip">Actions</item>
</Resource>