﻿<?xml version="1.0" encoding="utf-8" ?>
<!--eng-->
<Resource xmlns="urn:ComolTranslation">
    
    <item name="LBLfind_t.text">Search: </item>

    <item name="LKBupdate.text">Refresh</item>
    <item name="LKBupdate.ToolTip">Apply filters</item>
    <item name="LKBupdate.status">Apply filters</item>

    <item name="FindBy.Name">Name</item>
    <item name="FindBy.Surename">Surname</item>
    <item name="FindBy.Mail">eMail</item>

    <item name="FilterType.all">All</item>
    <item name="FilterType.system">Registered to the system</item>
    <item name="FilterType.external">External</item>

    <item name="LBLtype_t.text">User types: </item>
</Resource>