﻿<?xml version="1.0" encoding="utf-8" ?>
<!--eng-->
<Resource xmlns="urn:ComolTranslation">

    <item name="LBLfunctions_Name_t.text">Name</item>
    <item name="LBLfunctions_Name_t.ToolTip">Name</item>
    <item name="LBLfunctions_SureName_t.text">Surname</item>
    <item name="LBLfunctions_SureName_t.ToolTip">Surname</item>
    <item name="LBLfunctions_Mail_t.text">Mail</item>
    <item name="LBLfunctions_Mail_t.ToolTip">Mail</item>
    <item name="LBLfunctions_Invitation_t.text">Invites</item>
    <item name="LBLfunctions_Invitation_t.ToolTip">Invites</item>
    <!--<item name="LBLfunctions_Host_t.text">Host</item>
    <item name="LBLfunctions_Host_t.ToolTip">Host</item>
    <item name="LBLfunctions_Controller_t.text">Ctrl</item>
    <item name="LBLfunctions_Controller_t.ToolTip">Controller</item>-->

    <item name="LITfunctions_Admin.title" description="Alt titolo colonna Gestore, in ENG controller">Controller</item>
    <item name="LITfunctions_Admin.pre" description="Primo gruppo lettere nome colonna Gestore, in ENG Con-troller">Con</item>
    <item name="LITfunctions_Admin.post" description="Rimanante nome gruppo colonna Gestore, in ENG Con-troller">troller</item>
    <!--<item name="LBLfunctions_Video_t.text">V</item>
    <item name="LBLfunctions_Video_t.ToolTip">Video</item>
    <item name="LBLfunctions_Audio_t.text">A</item>
    <item name="LBLfunctions_Audio_t.ToolTip">Audio</item>
    <item name="LBLfunctions_Chat_t.text">C</item>
    <item name="LBLfunctions_Chat_t.ToolTip">Chat</item>-->
    <item name="LITfunctions_Chat.title" description="Alt titolo colonna">Chat</item>
    <item name="LITfunctions_Chat.pre" description="Primo gruppo lettere nome colonna">C</item>
    <item name="LITfunctions_Chat.post" description="Rimanante nome gruppo colonna">hat</item>

    <item name="LITfunctions_Audio.title" description="Alt titolo colonna">Audio</item>
    <item name="LITfunctions_Audio.pre" description="Primo gruppo lettere nome colonna">A</item>
    <item name="LITfunctions_Audio.post" description="Rimanante nome gruppo colonna">udio</item>

    <item name="LITfunctions_Video.title" description="Alt titolo colonna">Video</item>
    <item name="LITfunctions_Video.pre" description="Primo gruppo lettere nome colonna">V</item>
    <item name="LITfunctions_Video.post" description="Rimanante nome gruppo colonna">ideo</item>
    
    <item name="LBLfunctions_Actions_t.text">Actions</item>
    <item name="LBLfunctions_Actions_t.ToolTip">Actions</item>

    <item name="LITempty.text">No user found.</item>
</Resource>