﻿<?xml version="1.0" encoding="utf-8" ?>
<!--eng-->
<Resource xmlns="urn:ComolTranslation">

    <item name="LKBaddRow.text">Add rows</item>
    <item name="LKBaddRow.ToolTip">Add the selected number of rows</item>
    <item name="LKBaddRow.status">Add the selected number of rows</item>
    
    <item name="LKBaddUsers.text">Confirm</item>
    <item name="LKBaddUsers.ToolTip">Confirm and add the inserted users</item>
    <item name="LKBaddUsers.status">Confirm and add the inserted users</item>
    
    <item name="LKBUndo.text">Cancel</item>
    <item name="LKBUndo.ToolTip">Cancel</item>
    <item name="LKBUndo.status">Cancel</item>
    
    
    <item name="LBLname_t.text">Name</item>
    <item name="LBLname_t.ToolTip">User name</item>
    
    <item name="LBLsname_t.text">Surname</item>
    <item name="LBLsname_t.ToolTip">User surname</item>
    
    <item name="LBLmail_t.text">Mail</item>
    <item name="LBLmail_t.ToolTip">User mail</item>

    <item name="LBLlang_t.text">Language</item>
    <item name="LBLlang_t.ToolTip">User language- for communications and messages</item>
    
    <!--<item name="LBLsetAudio_t.text" description="Audio">A</item>
    <item name="LBLsetAudio_t.ToolTip">Audio</item>
    
    <item name="LBLsetVideo_t.text" description="Video">V</item>
    <item name="LBLsetVideo_t.ToolTip">Video</item>
    
    <item name="LBLsetChat_t.text" description="Chat">C</item>
    <item name="LBLsetChat_t.ToolTip"></item>-->
    <item name="LITfunctions_Chat.title" description="Alt titolo colonna">Chat</item>
    <item name="LITfunctions_Chat.pre" description="Primo gruppo lettere nome colonna">C</item>
    <item name="LITfunctions_Chat.post" description="Rimanante nome gruppo colonna">hat</item>

    <item name="LITfunctions_Audio.title" description="Alt titolo colonna">Audio</item>
    <item name="LITfunctions_Audio.pre" description="Primo gruppo lettere nome colonna">A</item>
    <item name="LITfunctions_Audio.post" description="Rimanante nome gruppo colonna">udio</item>

    <item name="LITfunctions_Video.title" description="Alt titolo colonna">Video</item>
    <item name="LITfunctions_Video.pre" description="Primo gruppo lettere nome colonna">V</item>
    <item name="LITfunctions_Video.post" description="Rimanante nome gruppo colonna">ideo</item>
    
    
    <!--<item name="LBLsetHost_t.text">Host</item>
    <item name="LBLsetHost_t.ToolTip"></item>

    <item name="LBLsetCtrl_t.text">Controller</item>
    <item name="LBLsetCtrl_t.ToolTip"></item>-->
    
    <item name="LITfunctions_Admin.title" description="Alt titolo colonna: Gestore in ENG Controller">Controller</item>
    <item name="LITfunctions_Admin.pre" description="Primo gruppo lettere nome colonna - Ge_store in ENG Controller">Co</item>
    <item name="LITfunctions_Admin.post" description="Rimanante nome gruppo colonna - Ge_store in ENG Controller">ntroller</item>
    
    <item name="LBLaction_t.text">Actions</item>
    <item name="LBLaction_t.ToolTip">Actions</item>

    <item name="Error.MailInSystem">Mail already present in the system. Use "Add internal" option.</item>
    <item name="Error.MailInRoom">Mail already present in the room.</item>
    <item name="Error.InternalError">Internal error.</item>
    <item name="Error.ParameterError">Invalid parameters.</item>
    <item name="Error.MailFormatError">Invalid mail format.</item>

    <item name="lit_description_t.text">Manual insertion of unregistered users and setting of the related permissions.</item>
    
</Resource>