﻿<?xml version="1.0" encoding="utf-8" ?>
<!--eng-->
<Resource xmlns="urn:ComolTranslation">
    
    <item name="LBLrooms_t.text" description="Filtro stanze: pubbliche, private e iscrizione">Filter rooms</item>
    <item name="LBLroomsType_t.text" description="Tipi stanze: chet, metting, lesson, ...">Filter by type</item>

    <item name="Visibility.all" description="Filtro visibilità: pubbliche/private">All</item>
    <item name="Visibility.Public" description="Filtro visibilità: pubbliche/private">Public</item>
    <item name="Visibility.Private" description="Filtro visibilità: pubbliche/private">Private</item>

    <item name="Access.all" description="Filtro accesso: solo iscritto, create, ...">All</item>
    <item name="Access.access" description="Filtro accesso: solo iscritto, create, ...">which i can access</item>
    <item name="Access.subscribed" description="Filtro accesso: solo iscritto, create, ...">to which I am registered</item>
    <item name="Access.created" description="Filtro accesso: solo iscritto, create, ...">which I created</item>

    <item name="Type.all" description="Filtro tipo: chat, Webinar, ...">All</item>
    <item name="Type.VideoChat" description="Filtro tipo: chat, Webinar, ...">VideoChat</item>
    <item name="Type.Meeting" description="Filtro tipo: chat, Webinar, ...">Meeting</item>
    <item name="Type.Lesson" description="Filtro tipo: chat, Webinar, ...">Lessons</item>
    <item name="Type.Conference" description="Filtro tipo: chat, Webinar, ...">Webinar</item>
    <item name="Type.Custom" description="Filtro tipo: chat, Webinar, ...">Customized</item>
    
</Resource>
