﻿<?xml version="1.0" encoding="utf-8" ?>
<!--eng-->
<Resource xmlns="urn:ComolTranslation">

    <!--<item name="LITfunctions_Name_t.text">Nome</item>
    <item name="LITfunctions_Mail_t.text">Mail</item>
    <item name="LITfunctions_Invitation_t.text">Inviti</item>
    <item name="LITfunctions_Host_t.text">Host</item>
    <item name="LITfunctions_Controller_t.text">Ctrl</item>
    <item name="LITfunctions_Video_t.text">V</item>
    <item name="LITfunctions_Audio_t.text">A</item>
    <item name="LITfunctions_Chat_t.text">C</item>
    <item name="LITfunctions_Actions_t.text">Azioni</item>-->
    <item name="Unknow.value">Unknow</item>
    
</Resource>