﻿<?xml version="1.0" encoding="utf-8" ?>
<!--eng-->
<Resource xmlns="urn:ComolTranslation">
    <item name="LBLname_t.text">Name</item>
    <item name="LBLdescription.text">Description</item>
    <item name="LBLstartDate_t.text">Start date</item>
    <item name="LBLendData_t.text">End date</item>
    <item name="LBLduration_t.text">Duration</item>
    <item name="LBLmaxAllowUsers_t.text">Users limit</item>
    <item name="LBLsubscribeMe_t.text">Enroll me</item>
    <item name="CBXsubscribeMe.text"></item>
    <item name="CBXisPublic.text"> public</item>
    <item name="LBLpublic_t.text">Visibility</item>

    <item name="LBLnotUsrEn_t.text">Notify enablement</item>
    <item name="LBLnotUsrEn_t.ToolTip">Notify enablement</item>
    <item name="CBXnotUsrEn.text">Send mail to the user when enabled</item>
    <item name="CBXnotUsrEn.ToolTip">Send mail to the user when enabled</item>

    <item name="LBLnotUsrDis_t.text">Notify Disabling</item>
    <item name="LBLnotUsrDis_t.ToolTip">Notify Disabling</item>
    <item name="CBXnotUsrDis.text">Send mail to the user once disabled</item>
    <item name="CBXnotUsrDis.ToolTip">Send mail to the user once disabled</item>
</Resource>