﻿<?xml version="1.0" encoding="utf-8" ?>
<!--eng-->
<Resource xmlns="urn:ComolTranslation">

    <item name="LBLname_t.text">Name:</item>
    <item name="LBLname_t.ToolTip">User name</item>
    <item name="LBLsname_t.text">Surname:</item>
    <item name="LBLsname_t.ToolTip">User surname</item>
    <item name="LBLemail_t.text">Mail:</item>
    <item name="LBLemail_t.ToolTip">User mail</item>
    <item name="LBLlanguage_t.text">Language:</item>
    <item name="LBLlanguage_t.ToolTip">Interface language</item>

    <item name="LBKsubscribe.text">Enroll me</item>
    <item name="LBKsubscribe.ToolTip">Subscribe to the room</item>
    <item name="LBKsubscribe.status">Subscribe to the room</item>

    <item name="SubCode.MailSended">The mail with your access data has been sent.</item>
    <item name="SubCode.RequestSended">Your request to subscribe the room was sent to the administrator.After confirmation, access data will be sent to you by mail.</item>
    <item name="SubCode.NoPermission">It is not possible to self register.</item>
    <item name="SubCode.ParametersError">Error. Please check the address.</item>
    <item name="SubCode.MailInRoom">The email address used as login, is already registered in the room. If you are the owner of the mail account, it is possible to send new credentials using the panel on top of this page.</item>
    <item name="SubCode.MailInSystem">La mail appartiene ad un utente già iscritto nel sistema. Collegarsi con le proprie credenziali prima di accedere alla pagina o utilizzare le credenziali fornita via mail.</item>
    <item name="SubCode.InternalError">Internal error. Temporarely it is not possible to enroll. Please retry later.</item>

</Resource>