﻿<?xml version="1.0" encoding="utf-8"?>
<Resource xmlns:xsi="http://www.w3.org/2001/XMLSchema-instance">
  <item name="LBTitolo.text">Forum Topic: Post list</item>
  <item name="LBNopermessi.text">You don't have th</item>
  <item name="LogoutMessage">We are sorry, the session is expired. Retry to login in the system</item>
  <item name="LNBforum.text">Forum index</item>
  <item name="LNBforum.status">Forum index</item>
  <item name="LNBforum.ToolTip">Forum index</item>
  <item name="LNBforum_bottom.text">Forum index</item>
  <item name="LNBforum_bottom.status">Forum index</item>
  <item name="LNBforum_bottom.ToolTip">Forum index</item>
  <item name="LBjumpToforum.text">Go to the Forum:</item>
  <item name="DDLforum.0">-- Select the forum .--</item>
  <item name="CHBnotificaMail.text">Notify the new posts via mail</item>
  <item name="LBordinamento_t.text">Post ordering: &amp;nbsp;</item>
  <item name="RBLordinamentoPost.0">From the first to the last</item>
  <item name="RBLordinamentoPost.1">From last to first</item>
  <item name="LBautore_t.text">Author</item>
  <item name="LBmessaggio_t.text">Message</item>
  <item name="HYLparent.text">(go to the father post).</item>
  <item name="HYLparent.status">Go to the post of the message</item>
  <item name="HYLparent.ToolTip">Go to the post of the message</item>
  <item name="LBtotalePost_t.text">Posts:</item>
  <item name="LBdataPost.text">Posted: #datapost# at #orapost#</item>
  <item name="LBdataPostModificato.text">| Modified: #datapost# at #orapost#</item>
  <item name="LBapprovato.censurato">&amp;nbsp; CENSORED MESSAGE&amp;nbsp;</item>
  <item name="LBapprovato.inattesa">&amp;nbsp;MESSAGE WAITING FOR CONFIRMATION&amp;nbsp;</item>
  <item name="LNBreply.text">Reply</item>
  <item name="LNBreply.status">Reply to the post</item>
  <item name="LNBreply.ToolTip">Reply to the post</item>
  <item name="LNBreplyQuote.text">Reply and quote</item>
  <item name="LNBreplyQuote.status">Reply and quote the post</item>
  <item name="LNBreplyQuote.ToolTip">Reply and quote the post</item>
  <item name="LNBmodifica.text">Edit</item>
  <item name="LNBmodifica.status">Modify the post</item>
  <item name="LNBmodifica.ToolTip">Modify the post</item>
  <item name="LNBaccetta.text">Accept</item>
  <item name="LNBaccetta.status">Accept the post</item>
  <item name="LNBaccetta.ToolTip">Accept the post</item>
  <item name="LNBsegnala.text">Inform..</item>
  <item name="LNBsegnala.status">Inform..</item>
  <item name="LNBsegnala.AlternateText">Inform..</item>
  <item name="LNBcensura.Censurato.text">Uncensor</item>
  <item name="LNBcensura.Censurato.status">Uncensor the selected topic</item>
  <item name="LNBcensura.Censurato.ToolTip">Uncensor</item>
  <item name="LNBcensura.NonCensurato.text">Censor the topic</item>
  <item name="LNBcensura.NonCensurato.status">Censor the topic.</item>
  <item name="LNBcensura.NonCensurato.ToolTip">Censor the topic</item>
  <item name="IMBcancellaPost.EliminaTopic.status">If you delete this post you'll delete all the topic</item>
  <item name="IMBcancellaPost.EliminaTopic.ToolTip">If you delete this post you'll delete all the topic</item>
  <item name="IMBcancellaPost.EliminaTopic.ConfirmText">If you delete this post you'll delete all the topic: are you sure?</item>
  <item name="IMBcancellaPost.EliminaPost.status">Delete the post</item>
  <item name="IMBcancellaPost.EliminaPost.ToolTip">Delete the post</item>
  <item name="IMBcancellaPost.EliminaPost.ConfirmText">Are you sure to delete this Post?</item>
  <item name="LNBrispondi.modifica.text">Edit</item>
  <item name="LNBrispondi.modifica.status">Edit</item>
  <item name="LNBrispondi.modifica.ToolTip">Edit</item>
  <item name="LNBrispondi.inserisci.text">Reply</item>
  <item name="LNBrispondi.inserisci.status">Reply</item>
  <item name="LNBrispondi.inserisci.ToolTip">Reply</item>
  <item name="LNBannullaInserimento.text">Back to the post</item>
  <item name="LNBannullaInserimento.status">Back to the post</item>
  <item name="LNBannullaInserimento.ToolTip">Back to the post</item>
  <item name="inserimento.False">Attention: the Reply was not created !</item>
  <item name="modifica.False">Attention: the post was not changed !</item>
  <item name="LBvoto_t.text">&amp;nbsp;&amp;nbsp;(Post Score: &lt;b&gt;#voto#&lt;/b&gt;)</item>
  <item name="LBvotoTesto.text">&amp;nbsp;Vote:&amp;nbsp;</item>
</Resource>