﻿<?xml version="1.0" encoding="utf-8"?>
<Resource xmlns:xsi="http://www.w3.org/2001/XMLSchema-instance">
  <item name="LBTitolo.text">Forum</item>
  <item name="LBNopermessi.text">You don't have th</item>
  <item name="LBavviso.text">No forum available in this communiy&lt;br&gt;</item>
  <item name="LBforum_t.text">Forum</item>
  <item name="LBthreads_t.text">Topics</item>
  <item name="LBposts_t.text">Posts</item>
  <item name="LBlastPost_t.text">Last Post</item>
  <item name="status_Forum">Access at the selected forum</item>
  <item name="status_ForumIscrivi">Subscibe me and access at the selected forum</item>
  <item name="LNBmoderatori.text">View the moderators</item>
  <item name="LNBmoderatori.status">View the moderators</item>
  <item name="LNBmoderatori.ToolTip">View the moderators</item>
  <item name="LNBnotifica.notificaAbilita.text">Notify the new Topics via mail</item>
  <item name="LNBnotifica.notificaAbilita.status">Notify the new Topics via mail</item>
  <item name="LNBnotifica.notificaAbilita.ToolTip">Notify the new Topics via mail</item>
  <item name="LNBnotifica.notificaDisabilita.text">Disable the notification of new Topic</item>
  <item name="LNBnotifica.notificaDisabilita.status">Disable the notification of new Topic</item>
  <item name="LNBnotifica.notificaDisabilita.ToolTip">Disable the notification of new Topic</item>
  <item name="iconaForum.1">Not enabled</item>
  <item name="iconaForum.2">Moderated [no new posts]</item>
  <item name="iconaForum.3">Moderated [new posts]</item>
  <item name="iconaForum.4">Free Access [no new posts]</item>
  <item name="iconaForum.5">Free Access [new posts]</item>
  <item name="LBselezioneForum_t.text">Show:</item>
  <item name="RBLselezioneForum.1">Achieved forums</item>
  <item name="RBLselezioneForum.0">Active forums</item>
  <item name="LNBsegnala.text">Inform..</item>
  <item name="LNBsegnala.status">Inform..</item>
  <item name="LNBsegnala.AlternateText">Inform..</item>
  <item name="LNBArchivia.Archiviato.text">Restore the Forum</item>
  <item name="LNBArchivia.Archiviato.status">Restore the Forum.</item>
  <item name="LNBArchivia.Archiviato.ToolTip">Restore the Forum</item>
  <item name="LNBArchivia.NonArchiviato.text">Achieve the Forum</item>
  <item name="LNBArchivia.NonArchiviato.status">Achieve the Forum.</item>
  <item name="LNBArchivia.NonArchiviato.ToolTip">Achieve the Forum</item>
  <item name="LBvoto_t.text">&amp;nbsp;&amp;nbsp;(Forum Score: &lt;b&gt;#voto#&lt;/b&gt;)</item>
  <item name="LBvotoTesto.text">&amp;nbsp;Vote:&amp;nbsp;</item>
  <item name="LogoutMessage">We are sorry, the session is expired. Retry to login in the system</item>
  <item name="LBLStatistiche.text">Inserted messages:</item>
</Resource>