﻿<?xml version="1.0" encoding="utf-8"?>
<Resource xmlns:xsi="http://www.w3.org/2001/XMLSchema-instance">
  <item name="LBTitolo.text">Forum Management</item>
  <item name="LBNopermessi.text">You don't have th</item>
  <item name="LogoutMessage">We are sorry, the session is expired. Retry to login in the system</item>
  <item name="LBnoforum.text">&lt;br&gt;&lt;br&gt;No Forum to administrate&lt;br&gt;</item>
  <item name="LKBcrea.text">Insert a new Forum</item>
  <item name="LKBcrea.status">Insert a new Forum</item>
  <item name="LKBcrea.ToolTip">Insert a new Forum</item>
  <item name="LBlegendForum.text" />
  <item name="LBnomeforum_t.text">*Forum Name:</item>
  <item name="LBdescrizione_t.text">*Descrizione:</item>
  <item name="LBruoloDefault_t.text">*Default Role:</item>
  <item name="LBforumModerato_t.text">&amp;nbsp;Moderated:</item>
  <item name="CHBmoderato.text">Yes</item>
  <item name="LBlegendSearch.text">Search</item>
  <item name="LBnome.text">Name:</item>
  <item name="LBcognome.text">Surname:</item>
  <item name="LBruoloForum.text">Forum Role:</item>
  <item name="LBruoloComunita.text">Community Role:</item>
  <item name="BTNcerca.text">Search</item>
  <item name="LBpageRecord.text">Record for Page:</item>
  <item name="LBlegendRole.text">Change Role in this Forum</item>
  <item name="LBcognomeNome_t.text">Surname and Name</item>
  <item name="LBruoloForum_t.text">Forum Role</item>
  <item name="BTNannullaRuolo.text">Undo</item>
  <item name="BTNmodificaRuolo.text">Edit</item>
  <item name="LBavviso.text">insert error</item>
  <item name="BTNok.text">Ok</item>
  <item name="LBnorecord.text">Sorry, there are no users according to the search</item>
  <item name="LBTitolo1.text">Create a new forum</item>
  <item name="LBTitolo2.text">Modify the forum</item>
  <item name="LBTitolo3.text">Subscribers on the forum: ##</item>
  <item name="LNBannullaRuolo.text">Back to the list</item>
  <item name="LNBannullaRuolo.status">Back to the list</item>
  <item name="LNBannullaRuolo.ToolTip">Back to the list</item>
  <item name="LNBmodificaRuolo.text">Edit</item>
  <item name="LNBmodificaRuolo.status">Edit</item>
  <item name="LNBmodificaRuolo.ToolTip">Edit</item>
  <item name="LKBaltro.status">Other Characters</item>
  <item name="LKBaltro.text">Others</item>
  <item name="LKBaltro.ToolTip">Others</item>
  <item name="LKBtutti.status">All</item>
  <item name="LKBtutti.text">All</item>
  <item name="LKBtutti.ToolTip">All</item>
  <item name="Lettera.status">Letter #%%#</item>
  <item name="Lettera.ToolTip">Letter #%%#</item>
  <item name="DGforums.page">Page &lt;#%%#&gt;</item>
  <item name="DGforums.ordinamento.0.status">Incrising order by &lt;#%%#&gt;</item>
  <item name="DGforums.ordinamento.1.status">Decreasing order for &lt;#%%#&gt;</item>
  <item name="DGforums.ordinamento.2.status">Order by &lt;#%%#&gt; &lt;#%%#&gt;</item>
  <item name="DGforums.FRAR_name.HeaderText">Forum name</item>
  <item name="DGforums.FRAR_Ntopics.HeaderText">Topics</item>
  <item name="DGforums.FRAR_DateCreated.HeaderText">Created on</item>
  <item name="DGforums.FRAR_NPost.HeaderText">Post</item>
  <item name="DGforums.TotIscritti.HeaderText">Users</item>
  <item name="DGforums.GestioneIscritti.HeaderText">User Management</item>
  <item name="DGforums.IMBmodifica.ImageUrl">../images/m.gif</item>
  <item name="DGforums.IMBmodifica.status">Modify the selected forum</item>
  <item name="DGforums.IMBmodifica.AlternateText">Edit</item>
  <item name="DGforums.IMBmodifica.ImageUrl_disabled">../images/m_d.gif</item>
  <item name="DGforums.IMBmodifica.status_disabled">It is not possible to modify the selected forum</item>
  <item name="DGforums.IMBmodifica.AlternateText_disabled">Modify not possible</item>
  <item name="DGforums.IMBcancella.ImageUrl">../images/x.gif</item>
  <item name="DGforums.IMBcancella.status">Delete the selected Forum</item>
  <item name="DGforums.IMBcancella.AlternateText">Delete</item>
  <item name="DGforums.IMBcancella.ImageUrl_disabled">../images/x_d.gif</item>
  <item name="DGforums.IMBcancella.status_disabled">It is not possible to delete the selected forum</item>
  <item name="DGforums.IMBcancella.AlternateText_disabled">Delete not possible</item>
  <item name="DGforums.IMBcancella.ConfirmText">Are you sure to delete the selected forum?</item>
  <item name="LNBarchivia.Archiviato.text">Restore the Forum</item>
  <item name="LNBarchivia.Archiviato.status">Restore the Forum.</item>
  <item name="LNBarchivia.Archiviato.ToolTip">Restore the Forum</item>
  <item name="LNBarchivia.NonArchiviato.text">Achieve the Forum</item>
  <item name="LNBarchivia.NonArchiviato.status">Achieve the Forum.</item>
  <item name="LNBarchivia.NonArchiviato.ToolTip">Achieve the Forum</item>
  <item name="LNBentraForum.status">Access</item>
  <item name="LNBentraForum.AlternateText">Access</item>
  <item name="LNBentraForum.ToolTip">Access</item>
  <item name="LNBentraForum.text">Access</item>
  <item name="LNBentra.status">Access</item>
  <item name="LNBentra.AlternateText">Access</item>
  <item name="LNBentra.ToolTip">Access</item>
  <item name="LNBentra.text">Access</item>
  <item name="LBselezioneForum_t.text">Show:</item>
  <item name="LNBiscritti.status">User Management.</item>
  <item name="LNBiscritti.ToolTip">User Management.</item>
  <item name="LNBiscritti.text">User Management.</item>
  <item name="LNBnascondi.abilita.0.status">Disable the Forum.</item>
  <item name="LNBnascondi.abilita.0.ToolTip">Disable the Forum.</item>
  <item name="LNBnascondi.abilita.0.text">Disable</item>
  <item name="LNBnascondi.abilita.1.status">Enable the forum</item>
  <item name="LNBnascondi.abilita.1.ToolTip">Enable the forum</item>
  <item name="LNBnascondi.abilita.1.text">Enable</item>
  <item name="RBLselezioneForum.-1">All the forum</item>
  <item name="RBLselezioneForum.0">Active Forum</item>
  <item name="RBLselezioneForum.1">Achieved forum</item>
  <item name="Forum.0">ERROR: forum not correctly created</item>
  <item name="Forum.-1">ERROR: The forum wasn't modified</item>
  <item name="Forum.1">The forum has been created correctly</item>
  <item name="Forum.2">The forum has been modified correctly</item>
  <item name="Inserimento.2">The role has been modified correctly</item>
  <item name="Inserimento.1">The role has been modified correctly</item>
  <item name="Inserimento.0">ERROR: operation not executed</item>
  <item name="Inserimento.-2">No available roles</item>
  <item name="Inserimento.-3">No user selected for the forum</item>
  <item name="LNBindietroToLista.text">Back to management</item>
  <item name="LNBindietroToLista.status">Back to management</item>
  <item name="LNBindietroToLista.ToolTip">Back to management</item>
  <item name="LNBaggiungiUtente.text">Add a User</item>
  <item name="LNBaggiungiUtente.status">Add a User</item>
  <item name="LNBaggiungiUtente.ToolTip">Add a User</item>
  <item name="LNBnuovoForum.text">New Forum</item>
  <item name="LNBnuovoForum.status">New Forum</item>
  <item name="LNBnuovoForum.ToolTip">New Forum</item>
  <item name="LNBindietroFromInserimento.text">Back to the forum</item>
  <item name="LNBindietroFromInserimento.status">Back to the forum list</item>
  <item name="LNBindietroFromInserimento.ToolTip">Back to the forum list</item>
  <item name="LNBsalva.inserimento.text">Insert</item>
  <item name="LNBsalva.inserimento.status">Insert</item>
  <item name="LNBsalva.inserimento.ToolTip">Insert</item>
  <item name="LNBsalva.modifica.text">Modify the data</item>
  <item name="LNBsalva.modifica.status">Modify the data</item>
  <item name="LNBsalva.modifica.ToolTip">Modify the data</item>
  <item name="LNBindietroToGestione.text">Back to the user management</item>
  <item name="LNBindietroToGestione.status">Back to the user management</item>
  <item name="LNBindietroToGestione.ToolTip">Back to the user management</item>
  <item name="LNBdefinisciRuolo.text">Associate user</item>
  <item name="LNBdefinisciRuolo.status">Associate user</item>
  <item name="LNBdefinisciRuolo.ToolTip">Associate user</item>
  <item name="LKBindietro.text">Back to the forum</item>
  <item name="LKBindietro.status">Back to the forum list</item>
  <item name="LKBindietro.ToolTip">Back to the forum list</item>
  <item name="LNBindietroToAggiungi.text">Back to the list</item>
  <item name="LNBindietroToAggiungi.status">Back to the list</item>
  <item name="LNBindietroToAggiungi.ToolTip">Back to the list</item>
  <item name="LNBassociaUtenti.text">Aggiungi</item>
  <item name="LNBassociaUtenti.status">Add with the selected role</item>
  <item name="LNBassociaUtenti.ToolTip">Add with the selected role</item>
  <item name="LNBapriFiltro.text">&lt;img src='./../images/filtro_open.gif' alt='' align=middle&gt;Show the filter</item>
  <item name="LNBapriFiltro.status">Show the community filter</item>
  <item name="LNBapriFiltro.Tooltip">Show the community filter</item>
  <item name="LNBchiudiFiltro.text">&lt;img src='./../images/filtro_close.gif' alt='' align=middle&gt;Hide the filter</item>
  <item name="LNBchiudiFiltro.status">Hide the filter</item>
  <item name="LNBchiudiFiltro.Tooltip">Hide the filter</item>
</Resource>