﻿<?xml version="1.0" encoding="utf-8"?>
<Resource xmlns:xsi="http://www.w3.org/2001/XMLSchema-instance">
  <item name="LBlegendSearch.text">Search</item>
  <item name="LBnome.text">Name:</item>
  <item name="LBcognome.text">Surname:</item>
  <item name="LBruoloForum.text">Forum Role:</item>
  <item name="LBtipoPersona_t.text">User type:</item>
  <item name="BTNcerca.text">Apply filters</item>
  <item name="LKBaltro.status">Others characters</item>
  <item name="LKBaltro.text">Others</item>
  <item name="LKBaltro.ToolTip">Others characters</item>
  <item name="LKBtutti.status">All</item>
  <item name="LKBtutti.text">All</item>
  <item name="LKBtutti.ToolTip">All</item>
  <item name="Lettera.status">Letter #%%#</item>
  <item name="Lettera.ToolTip">Letter #%%#</item>
  <item name="DGiscrittiForum.page">Page &lt;#%%#&gt;</item>
  <item name="DGiscrittiForum.ordinamento.0.status">Incrising order by &lt;#%%#&gt;</item>
  <item name="DGiscrittiForum.ordinamento.1.status">Decreasing order for &lt;#%%#&gt;</item>
  <item name="DGiscrittiForum.ordinamento.2.status">Order by &lt;#%%#&gt;</item>
  <item name="DGiscrittiForum.IMBmodificaIscritto.ImageUrl">../../images/m.gif</item>
  <item name="DGiscrittiForum.IMBmodificaIscritto.status">Modify the user</item>
  <item name="DGiscrittiForum.IMBmodificaIscritto.AlternateText">Modify the user</item>
  <item name="DGiscrittiForum.IMBmodificaIscritto.ImageUrl_disabled">../../images/m_d.gif</item>
  <item name="DGiscrittiForum.IMBmodificaIscritto.AlternateText_disabled">You can't modify this user</item>
  <item name="DGiscrittiForum.IMBcancellaIscritto.ImageUrl">../../images/x.gif</item>
  <item name="DGiscrittiForum.IMBcancellaIscritto.status">Unsubscribe</item>
  <item name="DGiscrittiForum.IMBcancellaIscritto.AlternateText">Unsubscribe</item>
  <item name="DGiscrittiForum.IMBcancellaIscritto.ImageUrl_disabled">../../images/x_d.gif</item>
  <item name="DGiscrittiForum.IMBcancellaIscritto.AlternateText_disabled">You can't unsubscibe this user</item>
  <item name="DGiscrittiForum.IMBcancellaIscritto.ConfirmText">Are you sure to unsubscribe this user?</item>
  <item name="DGiscrittiForum.PRSN_Anagrafica.HeaderText">Vital stat.</item>
  <item name="DGiscrittiForum.TPRF_nome.HeaderText">Forum role</item>
  <item name="DGiscrittiForum.TPPR_Descrizione.HeaderText">User type</item>
  <item name="DGiscrittiForum.RPFA_Abilitato.HeaderText">Access</item>
  <item name="DGiscrittiForum.blocca.0.text">Blocca</item>
  <item name="DGiscrittiForum.blocca.0.status">Blocca</item>
  <item name="DGiscrittiForum.blocca.0.ToolTip">Blocca</item>
  <item name="DGiscrittiForum.blocca.1.text">Sblocca</item>
  <item name="DGiscrittiForum.blocca.1.status">Sblocca</item>
  <item name="DGiscrittiForum.blocca.1.ToolTip">Sblocca</item>
  <item name="LBnumeroRecord_t.text">N° Record:</item>
  <item name="LBcognomeNome_t.text">Surname and Name</item>
  <item name="LBruoloForum_t.text">Forum Role</item>
  <item name="LBnorecord.text">Sorry, there are no users according to the search</item>
  <item name="DDLruoloComunitaRic.-1">&lt; Tutti &gt;</item>
  <item name="DDLruoloForumRic.-1">&lt; Tutti &gt;</item>
  <item name="DDLruoloForum.-1">&lt; no role &gt;</item>
  <item name="LBfiltro.text">Filter</item>
  <item name="LBtipoRuolo_t.text">Role typle:</item>
  <item name="LBnumeroRecord_t.text">N° Record:</item>
  <item name="LBtipoRicerca_t.text">Search Type:</item>
  <item name="LBvalore_t.text">Value:</item>
  <item name="DDLTipoRicerca.-2">Name</item>
  <item name="DDLTipoRicerca.-3">Surname</item>
  <item name="DDLTipoRicerca.-4">Name/Surname</item>
  <item name="DGPersone.PRSN_Anagrafica.HeaderText">Vital stat.</item>
  <item name="DGPersone.PRSN_login.HeaderText">Login</item>
  <item name="DGPersone.TPPR_descrizione.HeaderText">Person Type</item>
  <item name="LBlegenda.text">Role to associate</item>
  <item name="DDLTipoRuolo.-1">-- All --</item>
  <item name="DDLtipoRuoloAggiungi.-1">&lt; Default Role &gt;</item>
  <item name="DGPersone.IMBinfo.ImageUrl">./../../images/proprieta.gif</item>
  <item name="DGPersone.IMBinfo.status">User details</item>
  <item name="DGPersone.IMBinfo.AlternateText">User details</item>
  <item name="DGPersone.IMBaggiungi.ImageUrl">./../../images/add.gif</item>
  <item name="DGPersone.IMBaggiungi.status">Add the user</item>
  <item name="DGPersone.IMBaggiungi.AlternateText">Add the user</item>
  <item name="DGPersone.page">Page &lt;#%%#&gt;</item>
  <item name="DGPersone.ordinamento.0.status">Incrising order by &lt;#%%#&gt;</item>
  <item name="DGPersone.ordinamento.1.status">Decreasing order for &lt;#%%#&gt;</item>
  <item name="DGPersone.ordinamento.2.status">Order by &lt;#%%#&gt;</item>
  <item name="LBdescrizione_t.text">User:</item>
  <item name="LBdescrizione.text">Selected users.</item>
  <item name="LNBapriFiltro.text">&lt;img src='./../images/filtro_open.gif' alt='' align=middle&gt;Show the filter</item>
  <item name="LNBapriFiltro.status">Show the community filter</item>
  <item name="LNBapriFiltro.Tooltip">Show the community filter</item>
  <item name="LNBchiudiFiltro.text">&lt;img src='./../images/filtro_close.gif' alt='' align=middle&gt;Hide the filter</item>
  <item name="LNBchiudiFiltro.status">Hide the filter</item>
  <item name="LNBchiudiFiltro.Tooltip">Hide the filter</item>
  <item name="CBXautoUpdate.text">Automatic update</item>
</Resource>