﻿<?xml version="1.0" encoding="utf-8"?>
<Resource xmlns:xsi="http://www.w3.org/2001/XMLSchema-instance">
  <item name="LBlegenda.0">Modify the post</item>
  <item name="LBlegenda.1">Insert a post</item>
  <item name="LBmessPostatoDa_t.text">message sent by &amp;nbsp;</item>
  <item name="LBoggetto_t.text">Object(*);</item>
  <item name="LBtesto_t.text">Message(*):</item>
  <item name="LBevidenzia_t.text">Underline:</item>
  <item name="LBmessaggioReply.text">Argument review</item>
  <item name="RBLevidenzia.1">&amp;nbsp;&lt;img src="./../images/forum_img/normal.gif" alt="" border="0"&gt;Normal&amp;nbsp;</item>
  <item name="RBLevidenzia.2">&amp;nbsp;&lt;img src="./../images/forum_img/interessante.gif" alt="" border="0" align=absmiddle&gt;Interesting&amp;nbsp;</item>
  <item name="RBLevidenzia.3">&amp;nbsp;&lt;img src="./../images/forum_img/alert.gif" alt="" border="0" align=absmiddle&gt;Warning&amp;nbsp;&amp;nbsp</item>
  <item name="RBLevidenzia.5">&amp;nbsp;&lt;img src="./../images/forum_img/faq.gif" alt="" border="0" align=absmiddle&gt;Faq&amp;nbsp;</item>
  <item name="IMG_1.status">Smile ;-)</item>
  <item name="IMG_1.AlternateText">Smile ;-)</item>
  <item name="IMG_2.status">:D</item>
  <item name="IMG_2.AlternateText">:D</item>
  <item name="IMG_3.status">:-O</item>
  <item name="IMG_3.AlternateText">:-O</item>
  <item name="IMG_4.status">:-p</item>
  <item name="IMG_4.AlternateText">:-p</item>
  <item name="IMG_5.status">;-)</item>
  <item name="IMG_5.AlternateText">;-)</item>
  <item name="IMG_6.status">(H)</item>
  <item name="IMG_6.AlternateText">(H)</item>
  <item name="IMG_7.status">:$</item>
  <item name="IMG_7.AlternateText">:$</item>
  <item name="IMG_8.status">|-)</item>
  <item name="IMG_8.AlternateText">|-)</item>
  <item name="IMG_9.status">:(</item>
  <item name="IMG_9.AlternateText">:(</item>
  <item name="IMG_10.status">;-(</item>
  <item name="IMG_10.AlternateText">;-(</item>
  <item name="IMG_11.status">:S</item>
  <item name="IMG_11.AlternateText">:S</item>
  <item name="IMG_12.status">:@</item>
  <item name="IMG_12.AlternateText">:@</item>
  <item name="IMG_13.status">(*)</item>
  <item name="IMG_13.AlternateText">(*)</item>
  <item name="IMG_14.status">(L)</item>
  <item name="IMG_14.AlternateText">(L)</item>
  <item name="IMG_15.status">(U)</item>
  <item name="IMG_15.AlternateText">(U)</item>
  <item name="IMG_16.status">(Y)</item>
  <item name="IMG_16.AlternateText">(Y)</item>
  <item name="IMG_17.status">(N)</item>
  <item name="IMG_17.AlternateText">(N)</item>
  <item name="IMG_18.status">(pp)</item>
  <item name="IMG_18.AlternateText">(pp)</item>
  <item name="IMG_19.status">8-|</item>
  <item name="IMG_19.AlternateText">8-|</item>
  <item name="IMG_20.status">(6)</item>
  <item name="IMG_20.AlternateText">(6)</item>
  <item name="IMG_21.status">(?)</item>
  <item name="IMG_21.AlternateText">(?)</item>
</Resource>