<?xml version="1.0" encoding="utf-8"?>
<Resource xmlns:xsi="http://www.w3.org/2001/XMLSchema-instance" xmlns:xsd="http://www.w3.org/2001/XMLSchema" xmlns="urn:ComolTranslation">
  <item name="Lbl_Name_t.text" description="Skin - veste grafica" html="false" placeholder="false">Skin name</item>
  <item name="Lbl_Association_t.text" disambiguation="associazione=relazione" html="false" placeholder="false">Associations</item>
  <item name="Lkb_Modify.text" disambiguation="M=modifica (un solo carattere)" html="false" placeholder="false">M</item>
  <item name="Lkb_Modify.ToolTip" description="Skin - veste grafica" html="false" placeholder="false">Modify skin</item>
  <item name="Lkb_Modify.status" description="Skin - veste grafica" html="false" placeholder="false">Modify skin</item>
  <item name="Lkb_Delete.text" html="false" placeholder="false" hidden="true">X</item>
  <item name="Lkb_Delete.ToolTip" description="Skin - veste grafica" html="false" placeholder="false">Delete skin</item>
  <item name="Lkb_Delete.status" description="Skin - veste grafica" html="false" placeholder="false">Delete skin</item>
  <item name="Lkb_Delete.ConfirmText" description="Skin - veste grafica" html="false" placeholder="false">Are you sure you want to permanently delete the skin?</item>
  <item name="Lkb_Copy.text" disambiguation="C=copia (un solo carattere)" html="false" placeholder="false">D</item>
  <item name="Lkb_Copy.ToolTip" description="Skin - veste grafica" html="false" placeholder="false">Copy Skin</item>
  <item name="Lkb_Copy.status" description="Skin - veste grafica" html="false" placeholder="false">Copy Skin</item>
  <item name="Lkb_RemPortal.text" html="false" placeholder="false" hidden="true">X</item>
  <item name="Lkb_RemPortal.ToolTip" disambiguation="associazione=relazione" html="false" placeholder="false">Remove portal associationis</item>
  <item name="Lkb_RemPortal.status" disambiguation="associazione=relazione" html="false" placeholder="false">Remove portal associationis</item>
  <item name="Lkb_RemPortal.ConfirmText" disambiguation="associazione=relazione" html="false" placeholder="false">Are you sure you want to remove the association with the portal?</item>
  <item name="Lkb_RemOrgn.text" html="false" placeholder="false" hidden="true">X</item>
  <item name="Lkb_RemOrgn.ToolTip" disambiguation="associazione=relazione" html="false" placeholder="false">Remove organization association</item>
  <item name="Lkb_RemOrgn.status" disambiguation="associazione=relazione" html="false" placeholder="false">Remove organization association</item>
  <item name="Lkb_RemOrgn.ConfirmText" disambiguation="associazione=relazione" html="false" placeholder="false">Are you sure you want to remove the association with the organization?</item>
  <item name="Lkb_RemCom.text" html="false" placeholder="false" hidden="true">X</item>
  <item name="Lkb_RemCom.ToolTip" disambiguation="associazione=relazione" html="false" placeholder="false">Remove community association</item>
  <item name="Lkb_RemCom.status" disambiguation="associazione=relazione" html="false" placeholder="false">Remove community association</item>
  <item name="Lkb_RemCom.ConfirmText" disambiguation="associazione=relazione" html="false" placeholder="false">Are you sure you want to remove the association with the community?</item>
  <item name="6.Text" disambiguation="associazione=relazione" html="false" placeholder="false">Associations</item>
  <item name="6.ToolTip" disambiguation="associazione=relazione" html="false" placeholder="false">Associations</item>
  <item name="-2.Text" html="false" placeholder="false">not associated</item>
  <item name="-2.ToolTip" html="false" placeholder="false">not associated</item>
  <item name="-1.Text" html="false" placeholder="false">All</item>
  <item name="-1.ToolTip" html="false" placeholder="false">All</item>
  <item name="0.Text" html="false" placeholder="false">Portal</item>
  <item name="0.ToolTip" html="false" placeholder="false">Portal</item>
  <item name="1.Text" disambiguation="singolare" html="false" placeholder="false">Community</item>
  <item name="1.ToolTip" disambiguation="singolare" html="false" placeholder="false">Community</item>
  <item name="2.Text" html="false" placeholder="false">Organization</item>
  <item name="2.ToolTip" html="false" placeholder="false">Organization</item>
  <item name="-15.Text" html="false" placeholder="false">Test</item>
  <item name="-15.ToolTip" html="false" placeholder="false">Test</item>
  <item name="Lbl_NoData.text" html="false" placeholder="false">No data available.</item>
  <item name="Lbl_TestCom_t.text" description="ID - identificativo" disambiguation="singolare" html="false" placeholder="false">Community ID:</item>
  <item name="Lbl_TestOrgn_t.text" description="ID - identificativo" html="false" placeholder="false">Organization ID:</item>
  <item name="Lbl_TestLang_t.text" html="false" placeholder="false">Language</item>
  <item name="Lkb_TEST.text" html="false" placeholder="false">Test</item>
  <item name="Lkb_TEST.ToolTip" html="false" placeholder="false">Recover and show styles</item>
  <item name="Lkb_TEST.status" html="false" placeholder="false">Recover and show the styles of the imported data</item>
  <item name="Lkb_ClearTest.text" html="false" placeholder="false">Delete cache</item>
  <item name="Lkb_ClearTest.ToolTip" html="false" placeholder="false">Delete cache, forcing to reload data from database</item>
  <item name="Lkb_ClearTest.status" html="false" placeholder="false">Delete cache, forcing to reload data from database</item>
  <item name="Lbl_Time_t.text" html="false" placeholder="false">Taken time:</item>
  <item name="Lbl_MainLogo_t.text" html="false" placeholder="false">Main logo:</item>
  <item name="Lbl_FooterLogos_t.text" html="false" placeholder="false">Footer logos:</item>
  <item name="Lbl_FooterText_t.text" html="false" placeholder="false">Footer text:</item>
  <item name="Lbl_Styles_t.text" html="false" placeholder="false">Styles:</item>
  <item name="Hyp_Preview.Text" html="false" placeholder="false">Preview</item>
</Resource>