<?xml version="1.0" encoding="utf-8"?>
<Resource xmlns:xsi="http://www.w3.org/2001/XMLSchema-instance" xmlns:xsd="http://www.w3.org/2001/XMLSchema" xmlns="urn:ComolTranslation">
  <item name="Lbl_Associa_t.text" html="false" placeholder="false">Associate TO:</item>
  <item name="Lkb_AddCom.text" disambiguation="singolare" html="false" placeholder="false">Community</item>
  <item name="Lkb_AddCom.ToolTip" disambiguation="singolare" html="false" placeholder="false">Associate to community</item>
  <item name="Lkb_AddCom.status" disambiguation="singolare" html="false" placeholder="false">Associate to community</item>
  <item name="Lkb_AddOrgn.text" html="false" placeholder="false">Organization</item>
  <item name="Lkb_AddOrgn.ToolTip" html="false" placeholder="false">Associate to organization</item>
  <item name="Lkb_AddOrgn.status" html="false" placeholder="false">Associate to organization</item>
  <item name="Lkb_Back.text" html="false" placeholder="false">Back</item>
  <item name="Lkb_Back.ToolTip" html="false" placeholder="false">Back to list</item>
  <item name="Lkb_Back.status" html="false" placeholder="false">Back to list</item>
  <item name="Lkb_Delete.text" html="false" placeholder="false" hidden="true">X</item>
  <item name="Lkb_Delete.ToolTip" html="false" placeholder="false">Delete association</item>
  <item name="Lkb_Delete.status" html="false" placeholder="false">Delete association</item>
  <item name="Lkb_Delete.ConfirmText" html="false" placeholder="false">Are you sure you want to delete the association?</item>
  <item name="Lbl_Name_t.text" html="false" placeholder="false">Name</item>
  <item name="Lbl_Type_t.text" html="false" placeholder="false">Type</item>
  <item name="Lbl_Name.text" html="false" placeholder="false">Name</item>
  <item name="Lkb_AddPortal.text" html="false" placeholder="false">Associate</item>
  <item name="Lkb_AddPortal.ToolTip" html="false" placeholder="false">Associate to portal</item>
  <item name="Lkb_AddPortal.status" html="false" placeholder="false">Associate to portal</item>
  <item name="Lkb_AddPortal.ConfirmText" description="Skin - veste grafica" html="false" placeholder="false">Only one skin can be associated to the portal, current portal skin will be replace. Do you want to continue?</item>
  <item name="Lkb_RemPortal.text" html="false" placeholder="false">Disassociate</item>
  <item name="Lkb_RemPortal.ToolTip" description="Skin - veste grafica" html="false" placeholder="false">Removes association with the current skin</item>
  <item name="Lkb_RemPortal.status" description="Skin - veste grafica" html="false" placeholder="false">Removes association with the current skin</item>
  <item name="Lkb_RemPortal.ConfirmText" description="Skin - veste grafica" html="false" placeholder="false">You are going to delete the portal skin. Continue?</item>
  <item name="Portal_t.Associata" html="false" placeholder="false">Associated to PORTAL.</item>
  <item name="Portal_t.NonAssociata" html="false" placeholder="false">Not associated to PORTAL.</item>
</Resource>