﻿<?xml version="1.0" encoding="utf-8" ?>
<Resource>

    <item name="Lkb_Delete.text">X</item>
    <item name="Lkb_Delete.ToolTip">Elimina testo corrente</item>
    <item name="Lkb_Delete.status">Elimina testo corrente</item>
    <item name="Lkb_Delete.ConfirmText">Il testo corrente verrà eliminato in modo definitivo, continuare?</item>    

    <item name="Lkb_Save.text">Salva</item>
    <item name="Lkb_Save.ToolTip">Salve modifiche</item>
    <item name="Lkb_Save.status">Salve modifiche</item>

    <item name="Lang.Default"> (Predefinita)</item>
</Resource>