﻿<?xml version="1.0" encoding="utf-8" ?>
<Resource>

    <item name="Lbl_MainCss_t.text">CSS base:</item>

    <item name="Lkb_MainCssDel.text">x</item>
    <item name="Lkb_MainCssDel.ToolTip">Cancella css base</item>
    <item name="Lkb_MainCssDel.status">Cancella css base</item>
    <item name="Lkb_MainCssDel.ConfirmText">Sicuro di voler cancellare il css base?</item>

    <item name="Lkb_MainCssUpload.text">Carica</item>
    <item name="Lkb_MainCssUpload.ToolTip">Carica nuovo CSS base</item>
    <item name="Lkb_MainCssUpload.status">Carica nuovo CSS base</item>
    <item name="Lkb_MainCssUpload.ConfirmText">Il nuovo CSS sostituirà quello corrente. Continuare?</item>
    
    <item name="Lbl_AdminCss_t.text">Css Amministrazione</item>

    <item name="Lkb_AdminCssDel.text">x</item>
    <item name="Lkb_AdminCssDel.ToolTip">Cancella Css amministrazione</item>
    <item name="Lkb_AdminCssDel.status">Cancella Css amministrazione</item>
    <item name="Lkb_AdminCssDel.ConfirmText">Cancellare il Css di amministrazione?</item>

    <item name="Lkb_AdminCssUpload.text">Carica</item>
    <item name="Lkb_AdminCssUpload.ToolTip">Carica nuovo css di amministrazione</item>
    <item name="Lkb_AdminCssUpload.status">Carica nuovo css di amministrazione</item>
    <item name="Lkb_AdminCssUpload.ConfirmText">Il nuovo css sostituirà quello corrente. Continuare?</item>
    
    
    <item name="Lbl_IECss_t.text">CSS per IE</item>

    <item name="Lkb_IECssDel.text">x</item>
    <item name="Lkb_IECssDel.ToolTip">Cancella CSS per IE</item>
    <item name="Lkb_IECssDel.status">Cancella CSS per IE</item>
    <item name="Lkb_IECssDel.ConfirmText">Sicuro di voler cancellare il CSS per IE?</item>

    <item name="Lkb_IECssUpload.text">Carica</item>
    <item name="Lkb_IECssUpload.ToolTip">Carica nuovo Css per IE</item>
    <item name="Lkb_IECssUpload.status">Carica nuovo Css per IE</item>
    <item name="Lkb_IECssUpload.ConfirmText">Il nuovo Css costituirà quello corrente. Continuare?</item>

    <item name="NoCss">Nessun Css caricato.</item>
    
</Resource>