<?xml version="1.0" encoding="utf-8"?>
<Resource xmlns:xsi="http://www.w3.org/2001/XMLSchema-instance" xmlns:xsd="http://www.w3.org/2001/XMLSchema" xmlns="urn:ComolTranslation">
  <item name="LBskinName_t.text" html="false" placeholder="false">Name:</item>
  <item name="Cbx_IsActive.text" description="Skin - veste grafica" html="false" placeholder="false">Skin enabled:</item>
  <item name="Cbx_IsActive.ToolTip" description="Skin - veste grafica" html="false" placeholder="false">Skin enabled</item>
  <item name="LNBsaveSkinName.text" html="false" placeholder="false">Save</item>
  <item name="LNBsaveSkinName.status" html="false" placeholder="false">Save changes</item>
  <item name="LNBsaveSkinName.ToolTip" html="false" placeholder="false">Save changes</item>
  <item name="1.Text" description="Css - foglio di stile" html="false" placeholder="false"> Css Styles</item>
  <item name="1.ToolTip" description="Css - foglio di stile" html="false" placeholder="false"> Css Styles</item>
  <item name="2.Text" html="false" placeholder="false">Images</item>
  <item name="2.ToolTip" html="false" placeholder="false">Images</item>
  <item name="3.Text" html="false" placeholder="false">Main logo</item>
  <item name="3.ToolTip" description="Intestazione - Header" html="false" placeholder="false">Main logo (Header)</item>
  <item name="4.Text" html="false" placeholder="false">Footer logos</item>
  <item name="4.ToolTip" html="false" placeholder="false">Footer logos</item>
  <item name="5.Text" html="false" placeholder="false">Footer text</item>
  <item name="5.ToolTip" html="false" placeholder="false">Footer text</item>
  <item name="6.Text" disambiguation="associazione=relazione" html="false" placeholder="false">Associations</item>
  <item name="6.ToolTip" disambiguation="associazione=relazione" html="false" placeholder="false">Associations</item>
</Resource>