﻿<?xml version="1.0" encoding="utf-8" ?>
<Resource>
    <item name="Lang.Default"> (Predefinita)</item>



    <item name="Lkb_DefUpload.text">Carica</item>
    <item name="Lkb_DefUpload.ToolTip">Carica l'immagine selezionata</item>
    <item name="Lkb_DefUpload.status">Carica l'immagine selezionata</item>

    <item name="Lbl_Link_t.text">Collegamento:</item>
    <item name="Lbl_Alt_t.text">Testo alternativo.</item>

    <item name="Lbl_LngLink_t.text">Link:</item>
    <item name="Lbl_LngAlt_t.text">Alt:</item>

    <item name="Lkb_ImageDel.text">x</item>
    <item name="Lkb_ImageDel.ToolTip">Cancella immagine</item>
    <item name="Lkb_ImageDel.status">Cancella immagine</item>
    <item name="Lkb_ImageDel.ConfirmText">Sicuro di voler cancellare l'immagine?</item>


    <!--<item name="Lkb_DefUpload.text">Carica</item>
    <item name="Lkb_DefUpload.ToolTip">Carica una nuova immagine</item>
    <item name="Lkb_DefUpload.status">Carica una nuova immagine</item>
    <item name="Lkb_ImageDel.ConfirmText">Sicuro di voler sostituire l'immagine corrente? (Questa verrà cancellata)</item>-->

    <item name="Lkb_DefDel.text">x</item>
    <item name="Lkb_DefDel.ToolTip">Cancella logo</item>
    <item name="Lkb_DefDel.status">Cancella logo</item>
    <item name="Lkb_DefDel.ConfirmText">Sicuro di voler cancellare i dati correnti?</item>

    <item name="Lkb_Save.text">Salva</item>
    <item name="Lkb_Save.ToolTip">Salva i dati relativi al logo corrente</item>
    <item name="Lkb_Save.status">Salva i dati relativi al logo corrente</item>
    <item name="Lkb_Save.ConfirmText">Sicuro di voler sovrascrivere i dati correnti?</item>

    <item name="Lkb_TakeDef.text">Prendi default</item>
    <item name="Lkb_TakeDef.ToolTip">Copia i dati relativi alla lingua di default</item>
    <item name="Lkb_TakeDef.status">Copia i dati relativi alla lingua di default</item>
    <item name="Lkb_TakeDef.ConfirmText">Sicuro di voler sovrascrivere i dati correnti?</item>
</Resource>