﻿<?xml version="1.0" encoding="utf-8" ?>
<Resource>
    <item name="Lbl_LngLink_t.text">Link: </item>
    <item name="Lbl_LngAlt_t.text">Alt: </item>
    <item name="Lbl_LngAssoc_t.text">Lingue associate: </item>

    <item name="Lkb_ImageDel.text">X</item>
    <item name="Lkb_ImageDel.ToolTip">Elimina immagine corrente e tutti i dati relativi.</item>
    <item name="Lkb_ImageDel.status">Elimina immagine corrente e tutti i dati relativi.</item>
    <item name="Lkb_ImageDel.ConfirmText">Sicuro di voler eliminare l'immagine corrente e tutti i dati relativi?</item>

    <item name="Lkb_DefUpload.text">Carica</item>
    <item name="Lkb_DefUpload.ToolTip">Carica nuova immagine</item>
    <item name="Lkb_DefUpload.status">Carica nuova immagine</item>
    <item name="Lkb_DefUpload.ConfirmText">Sicuro di voler caricare una nuova immagine? (L'immagine corrente verrà eliminata)</item>

    <item name="Lkb_Save.text">Salva</item>
    <item name="Lkb_Save.ToolTip">Salva le modifiche al logo corrente</item>
    <item name="Lkb_Save.status">Salva le modifiche al logo corrente</item>
    <item name="Lkb_Save.ConfirmText">Le modfiche al logo saranno salvate in modo definitivo. Continuare?</item>

    <item name="Lbl_LngLink_t.text">Link: </item>
    <item name="Lbl_LngAlt_t.text">Testo alternativo: </item>
    <item name="Lbl_LngAssoc_t.text">Lingue associate: </item>
    
    <item name="Lang.Default"> (Predefinita)</item>


    <item name="Lbl_New_t.text">Nuovo logo</item>
    <item name="Lbl_LngLink_t.text">Link: </item>
    <item name="Lbl_LngAlt_t.text">Testo alternativo: </item>
    <item name="Lbl_LngAssoc_t.text">Lingue associate: </item>
    
    <item name="Lkb_Create.text">Crea nuovo</item>
    <item name="Lkb_Create.ToolTip">Aggiunge nuovo logo con i dati immessi</item>
    <item name="Lkb_Create.status">Aggiunge nuovo logo con i dati immessi</item>
</Resource>