<?xml version="1.0" encoding="utf-8"?>
<Resource xmlns:xsi="http://www.w3.org/2001/XMLSchema-instance" xmlns:xsd="http://www.w3.org/2001/XMLSchema" xmlns="urn:ComolTranslation">
  <item name="Lit_Title_t.text" description="Skin - veste grafica" html="false" placeholder="false">Module skin management</item>
  <item name="LNBaddSkin.text" description="Skin - veste grafica" html="false" placeholder="false">New skin</item>
  <item name="LNBaddSkin.ToolTip" description="Skin - veste grafica" html="false" placeholder="false">Add a new skin</item>
  <item name="LNBaddSkin.status" description="Skin - veste grafica" html="false" placeholder="false">Add a new skin</item>
  <item name="LBskinName_t.text" description="Skin - veste grafica" html="false" placeholder="false">Skin name: </item>
  <item name="LNBsaveSkinName.text" html="false" placeholder="false">Save</item>
  <item name="LNBsaveSkinName.ToolTip" html="false" placeholder="false">Save the set name</item>
  <item name="LNBsaveSkinName.status" html="false" placeholder="false">Save the set name</item>
  <item name="3.Text" html="false" placeholder="false">Main logo</item>
  <item name="3.ToolTip" html="false" placeholder="false">Main logo (Header)</item>
  <item name="4.Text" html="false" placeholder="false">Footer logos</item>
  <item name="4.ToolTip" html="false" placeholder="false">Footer logos</item>
  <item name="5.Text" html="false" placeholder="false">Footer text</item>
  <item name="5.ToolTip" html="false" placeholder="false">Footer text</item>
  <item name="7.Text" html="false" placeholder="false">Template</item>
  <item name="7.ToolTip" html="false" placeholder="false">Template</item>
</Resource>