<?xml version="1.0" encoding="utf-8"?>
<Resource xmlns:xsi="http://www.w3.org/2001/XMLSchema-instance" xmlns:xsd="http://www.w3.org/2001/XMLSchema" xmlns="urn:ComolTranslation">
  <item name="ServiceTitle.text" description="Skin - veste grafica" html="false" placeholder="false">Skin management</item>
  <item name="LNBaddSkin.text" description="Aggiungi nuova Skin - veste grafica" html="false" placeholder="false">Add</item>
  <item name="LNBaddSkin.ToolTip" description="Skin - veste grafica" html="false" placeholder="false">Adds a new skin</item>
  <item name="LNBaddSkin.status" description="Skin - veste grafica" html="false" placeholder="false">Adds a new skin</item>
  <item name="LNBbackToList.text" html="false" placeholder="false">Back</item>
  <item name="LNBbackToList.ToolTip" description="Skin - veste grafica" html="false" placeholder="false">Back to skins list</item>
  <item name="LNBbackToList.status" description="Skin - veste grafica" html="false" placeholder="false">Back to skins list</item>
  <item name="LBnewSkinName_t.text" description="Skin - veste grafica" html="false" placeholder="false">New skin name: </item>
  <item name="LNBcreateNew.text" description="Crea nuova Skin - veste grafica" html="false" placeholder="false">Create</item>
  <item name="LNBcreateNew.ToolTip" description="Skin - veste grafica" html="false" placeholder="false">Create new skin</item>
  <item name="LNBcreateNew.status" description="Skin - veste grafica" html="false" placeholder="false">Create new skin</item>
  <item name="LITnoteTitle_t.text" html="false" placeholder="false">Notes</item>
  <item name="LITnoteText_t.text" html="true" placeholder="false">Si ricorda che le skin di ORGANIZZAZIONE e di PORTALE sono MUTUALMENTE ESCLUSIVE.&lt;br /&gt;Creando una skin che sarà destinata ad un'ORGANIZZAZIONE è quindi necessario caricare gli stili e le immagini relative alla stessa.&lt;br /&gt;Per questo motivo si consiglia di creare una COPIA della skin associata al PORTALE,in modo da avere a disposizione tutti gli elementi di default, senza ulteriori operazioni.&lt;br /&gt;&lt;br /&gt;Le SKIN associate a COMUNITA', invece, recuperano automaticamente gli elementi non presenti dalla relativa Organizzazione o dal Portale e possono quindi essere omessi.</item>
</Resource>