﻿<?xml version="1.0" encoding="utf-8" ?>
<Resource xmlns="urn:ComolTranslation">
  <!--RequestForMembership-->
<item name="serviceTitle"></item>
<item name="serviceTitleCommunity">Comunità &lt;span tooltip="{0}" &gt;{1} &lt;span/&gt;</item>
<item name="nopermission">Spiacente, non hai i permessi per accedere a questa pagina.</item>
<item name="ServiceViewSubmissionTitle">Domanda sottomessa</item>
<item name="ServiceViewSubmissionNopermission">Spiacente, non hai i permessi per accedere a questa pagina.</item>

<item name="HYPlist.text">Lista</item>
<item name="HYPlist.status">Torna alla lista</item>
<item name="HYPlist.ToolTip">Torna alla lista</item>
<item name="LNBdelete.text">Cancella domanda</item>
<item name="LNBdelete.status">Cancella domanda di partecipazione</item>
<item name="LNBdelete.ToolTip">Cancella domanda di partecipazione</item>
<item name="LNBsave.text">Salva</item>
<item name="LNBsave.status">Salva la domanda di partecipazione</item>
<item name="LNBsave.ToolTip">Salva la domanda di partecipazione</item>
<item name="LNBsaveAndSubmit.text">Sottometti definitivamente</item>
<item name="LNBsaveAndSubmit.status">Sottometti definitivamente la domanda di partecipazione</item>
<item name="LNBsaveAndSubmit.ToolTip">Sottometti definitivamente la domanda di partecipazione</item>
<item name="LTdisplayTitle.text">Sottomissione documenti:</item>
<item name="LTdescriptionTitle.text">Descrizione:</item>
<item name="LTfileAttachments.text">Per saperne di più:</item>
<item name="LTendDateTitle.text">Scadenza:</item>
<item name="LTawardDateTitle.text">Premiazione finale:</item>
<item name="LTsubmitterTypeSelection.text">INIZIA LA PROCEDURA DI SOTTOMISSIONE</item>
<item name="LTrequestedFiles.text">Allegati</item>
<item name="LNBsaveBottom.text">Salva</item>
<item name="LNBsaveBottom.status">Salva la domanda di partecipazione</item>
<item name="LNBsaveBottom.ToolTip">Salva la domanda di partecipazione</item>
<item name="LNBsaveAndSubmitBottom.text">Sottometti definitivamente</item>
<item name="LNBsaveAndSubmitBottom.status">Sottometti definitivamente la domanda di partecipazione</item>
<item name="LNBsaveAndSubmitBottom.ToolTip">Sottometti definitivamente la domanda di partecipazione</item>
<item name="LTsaveBottomExplanation.text">Salva la domanda e potrai modificarla in un secondo momento. La domanda non è sottomessa (e quindi valida) fino a quando non verrà premuto sottometti definitivamente</item>
<item name="LTsaveAndSubmitBottomExplanation.text">Sottometti definitivamente la domanda affinchè venga valutata. Non sarà più possibile modificare la domanda</item>
<item name="maxCharToInsert">(massimo {0} caratteri compresi gli spazi)</item>
<item name="LTremainingChars.text">caratteri rimanenti</item>
<item name="LTfieldMandatory.text">*</item>
<item name="SubmissionErrorView.RequiredItems">Per confermare definitivamente la domanda è necessario compilare le seguenti voci:</item>
<item name="SubmissionErrorView.SubmissionDeleted"></item>
<item name="SubmissionErrorView.SubmissionsClosed">Il tempo per sottomettere la propria domanda è scaduto, i termini di consegna erano fissati per il {0} alle ore {1}.</item>
<item name="SubmissionErrorView.GenericError">Errore nella fase di salvataggio. Ritentare in un secondo momento.</item>
<item name="SubmissionErrorView.SubmissionValueSaving">Errore nel salvataggio di alcuni campi della domanda, l'operazione non è stata conclusa correttamente.</item>
<item name="SubmissionErrorView.SubmissionFileSaving">Errore nel caricamento dei file da associare alla domanda, l'operazione non è stata conclusa correttamente.</item>
<item name="SubmissionErrorView.SubmissionTimeExpired">ATTENZIONE ! I termini di consegna della domanda sono scaduti !</item>
<item name="HYPlistFromMessage.text">Lista</item>
<item name="HYPlistFromMessage.status">Torna alla lista</item>
<item name="HYPlistFromMessage.ToolTip">Torna alla lista</item>
  <item name="HYPmanage.text">Torna al bando</item>
  <item name="HYPmanage.status">Torna al bando</item>
  <item name="HYPmanage.ToolTip">Torna al bando</item>
<item name="LNBretry.text">Torna alla domanda</item>
<item name="LNBretry.status">Torna alla domanda</item>
<item name="LNBretry.ToolTip">Torna alla domanda</item>
<item name="HYPlistFromMessageBottom.text">Lista</item>
<item name="HYPlistFromMessageBottom.status">Torna alla lista</item>
<item name="HYPlistFromMessageBottom.ToolTip">Torna alla lista</item>
<item name="LNBretryBottom.text">Torna alla domanda</item>
<item name="LNBretryBottom.status">Torna alla domanda</item>
<item name="LNBretryBottom.ToolTip">Torna alla domanda</item>
<item name="LTuserMessage.text">Messaggi / errori</item>
<item name="LTemptyFields.text">Campi obbligatori mancanti:</item>
<item name="LTemptyFiles.text">File obbligatori mancanti:</item>
<item name="CompleteSubmissionMessage">La domanda di partecipazione è stata correttamente sottomessa.</item>
<item name="ServiceTitle">Sottomissione domanda</item>
<item name="ServiceNopermission">Spiacente, non dispone dei permessi necessari per visualizzare questa pagina.</item>
<item name="LNBremoveFile.text">&lt;img src="{0}" ToolTip="{1}"&gt;</item>
<item name="LNBremoveFile.ToolTip">Rimuovi il documento</item>
<item name="LNBremoveFile.status">Rimuovi il documento</item>
<item name="Portalname">Portale / Home</item>
<item name="LTsubmitterSection.text">Informazioni generali sulla domanda</item>
<item name="LTsubmitterTypeTitle.text">Tipo domanda:</item>
<item name="LTstatusTitle.text">Stato domanda:</item>
<item name="SubmissionStatus.none">Domanda non effettuata</item>
<item name="SubmissionStatus.draft">Domanda in compilazione</item>
<item name="SubmissionStatus.submitted">Domanda sottomessa</item>
<item name="SubmissionStatus.accepted">Domanda accettata</item>
<item name="SubmissionStatus.rejected">Domanda rifiutata</item>
<item name="SubmissionStatus.waitingValuation">Domanda in attesa di valutazione</item>
<item name="SubmissionStatus.valuating">Domanda in fase di valutazione</item>
<item name="SubmissionStatus.valuated">Domanda valutata</item>
<item name="Closed.SubmissionStatus.draft">Bozza non sottomessa</item>
<item name="LNBstatus.submitted">Sottometti domanda</item>
<item name="LNBstatus.accepted">Accetta domanda</item>
<item name="LNBstatus.rejected">Rifiuta domanda</item>

<item name="submissionConfirm.Subject">Conferma d'adesione</item>
<item name="submissionConfirm.Body">Il {0} alle {1} l'utente {2} ha sottomesso definitivamente la domanda di partecipazione al bando {3} con scadenza {4}.</item>
<item name="UnknowSubmission">Domanda di sottomissione sconosciuta, tornare alla lista dei bandi.</item>
<item name="UnavailableSubmission">La domanda di sottomissione NON è disponibile per la consultazione in quanto non si dispone dei permessi necessari per svolgere tale azione.</item>

	<item name="ServiceEvaluateSubmissionTitle">Domanda sottomessa da valutare</item>
	<item name="ServiceEvaluateSubmissionNopermission">Spiacente, non hai i permessi per valutare questa domanda.</item>
	<item name="LNBsaveEvaluation.text">Salva la valutazione</item>
	<item name="LNBsaveEvaluation.status">Salva i dati relativi alla valutazione</item>
	<item name="LNBsaveEvaluation.ToolTip">Salva i dati relativi alla valutazione</item>
	<item name="LNBevaluationComplete.text">Completa la valutazione</item>
	<item name="LNBevaluationComplete.status">Salva i dati relativi alla valutazione in modo definitivo</item>
	<item name="LNBevaluationComplete.ToolTip">Salva i dati relativi alla valutazione in modo definitivo</item>
	<item name="DefaulCriterionValue">-- Non valutato --</item>
	<item name="LBcomment.text">Commenti:</item>
	<item name="LTevaluation.text">Valutazione:</item>
	<item name="EvaluationStarted">Valutazione iniziata il {0} alle {1}:</item>
	<item name="EvaluationCompleted">Valutazione conclusa il {0} alle {1}:</item>

	<item name="DLGconfirmEvaluationTitle">Conferma valutazione</item>
	<item name="DLGconfirmEvaluationText">ATTENZIONE: una volta definiti tutti i criteri e confermata la valutazione NON sarà possibile effettuare delle modifiche.</item>
	<item name="view.evaluationError">Errore nella memorizzazione dei dati</item>
	<item name="LBevaluationErrorInfo.text">Errori rilevati:</item>
	<item name="BTNretry.text">Indietro</item>
	<item name="BTNretry.status">Torna alla pagina di inserimento della valutazione</item>
	<item name="BTNretry.ToolTip">Torna alla pagina di inserimento della valutazione</item>
	<item name="CriterionEvaluationError">Non è stato possibile memorizzare correttamente i dati relativi ai seguenti criteri:</item>
	<item name="CriterionError">{0} (Valore non memorizzato: {1})</item>
	<item name="CriterionErrorEmpty">{0} ("Non valutato")</item>
	<item name="EvaluationCompleteError">Non è possibile concludere la valutazione, mancano ancora {0} criterio/criteri da valutare.</item>
	<item name="EvaluationError">Errore nella fase di memorizzazione della valutazione, riprovare nuovamente o contattare gli amministratori</item>
  <item name="LTsubmitterNameTitle.text">Sottomessa da:</item>
  <item name="submitterNameOwner">{0} il {1}.</item>
  <item name="submitterName">{0} il {1} per conto di {2}.</item>
  <item name="ToolTipDownloadZip">Scarica il materiale allegato alla domanda.</item>
  <item name="DescriptionAfter">Materiale completo allegato alla domanda di partecipazione.</item>
  <item name="UnknowEvaluation">LA domanda che si intende valutare NON è stata assegnata, spiacente ma non è possibile continuare con la valutazione.</item>

  <item name="submitterNameOwner">{0} il {1}.</item>
  <item name="SubmissionTranslations.CallForPaperTitle">Domanda di partecipazione al bando {0}</item>
  <item name="SubmissionTranslations.CallForPaperTitleAndEdition">Domanda di partecipazione al bando {0} edizione {1}</item>
  <item name="SubmissionTranslations.PrintInfo">Stampata da {0} il {1} alle {2}</item>
  <item name="SubmissionTranslations.SubmittedByTitle">Sottomessa da:</item>
  <item name="SubmissionTranslations.SubmittedByInfo">{0} il {1} alle {2}</item>
  <item name="SubmissionTranslations.SubmittedForInfo">{0} per conto di {1} il {2} alle {3}</item>
  <item name="SubmissionTranslations.SubmittedTypeTitle">Tipo domanda</item>
  <item name="SubmissionTranslations.SubmissionStatusTitle">Status:</item>
  <item name="SubmissionTranslations.SubmissionStatus">- </item>
  <item name="SubmissionTranslations.EmptyItem"> // </item>
  <item name="SubmissionTranslations.SubmittedFilesTitle">File allegati:</item>
  <item name="SubmissionTranslations.SubmissionInfo"> Informazioni di base</item>
  <item name="SubmissionTranslations.CommunityNameTitle">Comunità {0}</item>
  <item name="SubmissionTranslations.PortalCommunityName">Portale</item>
  <item name="SubmissionTranslations.CreatedByInfo">{0} il {1} alle {2}</item>
  <item name="SubmissionTranslations.FileSubmitted">sottomesso</item>
  <item name="SubmissionTranslations.FileNotSubmitted">NON sottomesso</item>
  <item name="SubmissionTranslations.StatusAccepted">Accettata</item>
  <item name="SubmissionTranslations.StatusDraft">In bozza</item>
  <item name="SubmissionTranslations.StatusRejected">Rifiutata</item>
  <item name="SubmissionTranslations.StatusSubmitted">Sottomessa</item>
  <item name="SubmissionTranslations.StatusValuated">Valutata</item>
  <item name="SubmissionTranslations.StatusValuating">In valutazione</item>
  <item name="SubmissionTranslations.StatusWaitingValuation">In attesa di valutazione</item>
  <item name="SubmissionTranslations.ItemMandatory"> OBBLIGATORIO</item>
  <item name="SubmissionTranslations.MaxCharInfo">(massimo {0} caratteri compresi gli spazi)</item>
  <item name="SubmissionTranslations.DisclaimerAccept"> Accetta</item>
  <item name="SubmissionTranslations.DisclaimerReject"> Non accetta</item>
  <item name="SubmissionTranslations.FileCreationError">Errore nella fase di creazione del file.</item>
  <item name="SubmissionTranslations.Pager">Pag.</item>
  
  <item name="DisplayMessageToken">Il file RTF/PDF richiesto è in fase di preparazione, attendere qualche secondo per il download.</item>
  <item name="LNBpdf.text"> </item>
  <item name="LNBpdf.status">Esporta la domanda in formato pdf.</item>
  <item name="LNBpdf.ToolTip">Esporta la domanda in formato pdf.</item>
  <item name="LNBrtf.text"> </item>
  <item name="LNBrtf.status">Esporta la domanda in formato rtf.</item>
  <item name="LNBrtf.ToolTip">Esporta la domanda in formato rtf.</item>
  <item name="ExportFileName">Domanda{0}</item>
  <item name="EvaluationSaved">La valutazione è stata salvata correttamente.</item>

  <item name="LNBnext.text">Avanti</item>
  <item name="LNBnext.ToolTip">Passa allo step successivo</item>
  <item name="LNBnext.status">Passa allo step successivo</item>

  <item name="LNBback.text">Indietro</item>
  <item name="LNBback.ToolTip">Passa allo step precedente</item>
  <item name="LNBback.status">Passa allo step precedente</item>
  <item name="LTmandatoryLegend.text"> I campi contrassegnati dall' asterisco sono obbligatori.</item>

  <item name="AcceptedDisclaimer" >Si</item>
  <item name="DeniedDisclaimer" >No</item>
  <item name="UncheckedDisclaimer" >Non selezionato</item>
</Resource>