﻿<?xml version="1.0" encoding="utf-8" ?>
<Resource>
    <item name="serviceTitle">Management menu</item>
    <item name="nopermission">Not allow to use this page.</item>

    <item name="Lkb_RefreshPreview.text">Refresh preview</item>
    <item name="Lkb_RefreshPreview.ToolTip">Refresh preview</item>
    <item name="Lkb_RefreshPreview.status">Refresh preview</item>

    <item name="Lkb_SaveMenu.text">Save memu</item>
    <item name="Lkb_SaveMenu.ToolTip">Save memu</item>
    <item name="Lkb_SaveMenu.status">Save memu</item>

    <item name="Lkb_MenuList.text">Menu list</item>
    <item name="Lkb_MenuList.ToolTip">Menu list</item>
    <item name="Lkb_MenuList.status">Menu list</item>

    <item name="Lkb_Export.text">Export</item>
    <item name="Lkb_Export.ToolTip">Export</item>
    <item name="Lkb_Export.status">Export</item>

    <item name="Lkb_Import.text">Import</item>
    <item name="Lkb_Import.ToolTip">Import</item>
    <item name="Lkb_Import.status">Import</item>

    <item name="Lbl_none_t.text">Nothing</item>

    <item name="Rts_TipiMenu.0">Portale</item>
    <item name="Rts_TipiMenu.1">Comunità</item>
    <item name="Rts_TipiMenu.2">Amministrazione</item>

    <item name="Lnk_MenuModify.text">M</item>
    <item name="Lnk_MenuModify.ToolTip">Modify Menu</item>
    <item name="Lnk_MenuModify.status">Modify Menu</item>

    <item name="Lnk_MenuDelete.text">X</item>
    <item name="Lnk_MenuDelete.ToolTip">Delete menu</item>
    <item name="Lnk_MenuDelete.status">Delete menu</item>
    <item name="Lnk_MenuDelete.ConfirmText">Il menu verrà eliminato in maniera definitiva. Continuare?</item>
    
    <item name="Lnk_MenuSetDefault.text">D</item>
    <item name="Lnk_MenuSetDefault.ToolTip">Set Default menu.</item>
    <item name="Lnk_MenuSetDefault.status">Set Default menu</item>
    <item name="Lnk_MenuSetDefault.ConfirmText">Set this menu as current?</item>
    
    <item name="Lnk_MenuCopy.text">C</item>
    <item name="Lnk_MenuCopy.ToolTip">Copy Menu</item>
    <item name="Lnk_MenuCopy.status">Copy Menu</item>
    <item name="Lnk_MenuCopy.ConfirmText">Copy selected menu?</item>
</Resource>