<?xml version="1.0" encoding="utf-8"?>
<Resource xmlns:xsi="http://www.w3.org/2001/XMLSchema-instance" xmlns:xsd="http://www.w3.org/2001/XMLSchema" xmlns="urn:ComolTranslation">
  <item name="serviceTitle" html="false" placeholder="false">Menu management</item>
  <item name="serviceTitleAdd" html="false" placeholder="false">Cration of a new menu bar</item>
  <item name="serviceTitleEdit" html="false" placeholder="false">Modify menu bar</item>
  <item name="nopermission" html="false" placeholder="false">You do not have permission to access this page</item>
  <item name="MenuBarType.None" html="false" placeholder="false">Not defined</item>
  <item name="MenuBarType.Portal" html="false" placeholder="false">Portal</item>
  <item name="MenuBarType.GenericCommunity" disambiguation="singolare" html="false" placeholder="false">Community</item>
  <item name="MenuBarType.PortalAdministration" html="false" placeholder="false">Portal administration</item>
  <item name="MenuBarType.ForCommunity" html="false" placeholder="false">Single communities</item>
  <item name="MenuBarType.ForCommunitiesTemplate" html="false" placeholder="false">Community type</item>
  <item name="ItemStatus.None" html="false" placeholder="false" hidden="true" />
  <item name="ItemStatus.Draft" html="false" placeholder="false">Draft</item>
  <item name="ItemStatus.Active" html="false" placeholder="false">Active</item>
  <item name="HYPaddMenuBar.text" html="false" placeholder="false">New</item>
  <item name="HYPaddMenuBar.ToolTip" html="false" placeholder="false">New menu bar</item>
  <item name="HYPaddMenuBar.status" html="false" placeholder="false">New menu bar</item>
  <item name="HYPbackToManagement.text" html="false" placeholder="false">Back to management</item>
  <item name="HYPbackToManagement.ToolTip" html="false" placeholder="false">Back to menu management</item>
  <item name="HYPbackToManagement.status" html="false" placeholder="false">Back to menu management</item>
  <item name="LBname.text" html="false" placeholder="false">Name</item>
  <item name="LBmenubarType.text" html="false" placeholder="false">Bar type:</item>
  <item name="LBstatus.text" disambiguation="status: attivo/chiuso/in corso/valutazione" html="false" placeholder="false">Status</item>
  <item name="LBinfo.text" html="false" placeholder="false">Last change</item>
  <item name="HYPeditMenuBar.text" disambiguation="M=modifica (un solo carattere)" html="false" placeholder="false">M</item>
  <item name="HYPeditMenuBar.ToolTip" html="false" placeholder="false">Modify menu bar</item>
  <item name="HYPeditMenuBar.status" html="false" placeholder="false">Modify menu bar</item>
  <item name="HYPviewMenuBar.status">View menu bar</item>
  <item name="DLBedit.text" disambiguation="M=modifica (un solo carattere)" html="false" placeholder="false">M</item>
  <item name="DLBedit.ToolTip" html="false" placeholder="false">Modify menu bar</item>
  <item name="DLBedit.status" html="false" placeholder="false">Modify menu bar</item>
  <item name="LNBvirtualDelete.text" html="false" placeholder="false" />
  <item name="LNBvirtualDelete.ToolTip" html="false" placeholder="false">Trash menu bar</item>
  <item name="LNBvirtualDelete.status" html="false" placeholder="false">Trash menu bar</item>
  <item name="LNBsetDefault.text" disambiguation="D=default (un solo carattere)" html="false" placeholder="false">D</item>
  <item name="LNBsetDefault.ToolTip" html="false" placeholder="false">Set as default</item>
  <item name="LNBsetDefault.status" html="false" placeholder="false">Set as default</item>
  <item name="LBpagesize.text" html="false" placeholder="false">Items per page: </item>
  <item name="LTpage.text" html="false" placeholder="false">Go to the page: </item>
  <item name="DLGvirtualDeleteMenuBarTitle" html="false" placeholder="false">Menu bar deletion</item>
  <item name="DLGvirtualDeleteMenuBarText" html="false" placeholder="false">ATTENTION: are you sure you want to trash the selected menu bar?</item>
  <item name="DLGeditActiveMenuBarTitle" html="false" placeholder="false">Modify menu bar</item>
  <item name="DLGeditActiveMenuBarText" html="false" placeholder="false">ATTENTION: are you sure you want to modify the selected menu bar? The bar is active at system level, so a copy will be creted, that you can custom (the online version will remain unchanged)</item>
  <item name="LBnoItems.text" html="false" placeholder="false">No menu bar detected</item>
  <item name="DefaultMenuName" html="false" placeholder="true" mustcontains="{0}">New menu bar {0}</item>
  <item name="LNBcreate.text" html="false" placeholder="false">Create</item>
  <item name="LNBcreate.ToolTip" html="false" placeholder="false">Create menu bar</item>
  <item name="LNBcreate.status" html="false" placeholder="false">Create menu bar</item>
  <item name="HYPbackToManagement.text" html="false" placeholder="false">Torna alla gestione</item>
  <item name="HYPbackToManagement.ToolTip" html="false" placeholder="false">Torna alla gestionea dei menu</item>
  <item name="HYPbackToManagement.status" html="false" placeholder="false">Torna alla gestione dei menu</item>
  <item name="LBmenubarName.text" html="false" placeholder="false">Name:</item>
  <item name="LBcssClass.text" html="false" placeholder="false">Css Class:</item>
  <item name="LBmenubarType.text" html="false" placeholder="false">Tipo barra:</item>
  <item name="LBdescription.text" html="false" placeholder="false">By specifying the fields below, the system create a number of elements of first and second level corresponding to those specified:</item>
  <item name="LBtopItemsCount_t.text" html="false" placeholder="false" mustcontains="10">1° level elements  (MAX 10):</item>
  <item name="LBsubItemsCount_t.text" html="false" placeholder="false" mustcontains="30">2° level elements (MAX 30):</item>
  <item name="BTNaddTopItem.text" html="false" placeholder="false" mustcontains="+">+ Item</item>
  <item name="BTNaddTopItem.ToolTip" html="false" placeholder="false">Adds a top-level entry</item>
  <item name="BTNaddTopItem.status" html="false" placeholder="false">Adds a top-level entry</item>
  <item name="BTNsaveBottom.text" html="false" placeholder="false">Save</item>
  <item name="BTNsaveBottom.ToolTip" html="false" placeholder="false">Save changes to the element</item>
  <item name="BTNsaveBottom.status" html="false" placeholder="false">Save changes to the element</item>
  <item name="EditActiveMenubar" html="false" placeholder="true" mustcontains="{0}">[COPY] {0}</item>
  <item name="LNBvirtualUndelete.text" html="false" placeholder="false" />
  <item name="LNBvirtualUndelete.ToolTip" html="false" placeholder="false">Recover the menu bar from the trashbin</item>
  <item name="LNBvirtualUndelete.status" html="false" placeholder="false">Recover the menu bar from the trashbin</item>
  <item name="LNBphisicalDelete.text" html="false" placeholder="false" />
  <item name="LNBphisicalDelete.ToolTip" html="false" placeholder="false">Definitively delete menu bar from the trashbin</item>
  <item name="LNBphisicalDelete.status" html="false" placeholder="false">Definitively delete menu bar from the trashbin</item>
  <item name="DLGdeleteMenuBarTitle" html="false" placeholder="false">Menu bar deletion</item>
  <item name="DLGdeleteMenuBarText" html="false" placeholder="false">ATTENTION: are you sure you want to delete permanently the selected menu bar?</item>
</Resource>