<?xml version="1.0" encoding="utf-8"?>
<Resource xmlns:xsi="http://www.w3.org/2001/XMLSchema-instance" xmlns:xsd="http://www.w3.org/2001/XMLSchema" xmlns="urn:ComolTranslation">
  <item name="serviceTitle" html="false" placeholder="false">Modify menu bar</item>
  <item name="serviceTitleEdit" html="false" placeholder="false">Modify menu bar</item>
  <item name="nopermission" html="false" placeholder="false">You do not have permission to access this page</item>
  <item name="MenuBarType.None" html="false" placeholder="false">Not defined</item>
  <item name="MenuBarType.Portal" html="false" placeholder="false">Portal</item>
  <item name="MenuBarType.GenericCommunity" disambiguation="singolare" html="false" placeholder="false">Community</item>
  <item name="MenuBarType.PortalAdministration" html="false" placeholder="false">Portal administration</item>
  <item name="MenuBarType.ForCommunity" html="false" placeholder="false">Single communities</item>
  <item name="MenuBarType.ForCommunitiesTemplate" html="false" placeholder="false">Community type</item>
  <item name="ItemStatus.None" html="false" placeholder="false" hidden="true" />
  <item name="ItemStatus.Draft" html="false" placeholder="false">Draft</item>
  <item name="ItemStatus.Active" html="false" placeholder="false">Active</item>
  <item name="HYPbackToManagement.text" html="false" placeholder="false">Back to list</item>
  <item name="HYPbackToManagement.ToolTip" html="false" placeholder="false">Back to list</item>
  <item name="HYPbackToManagement.status" html="false" placeholder="false">Back to list</item>
  <item name="LBitemName.text" disambiguation="voce=voce della barra dei menu" html="false" placeholder="false">Item name:</item>
  <item name="LBitemTooltip.text" disambiguation="voce=voce della barra dei menu" html="false" placeholder="false">Item tooltip:</item>
  <item name="LBmodule_t.text" html="false" placeholder="false">Service/Module:</item>
  <item name="LBprofileTypes_t.text" html="false" placeholder="false">Profile types:</item>
  <item name="DDLmodules.0" html="false" placeholder="false">-- select --</item>
  <item name="LBisEnabled_t.text" html="false" placeholder="false">Is active:</item>
  <item name="CBXisEnabled.text" html="false" placeholder="false">Yes.</item>
  <item name="LBwidth_t.text" html="false" placeholder="false" mustcontains="(px)">Width (px):</item>
  <item name="LBheight_t.text" html="false" placeholder="false" mustcontains="(px)">Height (px):</item>
  <item name="LBcssClass.text" html="false" placeholder="false" mustcontains="CSS">CSS Class:</item>
  <item name="LBdisplayOrder_t.text" disambiguation="vis.=visualizzazione" html="false" placeholder="false">View order.</item>
  <item name="LBhasSeparator_t.text" html="false" placeholder="false">Has a separator:</item>
  <item name="CBXseparator.text" html="false" placeholder="false">Yes.</item>
  <item name="MenuItemType.None" disambiguation="non tradurre" html="false" placeholder="true" hidden="true" mustcontains="{0}">{0}</item>
  <item name="MenuItemType.Text" html="false" placeholder="true" mustcontains="{0}">Text element "{0}"</item>
  <item name="MenuItemType.Link" html="false" placeholder="true" mustcontains="{0}">Link element "{0}"</item>
  <item name="MenuItemType.Separator" html="false" placeholder="true" mustcontains="{0}">Separator {0}</item>
  <item name="MenuItemType.TextContainer" html="false" placeholder="true" mustcontains="{0}">Container element"{0}"</item>
  <item name="MenuItemType.LinkContainer" html="false" placeholder="true" mustcontains="{0}">Container element"{0}"</item>
  <item name="MenuItemType.IconNewItem" html="false" placeholder="true" mustcontains="{0}">New element icon{0}</item>
  <item name="MenuItemType.IconStatistic" html="false" placeholder="true" mustcontains="{0}">Statistics icon {0}</item>
  <item name="MenuItemType.IconManage" html="false" placeholder="true" mustcontains="{0}">Management icon {0}</item>
  <item name="MenuItemType.ItemColumn" html="false" placeholder="true" mustcontains="{0}">Column {0}</item>
  <item name="MenuItemType.TopItemMenu" html="false" placeholder="true" mustcontains="{0}">"{0}" menu bar item</item>
  <item name="MenuItemType.Menubar" html="false" placeholder="true" mustcontains="{0}">Menu bar "{0}"</item>
  <item name="BTNaddcolumn.text" html="false" placeholder="false" mustcontains="+">+ Column</item>
  <item name="BTNaddcolumn.ToolTip" html="false" placeholder="false">Adds a new column</item>
  <item name="BTNaddcolumn.status" html="false" placeholder="false">Adds a new column</item>
  <item name="BTNaddLink.text" html="false" placeholder="false" mustcontains="+">+ Link</item>
  <item name="BTNaddLink.ToolTip" html="false" placeholder="false">Adds a link-type entry</item>
  <item name="BTNaddLink.status" html="false" placeholder="false">Adds a link-type entry</item>
  <item name="BTNaddText.text" html="false" placeholder="false" mustcontains="+">+ Text</item>
  <item name="BTNaddText.ToolTip" html="false" placeholder="false">Adds an item of textual type</item>
  <item name="BTNaddText.status" html="false" placeholder="false">Adds an item of textual type</item>
  <item name="BTNaddLinkContainer.text" html="false" placeholder="false" mustcontains="+">+ Link container</item>
  <item name="BTNaddLinkContainer.ToolTip" html="false" placeholder="false">Adds an elements container</item>
  <item name="BTNaddTopItem.status" html="false" placeholder="false">Adds a top-level entry</item>
  <item name="BTNaddTextContainer.text" html="false" placeholder="false" mustcontains="+">+ Text content</item>
  <item name="BTNaddTextContainer.ToolTip" html="false" placeholder="false">Adds a text container</item>
  <item name="BTNaddTextContainer.status" html="false" placeholder="false">Adds a text container</item>
  <item name="BTNaddTopItem.text" html="false" placeholder="false" mustcontains="+">+ Item</item>
  <item name="BTNaddTopItem.ToolTip" html="false" placeholder="false">Adds a top-level entry</item>
  <item name="BTNaddTopItem.status" html="false" placeholder="false">Aggiunge una voce di primo livello</item>
  <item name="BTNaddSeparator.text" html="false" placeholder="false" mustcontains="+">+ Separator</item>
  <item name="BTNaddSeparator.ToolTip" html="false" placeholder="false">Adds a separator</item>
  <item name="BTNaddSeparator.status" html="false" placeholder="false">Adds a separator</item>
  <item name="LBtextDisposition_t.text" html="false" placeholder="false">Dispose:</item>
  <item name="TextPosition.None" html="false" placeholder="false">-- Select --</item>
  <item name="TextPosition.DisplayLeft" html="false" placeholder="false">Text to the left</item>
  <item name="TextPosition.DisplayRight" html="false" placeholder="false">Text to the right</item>
  <item name="LBhasColumnSeparator_t.text" html="false" placeholder="false">Has column separators:</item>
  <item name="LBlink_t.text" html="false" placeholder="false">Url:</item>
  <item name="LBshowDisabledItems.text" html="false" placeholder="false">If deactivated:</item>
  <item name="RBLshowDisabledItems.True" html="false" placeholder="false">Show</item>
  <item name="RBLshowDisabledItems.False" html="false" placeholder="false">Hide</item>
  <item name="LBitemName.text" html="false" placeholder="false">Nome:</item>
  <item name="LBitemName_t.text" html="false" placeholder="false">Name:</item>
  <item name="LBitemType_t.text" html="false" placeholder="false">Type:</item>
  <item name="BTNsaveBottom.text" html="false" placeholder="false">Save</item>
  <item name="BTNsaveBottom.ToolTip" html="false" placeholder="false">Save changes to the element</item>
  <item name="BTNsaveBottom.status" html="false" placeholder="false">Save changes to the element</item>
  <item name="BTNaddIconManage.text" html="false" placeholder="false">Add management icon</item>
  <item name="BTNaddIconManage.ToolTip" html="false" placeholder="false">Add management icon</item>
  <item name="BTNaddIconManage.status" html="false" placeholder="false">Add management icon</item>
  <item name="BTNaddIconNew.text" html="false" placeholder="false">Add new icon</item>
  <item name="BTNaddIconNew.ToolTip" html="false" placeholder="false">Add new icon</item>
  <item name="BTNaddIconNew.status" html="false" placeholder="false">Add new icon</item>
  <item name="BTNaddIconStatistic.text" html="false" placeholder="false">Add statistic icons</item>
  <item name="BTNaddIconStatistic.ToolTip" html="false" placeholder="false">Add statistic icons</item>
  <item name="BTNaddIconStatistic.status" html="false" placeholder="false">Add statistic icons</item>
  <item name="DLGvirtualDeleteItemTitle" html="false" placeholder="false">Confirm menu item / element deletion</item>
  <item name="DLGvirtualDeleteItemText" html="false" placeholder="false">Are you sure you want to delete item or the selected element?</item>
  <item name="MenubarUnknown" html="false" placeholder="false">The specified menu bar does not exiast</item>
  <item name="CreateError" html="false" placeholder="true" mustcontains="{0}">Error while creating the element: "{0}".</item>
  <item name="SaveError" html="false" placeholder="false">Error while saving data, try again.</item>
  <item name="ItemUnknown" html="false" placeholder="false">Menu item non-existent / unknown.</item>
  <item name="DeleteError" html="false" placeholder="true" mustcontains="{0}">Error while deleting the element: "{0}".</item>
  <item name="DLGphisicalDeleteItemTitle" html="false" placeholder="false">Confirm DEFINITIVE deletion item/menu element</item>
  <item name="DLGphisicalDeleteItemText" html="false" placeholder="false">Are you sure you want to permanently delete item or the selected element?</item>
  <item name="DLBdelete.text" html="false" placeholder="false">Delete</item>
  <item name="DLBdelete.ToolTip" html="false" placeholder="false">Delete definitively the element and all the contained elements</item>
  <item name="DLBdelete.status" html="false" placeholder="false">Delete definitively the element and all the contained elements</item>
  <item name="DLBvirtualDelete.text" html="false" placeholder="false">Trash</item>
  <item name="DLBvirtualDelete.ToolTip" html="false" placeholder="false">Trash element and all the contained elements</item>
  <item name="DLBvirtualDelete.status" html="false" placeholder="false">Trash element and all the contained elements</item>
  <item name="BTNdelete.text" html="false" placeholder="false">Delete</item>
  <item name="BTNdelete.ToolTip" html="false" placeholder="false">Delete definitively the element and all the contained elements</item>
  <item name="BTNdelete.status" html="false" placeholder="false">Delete definitively the element and all the contained elements</item>
  <item name="BTNvirtualDelete.text" html="false" placeholder="false">Trash</item>
  <item name="BTNvirtualDelete.ToolTip" html="false" placeholder="false">Trash element and all the contained elements</item>
  <item name="BTNvirtualDelete.status" html="false" placeholder="false">Trash element and all the contained elements</item>
</Resource>