<?xml version="1.0" encoding="utf-8"?>
<Resource xmlns:xsi="http://www.w3.org/2001/XMLSchema-instance" xmlns:xsd="http://www.w3.org/2001/XMLSchema" xmlns="urn:ComolTranslation">
  <item name="LBtitolo.text" html="false" placeholder="false">Thesis offer management</item>
  <item name="LBNopermessi.text" html="false" placeholder="false">You do not have permission to access this page.</item>
  <item name="LogoutMessage" html="false" placeholder="false">Sorry, your session has expired, you have to log into the system again.</item>
  <item name="LNBinserisciOfferta.status" html="false" placeholder="false">Enter a new thesis offer</item>
  <item name="LNBinserisciOfferta.text" html="false" placeholder="false">New thesis offer</item>
  <item name="LNBinserisciOfferta.ToolTip" html="false" placeholder="false">Enter a new thesis offer</item>
  <item name="LNBapriFiltro.text" html="true" placeholder="false">&lt;img src='./../../images/filtro_open.gif' alt='' align=middle&gt;View filter</item>
  <item name="LNBapriFiltro.status" html="false" placeholder="false">View community filter</item>
  <item name="LNBapriFiltro.Tooltip" html="false" placeholder="false">View community filter</item>
  <item name="LNBchiudiFiltro.text" html="true" placeholder="false">&lt;img src='./../../images/filtro_close.gif' alt='' align=middle&gt;Hide filters</item>
  <item name="LNBchiudiFiltro.status" html="false" placeholder="false">Hide filters</item>
  <item name="LNBchiudiFiltro.Tooltip" html="false" placeholder="false">Hide filters</item>
  <item name="LBorganizzazione_t.text" html="false" placeholder="false">Facolty:&amp;nbsp;</item>
  <item name="LBpaginazione_t.text" html="false" placeholder="false">N° record:</item>
  <item name="LBlivelloTesi_t.text" html="false" placeholder="false">Thesis level:&amp;nbsp;</item>
  <item name="DDLorganizzazione.-1" disambiguation="relativo ad organizzazione" html="false" placeholder="false">-- None --</item>
  <item name="DDLorganizzazione.0" disambiguation="relativo ad organizzazioni" html="false" placeholder="false">-- All --</item>
  <item name="DDLlivelloTesi.0" disambiguation="relativo a livello" html="false" placeholder="false">-- None --</item>
  <item name="DDLlivelloTesi.-1" disambiguation="relativo a livelli" html="false" placeholder="false">-- All --</item>
  <item name="DGofferte.page" html="false" placeholder="true" mustcontains="#%%#">Page &lt;#%%#&gt;</item>
  <item name="DGofferte.ordinamento.0.status" html="false" placeholder="true" mustcontains="#%%#">Ascending order by &lt;#%%#&gt;</item>
  <item name="DGofferte.ordinamento.1.status" html="false" placeholder="true" mustcontains="#%%#">Descending order by &lt;#%%#&gt;</item>
  <item name="DGofferte.ordinamento.2.status" html="false" placeholder="true" mustcontains="#%%#">Order by &lt;#%%#&gt;</item>
  <item name="DGofferte.IMBmodifica.ImageUrl" html="false" placeholder="false" hidden="true">./../../images/m.gif</item>
  <item name="DGofferte.IMBmodifica.status" html="false" placeholder="false">Modify offer.</item>
  <item name="DGofferte.IMBmodifica.AlternateText" html="false" placeholder="false">Modify offer.</item>
  <item name="DGofferte.IMBinfo.ImageUrl" html="false" placeholder="false" hidden="true">./../../images/proprieta.gif</item>
  <item name="DGofferte.IMBinfo.status" html="false" placeholder="false">Details</item>
  <item name="DGofferte.IMBelimina.ImageUrl" html="false" placeholder="false" hidden="true">./../../images/x.gif</item>
  <item name="DGofferte.IMBelimina.status" html="false" placeholder="false">Delete</item>
  <item name="DGofferte.IMBelimina.AlternateText" html="false" placeholder="false">Delete</item>
  <item name="DGofferte.IMBelimina.ConfirmText" html="false" placeholder="false">Are you sure you want to delete the selected offer?</item>
  <item name="DGofferte.IMBinfo.AlternateText" html="false" placeholder="false">Details</item>
  <item name="DGofferte.Descrizione.HeaderText" html="false" placeholder="false">Description</item>
  <item name="DGofferte.Stage.HeaderText" html="false" placeholder="false">Stage</item>
  <item name="DGofferte.HasStage.HeaderText" html="false" placeholder="false">Stage</item>
  <item name="DGofferte.Pubblicata.HeaderText" html="false" placeholder="false">Published on</item>
  <item name="DGofferte.Assegnata.HeaderText" html="false" placeholder="false">Assigned</item>
  <item name="LBfacolta_t.text" html="false" placeholder="false">Facolty:&amp;nbsp;</item>
  <item name="LBlivello_t.text" html="false" placeholder="false">Level:&amp;nbsp;</item>
  <item name="LBrichieste_t.text" html="false" placeholder="false">N° Requests:&amp;nbsp;</item>
  <item name="LNBtrasformaInTesi.status" html="false" placeholder="false">Convert in thesis</item>
  <item name="LNBtrasformaInTesi.text" html="false" placeholder="false">Convert in thesis</item>
  <item name="LNBtrasformaInTesi.ToolTip" html="false" placeholder="false">Convert in thesis</item>
  <item name="LNBtrasformaInTesi.ConfirmText" html="false" placeholder="false">Are you sure you want to make this thesis offer a real thesis!</item>
  <item name="LNBtrasformaInTesi.blocked" html="false" placeholder="false">Functioin under construction.</item>
  <item name="LNBrichieste.text" html="false" placeholder="false">Display requests</item>
  <item name="LNBrichieste.ToolTip" html="false" placeholder="false">Display requests</item>
  <item name="LNBrichieste.status" html="false" placeholder="false">Display requests</item>
  <item name="LNBrichieste.blocked" html="false" placeholder="false">Functioin under construction.</item>
  <item name="ultimaOfferta" html="false" placeholder="false">Last request on</item>
  <item name="Si" html="false" placeholder="false">Yes</item>
  <item name="No" html="false" placeholder="false">No</item>
  <item name="NONvisibili" html="false" placeholder="false">Offers not visible to students</item>
  <item name="Accettate" html="false" placeholder="false">Accepted offers.</item>
</Resource>