<?xml version="1.0" encoding="utf-8"?>
<Resource xmlns:xsi="http://www.w3.org/2001/XMLSchema-instance" xmlns:xsd="http://www.w3.org/2001/XMLSchema" xmlns="urn:ComolTranslation">
  <item name="titolo_inserimento" html="false" placeholder="false">Thesis offer insertion </item>
  <item name="titolo_modifica" html="false" placeholder="false">Modify thesis offer</item>
  <item name="LBNopermessi.text" html="false" placeholder="false">You do not have permission to access this page.</item>
  <item name="LogoutMessage" html="false" placeholder="false">Sorry, your session has expired, you have to log into the system again.</item>
  <item name="TABoffertaTesiAvanzata.Text" html="false" placeholder="false">Other Info</item>
  <item name="TABoffertaTesiAvanzata.ToolTip" html="false" placeholder="false">Other Info</item>
  <item name="TABoffertaTesiAvanzata.Text" html="false" placeholder="false">Altre Informazioni</item>
  <item name="TABoffertaTesiAvanzata.ToolTip" html="false" placeholder="false">Altre Informazioni</item>
  <item name="TABrichieste.Text" html="false" placeholder="false">Requests</item>
  <item name="TABrichieste.ToolTip" html="false" placeholder="false">Requests</item>
  <item name="LNBelencoOfferte.text" html="false" placeholder="false">Back to management</item>
  <item name="LNBelencoOfferte.status" html="false" placeholder="false">Back to management</item>
  <item name="LNBelencoOfferte.ToolTip" html="false" placeholder="false">Back to management</item>
  <item name="LNBsalva.text" html="false" placeholder="false">Save settings</item>
  <item name="LNBsalva.status" html="false" placeholder="false">Save settings</item>
  <item name="LNBsalva.ToolTip" html="false" placeholder="false">Save settings</item>
  <item name="LNBcrea.text" html="false" placeholder="false">Create offer</item>
  <item name="LNBcrea.status" html="false" placeholder="false">Create offer</item>
  <item name="LNBcrea.ToolTip" html="false" placeholder="false">Create offer</item>
  <item name="inserimento.1" html="false" placeholder="false">Offer was correctly saved in the system.</item>
  <item name="inserimento.0" html="false" placeholder="false">Sorry, offer was not saved in the system, due to an error.</item>
  <item name="inserimento.-1" html="false" placeholder="false">Sorry, offer was not modified due to an error.</item>
  <item name="inserimento.2" html="false" placeholder="false">Offer was correctly modified.</item>
  <item name="inserimento.-2" html="false" placeholder="false">ATTENTION: enter at least one destination faculty.</item>
  <item name="inserimento.-3" html="false" placeholder="false">ATTENTION: some inserted data are incorrect or missing.</item>
  <item name="LBtitolo.Richieste" html="false" placeholder="false">Modify thesis offeri: requests management.</item>
  <item name="LBtitolo.Richieste.Assegnazione" html="false" placeholder="false">Request for thesis offer assignment</item>
  <item name="notifica.1" html="false" placeholder="false">Notification correctly saved</item>
  <item name="notifica.0" html="false" placeholder="false">Error while editing the request status, no notification mail sent.</item>
  <item name="notifica.-2" html="false" placeholder="false">Select an action from the available ones</item>
  <item name="LNBindietro.text" html="false" placeholder="false">Back to list</item>
  <item name="LNBindietro.status" html="false" placeholder="false">Back to requests list</item>
  <item name="LNBindietro.ToolTip" html="false" placeholder="false">Back to requests list</item>
  <item name="LNBinvia.text" html="false" placeholder="false">Save and send</item>
  <item name="LNBinvia.status" html="false" placeholder="false">Save and send notification</item>
  <item name="LNBinvia.ToolTip" html="false" placeholder="false">Save and send notification</item>
</Resource>