<?xml version="1.0" encoding="utf-8"?>
<Resource xmlns:xsi="http://www.w3.org/2001/XMLSchema-instance" xmlns:xsd="http://www.w3.org/2001/XMLSchema" xmlns="urn:ComolTranslation">
  <item name="Label1.text" html="false" placeholder="false">Available files:</item>
  <item name="BtFileInfo.text" html="false" placeholder="false">Informations</item>
  <item name="BtnDownload.text" disambiguation="scarica=download" html="false" placeholder="false">Download</item>
  <item name="BtRemove.text" html="false" placeholder="false">Remove</item>
  <item name="BtHelp.text" html="false" placeholder="false">Help</item>
  <item name="BtSend.text" html="false" placeholder="false">Send</item>
  <item name="IBAggiorna.ImageUrl" disambiguation="non tradurre" html="false" placeholder="false" hidden="true">./../images/aggiorna.gif</item>
  <item name="IBAggiorna.status" html="false" placeholder="false">Update</item>
  <item name="IBAggiorna.AlternateText" html="false" placeholder="false">Update</item>
  <item name="LblFileInfo1.text" html="false" placeholder="false">Attention!!!</item>
  <item name="LblFileInfo2.text" html="false" placeholder="false">Non ci assumiamo alcuna responsabilità sui contenuti dei file. Non sono consentiti file che violino le leggi vigenti. Si consiglia comunque di eseguire la scansione con un antivirus aggiornato prima di aprire i file scaricati. Fare riferimento all'Help per ulteriori informazioni.</item>
  <item name="Responsab.Titolo" html="false" placeholder="false">Attention!!!</item>
  <item name="Responsab.Desc" html="false" placeholder="false">Non ci assumiamo alcuna responsabilità sui contenuti dei file. Non sono consentiti file che violino le leggi vigenti. Si consiglia comunque di eseguire la scansione con un antivirus aggiornato prima di aprire i file scaricati. Fare riferimento all'Help per ulteriori informazioni.</item>
  <item name="InfoFile.Titolo" html="false" placeholder="false">File informations:</item>
  <item name="InfoFile.Desc" html="false" placeholder="false">No file selected.</item>
  <item name="Download" html="false" placeholder="false">Click below to download.</item>
  <item name="HL_Help" html="false" placeholder="false">Help</item>
  <item name="UplOK" html="false" placeholder="false">Available upload</item>
  <item name="UplInCorso" html="false" placeholder="false">Upload in progress... Wait...</item>
  <item name="ErrGenerico" html="false" placeholder="false">Unexpected error.</item>
  <item name="ErrSize" html="false" placeholder="false" mustcontains="2Mb">File bigger than 2Mb</item>
  <item name="ErrFileExist" html="false" placeholder="false">Existing file.</item>
  <item name="ErrNoAut" html="false" placeholder="false">Unauthorized Download</item>
  <item name="ErrNoError" html="false" placeholder="false">File successfully uploaded</item>
  <item name="ErrElimOk" html="false" placeholder="false">File successfully deleted.</item>
  <item name="Nota1" html="false" placeholder="false">NOTE:</item>
  <item name="Nota2" html="false" placeholder="false">Per motivi di sicurezza i file con estensione *.exe ed *.com vengono rinominati con estensione *.ex_ e *.co_ Per utilizzare il file rinominarlo in *.exe o *.com dopo averlo controllato con un antivirus.</item>
  <item name="NotaFileMod" html="false" placeholder="false">File name changed to</item>
  <item name="InfoNome" html="false" placeholder="false">File name:</item>
  <item name="InfoDim" html="false" placeholder="false">Size:</item>
  <item name="InfoDimByte" html="false" placeholder="false" hidden="true">Byte.</item>
  <item name="InfoTempo" html="false" placeholder="false">Uploaded at:</item>
  <item name="InfoUploader" html="false" placeholder="false">Uploaded by:</item>
  <item name="InfoNote" html="false" placeholder="false">Notes:</item>
</Resource>