<?xml version="1.0" encoding="utf-8"?>
<Resource xmlns:xsi="http://www.w3.org/2001/XMLSchema-instance" xmlns:xsd="http://www.w3.org/2001/XMLSchema" xmlns="urn:ComolTranslation">
  <item name="LblRef.text" html="false" placeholder="false">Update every:</item>
  <item name="IBAClear.ImageUrl" disambiguation="non tradurre" html="false" placeholder="false" hidden="true" mustcontains="./../images/ClearServer.gif">./../images/ClearServer.gif</item>
  <item name="IBAClear.AlternateText" html="false" placeholder="false">Clear server</item>
  <item name="IBAClear.status" html="false" placeholder="false">Clear server</item>
</Resource>