<?xml version="1.0" encoding="utf-8"?>
<Resource xmlns:xsi="http://www.w3.org/2001/XMLSchema-instance" xmlns:xsd="http://www.w3.org/2001/XMLSchema" xmlns="urn:ComolTranslation">
  <item name="UserRepositoryAction.ButtonText.None" html="false" placeholder="false" />
  <item name="UserRepositoryAction.ToolTip.None" html="false" placeholder="false" />
  <item name="UserRepositoryAction.Description.None" html="false" placeholder="false" />
  <item name="UserRepositoryAction.ActionTitle.None" html="false" placeholder="false" />
  <item name="UserRepositoryAction.ActionTitle.SelectAction" html="false" placeholder="false">Actions available to materials</item>
  <item name="UserRepositoryAction.ButtonText.LinkForDownload" html="false" placeholder="false">Download file</item>
  <item name="UserRepositoryAction.ToolTip.LinkForDownload" html="false" placeholder="false">Download file</item>
  <item name="UserRepositoryAction.Description.LinkForDownload" html="false" placeholder="false">Adds one or more actions of file downloading from community materials</item>
  <item name="UserRepositoryAction.ActionTitle.LinkForDownload" html="false" placeholder="false">Select the materials you want to download</item>
  <item name="UserRepositoryAction.ButtonText.LinkForScorm" html="false" placeholder="false">Display scorm</item>
  <item name="UserRepositoryAction.ToolTip.LinkForScorm" html="false" placeholder="false">Display scorm</item>
  <item name="UserRepositoryAction.Description.LinkForScorm" html="false" placeholder="false">Adds one or more actions for the scorm materials viewing in the community materials.</item>
  <item name="UserRepositoryAction.ActionTitle.LinkForScorm" html="false" placeholder="false">Select the material/s you want to view</item>
  <item name="UserRepositoryAction.ButtonText.LinkForMultimedia" html="false" placeholder="false">Display multimedia</item>
  <item name="UserRepositoryAction.ToolTip.LinkForMultimedia" html="false" placeholder="false">Display multimedia</item>
  <item name="UserRepositoryAction.Description.LinkForMultimedia" html="false" placeholder="false">Adds one or more actions for the multimedia packages viewing in the community materials.</item>
  <item name="UserRepositoryAction.ActionTitle.LinkForMultimedia" html="false" placeholder="false">Select the material you want to upload and associate to the object.</item>
  <item name="UserRepositoryAction.ButtonText.InternalUploadPlay" html="false" placeholder="false">New internal materials</item>
  <item name="UserRepositoryAction.ToolTip.InternalUploadPlay" html="false" placeholder="false">New internal materials</item>
  <item name="UserRepositoryAction.Description.InternalUploadPlay" html="false" placeholder="false">Aggiunge uno o piu' materiali all'interno dell'oggetto. In automatico in base al tipo di materiale caricato il partecipante potrà effettuarne lo scaricamento o visionarlo in piattaforma.</item>
  <item name="UserRepositoryAction.ActionTitle.LinkForMultimedia" html="false" placeholder="false">Selezionare il materiale da caricare ed associare all'oggetto</item>
  <item name="UserRepositoryAction.ButtonText.CommunityUploadPlay" html="false" placeholder="false">New community materials</item>
  <item name="UserRepositoryAction.ToolTip.CommunityUploadPlay" html="false" placeholder="false">New community materials</item>
  <item name="UserRepositoryAction.Description.CommunityUploadPlay" html="false" placeholder="false">Aggiunge uno o piu' materiali all'interno del materiale di comunità e li associa all'oggetto. In automatico in base al tipo di materiale caricato il partecipante potrà effettuarne lo scaricamento o visionarlo in piattaforma.</item>
  <item name="UserRepositoryAction.ActionTitle.CommunityUploadPlay" html="false" placeholder="false">Select the material you want to upload and associate to the object.</item>
  <item name="UserRepositoryAction.ButtonText.UploadFile" html="false" placeholder="false">Add materials</item>
  <item name="UserRepositoryAction.ToolTip.UploadFile" html="false" placeholder="false">Add materials</item>
  <item name="UserRepositoryAction.Description.UploadFile" html="false" placeholder="false">Adds an action for wich the participant has to upload a file to the community materials</item>
  <item name="UserRepositoryAction.ActionTitle.UploadFile" html="false" placeholder="false">Select the folder in which materials will be uploaded</item>
  <item name="UserRepositoryAction.ButtonText.CreateFolder" html="false" placeholder="false">Add folder</item>
  <item name="UserRepositoryAction.ToolTip.CreateFolder" html="false" placeholder="false">Add folder</item>
  <item name="UserRepositoryAction.Description.CreateFolder" html="false" placeholder="false">Adds an action for wich the participant has to create a folder in the community materials</item>
  <item name="UserRepositoryAction.ActionTitle.CreateFolder" html="false" placeholder="false">Select the folder creation's path</item>
  <item name="BTNcloseAddActionWindowBottom.text" html="false" placeholder="false">Close window</item>
  <item name="BTNcloseAddActionWindowBottom.ToolTip" html="false" placeholder="false">Close window</item>
  <item name="BTNcloseAddActionWindowTop.text" html="false" placeholder="false">Close window</item>
  <item name="BTNcloseAddActionWindowTop.ToolTip" html="false" placeholder="false">Close window</item>
  <item name="BTNselectActionBottom.text" html="false" placeholder="false">Change action</item>
  <item name="BTNselectActionBottom.ToolTip" html="false" placeholder="false">Change action</item>
  <item name="BTNselectActionTop.text" html="false" placeholder="false">Change action</item>
  <item name="BTNselectActionTop.ToolTip" html="false" placeholder="false">Change action</item>
  <item name="LTuploadToCommunity_t.text" html="false" placeholder="false">Add file to the community repository</item>
  <item name="BTNaddCommunityFileTop.text" disambiguation="carica=upload" html="false" placeholder="false">Upload</item>
  <item name="BTNaddCommunityFileTop.ToolTip" html="false" placeholder="false">Adds the file which has to be downloaded.</item>
  <item name="BTNaddCommunityFileTop.status" html="false" placeholder="false">Adds the file which has to be downloaded.</item>
  <item name="BTNaddCommunityFileBottom.text" disambiguation="carica=upload" html="false" placeholder="false">Upload</item>
  <item name="BTNaddCommunityFileBottom.ToolTip" html="false" placeholder="false">Adds the file which has to be downloaded.</item>
  <item name="BTNaddCommunityFileBottom.status" html="false" placeholder="false">Adds the file which has to be downloaded.</item>
  <item name="LTuploadToItem_t.text" html="false" placeholder="false">Add a NOT available file to communtiy repository </item>
  <item name="BTNaddInternalToItemTop.text" disambiguation="carica=upload" html="false" placeholder="false">Upload</item>
  <item name="BTNaddInternalToItemTop.ToolTip" html="false" placeholder="false">Adds the file which has to be downloaded.</item>
  <item name="BTNaddInternalToItemTop.status" html="false" placeholder="false">Adds the file which has to be downloaded.</item>
  <item name="BTNaddInternalToItemBottom.text" disambiguation="carica=upload" html="false" placeholder="false">Upload</item>
  <item name="BTNaddInternalToItemBottom.ToolTip" html="false" placeholder="false">Adds the file which has to be downloaded.</item>
  <item name="BTNaddInternalToItemBottom.status" html="false" placeholder="false">Adds the file which has to be downloaded.</item>
  <item name="LTselectFromCommunity_t.text" html="false" placeholder="false">Select file/s from community repository</item>
  <item name="BTNLinkToModuleBottom.text" html="false" placeholder="false">Create action</item>
  <item name="BTNLinkToModuleBottom.ToolTip" html="false" placeholder="false">Create the download action for the selected file/s</item>
  <item name="BTNLinkToModuleBottom.status" html="false" placeholder="false">Create the download action for the selected file/s</item>
  <item name="BTNLinkToModuleTop.text" html="false" placeholder="false">Create action</item>
  <item name="BTNLinkToModuleTop.ToolTip" html="false" placeholder="false">Create the download action for the selected file/s</item>
  <item name="BTNLinkToModuleTop.status" html="false" placeholder="false">Create the download action for the selected file/s</item>
  <item name="LTuploadFileAction.text" html="false" placeholder="false">Select the destination folder in which yoou want to add the file</item>
  <item name="BTNselectFolderBottom.text" html="false" placeholder="false">Create action</item>
  <item name="BTNselectFolderBottom.ToolTip" html="false" placeholder="false">Create action</item>
  <item name="BTNselectFolderTop.text" html="false" placeholder="false">Create action</item>
  <item name="BTNselectFolderTop.ToolTip" html="false" placeholder="false">Create action</item>
  <item name="action.PlayFile" html="true" placeholder="true" mustcontains="{0}|{1}|{2}|{3}">View multimedial materials &lt;a href="{0}" title="{1}" target="_blank" class="ROW_ItemLink_Small fileRepositoryCookieNoBlockUI" &gt;&lt;img src="{2}"/&gt; {1} ({3})&lt;/a&gt;</item>
  <item name="action.PlayFileRead" html="true" placeholder="true" mustcontains="{0}|{1}|{2}">View multimedial materials &lt;img src="{1}"/&gt; {0} ({2})</item>
  <item name="action.DownloadFile" html="true" placeholder="true" mustcontains="{0}|{1}|{2}|{3}">Download the file &lt;a href="{0}" title="{1}" target="_blank" class="ROW_ItemLink_Small fileRepositoryCookie" &gt;&lt;img src="{2}"/&gt; {1} ({3})&lt;/a&gt;</item>
  <item name="action.PlayFile.RepositoryItemType.VideoStreaming.False" html="false" placeholder="true" mustcontains="{0}">Display video streaming {0}"</item>
  <item name="action.PlayFile.RepositoryItemType.VideoStreaming.True" html="false" placeholder="true" mustcontains="{0}">{0}</item>
  <item name="action.PlayFile.RepositoryItemType.Multimedia.False" html="false" placeholder="false">View multimedial materials {0}</item>
  <item name="action.PlayFile.RepositoryItemType.Multimedia.True" html="false" placeholder="true" mustcontains="{0}">{0}</item>
  <item name="action.PlayFile.RepositoryItemType.ScormPackage.False" html="false" placeholder="false">View multimedial materials {0}</item>
  <item name="action.PlayFile.RepositoryItemType.ScormPackage.True" html="false" placeholder="true" mustcontains="{0}">{0}</item>
  <item name="action.PlayFile.RepositoryItemType.FileStandard.False" html="false" placeholder="true" mustcontains="{0}">Download the file {0}.</item>
  <item name="action.PlayFile.RepositoryItemType.FileStandard.True" html="false" placeholder="true" mustcontains="{0}">{0}</item>
  <item name="action.PlayFileRead.RepositoryItemType.VideoStreaming.False" html="true" placeholder="true" mustcontains="{0}|{1}|{2}">Display video streaming &lt;img src="{1}"/&gt; {0} ({2})</item>
  <item name="action.PlayFileRead.RepositoryItemType.VideoStreaming.True" html="true" placeholder="true" mustcontains="{0}|{1}|{2}">&lt;img src="{1}"/&gt; {0} ({2})</item>
  <item name="action.PlayFileRead.RepositoryItemType.Multimedia.False" html="true" placeholder="true" mustcontains="{0}|{1}|{2}">View multimedial materials &lt;img src="{1}"/&gt; {0} ({2})</item>
  <item name="action.PlayFileRead.RepositoryItemType.Multimedia.True" html="true" placeholder="true" mustcontains="{0}|{1}|{2}">&lt;img src="{1}"/&gt; {0} ({2})</item>
  <item name="action.PlayFileRead.RepositoryItemType.ScormPackage.False" html="true" placeholder="true" mustcontains="{0}|{1}|{2}">View multimedial materials &lt;img src="{1}"/&gt; {0} ({2})</item>
  <item name="action.PlayFileRead.RepositoryItemType.ScormPackage.True" html="true" placeholder="true" mustcontains="{0}|{1}|{2}">&lt;img src="{1}"/&gt; {0} ({2})</item>
  <item name="action.PlayFileRead.RepositoryItemType.FileStandard.False" html="true" placeholder="true" mustcontains="{0}|{1}|{2}">Download file &lt;img src="{1}"/&gt; {0} ({2})</item>
  <item name="action.PlayFileRead.RepositoryItemType.FileStandard.True" html="true" placeholder="true" mustcontains="{0}|{1}|{2}">&lt;img src="{1}"/&gt; {0} ({2})</item>
  <item name="action.DownloadFileRead.False" html="true" placeholder="true" mustcontains="{0}|{1}|{2}">Download file &lt;img src="{1}"/&gt; {0} ({2})</item>
  <item name="action.DownloadFileRead.True" html="true" placeholder="true" mustcontains="{0}|{1}|{2}">&lt;img src="{1}"/&gt; {0} ({2})</item>
  <item name="action.CreateFolder" html="false" placeholder="false" />
  <item name="action.UploadFile" html="false" placeholder="false" />
  <item name="action.RemovedObject" html="false" placeholder="false">ATTENTION - The object of the concerned activity was deleted.</item>
  <item name="LBallowTo.text" html="false" placeholder="false">Download/access allowed:</item>
  <item name="DownloadNumber" disambiguation="scarica=download" html="false" placeholder="true" mustcontains="{0}"> - downloaded {0} time/s</item>
  <item name="display.PlayFile" html="true" placeholder="true" hidden="true" mustcontains="{0}|{1}|{2}|{3}">&lt;a href="{0}" title="{1}" target="_blank" class="ROW_ItemLink_Small fileRepositoryCookieNoBlockUI" &gt;&lt;img src="{2}"/&gt; {1} ({3})&lt;/a&gt;</item>
  <item name="display.DownloadFile" html="true" placeholder="true" hidden="true" mustcontains="{0}|{1}|{2}|{3}">&lt;a href="{0}" title="{1}" target="_blank" class="ROW_ItemLink_Small fileRepositoryCookie" &gt;&lt;img src="{2}"/&gt; {1} ({3})&lt;/a&gt;</item>
  <item name="display.PlayButton" html="true" placeholder="true" hidden="true" mustcontains="{0}|{1}|{2}">&lt;a href="{0}" title="{1}" class="ROW_ItemLink_Small" &gt;&lt;img src="{2}"/&gt; {1}&lt;/a&gt;</item>
  <item name="display.FileStatistics" html="true" placeholder="true" hidden="true" mustcontains="{0}|{1}|{2}">&lt;a href="{0}" title="{1}" class="ROW_ItemLink_Small" &gt;&lt;img src="{2}"/&gt; {1}&lt;/a&gt;</item>
  <item name="display.FilePermission" html="true" placeholder="true" hidden="true" mustcontains="{0}|{1}|{2}">&lt;a href="{0}" title="{1}" class="ROW_ItemLink_Small" &gt;&lt;img src="{2}"/&gt; {1}&lt;/a&gt;</item>
  <item name="display.ScormEdit" html="true" placeholder="true" hidden="true" mustcontains="{0}|{1}|{2}">&lt;a href="{0}" title="{1}" class="ROW_ItemLink_Small" &gt;&lt;img src="{2}"/&gt; {1}&lt;/a&gt;</item>
  <item name="button_editMetadata" html="false" placeholder="false">Modify metadata</item>
  <item name="button_statistics" html="false" placeholder="false">(Usage statistics)</item>
  <item name="button_play" html="false" placeholder="false">(play package)</item>
  <item name="button_editPermission" html="false" placeholder="false">Modify permissions</item>
  <item name="HYPcontenutoAttivo.text" html="false" placeholder="false"> PLAY </item>
  <item name="HYPcontenutoAttivo.status" html="false" placeholder="false">Play scorm package</item>
  <item name="HYPcontenutoAttivo.Tooltip" html="false" placeholder="false">Play scorm package</item>
  <item name="HYPstatistics.text" html="false" placeholder="false" hidden="true">&lt;img src="{0}" ToolTip="{1}"&gt;</item>
  <item name="HYPstatistics.status" html="false" placeholder="false">Usage statistics</item>
  <item name="HYPstatistics.ToolTip" html="false" placeholder="false">Usage statistics</item>
  <item name="HYPeditMetadata.text" html="false" placeholder="false" hidden="true">&lt;img src="{0}" ToolTip="{1}"&gt;</item>
  <item name="HYPeditMetadata.status" html="false" placeholder="false">Display/Modify metadata of the scorm package</item>
  <item name="HYPeditMetadata.Tooltip" html="false" placeholder="false">Display/Modify metadata of the scorm package</item>
  <item name="HYPeditPermission.text" html="false" placeholder="false" hidden="true">&lt;img src="{0}" ToolTip="{1}"&gt;</item>
  <item name="HYPeditPermission.status" html="false" placeholder="false">Modify access permissions to community files</item>
  <item name="HYPeditPermission.Tooltip" html="false" placeholder="false">Modify access permissions to community files</item>
  <item name="HYPplayItem.text" html="false" placeholder="false" hidden="true">&lt;img src="{0}" ToolTip="{1}"&gt;</item>
  <item name="HYPplayItem.status" html="false" placeholder="false" />
  <item name="HYPplayItem.ToolTip" html="false" placeholder="false" />
  <item name="description" html="true" placeholder="true" mustcontains="{0}|{1}">File: {0} ({1})</item>
  <item name="HYPtoDownload.text" html="false" placeholder="false">&amp;nbsp;</item>
  <item name="HYPtoDownload.tatus" html="false" placeholder="false">Download file</item>
  <item name="HYPtoDownload.Tooltip" html="false" placeholder="false">Download file</item>
  <item name="HYPtoPlayer.RepositoryItemType.ScormPackage.text" html="false" placeholder="false">&amp;nbsp;</item>
  <item name="HYPtoPlayer.RepositoryItemType.ScormPackages.tatus" html="false" placeholder="false">Play scorm package</item>
  <item name="HYPtoPlayer.RepositoryItemType.ScormPackage.Tooltip" html="false" placeholder="false">Play scorm package</item>
  <item name="HYPtoPlayer.RepositoryItemType.Multimedia.text" html="false" placeholder="false">&amp;nbsp;</item>
  <item name="HYPtoPlayer.RepositoryItemType.Multimedia.tatus" html="false" placeholder="false">Display by multimedia package</item>
  <item name="HYPtoPlayer.RepositoryItemType.Multimedia.Tooltip" html="false" placeholder="false">Display by multimedia package</item>
  <item name="HYPtoPlayer.RepositoryItemType.VideoStreaming.text" html="false" placeholder="false">&amp;nbsp;</item>
  <item name="HYPtoPlayer.RepositoryItemType.VideoStreaming.tatus" html="false" placeholder="false">Start streaming</item>
  <item name="HYPtoPlayer.RepositoryItemType.VideoStreaming.Tooltip" html="false" placeholder="false">Start streaming</item>
  <item name="HYPtoStatistics.text" html="false" placeholder="false" hidden="true">&lt;img src="{0}" ToolTip="{1}"&gt;</item>
  <item name="HYPtoStatistics.status" html="false" placeholder="false">Usage statistics</item>
  <item name="HYPtoStatistics.ToolTip" html="false" placeholder="false">Usage statistics</item>
  <item name="HYPtoSettings.RepositoryItemType.ScormPackage.text" html="false" placeholder="false" hidden="true">&lt;img src="{0}" ToolTip="{1}"&gt;</item>
  <item name="HYPtoSettings.RepositoryItemType.ScormPackage.status" html="false" placeholder="false">Display/Modify metadata of the scorm package</item>
  <item name="HYPtoSettings.RepositoryItemType.ScormPackage.Tooltip" html="false" placeholder="false">Display/Modify metadata of the scorm package</item>
  <item name="HYPtoSettings.RepositoryItemType.Multimedia.text" html="false" placeholder="false" hidden="true">&lt;img src="{0}" ToolTip="{1}"&gt;</item>
  <item name="HYPtoSettings.RepositoryItemType.Multimedia.status" html="false" placeholder="false">Set the default document to be displayed at startup</item>
  <item name="HYPtoSettings.RepositoryItemType.Multimedia.Tooltip" html="false" placeholder="false">Set the default document to be displayed at startup</item>
  <item name="HYPtoPermission.text" html="true" placeholder="true" mustcontains="{0}|{1}">&lt;img" src="{0}" ToolTip="{1}"&gt;</item>
  <item name="HYPtoPermission.status" html="false" placeholder="false">Modify access permissions to community files</item>
  <item name="HYPtoPermission.Tooltip" html="false" placeholder="false">Modify access permissions to community files</item>
  <item name="toPermission" html="true" placeholder="true" hidden="true" mustcontains="{0}|{1}|{2}|{3}">&lt;a href="{0}" title="{1}" class="{3}" &gt;&lt;img src="{2}"/&gt; {1}&lt;/a&gt;</item>
  <item name="toPlayer" html="true" placeholder="true" hidden="true" mustcontains="{0}|{1}|{2}|{3}|{4}">&lt;a href="{0}" title="{1}" target="_blank" class="{4} fileRepositoryCookieNoBlockUI" &gt;&lt;img src="{2}"/&gt; {1} ({3})&lt;/a&gt;</item>
  <item name="toDownload" html="true" placeholder="true" hidden="true" mustcontains="{0}|{1}|{2}|{3}|{4}">&lt;a href="{0}" title="{1}" target="_blank" class="{4} fileRepositoryCookie" &gt;&lt;img src="{2}"/&gt; {1} ({3})&lt;/a&gt;</item>
  <item name="toStatistics" html="true" placeholder="true" hidden="true" mustcontains="{0}|{1}|{2}">&lt;a href="{0}" title="{1}" class="ROW_ItemLink_Small" &gt;&lt;img src="{2}"/&gt; {1}&lt;/a&gt;</item>
  <item name="toSettings" html="true" placeholder="true" hidden="true" mustcontains="{0}|{1}|{2}">&lt;a href="{0}" title="{1}" class="ROW_ItemLink_Small" &gt;&lt;img src="{2}"/&gt; {1}&lt;/a&gt;</item>
  <item name="action.RepositoryItemType.FileStandard" html="false" placeholder="false">Download file</item>
  <item name="action.RepositoryItemType.ScormPackage" html="false" placeholder="false">View scorm package</item>
  <item name="action.RepositoryItemType.VideoStreaming" html="false" placeholder="false">Start</item>
  <item name="action.RepositoryItemType.Multimedia" html="false" placeholder="false">View</item>
  <item name="settings.RepositoryItemType.FileStandard" html="false" placeholder="false" />
  <item name="settings.RepositoryItemType.ScormPackage" html="false" placeholder="false">Display/Modify metadata of the scorm package</item>
  <item name="settings.RepositoryItemType.VideoStreaming" html="false" placeholder="false">Set the default document to be displayed at startup</item>
  <item name="settings.RepositoryItemType.Multimedia" html="false" placeholder="false">Set the default document to be displayed at startup</item>
  <item name="statistic.RepositoryItemType.FileStandard" html="false" placeholder="false">View download statistics.</item>
  <item name="statistic.RepositoryItemType.ScormPackage" html="false" placeholder="false">View usage statistics of the scorm package.</item>
  <item name="statistic.RepositoryItemType.VideoStreaming" html="false" placeholder="false">View statistics</item>
  <item name="statistic.RepositoryItemType.Multimedia" html="false" placeholder="false">View statistics</item>
  <item name="permission.RepositoryItemType.FileStandard" html="false" placeholder="false">Modify access permissions to community files</item>
  <item name="permission.RepositoryItemType.ScormPackage" html="false" placeholder="false">Modify access permissions to community files</item>
  <item name="permission.RepositoryItemType.VideoStreaming" html="false" placeholder="false">Modify access permissions to community files</item>
  <item name="permission.RepositoryItemType.Multimedia" html="false" placeholder="false">Modify access permissions to community files</item>
  <item name="action.toPermission" html="false" placeholder="false">Modify access permissions to community files</item>
  <item name="downloadInfo" html="false" placeholder="false">downloads</item>
  <item name="fileTitle" html="false" placeholder="false">(Click to download)</item>
  <item name="descriptionInfo" html="false" placeholder="false">Description</item>
  <item name="settingsAction" html="false" placeholder="false">Description</item>
  <item name="statisticAction" html="false" placeholder="false">Description</item>
  <item name="GetRemovedUser">Utente rimosso</item>
  <item name="GetUnknownUser">Utente sconosciuto</item>
  <item name="urlTitle">Premi per andare all'indirizzo - </item>
  <item name="CreatedOn" disambiguation="inteso come creato il">on</item>
  <item name="CreatedBy" disambiguation="inteso come creato da">by</item>
</Resource>