<?xml version="1.0" encoding="utf-8"?>
<Resource xmlns:xsi="http://www.w3.org/2001/XMLSchema-instance" xmlns:xsd="http://www.w3.org/2001/XMLSchema" xmlns="urn:ComolTranslation">
  <item name="LBaction.text" disambiguation="A=azioni (un solo carattere)" html="false" placeholder="false">A</item>
  <item name="LBaction.ToolTip" html="false" placeholder="false">trash/recover/delete</item>
  <item name="LBpublish.text" disambiguation="P=pubblica (un solo carattere)" html="false" placeholder="false">P</item>
  <item name="LBpublish.ToolTip" disambiguation="comunità=singolare" html="false" placeholder="false">Publish file in the community materials.</item>
  <item name="LBaddedAt.text" html="false" placeholder="false">Added on</item>
  <item name="LBaddedAt.ToolTip" html="false" placeholder="false">File added on</item>
  <item name="LBaddedBy.text" html="false" placeholder="false">By</item>
  <item name="LBaddedBy.ToolTip" html="false" placeholder="false">File added by</item>
  <item name="LBstatus.text" disambiguation="status: attivo/chiuso/in corso/valutazione" html="false" placeholder="false">Status</item>
  <item name="LBstatus.ToolTip" html="false" placeholder="false">File status</item>
  <item name="LBproperty.text" html="false" placeholder="false" hidden="true" />
  <item name="LBproperty.ToolTip" html="false" placeholder="false" hidden="true" />
  <item name="LBvisible.text" disambiguation="V=visibile (un solo carattere)" html="false" placeholder="false">V</item>
  <item name="LBvisible.ToolTip" html="false" placeholder="false">Set file visibility</item>
  <item name="LNBhide.True.text" html="false" placeholder="false">Hide</item>
  <item name="LNBhide.True.ToolTip" html="false" placeholder="false">Hide</item>
  <item name="LNBhide.True.status" html="false" placeholder="false">Hide</item>
  <item name="LNBhide.False.text" html="false" placeholder="false">Show</item>
  <item name="LNBhide.False.ToolTip" html="false" placeholder="false">Show</item>
  <item name="LNBhide.False.status" html="false" placeholder="false">Show</item>
  <item name="LNBhideCommunityItem.True.text" html="false" placeholder="false">Hide</item>
  <item name="LNBhideCommunityItem.True.ToolTip" html="false" placeholder="false">Hide</item>
  <item name="LNBhideCommunityItem.True.status" html="false" placeholder="false">Hide</item>
  <item name="LNBhideCommunityItem.False.text" html="false" placeholder="false">Show</item>
  <item name="LNBhideCommunityItem.False.ToolTip" html="false" placeholder="false">Show</item>
  <item name="LNBhideCommunityItem.False.status" html="false" placeholder="false">Show</item>
  <item name="LNBdelete.text" html="false" placeholder="false" hidden="true">&lt;img src="{0}" ToolTip="{1}"&gt;</item>
  <item name="LNBdelete.status" html="false" placeholder="false">Definitive deletion</item>
  <item name="LNBdelete.ToolTip" html="false" placeholder="false">Definitive deletion</item>
  <item name="LNBdelete.ConfirmText" html="false" placeholder="false">Are you sure you want to permanently delete the selected file from the diary item?</item>
  <item name="LNBvirtualDelete.text" html="false" placeholder="false" hidden="true">&lt;img src="{0}" ToolTip="{1}"&gt;</item>
  <item name="LNBvirtualDelete.status" html="false" placeholder="false">Trash the file associated to this item</item>
  <item name="LNBvirtualDelete.ToolTip" html="false" placeholder="false">Trash the file associated to this item</item>
  <item name="LNBvirtualDelete.ConfirmText" html="false" placeholder="false">Are you sure you want to trash the selected file?</item>
  <item name="LNBundelete.text" html="false" placeholder="false" hidden="true">&lt;img src="{0}" ToolTip="{1}"&gt;</item>
  <item name="LNBundelete.status" html="false" placeholder="false">Recover from trashbin</item>
  <item name="LNBundelete.ToolTip" html="false" placeholder="false">Recover from trashbin</item>
  <item name="LNBunlink.text" html="false" placeholder="false" hidden="true">&lt;img src="{0}" ToolTip="{1}"&gt;</item>
  <item name="LNBunlink.status" disambiguation="comunità=singolare" html="false" placeholder="false">Remove link from community file</item>
  <item name="LNBunlink.ToolTip" disambiguation="comunità=singolare" html="false" placeholder="false">Remove link from community file"</item>
  <item name="HYPpublishItem.text" html="false" placeholder="false" hidden="true">&lt;img src="{0}" ToolTip="{1}"&gt;</item>
  <item name="HYPpublishItem.status" disambiguation="comunità=singolare" html="false" placeholder="false">Publish in the community materials.</item>
  <item name="HYPpublishItem.ToolTip" disambiguation="comunità=singolare" html="false" placeholder="false">Publish in the community materials.</item>
  <item name="CommunityAuthor" html="false" placeholder="true" mustcontains="{0}">from community (by {0})</item>
  <item name="DLGrepositoryFileItemVisibilityTitle" html="false" placeholder="false">Modify file visibility</item>
  <item name="DLGrepositoryFileItemVisibilityText" html="false" placeholder="false">The selected file must be:</item>
  <item name="DLGmoduleFileItemVisibilityTitle" html="false" placeholder="false">Modify file visibility</item>
  <item name="DLGmoduleFileItemVisibilityText" html="false" placeholder="false">The selected file must be:</item>
  <item name="ModuleItemFileVisibilityStatus.VisibleForModule" html="false" placeholder="false">visible from inside the item/element </item>
  <item name="ModuleItemFileVisibilityStatus.Visible" disambiguation="comunità=singolare" html="false" placeholder="false">Visible from communtiy materials</item>
  <item name="ModuleItemFileVisibilityStatus.2" disambiguation="comunità=singolare" html="false" placeholder="false">HIDDEN for the community</item>
  <item name="ModuleItemFileVisibilityStatus.4" disambiguation="voce=voce/elemento del diario delle lezioni/quarderno attività" html="false" placeholder="false">HIDDEN for the item</item>
  <item name="ModuleItemFileVisibilityStatus.8" disambiguation="comunità=singolare" html="false" placeholder="false">VISIBLE from community materials</item>
  <item name="ModuleItemFileVisibilityStatus.16" disambiguation="voce=voce/elemento del diario delle lezioni/quarderno attività" html="false" placeholder="false">VISIBLE from the item</item>
  <item name="ModuleItemFileVisibilityStatus.6" disambiguation="voce=voce/elemento del diario delle lezioni/quarderno attività;comunità=singolare" html="false" placeholder="false">HIDDEN for item / community materials</item>
  <item name="ModuleItemFileVisibilityStatus.24" disambiguation="voce=voce/elemento del diario delle lezioni/quarderno attività;comunità=singolare" html="false" placeholder="false">VISIBLE item / community materials</item>
  <item name="ModuleItemFileVisibilityStatus.18" disambiguation="voce=voce/elemento del diario delle lezioni/quarderno attività;comunità=singolare" html="false" placeholder="false">VISIBLE item / HIDDEN community materials</item>
  <item name="ModuleItemFileVisibilityStatus.12" disambiguation="voce=voce/elemento del diario delle lezioni/quarderno attività;comunità=singolare" html="false" placeholder="false">HIDDEN item / VISIBLE for community materials</item>
  <item name="visibilityFileInternal.HiddenForModule" html="false" placeholder="false">File is currently hidden</item>
  <item name="visibilityFileInternal.VisibleForModule" html="false" placeholder="false">File is currently visible</item>
  <item name="visibilityFile.HiddenForModule" disambiguation="comunità=singolare" html="false" placeholder="false">File is currently hidden but not from the community materials"</item>
  <item name="visibilityFile.VisibleForModule" disambiguation="comunità=singolare" html="false" placeholder="false">File is currently hidden from the community materials"</item>
  <item name="visibilityFile.Hidden" disambiguation="comunità=singolare" html="false" placeholder="false">File is currently hidden from the community materials too"</item>
  <item name="visibilityFile.Visible" disambiguation="comunità=singolare" html="false" placeholder="false">File is currently visible to the community materials"</item>
  <item name="HYPdownload.text" disambiguation="scarica=download" html="false" placeholder="false">Download</item>
  <item name="HYPdownload.status" disambiguation="scarica=download" html="false" placeholder="false">Download</item>
  <item name="HYPdownload.Tooltip" disambiguation="scarica=download" html="false" placeholder="false">Download</item>
  <item name="HYPcontenutoAttivo.scorm.text" html="false" placeholder="false">(play package)</item>
  <item name="HYPcontenutoAttivo.scorm.status" html="false" placeholder="false">(play package)</item>
  <item name="HYPcontenutoAttivo.scorm.Tooltip" html="false" placeholder="false">(play package)</item>
  <item name="IMBcontenutoAttivo.scorm.status" html="false" placeholder="false">(play package)</item>
  <item name="IMBcontenutoAttivo.scorm.Tooltip" html="false" placeholder="false">(play package)</item>
  <item name="HYPcontenutoAttivo.videocast.text" html="false" placeholder="false">(play movie)</item>
  <item name="HYPcontenutoAttivo.videocast.status" html="false" placeholder="false">(play movie)</item>
  <item name="HYPcontenutoAttivo.videocast.Tooltip" html="false" placeholder="false">(play movie)</item>
  <item name="IMBcontenutoAttivo.videocast.status" html="false" placeholder="false">(play movie)</item>
  <item name="IMBcontenutoAttivo.videocast.Tooltip" html="false" placeholder="false">(play movie)</item>
  <item name="HYPstatistics.text" html="true" placeholder="true" mustcontains="{0}|{1}">&lt;img src="{0}" ToolTip="{1}"&gt; (Usage statistics)</item>
  <item name="HYPstatistics.status" html="false" placeholder="false">Usage statistics</item>
  <item name="HYPstatistics.ToolTip" html="false" placeholder="false">Usage statistics</item>
  <item name="serviceTitleManagementFile" disambiguation="voce=voce/elemento del diario delle lezioni/quarderno attività;materiale=file" html="false" placeholder="false">Diary item materials management</item>
  <item name="nopermissionManagementFile" disambiguation="voce=voce/elemento del diario delle lezioni/quarderno attività;materiale=file" html="false" placeholder="false">You do not have permission to manage the materials of this diary item.</item>
  <item name="HYPmultipleUpload.text" html="false" placeholder="false">Multiple upload</item>
  <item name="HYPmultipleUpload.ToolTip" html="false" placeholder="false">Multiple upload</item>
  <item name="HYPmultipleUpload.status" html="false" placeholder="false">Multiple upload</item>
  <item name="LTaddFromCommunity_t.text" html="false" placeholder="false">Import community file</item>
  <item name="LTlinkToCommunity.text" html="false" placeholder="false">In this way you can associate one or more files from community materials</item>
  <item name="BTNlinkCommunityFile.text" html="false" placeholder="false">Associate</item>
  <item name="BTNlinkCommunityFile.ToolTip" html="false" placeholder="false">Associate</item>
  <item name="BTNlinkCommunityFile.status" html="false" placeholder="false">Associate</item>
  <item name="LTuploadToCommunity_t.text" disambiguation="voce=voce/elemento del diario delle lezioni/quarderno attività" html="false" placeholder="false">Upload file to the community and associate to item</item>
  <item name="BTNaddCommunityFile.text" disambiguation="carica=upload" html="false" placeholder="false">Upload</item>
  <item name="BTNaddCommunityFile.ToolTip" html="false" placeholder="false">Upload and associate</item>
  <item name="BTNaddCommunityFile.status" html="false" placeholder="false">Upload and associate</item>
  <item name="LTuploadToDiaryItem_t.text" html="false" placeholder="false">Upload file ONLY to this diary item</item>
  <item name="BTNaddToItem.text" disambiguation="carica=upload" html="false" placeholder="false">Upload</item>
  <item name="BTNaddToItem.ToolTip" disambiguation="carica=upload" html="false" placeholder="false">Upload</item>
  <item name="BTNaddToItem.status" disambiguation="carica=upload" html="false" placeholder="false">Upload</item>
  <item name="LTitemFiles_t.text" disambiguation="voce=voce/elemento del diario delle lezioni/quarderno attività" html="false" placeholder="false">Files associated to the item</item>
  <item name="serviceTitleItemFileError.text" disambiguation="voce=voce/elemento del diario delle lezioni/quarderno attività" html="false" placeholder="false">File associated to the item - upload error</item>
  <item name="nopermissionItemFileError.text" disambiguation="voce=voce/elemento del diario delle lezioni/quarderno attività" html="false" placeholder="false">No permissions to add a file to the diary item</item>
  <item name="ItemRepositoryStatus" html="false" placeholder="true" hidden="true" mustcontains="{0}|{1}">{0}: {1};</item>
  <item name="communityfile.error" disambiguation="comunità=singolare" html="false" placeholder="false">Error while uploading to the community materials the following files:"</item>
  <item name="internalfile.error" html="false" placeholder="false">Error while uploading file: </item>
  <item name="DLGvisibilityTitle" html="false" placeholder="false">Modify subject visibility</item>
  <item name="DLGvisibilityText" disambiguation="comunità=singolare" html="false" placeholder="false">ATTENTION: the selected materials are community materials, do you want to change its visibility?</item>
  <item name="DLGvisibilityModule" html="false" placeholder="false">Only inside this service</item>
  <item name="DLGvisibilityModuleAndRepository" html="false" placeholder="false">Both inside the service or the community materials.</item>
  <item name="DLGremoveFileTitle" html="false" placeholder="false">Materials deletion</item>
  <item name="DLGremoveFileText" html="false" placeholder="false">Do you want to delete permanently the selected material? </item>
  <item name="LTselectedItems" html="false" placeholder="false">These elements were already selected:</item>
</Resource>