<?xml version="1.0" encoding="utf-8"?>
<Resource xmlns:xsi="http://www.w3.org/2001/XMLSchema-instance" xmlns:xsd="http://www.w3.org/2001/XMLSchema" xmlns="urn:ComolTranslation">
  <item name="serviceTitlePublish_" html="false" placeholder="false">Publish a file/ several files in the community materials.</item>
  <item name="serviceTitlePublish_SRVLEZ" html="false" placeholder="false">Publish a file/ several files of the diary item in the community materials.</item>
  <item name="nopermission" html="false" placeholder="false">You do not have permission to publish to the community materials </item>
  <item name="HYPbackToFileManagement.text" html="false" placeholder="false">Back to management</item>
  <item name="HYPbackToFileManagement.ToolTip" html="false" placeholder="false">Back to materials management</item>
  <item name="HYPbackToFileManagement.status" html="false" placeholder="false">Back to materials management</item>
  <item name="BaseFolder" html="false" placeholder="false">Base folder</item>
  <item name="NoPermissionToManagementFiles" html="false" placeholder="false">Sorry, you do not have permission to manage files</item>
  <item name="NoPermissionToPublishFiles" html="false" placeholder="false">Sorry, you do not have permission to add files to community materials. </item>
  <item name="LBvisibleTo_t.text" html="false" placeholder="false">Visible to:</item>
  <item name="RBLvisibleTo.True" html="false" placeholder="false">To the ones who can download/play</item>
  <item name="RBLvisibleTo.False" html="false" placeholder="false">Only to the owner</item>
  <item name="LBinfoFolder" html="false" placeholder="true" mustcontains="{0}">Select the destination folder in the community "{0}"</item>
  <item name="PortalHome" html="false" placeholder="false">Portal</item>
  <item name="HYPbackToFileManagement.SRVLEZ.text" html="false" placeholder="false">Back to management</item>
  <item name="HYPbackToFileManagement.SRVLEZ.ToolTip" html="false" placeholder="false">Back to materials management</item>
  <item name="HYPbackToFileManagement.SRVLEZ.status" html="false" placeholder="false">Back to materials management</item>
  <item name="BTNgoToBackUrl.text.SRVLEZ" html="false" placeholder="false">Back to management</item>
  <item name="BTNgoToBackUrl.ToolTip.SRVLEZ" html="false" placeholder="false">Back to materials management</item>
  <item name="BTNgoToBackUrl.status.SRVLEZ" html="false" placeholder="false">Back to materials management</item>
  <item name="LBfileToExport.text" html="false" placeholder="false">STEP 1 - Select file/s to publish in the community materials</item>
  <item name="LBselectCommunity.text" html="false" placeholder="false">STEP 2 - Select destination folder</item>
  <item name="LBselectFolder.text" html="false" placeholder="false">STEP 2 - Select destination folder</item>
  <item name="LBmultipleFileError.text" html="false" placeholder="false">STEP 3 - Rename item's files</item>
  <item name="LBfileNameToReplace.text" html="true" placeholder="true" mustcontains="{0}">ATTENTION: file &lt;b&gt;{0}&lt;/b&gt; already exists in destination folder, name it differently:</item>
  <item name="LBsummary.text" html="false" placeholder="false">SUMMARY - File to publish in the community materials</item>
  <item name="LBsummaryDescription.text" html="true" placeholder="true" mustcontains="{0}|{1}">You are trying to add to folder "&lt;b&gt;{0}&lt;/b&gt;" of the community &lt;b&gt;{1}&lt;/b&gt; the following files:</item>
  <item name="RenamedFiles" html="false" placeholder="false">Following files were renamed in order to be published</item>
  <item name="StartNextButton.text" html="false" placeholder="false">Continue</item>
  <item name="StartNextButton.ToolTip" html="false" placeholder="false">Continue to next step.</item>
  <item name="StepNextButton.text" html="false" placeholder="false">Continue</item>
  <item name="StepNextButton.ToolTip" html="false" placeholder="false">Continue to next step.</item>
  <item name="StepPreviousButton.text" html="false" placeholder="false">Back</item>
  <item name="StepPreviousButton.ToolTip" html="false" placeholder="false">BAck to previous step.</item>
  <item name="FinishPreviousButton.text" html="false" placeholder="false">Back</item>
  <item name="FinishPreviousButton.ToolTip" html="false" placeholder="false">BAck to previous step.</item>
  <item name="FinishButton.text" disambiguation="verbo" html="false" placeholder="false">Public</item>
  <item name="FinishButton.ToolTip" html="false" placeholder="false">Publish files in the community materials.</item>
</Resource>