﻿<?xml version="1.0" encoding="utf-8" ?>
<!--en version-->
<Resource xmlns="urn:ComolTranslation">
  <item name="LNBuploadtomoduleitem.text">Carica file</item>
  <item name="LNBuploadtomoduleitem.ToolTip">Carica un nuovo file.</item>
  <item name="LNBuploadtomoduleitemandcommunity.text">Carica file ed aggiungi alla comunità</item>
  <item name="LNBuploadtomoduleitemandcommunity.ToolTip">Carica dei file e li aggiunge anche alla comunità</item>
  <item name="LNBlinkfromcommunity.text">Seleziona dalla comunità</item>
  <item name="LNBlinkfromcommunity.ToolTip">Seleziona un file dal materiale di comunità.</item>
  <item name="LNBaddurltomoduleitem.text">Aggiungi url</item>
  <item name="LNBaddurltomoduleitem.ToolTip">Aggiungi url</item>
  <item name="LNBaddurltomoduleitemandcommunity.text">Aggiungi url (anche nel materiale di comunità)</item>
  <item name="LNBaddurltomoduleitemandcommunity.ToolTip">Aggiungi url (anche nel materiale di comunità)</item>

  <item name="HYPuploadtomoduleitem.text">Carica file</item>
  <item name="HYPuploadtomoduleitem.ToolTip">Carica un nuovo file.</item>
  <item name="HYPuploadtomoduleitemandcommunity.text">Carica file ed aggiungi alla comunità</item>
  <item name="HYPuploadtomoduleitemandcommunity.ToolTip">Carica dei file e li aggiunge anche alla comunità</item>
  <item name="HYPlinkfromcommunity.text">Seleziona dalla comunità</item>
  <item name="HYPlinkfromcommunity.ToolTip">Seleziona un file dal materiale di comunità.</item>
  <item name="HYPaddurltomoduleitem.text">Aggiungi url</item>
  <item name="HYPaddurltomoduleitem.ToolTip">Aggiungi url</item>
  <item name="HYPaddurltomoduleitemandcommunity.text">Aggiungi url (anche nel materiale di comunità)</item>
  <item name="HYPaddurltomoduleitemandcommunity.ToolTip">Aggiungi url (anche nel materiale di comunità)</item>
  <item name="LBurl_t.text">*Url:</item>
  <item name="LBurlName_t.text">Nome visualizzato:</item>
  <item name="LTdescriptionEditingUrls.text">Da questa schermata è possibile procedere con la modifica degli indirizzi internet presenti nella lista sottostante:</item>
  <item name="LTdescriptionEditingUrls.1">Da questa schermata è possibile procedere con la modifica dell'indirizzo sottostante:</item>
  <item name="LNBcloseUrlSettingsWindow.text">Chiudi finestra</item>
  <item name="LNBcloseUrlSettingsWindow.ToolTip">Chiudi la finestra senza salvare le modifiche</item>
  <item name="BTNsaveUrlSettings.text">Salva</item>
  <item name="BTNsaveUrlSettings.ToolTip">Salva le modifiche</item>
</Resource>