<?xml version="1.0" encoding="utf-8"?>
<Resource xmlns:xsi="http://www.w3.org/2001/XMLSchema-instance" xmlns:xsd="http://www.w3.org/2001/XMLSchema" xmlns="urn:ComolTranslation">
  <item name="PortalHome" html="false" placeholder="false">Portal - Home</item>
  <item name="BaseFolder" html="false" placeholder="false">Base folder</item>
  <item name="nopermission" html="false" placeholder="false">Sorry, you do not have permission to access this page.</item>
  <item name="serviceUploadErrors_Title" html="false" placeholder="false">Error while uploading materials to nella fase di caricamento del materiale in piattaforma</item>
  <item name="communityfile.error" html="false" placeholder="false">Error while uploading the following files to the community materials:</item>
  <item name="internalfile.error" html="false" placeholder="false">Error while uploading file: </item>
  <item name="ShowSessionTimeout" html="false" placeholder="false">Work session has expired, close window and log into the platform again</item>
</Resource>