﻿<?xml version="1.0" encoding="utf-8" ?>
<Resource xmlns="urn:ComolTranslation">
	<item name="footerTitolo">&lt;b&gt; &amp;copy; 2010 Soc.Coop Computer Learning&lt;/b&gt;</item>
	<item name="footerIndirizzo">C/O Polo Tecnologico - Via Soltieri 38 - 38100 Trento (TN) - P.IVA 01879850228 - Tel. 0461-420340 - Fax. 0461-426725 &lt;br/&gt;&lt;br/&gt;in collaborazione con:&lt;br/&gt;&lt;b&gt;Università degli Studi di Trento&lt;/b&gt; - Dipartimento di informatica e Studi Aziendali</item>
	<item name="systemMailSender">Computer Learning - Comunità On Line</item>
	<item name="systemMail">ComputerLearning@comunitaonline.unitn.it</item>
	<item name="systemMailError">ComputerLearning@comunitaonline.unitn.it</item>
	<item name="systemMailSubject">[Comunità On Line - Computer Learning]</item>
	<item name="systemMailFirma">------------------------------------------------------------------------&lt;br&gt;&amp;copy; 2010 Computer Learning&lt;br&gt;C/O Polo Tecnologico - Via Soltieri 38 - 38100 Trento (TN)&lt;br&gt;------------------------------------------------------------------------&lt;br&gt;</item>
	<item name="systemMailFirmaNotifica">------------------------------------------------------------------------&lt;br&gt;Sistema Notifica Automatico – &amp;copy; 2010 Computer Learning&lt;br&gt;C/O Polo Tecnologico - Via Soltieri 38 - 38100 Trento (TN)&lt;br&gt;------------------------------------------------------------------------&lt;br&gt;</item>
	<item name="aggiornamentoXML">4</item>
	<item name="systemDBcodice">8</item>
	<item name="systemRegistraMail">false</item>
	<item name="Tutor.PercorsoFile">./KnowledgeTutorLog</item>
	<item name="Tutor.AmpiezzaCoda">20</item>
	<item name="Tutor.SaveActivated">true</item>
	<item name="Tutor.SaveOnDB">true</item>
	<item name="Tutor.SaveOnFile">false</item>
	<item name="SendMailError">true</item>
	<item name="SMTPServer">mail.unitn.it</item>
	<item name="copy">Copia di:</item>
	<item name="mail_NotificaLogin_Subject">Invio login e password</item>
	<item name="mail_NotificaLogin_Body">Come da Lei richiesto, Le vengono inviati&lt;br&gt; login: #login# &lt;br&gt; Password: #pwd# &lt;br&gt;</item>
	<item name="mail_NotificaLogin_Body_ldap">Come da Lei richiesto, Le viene inviata la login utilizzata per accedere al sistema, mentre per la password si deve rivolgere a chi gestisce il sistema di autenticazione esterno utilizzato (LDAP):&lt;br&gt; login: #login#&lt;br&gt;</item>
	<item name="mail_NotificaAttivazione_Subject">Attivazione iscrizione a Comunità On Line</item>
	<item name="mail_NotificaAttivazione_day0">Buongiorno,</item>
	<item name="mail_NotificaAttivazione_day12">Buon pomeriggio,</item>
	<item name="mail_NotificaAttivazione_day24">Buonasera,</item>
	<item name="mail_NotificaAttivazione_Body">oggi, #data#, e' stata accettata la sua richiesta di iscrizione a Comunità On Line, da questo momento potrà quindi accedere al sistema.&lt;br&gt;Distinti Saluti.&lt;br&gt;&lt;br&gt;&lt;br&gt;</item>
	<item name="mail_NotificaChiusa_Subject">Notifica iscrizione a Comunità Chiusa</item>
	<item name="mail_NotificaAccettazione_Subject">Accettazione richiesta iscrizione a Comunità chiusa</item>
	<item name="mail_NotificaChiusa_Body">&lt;br&gt;oggi #data#, l'utente #username# (#usermail# - #usertipo# #mansione#) iscritto a #facolta# , ha chiesto di poter partecipare alla comunità: #comunita# con il ruolo di #ruolo#  &lt;br&gt;Per attivare l'utente e' neccessario accedere al sistema ed alla relativa comunità, altrimenti e' sufficente un semplice clic sull'indirizzo sottostante (oppure copiarlo nella barra degli indirizzi di un browser,l'indirizzo deve stare su una sola riga): &lt;br&gt;#link#  &lt;br&gt;Distinti Saluti.&lt;br&gt;&lt;br&gt;&lt;br&gt;</item>
	<item name="mail_NotificaAccettazione_Body">&lt;br&gt;oggi #data#, il responsabile/l'amministratore della comunità: #comunita# ha accettato la richiesta di partecipazione alla medesima.&lt;br&gt;Distinti Saluti.&lt;br&gt;&lt;br&gt;&lt;br&gt;</item>
	<item name="oggettoForum">nuova risposta nel Topic #nomeTopic#</item>
	<item name="bodyForum">#saluto# #anagrafica#,&lt;br&gt;&lt;br&gt;C'e' un nuovo messaggio nel Topic: #nomeTopic#&lt;br&gt;Nel forum: #nomeForum#&lt;br&gt;Nella comunità: #nomecomunita#&lt;br&gt;Il messaggio e' stato inserito da: #nomeMittente#&lt;br&gt;&lt;br&gt;&lt;br&gt;Prema sul seguente link per vedere il nuovo messaggio:&lt;br&gt;#linkMessaggio#&lt;br&gt;&lt;br&gt;Per impedire ulteriori notifiche per questo topic e' sufficiente premere su questo link:&lt;br&gt;#linkRimuoviNotifiche#</item>
	<item name="oggettoForum.2">nuovo Topic nel forum #nomeForum#</item>
	<item name="bodyForum.2">#saluto# #anagrafica#,&lt;br&gt;&lt;br&gt;C'e' un nuovo Topic nel forum: #nomeForum#&lt;br&gt;Nella comunità: #nomecomunita#&lt;br&gt;Il topic e' stato inserito da: #nomeMittente#&lt;br&gt;&lt;br&gt;Prema sul seguente link per vedere il nuovo messaggio:&lt;br&gt;#linkMessaggio#&lt;br&gt;&lt;br&gt;Per impedire ulteriori notifiche di nuovi topic per questo forum e' sufficiente premere su questo link:&lt;br&gt;#linkRimuoviNotifiche#</item>
	<item name="Sondaggio.Mostra">0</item>
	<item name="Sondaggio.Scadenza">14/06/2007</item>
</Resource>