﻿<?xml version="1.0" encoding="utf-8"?>
<Resource xmlns="urn:ComolTranslation">
  <item name="footerTitolo">&lt;b&gt;Universita' Degli Studi di Trento - Laboratorio Maieutiche (mail: &lt;a href='mailto:HelpDesk@comunitaonline.unitn.it?Subject=COMUNITA-ONLINE&amp;Body=Specificare:nome, cognome, matricola (se studente, in caso contrario indicare in modo esplicito la propra posizione.), facolta' (eventualmente il tipo di Browser utilizzato). Cercare di descrivere minuziosamente il problema riscontrato. Cercheremo di risolvere quanto prima il problema. Grazie.'&gt;HelpDesk@comunitaonline.unitn.it&lt;/a&gt;)&lt;/b&gt;</item>
  <item name="footerIndirizzo">Via Inama 5 - 38100 Trento (TN) Tel. (+39) 0461/282339</item>
  <item name="systemMailSender">Online Communities</item>
  <item name="systemMail">HelpDesk@comunitaonline.unitn.it</item>
  <item name="systemMailError">HelpDesk@comunitaonline.unitn.it</item>
  <item name="systemMailSubject">[Online Communities]</item>
  <item name="systemMailFirma">------------------------------------------------------------------------&lt;br&gt;Comunita' On Line - Laboratorio Maieutiche&lt;br&gt;via Inama 5, 38100 Trento &lt;br&gt;Tel: 0461 282339&lt;br&gt;Mail: HelpDesk@comunitaonline.unitn.it&lt;br&gt;------------------------------------------------------------------------&lt;br&gt;</item>
  <item name="systemMailFirmaNotifica">------------------------------------------------------------------------&lt;br&gt;Sistema Notifica Automatico – Comunita' On Line - Laboratorio Maieutiche&lt;br&gt;via Inama 5, 38100 Trento &lt;br&gt;Tel: 0461 282339&lt;br&gt;Mail: HelpDesk@comunitaonline.unitn.it&lt;br&gt;------------------------------------------------------------------------&lt;br&gt;</item>
  <item name="aggiornamentoXML">2</item>
  <item name="systemDBcodice">1</item>
  <item name="systemRegistraMail">false</item>
  <item name="Tutor.PercorsoFile">./KnowledgeTutorLog</item>
  <item name="Tutor.AmpiezzaCoda">20</item>
  <item name="Tutor.SaveActivated">true</item>
  <item name="Tutor.SaveOnDB">true</item>
  <item name="Tutor.SaveOnFile">false</item>
  <item name="SendMailError">true</item>
  <item name="SMTPServer">smtp.abo.fi</item>
  <item name="copy">Copy of:</item>
  <item name="mail_NotificaLogin_Subject">Sending login and password</item>
  <item name="mail_NotificaLogin_Body">After your request this is your &lt;br&gt; login: #login# &lt;br&gt; Password: #pwd# &lt;br&gt;</item>
  <item name="mail_NotificaLogin_Body_ldap">After your request, we are provinding your system login. For the password please contact the LDAP authentication system administrator:&lt;br&gt; login: #login#&lt;br&gt;</item>
  <item name="mail_NotificaAttivazione_Subject">Activation of Online Communities registration</item>
  <item name="mail_NotificaAttivazione_day0">Good morning,</item>
  <item name="mail_NotificaAttivazione_day12">Good afternoon,</item>
  <item name="mail_NotificaAttivazione_day24">Good evening,</item>
  <item name="mail_NotificaAttivazione_Body">today, #data#, your registration request has been accepted. Now the access at the system is available.&lt;br&gt;Best Regards.&lt;br&gt;&lt;br&gt;&lt;br&gt;</item>
  <item name="mail_NotificaChiusa_Subject">Registration notification in a closed comm.</item>
  <item name="mail_NotificaAccettazione_Subject">Registration acceptance in a closed comm.</item>
  <item name="mail_NotificaChiusa_Body">&lt;br&gt;today #data#, the user #username# (#usermail# - #usertipo# #mansione#) subscribed at #facolta# , has requested to participate to the community: #comunita# with the role of #ruolo#  &lt;br&gt;To activate the user please access at the specified community, or use the link &lt;br&gt;#link#  &lt;br&gt; (use the link with a click, or copy it in your broser address bar, the address shoud be in a single row). Best Regards.&lt;br&gt;&lt;br&gt;&lt;br&gt;</item>
  <item name="mail_NotificaAccettazione_Body">&lt;br&gt;today #data#, the responsible / administrator of the community: #comunita# has been accepted your request.&lt;br&gt;Best Regards.&lt;br&gt;&lt;br&gt;&lt;br&gt;</item>
  <item name="oggettoForum">new reply in the topic #nomeTopic#</item>
  <item name="bodyForum">#saluto# #anagrafica#,&lt;br&gt;&lt;br&gt;There is a new message in the Topic: #nomeTopic#&lt;br&gt;In the forum: #nomeForum#&lt;br&gt;In the community: #nomecomunita#&lt;br&gt;The message has been posted by #nomeMittente#&lt;br&gt;&lt;br&gt;&lt;br&gt;Use this link to access a the new message: &lt;br&gt;#linkMessaggio#&lt;br&gt;&lt;br&gt;If you don't want other notification on this post in the future please press this link:&lt;br&gt;#linkRimuoviNotifiche#</item>
  <item name="oggettoForum.2">new Topic in the forum #nomeForum#</item>
  <item name="bodyForum.2">#saluto# #anagrafica#,&lt;br&gt;&lt;br&gt;There is a new Topic in the forum: #nomeForum#&lt;br&gt;In the community: #nomecomunita#&lt;br&gt;The message has been posted by #nomeMittente#&lt;br&gt;&lt;br&gt;&lt;br&gt;Use this link to access a the new message: &lt;br&gt;#linkMessaggio#&lt;br&gt;&lt;br&gt;If you don't want other notification on this post in the future please press this link:&lt;br&gt;#linkRimuoviNotifiche#</item>
  <item name="Sondaggio.Mostra">1</item>
  <item name="Sondaggio.Scadenza">14/06/2007</item>
  <item name="ErrorSubject">Automatic error notification</item>
  <item name="systemErrorMailSender">HelpDesk@comunitaonline.unitn.it</item>
  <item name="systemErrorMailSenderName">Errors</item>
</Resource>