<?xml version="1.0" encoding="utf-8" ?>
<Resource xmlns="urn:ComolTranslation">
  <item name="footerTitolo">&lt;b&gt; Trentino Sviluppo Spa&lt;/b&gt; &lt;br /&gt;</item>
  <item name="footerIndirizzo">
      &lt;strong&gt;Trentino Sviluppo Spa unipersonale&lt;/strong&gt;
      &lt;br&gt;
      Via Fortunato Zeni, 8 - 38068 Rovereto (TN) - Italy - Telefono +39 0464 443111 - P.iva 00123240228 - cap. soc. € 193.553.725,92 i.v. cod.fisc., part. IVA e Reg.Imp. di Trento n. 00123240228
      &lt;br&gt;
      Direzione e Coordinamento:
      &lt;strong&gt;Provincia autonoma di Trent&lt;/strong&gt;
      o (art. 2497 bis C.C.)
      &lt;br&gt;
      &lt;span&gt;
      &lt;a title="Scrivi a Trentino Sviluppo" href="mailto:info@trentinosviluppo.it"&gt;
      &lt;span style="color:#0066CC"&gt;info@trentinosviluppo.it&lt;/span&gt;
      &lt;/a&gt;
      &lt;/span&gt;
      - PEC:
      &lt;span&gt;
      &lt;a title="Scrivi a Trentino Sviluppo" href="mailto:trentinosviluppo@arubapec.it"&gt;
      &lt;span style="color:#0066CC"&gt;trentinosviluppo@arubapec.it&lt;/span&gt;
      &lt;/a&gt;
      &lt;/span&gt;
      &lt;br&gt;
      in collaborazione con:
      &lt;strong&gt;Università degli Studi di Trento&lt;/strong&gt;
      - Dipartimento di informatica e Studi Aziendali
  </item>
  <item name="systemMailSender">Trentino Sviluppo - Comunità On Line</item>
  <item name="systemMail">HelpDesk@comunitaonline.unitn.it</item>
  <item name="systemMailError">HelpDesk@comunitaonline.unitn.it</item>
  <item name="systemMailSubject">[T.S.-Comunità On Line]</item>
  <item name="systemMailFirma">
    ------------------------------------------------------------------------&lt;br&gt;&amp;copy; 2010 Trentino Sviluppo Spa&lt;br&gt;Via Zeni 8 - 38068 Rovereto (TN) - Italy - Telefono +39 0464 44311 - P.iva 00123240228
    - U.I.C. n. 39133 - cap. spc. &#8364; 58.813.700,64 i.v.&lt;br&gt;------------------------------------------------------------------------&lt;br&gt;
  </item>
  <item name="systemMailFirmaNotifica">
    ------------------------------------------------------------------------&lt;br&gt;Sistema Notifica Automatico – &amp;copy; 2010 Trentino Sviluppo Spa&lt;br&gt;Via Zeni 8 - 38068 Rovereto (TN) - Italy - Telefono +39 0464 44311 - P.iva 00123240228
    - U.I.C. n. 39133 - cap. spc. &#8364; 58.813.700,64 i.v.&lt;br&gt;------------------------------------------------------------------------&lt;br&gt;
  </item>
  <item name="aggiornamentoXML">4</item>
  <item name="systemDBcodice">5</item>
  <item name="systemRegistraMail">false</item>
  <item name="Tutor.PercorsoFile">./KnowledgeTutorLog</item>
  <item name="Tutor.AmpiezzaCoda">20</item>
  <item name="Tutor.SaveActivated">true</item>
  <item name="Tutor.SaveOnDB">true</item>
  <item name="Tutor.SaveOnFile">false</item>
  <item name="SendMailError">true</item>
  <item name="SMTPServer">mail.unitn.it</item>
  <item name="copy">Copia di:</item>
  <item name="mail_NotificaLogin_Subject">Invio login e password</item>
  <item name="mail_NotificaLogin_Body">Come da Lei richiesto, Le vengono inviati&lt;br&gt; login: #login# &lt;br&gt; Password: #pwd# &lt;br&gt;</item>
  <item name="mail_NotificaLogin_Body_ldap">Come da Lei richiesto, Le viene inviata la login utilizzata per accedere al sistema, mentre per la password si deve rivolgere a chi gestisce il sistema di autenticazione esterno utilizzato (LDAP):&lt;br&gt; login: #login#&lt;br&gt;</item>
  <item name="mail_NotificaAttivazione_Subject">Attivazione iscrizione a Comunità On Line</item>
  <item name="mail_NotificaAttivazione_day0">Buongiorno,</item>
  <item name="mail_NotificaAttivazione_day12">Buon pomeriggio,</item>
  <item name="mail_NotificaAttivazione_day24">Buonasera,</item>
  <item name="mail_NotificaAttivazione_Body">oggi, #data#, e' stata accettata la sua richiesta di iscrizione a Comunità On Line, da questo momento potrà quindi accedere al sistema.&lt;br&gt;Distinti Saluti.&lt;br&gt;&lt;br&gt;&lt;br&gt;</item>
  <item name="mail_NotificaChiusa_Subject">Notifica iscrizione a Comunità Chiusa</item>
  <item name="mail_NotificaAccettazione_Subject">Accettazione richiesta iscrizione a Comunità chiusa</item>
  <item name="mail_NotificaChiusa_Body">&lt;br&gt;oggi #data#, l'utente #username# (#usermail# - #usertipo# #mansione#) iscritto a #facolta# , ha chiesto di poter partecipare alla comunità: #comunita# con il ruolo di #ruolo#  &lt;br&gt;Per attivare l'utente e' neccessario accedere al sistema ed alla relativa comunità, altrimenti e' sufficente un semplice clic sull'indirizzo sottostante (oppure copiarlo nella barra degli indirizzi di un browser,l'indirizzo deve stare su una sola riga): &lt;br&gt;#link#  &lt;br&gt;Distinti Saluti.&lt;br&gt;&lt;br&gt;&lt;br&gt;</item>
  <item name="mail_NotificaAccettazione_Body">&lt;br&gt;oggi #data#, il responsabile/l'amministratore della comunità: #comunita# ha accettato la richiesta di partecipazione alla medesima.&lt;br&gt;Distinti Saluti.&lt;br&gt;&lt;br&gt;&lt;br&gt;</item>
  <item name="oggettoForum">nuova risposta nel Topic #nomeTopic#</item>
  <item name="bodyForum">#saluto# #anagrafica#,&lt;br&gt;&lt;br&gt;C'e' un nuovo messaggio nel Topic: #nomeTopic#&lt;br&gt;Nel forum: #nomeForum#&lt;br&gt;Nella comunità: #nomecomunita#&lt;br&gt;Il messaggio e' stato inserito da: #nomeMittente#&lt;br&gt;&lt;br&gt;&lt;br&gt;Prema sul seguente link per vedere il nuovo messaggio:&lt;br&gt;#linkMessaggio#&lt;br&gt;&lt;br&gt;Per impedire ulteriori notifiche per questo topic e' sufficiente premere su questo link:&lt;br&gt;#linkRimuoviNotifiche#</item>
  <item name="oggettoForum.2">nuovo Topic nel forum #nomeForum#</item>
  <item name="bodyForum.2">#saluto# #anagrafica#,&lt;br&gt;&lt;br&gt;C'e' un nuovo Topic nel forum: #nomeForum#&lt;br&gt;Nella comunità: #nomecomunita#&lt;br&gt;Il topic e' stato inserito da: #nomeMittente#&lt;br&gt;&lt;br&gt;Prema sul seguente link per vedere il nuovo messaggio:&lt;br&gt;#linkMessaggio#&lt;br&gt;&lt;br&gt;Per impedire ulteriori notifiche di nuovi topic per questo forum e' sufficiente premere su questo link:&lt;br&gt;#linkRimuoviNotifiche#</item>
  <item name="Sondaggio.Mostra">0</item>
  <item name="Sondaggio.Scadenza">14/06/2007</item>
</Resource>