﻿<?xml version="1.0" encoding="utf-8"?>
<Resource xmlns="urn:ComolTranslation">
  <item name="footerTitolo">&amp;copy; 2009 IAMSR - Abo Akademi - All rights reserved</item>
  <item name="footerIndirizzo">&amp;copy; 2009 IAMSR - Abo Akademi - All rights reserved</item>
  <item name="systemMailSender">Online Communities</item>
  <item name="systemMail">HelpDeskEsperto@comunitaonline.unitn.it</item>
  <item name="systemMailError">HelpDeskEsperto@comunitaonline.unitn.it</item>
  <item name="systemMailSubject">[OC]</item>
  <item name="systemMailFirma">------------------------------------------------------------------------&lt;br&gt;IAMSR - Mail: HelpDesk@comunitaonline.unitn.it&lt;br&gt;------------------------------------------------------------------------&lt;br&gt;</item>
  <item name="systemMailFirmaNotifica">------------------------------------------------------------------------&lt;br&gt;Automatic notification system - IAMSR Online Communities&lt;br&gt;Mail: HelpDeskElle3@comunitaonline.unitn.it &lt;&lt;br&gt;------------------------------------------------------------------------&lt;br&gt;</item>
  <item name="aggiornamentoXML">2</item>
  <item name="systemDBcodice">4</item>
  <item name="systemRegistraMail">false</item>
  <item name="Tutor.PercorsoFile">./KnowledgeTutorLog</item>
  <item name="Tutor.AmpiezzaCoda">20</item>
  <item name="Tutor.SaveActivated">true</item>
  <item name="Tutor.SaveOnDB">true</item>
  <item name="Tutor.SaveOnFile">false</item>
  <item name="SendMailError">true</item>
  <item name="SMTPServer">smtp.abo.fi</item>
  <item name="copy">Copy of:</item>
  <item name="mail_NotificaLogin_Subject">Sending login and password</item>
  <item name="mail_NotificaLogin_Body">After your request this is your &lt;br&gt; login: #login# &lt;br&gt; Password: #pwd# &lt;br&gt;</item>
  <item name="mail_NotificaLogin_Body_ldap">After your request, we are provinding your system login. For the password please contact the LDAP authentication system administrator:&lt;br&gt; login: #login#&lt;br&gt;</item>
  <item name="mail_NotificaAttivazione_Subject">Activation of Online Communities registration</item>
  <item name="mail_NotificaAttivazione_day0">Good morning,</item>
  <item name="mail_NotificaAttivazione_day12">Good afternoon,</item>
  <item name="mail_NotificaAttivazione_day24">Good evening,</item>
  <item name="mail_NotificaAttivazione_Body">today, #data#, your registration request has been accepted. Now the access at the system is available.&lt;br&gt;Best Regards.&lt;br&gt;&lt;br&gt;&lt;br&gt;</item>
  <item name="mail_NotificaChiusa_Subject">Registration notification in a closed comm.</item>
  <item name="mail_NotificaAccettazione_Subject">Registration acceptance in a closed comm.</item>
  <item name="mail_NotificaChiusa_Body">&lt;br&gt;today #data#, the user #username# (#usermail# - #usertipo# #mansione#) subscribed at #facolta# , has requested to participate to the community: #comunita# with the role of #ruolo#  &lt;br&gt;To activate the user please access at the specified community, or use the link &lt;br&gt;#link#  &lt;br&gt; (use the link with a click, or copy it in your broser address bar, the address shoud be in a single row). Best Regards.&lt;br&gt;&lt;br&gt;&lt;br&gt;</item>
  <item name="mail_NotificaAccettazione_Body">&lt;br&gt;today #data#, the responsible / administrator of the community: #comunita# has been accepted your request.&lt;br&gt;Best Regards.&lt;br&gt;&lt;br&gt;&lt;br&gt;</item>
  <item name="oggettoForum">new reply in the topic #nomeTopic#</item>
  <item name="bodyForum">#saluto# #anagrafica#,&lt;br&gt;&lt;br&gt;There is a new message in the Topic: #nomeTopic#&lt;br&gt;In the forum: #nomeForum#&lt;br&gt;In the community: #nomecomunita#&lt;br&gt;The message has been posted by #nomeMittente#&lt;br&gt;&lt;br&gt;&lt;br&gt;Use this link to access a the new message: &lt;br&gt;#linkMessaggio#&lt;br&gt;&lt;br&gt;If you don't want other notification on this post in the future please press this link:&lt;br&gt;#linkRimuoviNotifiche#</item>
  <item name="oggettoForum.2">new Topic in the forum #nomeForum#</item>
  <item name="bodyForum.2">#saluto# #anagrafica#,&lt;br&gt;&lt;br&gt;There is a new Topic in the forum: #nomeForum#&lt;br&gt;In the community: #nomecomunita#&lt;br&gt;The message has been posted by #nomeMittente#&lt;br&gt;&lt;br&gt;&lt;br&gt;Use this link to access a the new message: &lt;br&gt;#linkMessaggio#&lt;br&gt;&lt;br&gt;If you don't want other notification on this post in the future please press this link:&lt;br&gt;#linkRimuoviNotifiche#</item>
  <item name="Sondaggio.Mostra">0</item>
  <item name="Sondaggio.Scadenza">14/06/2007</item>
  <item name="ErrorSubject">Automatic error notification</item>
  <item name="systemErrorMailSender">HelpDesk@comunitaonline.unitn.it</item>
  <item name="systemErrorMailSenderName">Errors</item>
  </Resource>