<?xml version="1.0" encoding="utf-8" ?>
<Resource xmlns="urn:ComolTranslation">
  <item name="footerTitolo">&lt;b&gt;TSM &lt;/b&gt; - Trentino School of Management</item>
  <item name="footerIndirizzo">&lt;a href='http://www.tsm.tn.it/'&gt;www.tsm.tn.it&lt;/a&gt; | &lt;a href='mailto:comunitaonline@tsm.tn.it?Subject=tsm-Comunità on Line&amp;Body=Specificare il tipo e la versione di Browser utilizzato. Cercare di descrivere minuziosamente il problema riscontrato. Cercheremo di risolvere quanto prima il problema. Grazie.'&gt;comunitaonline@tsm.tn.it&lt;/a&gt;&lt;br/&gt;SEDE DI TRENTO: via Giusti 40 - 38100 Trento - tel 0461.020 020&lt;br/&gt;SEDE DI SARDAGNA: Centro Panorama – Strada alla Funivia 66 - 38040 Trento - tel 0461.020 030</item>
	<item name="RichiediSSL">false</item>
	<item name="RichiediLoginSSL">false</item>
	<item name="systemMailSender">TSM - Comunità On Line</item>
	<item name="systemMail">comunitaonline@tsm.tn.it</item>
	<item name="systemMailError">HelpDesk@comunitaonline.unitn.it</item>
	<item name="systemMailSubject">[tsm-Comunità On Line]</item>
	<item name="systemMailFirma">------------------------------------------------------------------------&lt;br&gt;tsm-Comunità On Line&lt;br&gt;Via Giusti 40 – 38100 Trento&lt;br&gt;Tel: 0461.020 020&lt;br&gt;Mail: comunitaonline@tsm.tn.it&lt;br&gt;------------------------------------------------------------------------&lt;br&gt;</item>
	<item name="systemMailFirmaNotifica">------------------------------------------------------------------------&lt;br&gt;Sistema Notifica Automatico – tsm-Comunita' On Line&lt;br&gt;Via Giusti 40 – 38100 Trento&lt;br&gt;Tel: 0461.020 020&lt;br&gt;Mail: comunitaonline@tsm.tn.it&lt;br&gt;------------------------------------------------------------------------&lt;br&gt;</item>
	<item name="showLogoIstituzione">false</item>
	<item name="aggiornamentoXML">4</item>
	<item name="LogoIstituzione">./Images/loghiFrontali/logoTSM-big.gif</item>
	<item name="systemOrario_giorni_1">1,5</item>
	<item name="systemOrario_giorni_2"></item>
	<item name="systemOrario_orario_1_1">9-18</item>
	<item name="systemOrario_orario_1_2"></item>
	<item name="systemOrario_orario_2_1"></item>
	<item name="systemOrario_orario_2_2"></item>
	<item name="systemTelefono"></item>
	<item name="systemShowTelefono">false</item>
	<item name="systemDBcodice">2</item>
	<item name="systemRegistraMail">false</item>
	<item name="showIstruzioni">false</item>
	<item name="Tutor.PercorsoFile">./KnowledgeTutorLog</item>
	<item name="Tutor.AmpiezzaCoda">20</item>
	<item name="Tutor.SaveActivated">true</item>
	<item name="Tutor.SaveOnDB">true</item>
	<item name="Tutor.SaveOnFile">false</item>
	<item name="SendMailError">true</item>
	<item name="SMTPServer">mail.unitn.it</item>
	<item name="copy">Copy of:</item>
	<item name="mail_NotificaLogin_Subject">Login and password</item>
	<item name="mail_NotificaLogin_Body">Come da Lei richiesto, Le vengono inviati&lt;br&gt; login: #login# &lt;br&gt; Password: #pwd# &lt;br&gt;</item>
	<item name="mail_NotificaLogin_Body_ldap">Come da Lei richiesto, Le viene inviata la login utilizzata per accedere al sistema, mentre per la password si deve rivolgere a chi gestisce il sistema di autenticazione esterno utilizzato (LDAP):&lt;br&gt; login: #login#&lt;br&gt;</item>
	<item name="mail_NotificaAttivazione_Subject">Your subscription To ComunitàOnLine was accepted</item>
	<item name="mail_NotificaAttivazione_day0">Good morning,</item>
	<item name="mail_NotificaAttivazione_day12">Good afternoon,</item>
	<item name="mail_NotificaAttivazione_day24">Good evening,</item>
	<item name="mail_NotificaAttivazione_Body">today, #data#,your subscription is been accepted. Now you can logon to the system.&lt;br&gt;Greetings.&lt;br&gt;&lt;br&gt;&lt;br&gt;</item>
	<item name="mail_NotificaChiusa_Subject">Subscription to community</item>
	<item name="mail_NotificaAccettazione_Subject">Subscription to community</item>
	<item name="mail_NotificaChiusa_Body">&lt;br&gt;today #data#, user #username# (#usermail# - #usertipo# #mansione#) of #facolta# has subscribed to community: #comunita# with role #ruolo#  &lt;br&gt;To activate user access you should logon to the system and use the users management service, or you can activate it with a click on this link: &lt;br&gt;#link# (link must be in only one row!) &lt;br&gt;Greetings.&lt;br&gt;&lt;br&gt;&lt;br&gt;</item>
	<item name="mail_NotificaAccettazione_Body">&lt;br&gt;today #data#, to community the referee / the administrator of community: #comunita# has accepted your subscription &lt;br&gt;Greetings.&lt;br&gt;&lt;br&gt;&lt;br&gt;</item>
	<item name="oggettoForum">nuova risposta nel Topic #nomeTopic#</item>
	<item name="bodyForum">#saluto# #anagrafica#,&lt;br&gt;&lt;br&gt;C'è un nuovo messaggio nel Topic: #nomeTopic#&lt;br&gt;Nel forum: #nomeForum#&lt;br&gt;Nella comunità: #nomecomunita#&lt;br&gt;Il messaggio è stato inserito da: #nomeMittente#&lt;br&gt;&lt;br&gt;&lt;br&gt;Prema sul seguente link per vedere il nuovo messaggio:&lt;br&gt;#linkMessaggio#&lt;br&gt;&lt;br&gt;Per impedire ulteriori notifiche per questo topic è sufficiente premere su questo link:&lt;br&gt;#linkRimuoviNotifiche#</item>
	<item name="oggettoForum.2">nuovo Topic nel forum #nomeForum#</item>
	<item name="bodyForum.2">#saluto# #anagrafica#,&lt;br&gt;&lt;br&gt;C'è un nuovo Topic nel forum: #nomeForum#&lt;br&gt;Nella comunità: #nomecomunita#&lt;br&gt;Il topic è stato inserito da: #nomeMittente#&lt;br&gt;&lt;br&gt;Prema sul seguente link per vedere il nuovo messaggio:&lt;br&gt;#linkMessaggio#&lt;br&gt;&lt;br&gt;Per impedire ulteriori notifiche di nuovi topic per questo forum è sufficiente premere su questo link:&lt;br&gt;#linkRimuoviNotifiche#</item>
	<item name="mail_NotificaAreaChiusa_Subject">Attivazione iscrizione ad un area di lavoro</item>
	<item name="mail_NotificaAreaChiusa_Body">&lt;br&gt;oggi #data#, l'utente #username# (#usermail# - #usertipo# #mansione#) iscritto a #facolta# , ha chiesto di poter partecipare all'area di lavoro personale "#area#" &lt;br&gt;Per attivare l'utente è neccessario accedere al sistema ed alla relativa area di lavoro, altrimenti è sufficente un semplice clic sull'indirizzo sottostante (oppure copiarlo nella barra degli indirizzi di un browser,l'indirizzo deve stare su una sola riga): &lt;br&gt;#link#  &lt;br&gt;Distinti Saluti.&lt;br&gt;&lt;br&gt;&lt;br&gt;</item>
	<item name="mail_NotificaAreaAccettazione_Subject">Accettazione richiesta iscrizione ad un area di lavoro</item>
	<item name="mail_NotificaAreaAttivazione_Body">&lt;br&gt;oggi #data#, il responsabile dell'area: "#area#" ha accettato la richiesta di partecipazione alla medesima.&lt;br&gt;Distinti Saluti.&lt;br&gt;&lt;br&gt;&lt;br&gt;</item>           
		<item name="oggettoForumArea">nuova risposta nel Topic #nomeTopic#</item>
	<item name="bodyForumArea">#saluto# #anagrafica#,&lt;br&gt;&lt;br&gt;C'è un nuovo messaggio nel Topic: "#nomeTopic#"&lt;br&gt;Nel forum: "#nomeForum#"&lt;br&gt;Nell'area di lavoro: "#nomeArea#"&lt;br&gt;Il messaggio è stato inserito da: #nomeMittente#&lt;br&gt;&lt;br&gt;&lt;br&gt;Prema sul seguente link per vedere il nuovo messaggio:&lt;br&gt;#linkMessaggio#&lt;br&gt;&lt;br&gt;Per impedire ulteriori notifiche per questo topic è sufficiente premere su questo link:&lt;br&gt;#linkRimuoviNotifiche#</item>
	<item name="oggettoForumArea.2">nuovo Topic nel forum #nomeForum#</item>
	<item name="bodyForumArea.2">#saluto# #anagrafica#,&lt;br&gt;&lt;br&gt;C'è un nuovo Topic nel forum: "#nomeForum#"&lt;br&gt;Nell'area di lavoro: "#nomeArea#"&lt;br&gt;Il topic è stato inserito da: #nomeMittente#&lt;br&gt;&lt;br&gt;Prema sul seguente link per vedere il nuovo messaggio:&lt;br&gt;#linkMessaggio#&lt;br&gt;&lt;br&gt;Per impedire ulteriori notifiche di nuovi topic per questo forum è sufficiente premere su questo link:&lt;br&gt;#linkRimuoviNotifiche#</item>
  
  <item name="Sondaggio.Mostra">1</item>
  <item name="Sondaggio.Scadenza">14/06/2007</item>

  <item name="ErrorSubject">Notifica Errore Automatica</item>
  <item name="systemErrorMailSender">HelpDesk@comunitaonline.unitn.it</item>
  <item name="systemErrorMailSenderName">Errori</item>
  <item name="File.VirtualPath">File/</item>
  <item name="File.PhisicalPath"></item>
  <item name="File.SameServer">True</item>
  <item name="File.ServerPath"></item>
  <item name="File.ServerVirtualPath"></item>
  <item name="FileAree.VirtualPath">File_aree/</item>
  <item name="FileAree.PhisicalPath"></item>
  <item name="FileAree.SameServer">True</item>
  <item name="FileAree.ServerPath"></item>
  <item name="FileAree.ServerVirtualPath"></item>
  <item name="FileTesi.VirtualPath">File_Tesi/</item>
  <item name="FileTesi.PhisicalPath"></item>
  <item name="FileTesi.SameServer">True</item>
  <item name="FileTesi.ServerPath"></item>
  <item name="FileTesi.ServerVirtualPath"></item>
  <item name="VideoCast.VirtualPath">VideoCast/</item>
  <item name="VideoCast.PhisicalPath">VideoCast\</item>
  <item name="VideoCast.SameServer">true</item>
  <item name="VideoCast.ServerPath"></item>
  <item name="VideoCast.ServerVirtualPath"></item>
  <item name="Scorm.VirtualPath">Scorm/</item>
  <item name="Scorm.PhisicalPath">Scorm\</item>
  <item name="Scorm.SameServer">true</item>
  <item name="Scorm.ServerPath"></item>
  <item name="Scorm.ServerVirtualPath"></item>
  <item name="Scorm.RewritePath">/ScormItemToDownload/</item>
  <item name="Cover.VirtualPath">Cover/</item>
  <item name="Cover.PhisicalPath"></item>
  <item name="Cover.SameServer">True</item>
  <item name="Cover.ServerPath"></item>
  <item name="Cover.ServerVirtualPath"></item>
  <item name="Mail.VirtualPath">Mail/</item>
  <item name="Mail.PhisicalPath"></item>
  <item name="Mail.SameServer">True</item>
  <item name="Mail.ServerPath"></item>
  <item name="Mail.ServerVirtualPath"></item>
  <item name="MailAree.VirtualPath">Mail_Aree/</item>
  <item name="MailAree.PhisicalPath"></item>
  <item name="MailAree.SameServer">True</item>
  <item name="MailAree.ServerPath"></item>
  <item name="MailAree.ServerVirtualPath"></item>
  <item name="Profile.VirtualPath">Profili/</item>
  <item name="Profile.PhisicalPath"></item>
  <item name="Profile.SameServer">True</item>
  <item name="Profile.ServerPath"></item>
  <item name="Profile.ServerVirtualPath"></item>
  <item name="Wiki.VirtualPath">Wiki_File/</item>
  <item name="Wiki.PhisicalPath"></item>
  <item name="Wiki.SameServer">True</item>
  <item name="Wiki.ServerPath"></item>
  <item name="Wiki.ServerVirtualPath"></item>
  <item name="Bacheca.VirtualPath">Bacheca/</item>
  <item name="Bacheca.PhisicalPath"></item>
  <item name="Bacheca.SameServer">True</item>
  <item name="Bacheca.ServerPath"></item>
  <item name="Bacheca.ServerVirtualPath"></item>
  <item name="Bacheca.Template">Style/Bacheca/Template.htm</item>
  <item name="Bacheca.CSSstandard"></item>
  <item name="Bacheca.CSSstampa">Style/Bacheca/StampaBacheca.css</item>

  <item name="NotificaPasswordTitolo">Invio login e password</item>
  <item name="NotificaPasswordBody.1">Come da Lei richiesto, Le vengono inviati&lt;br&gt; login: #login# &lt;br&gt; Password: #pwd# &lt;br&gt;</item>
  <item name="NotificaPasswordBody.2">Come da Lei richiesto, Le viene inviata la login utilizzata per accedere al sistema, mentre per la password si deve rivolgere a chi gestisce il sistema di autenticazione esterno utilizzato (LDAP):&lt;br&gt; login: #login#&lt;br&gt;</item>
</Resource>