<?xml version="1.0" encoding="utf-8"?>
<Resource xmlns:xsi="http://www.w3.org/2001/XMLSchema-instance" xmlns:xsd="http://www.w3.org/2001/XMLSchema" xmlns="urn:ComolTranslation">
  <item name="footerTitolo" html="false" placeholder="false" />
  <item name="footerIndirizzo" html="false" placeholder="false" />
  <item name="systemMailSender" html="false" placeholder="false">Records - elearning-center</item>
  <item name="systemMail" html="false" placeholder="false" hidden="true">services@elearning-center.it</item>
  <item name="systemMailError" html="false" placeholder="false" hidden="true">services@elearning-center.it</item>
  <item name="systemMailSubject" html="false" placeholder="false">[Records - elearning-center]</item>
  <item name="systemMailFirma" html="false" placeholder="false" hidden="true">------------------------------------------------------------------------</item>
  <item name="systemMailFirmaNotifica" html="true" placeholder="false">------------------------------------------------------------------------&lt;br&gt;Automatic Notification System – &lt;br&gt;------------------------------------------------------------------------&lt;br&gt;</item>
  <item name="aggiornamentoXML" html="false" placeholder="false" hidden="true">4</item>
  <item name="systemDBcodice" html="false" placeholder="false" hidden="true">99</item>
  <item name="systemRegistraMail" html="false" placeholder="false" hidden="true">false</item>
  <item name="showIstruzioni" html="false" placeholder="false" hidden="true">false</item>
  <item name="Tutor.PercorsoFile" html="false" placeholder="false" hidden="true">./KnowledgeTutorLog</item>
  <item name="Tutor.AmpiezzaCoda" html="false" placeholder="false" hidden="true">20</item>
  <item name="Tutor.SaveActivated" html="false" placeholder="false" hidden="true">true</item>
  <item name="Tutor.SaveOnDB" html="false" placeholder="false" hidden="true">true</item>
  <item name="Tutor.SaveOnFile" html="false" placeholder="false" hidden="true">false</item>
  <item name="SendMailError" html="false" placeholder="false" hidden="true">true</item>
  <item name="SMTPServer" html="false" placeholder="false" hidden="true">smtp.conmail.it</item>
  <item name="copy" html="false" placeholder="false">Copy of:</item>
  <item name="mail_NotificaAttivazione_Subject" html="false" placeholder="false">Platform registration activation</item>
  <item name="mail_NotificaAttivazione_day0" html="false" placeholder="false">Good morning,</item>
  <item name="mail_NotificaAttivazione_day12" html="false" placeholder="false">Good afternoon,</item>
  <item name="mail_NotificaAttivazione_day24" html="false" placeholder="false">Good evening,</item>
  <item name="mail_NotificaAttivazione_Body" html="true" placeholder="true" mustcontains="#data#|&lt;br&gt;&lt;br&gt;">oggi, #data#, e' stata accettata la sua richiesta di iscrizione a Comunità On Line, da questo momento potrà quindi accedere al sistema.&lt;br&gt;Distinti Saluti.&lt;br&gt;&lt;br&gt;&lt;br&gt;</item>
  <item name="mail_NotificaChiusa_Subject" html="false" placeholder="false">Notify enrolment in a closed community </item>
  <item name="mail_NotificaAccettazione_Subject" html="false" placeholder="false">Confirm registration to closed community</item>
  <item name="mail_NotificaChiusa_Body" html="true" placeholder="true" mustcontains="#data#|#username#|#usermail#|#usertipo#|#mansione#|#facolta#|#comunita#|#ruolo#|#link#">&lt;br&gt;oggi #data#, l'utente #username# (#usermail# - #usertipo# #mansione#) iscritto a #facolta# , ha chiesto di poter partecipare alla comunità: #comunita# con il ruolo di #ruolo#  &lt;br&gt;Per attivare l'utente e' neccessario accedere al sistema ed alla relativa comunità, altrimenti e' sufficente un semplice clic sull'indirizzo sottostante (oppure copiarlo nella barra degli indirizzi di un browser,l'indirizzo deve stare su una sola riga): &lt;br&gt;#link#  &lt;br&gt;Distinti Saluti.&lt;br&gt;&lt;br&gt;&lt;br&gt;</item>
  <item name="mail_NotificaAccettazione_Body" html="true" placeholder="true" mustcontains="#data#|#comunita#">&lt;br&gt;oggi #data#, il responsabile/l'amministratore della comunità: #comunita# ha acettato la richiesta di partecipazione alla medesima.&lt;br&gt;Distinti Saluti.&lt;br&gt;&lt;br&gt;&lt;br&gt;</item>
  <item name="oggettoForum" html="false" placeholder="true" mustcontains="#nomeTopic#">new answer in #nomeTopic# topic </item>
  <item name="bodyForum" html="true" placeholder="true" mustcontains="#saluto#|#anagrafica#|#nomecomunita#|&lt;br&gt;&lt;br&gt;|#nomeForum#|#nomecomunita#|#nomeMittente#|#linkMessaggio#|#linkRimuoviNotifiche#">#saluto# #anagrafica#,&lt;br&gt;&lt;br&gt;There is a new message in the Topic: #nomeTopic#&lt;br&gt;in the forum: #nomeForum#&lt;br&gt;In the communiy: #nomecomunita#&lt;br&gt;Message was added by: #nomeMittente#&lt;br&gt;&lt;br&gt;&lt;br&gt;Click on the following link to display the new message:&lt;br&gt;#linkMessaggio#&lt;br&gt;&lt;br&gt;To avoid further notifications from this topic, click on this link:&lt;br&gt;#linkRimuoviNotifiche#</item>
  <item name="oggettoForum.2" html="false" placeholder="true" mustcontains="#nomeForum#">New Topic in the forum #nomeForum#</item>
  <item name="bodyForum.2" html="true" placeholder="true" mustcontains="#saluto#|#anagrafica#|#nomecomunita#|&lt;br&gt;&lt;br&gt;|#nomeForum#|#nomecomunita#|#nomeMittente#|#linkMessaggio#|#linkRimuoviNotifiche#">#saluto# #anagrafica#,&lt;br&gt;&lt;br&gt;There is a new Topic in the Forum: #nomeForum#&lt;br&gt;In the community: #nomecomunita#&lt;br&gt;The topic was added by: #nomeMittente#&lt;br&gt;&lt;br&gt;Click on the following link to view the new message:&lt;br&gt;#linkMessaggio#&lt;br&gt;&lt;br&gt;To avoid further notifications of new topic, click on this link:&lt;br&gt;#linkRimuoviNotifiche#</item>
  <item name="Sondaggio.Mostra" html="false" placeholder="false" hidden="true">0</item>
  <item name="Sondaggio.Scadenza" html="false" placeholder="false" hidden="true">14/06/2007</item>
  <item name="ErrorSubject" html="false" placeholder="false">Automatic error notification </item>
  <item name="systemErrorMailSender" html="false" placeholder="false" hidden="true">HelpDesk@comunitaonline.unitn.it</item>
  <item name="systemErrorMailSenderName" html="false" placeholder="false">Errors</item>
</Resource>