<?xml version="1.0" encoding="utf-8"?>
<Resource xmlns:xsi="http://www.w3.org/2001/XMLSchema-instance" xmlns:xsd="http://www.w3.org/2001/XMLSchema" xmlns="urn:ComolTranslation">
  <item name="BTNhome.text" html="false" placeholder="false">Main page</item>
  <item name="BTNhome.status" html="false" placeholder="false">Go to the service logini page</item>
  <item name="BTNhome.ToolTip" html="false" placeholder="false">Go to the service logini page</item>
  <item name="BTNchiudi.text" html="false" placeholder="false">Close window</item>
  <item name="BTNchiudi.status" html="false" placeholder="false">Close window</item>
  <item name="BTNchiudi.ToolTip" html="false" placeholder="false">Close window</item>
  <item name="BTNconferma.text" disambiguation="verbo" html="false" placeholder="false">Confirm</item>
  <item name="BTNconferma.status" html="false" placeholder="false">Confirm and close window</item>
  <item name="BTNconferma.ToolTip" html="false" placeholder="false">Confirm and close window</item>
  <item name="LBinfoRimuoviNotifica.Forum" html="true" placeholder="true" mustcontains="#nomeforum#|#nomeComunita#">ATTENZIONE: per cancellare la notifica di nuovi topic del forum "&lt;b&gt;#nomeforum#&lt;/b&gt;" della comunità "&lt;i&gt;#nomeComunita#&lt;/i&gt;" è sufficiente premere sul pulsante di conferma.</item>
  <item name="LBinfoRimuoviNotifica.Topic" html="true" placeholder="true" mustcontains="#NomeTopic#|#nomeforum#|#nomeComunita#">ATTENZIONE: per cancellare la notifica di nuovi post nel topic "&lt;b&gt;#NomeTopic#&lt;/b&gt;", del forum "&lt;b&gt;#nomeforum#&lt;/b&gt;" della comunità "&lt;i&gt;#nomeComunita#&lt;/i&gt;" è sufficiente premere sul pulsante di conferma.</item>
  <item name="RimuoviTopic.true" html="false" placeholder="false">Notification was successfully deleted, window will automatically shut down.</item>
  <item name="RimuoviTopic.false" html="false" placeholder="false">ATTENTION: error while deleting the new posts notification.</item>
  <item name="RimuoviForum.true" html="false" placeholder="false">Notification was successfully deleted, window will automatically shut down.</item>
  <item name="RimuoviForum.false" html="false" placeholder="false">ATTENTION: error while deleting the new topics notification.</item>
  <item name="stato.True" html="false" placeholder="false">Registration request MUST be validated.</item>
  <item name="stato.False" html="false" placeholder="false">Access allowed to everybody.</item>
  <item name="stato.image.True" disambiguation="non tradurre" html="false" placeholder="false" hidden="true" mustcontains="lucchetto_closed.gif">lucchetto_closed.gif</item>
  <item name="stato.image.False" disambiguation="non tradurre" html="false" placeholder="false" hidden="true" mustcontains="lucchetto_open.gif">lucchetto_open.gif</item>
</Resource>