﻿<?xml version="1.0" encoding="utf-8"?>
<Resource xmlns:xsi="http://www.w3.org/2001/XMLSchema-instance">
  <item name="IMBlingua_1.status">Show in italian.</item>
  <item name="IMBlingua_1.blocked">Under construction.</item>
  <item name="IMBlingua_2.status">Show in English.</item>
  <item name="IMBlingua_2.blocked">Under construction.</item>
  <item name="IMBlingua_3.status">Show in Deutsch.</item>
  <item name="IMBlingua_3.blocked">Under construction.</item>
  <item name="IMBlingua_4.status">Show in Français.</item>
  <item name="IMBlingua_4.blocked">Under construction.</item>
  <item name="IMBlingua_5.status">Show in Espanõl.</item>
  <item name="IMBlingua_5.blocked">Under construction.</item>
  <item name="LBnota.text">Fast access to the Online Communities Forum</item>
  <item name="LBnotaSegnalazione.text">For suggestion or problem contact &lt;/font&gt;&lt;a href="mailto:%mailAdress%?Subject=%mailSubject%" class="1"&gt;%mailAdress%&lt;/a&gt; or call  0464/483519</item>
  <item name="LBottimizzazione.text">Optimised site for&amp;nbsp;&lt;IMG alt="" src="images/netscape.gif" width="22" height="18"&gt;Netscape 6.0 e&amp;nbsp;&amp;nbsp;&lt;IMG alt="" src="images/ie.gif" width="22" height="18"&gt;Explorer 5.5 or upper,&lt;br&gt;optimal resolution 800x600</item>
  <item name="IMGlogoComunitaOnLine.ImageUrl">./Images/logoComunita_small.jpg</item>
  <item name="IMGlogoComunitaOnLine.status">Online Communities.</item>
  <item name="IMGlogoComunitaOnLine.AlternateText">Online Communities</item>
  <item name="BTNhome.text">Main page</item>
  <item name="BTNhome.status">Go to login page</item>
  <item name="BTNhome.ToolTip">Go to login page</item>
  <item name="BTNchiudi.text">Close window</item>
  <item name="BTNchiudi.status">Close window</item>
  <item name="BTNchiudi.ToolTip">Close window</item>
  <item name="BTNconferma.text">Confirm</item>
  <item name="BTNconferma.status">Confirm and close the window</item>
  <item name="BTNconferma.ToolTip">Confirm and close the window</item>
  <item name="LBinfoRimuoviNotifica.Forum">WARNING: if you want to delete the new topic notification on the forum "&lt;b&gt;#nomeforum#&lt;/b&gt;", work area "&lt;i&gt;#nomeComunita#&lt;/i&gt;" please press the confirm button</item>
  <item name="LBinfoRimuoviNotifica.Topic">WARNING: if you want to delete the new post notification in the topic  "&lt;b&gt;#NomeTopic#&lt;/b&gt;", on the forum "&lt;b&gt;#nomeforum#&lt;/b&gt;", work area "&lt;i&gt;#nomeComunita#&lt;/i&gt;" please press the confirm button</item>
  <item name="RimuoviTopic.true">The notify was correctly deleted, the window will be automatically closed.</item>
  <item name="RimuoviTopic.false">WARNING: error in the deletion of the new post notification</item>
  <item name="RimuoviForum.true">The notify was correctly deleted, the window will be automatically closed.</item>
  <item name="RimuoviForum.false">WARNING: error in the deletion of the new post notification</item>
  <item name="stato.True">The enrollment MUST be validated.</item>
  <item name="stato.False">Access allowed to everybody</item>
  <item name="stato.image.True">lucchetto_closed.gif</item>
  <item name="stato.image.False">lucchetto_open.gif</item>
</Resource>