﻿<?xml version="1.0" encoding="utf-8"?>
<Resource xmlns="urn:ComolTranslation">
  <item name="LBnota.text">If you are registered and you can't access at the system please contact:: &lt;/font&gt;&lt;a href="mailto:%mailAdress%?Subject=%mailSubject%Access problem" class="Link_noteIndex"&gt;%mailName%&lt;/a&gt;</item>
  <item name="LBnotaSegnalazione.text">For problem or suggestions please contact: &lt;/font&gt;&lt;a href="mailto:%mailAdress%?Subject=%mailSubject%" class="Link_noteIndex"&gt;%mailName%&lt;/a&gt; or call 0461/282339.&lt;br&gt;The requests will be examinated during the working days (Mon-Thu 8-13 e 14-17, Fri 8-12); outside this period the request will be examinated as soon as possible.</item>
  <item name="LBottimizzazione.text">Optimized sit for &amp;nbsp;&lt;IMG alt="" src="images/netscape.gif" align=absmiddle &gt;Netscape 6.0 e&amp;nbsp;&amp;nbsp;&lt;IMG alt="" src="images/iexplorer.gif" align=absmiddle  &gt;Explorer 6 or upper, suggested resolution 1024x768</item>
  <item name="HYPlogoUnitn.status">IAMSR</item>
  <item name="HYPlogoUnitn.ToolTip">IAMSR</item>
  <item name="IMGlogoUnitn.ImageUrl">./Images/loghiFrontali/logo_Uni.gif</item>
  <item name="IMGlogoUnitn.status">IAMSR</item>
  <item name="IMGlogoUnitn.AlternateText">IAMSR</item>
  <item name="IMGlogoMaieutiche.ImageUrl">./Images/loghiFrontali/laboratorio.gif</item>
  <item name="IMGlogoMaieutiche.status">Laboratory of Maieutics</item>
  <item name="IMGlogoMaieutiche.AlternateText">LM</item>
  <item name="HYPlogoMaieutiche.status">Laboratory of Maieutics</item>
  <item name="HYPlogoMaieutiche.ToolTip">LM</item>
  <item name="IMGlogoComunitaOnLine.ImageUrl">./Images/loghiFrontali/logo_Comol.gif</item>
  <item name="IMGlogoComunitaOnLine.status">Online Communities.</item>
  <item name="IMGlogoComunitaOnLine.AlternateText">Online Communities</item>
  <item name="LBservizioSospeso.text">The service is temporary unavailable for an update. &lt;br&gt; The service will be online as soon as possible. Sorry for the inconvenient.</item>
</Resource>