﻿<?xml version="1.0" encoding="utf-8"?>
<Resource xmlns:xsi="http://www.w3.org/2001/XMLSchema-instance">
  <item name="LBtitolo.text">Online Communities registration</item>
  <item name="LBnota.text">Select the organisation to subscribe, next you will be able to select your role into the system.</item>
  <item name="LBnotaSegnalazione.text">For problem or suggestion please contact: &lt;/font&gt;&lt;a href="mailto:HelpDesk@comunitaonline.unitn.it" class="1"&gt;HelpDesk@comunitaonline.unitn.it&lt;/a&gt;</item>
  <item name="LBottimizzazione.text">Optimised site for&amp;nbsp;&lt;IMG alt="" src="images/netscape.gif"&gt;Netscape 6.0 e&amp;nbsp;&amp;nbsp;&lt;IMG alt="" src="images/iexplorer.gif" &gt;Explorer 5.5 or upper,&lt;br&gt;optimal resolution 800x600</item>
  <item name="LBistituzione_t.text">Institution:</item>
  <item name="LBorganizzazione_t.text">Organisation/Faculty:</item>
  <item name="LBtipoPersona_t.text">User type:</item>
  <item name="HYPmanuale.text">Subscription manual</item>
  <item name="HYPmanuale.ToolTip">Subscription manual</item>
  <item name="HYPmanuale.status">Subscription manual</item>
  <item name="LNBtoHome.text">Back to the Home Page</item>
  <item name="LNBtoHome.ToolTip">Back to the Home Page</item>
  <item name="LNBtoHome.status">Back to the Home Page</item>
  <item name="LNBprosegui.text">Register me</item>
  <item name="LNBprosegui.ToolTip">Register me</item>
  <item name="LNBprosegui.status">Register me</item>
</Resource>