﻿<?xml version="1.0" encoding="utf-8"?>
<Resource xmlns:xsi="http://www.w3.org/2001/XMLSchema-instance">
  <!-- <item name="LBnota.text">! WARNING ! some students have specified an incorrect email address. There student should update their profile with a correct address to have noitification from the secretary/professior and the system administrator. Thanks</item>-->
  <item name="LBnotaSegnalazione.text">For problem or suggestion please contact: &lt;/font&gt;&lt;a href="mailto:HelpDesk@comunitaonline.unitn.it" class="1"&gt;HelpDesk@comunitaonline.unitn.it&lt;/a&gt;</item>
  <item name="LBottimizzazione.text">Optimised site for&amp;nbsp;&lt;IMG alt="" src="images/netscape.gif" width="22" height="18"&gt;Netscape 6.0 e&amp;nbsp;&amp;nbsp;&lt;IMG alt="" src="images/ie.gif" width="22" height="18"&gt;Explorer 5.5 or upper,&lt;br&gt;optimal resolution 800x600</item>
  <item name="HYPlogoUnitn.status">IAMSR</item>
  <item name="HYPlogoUnitn.ToolTip">IAMSR</item>
  <item name="IMGlogoUnitn.ImageUrl">./Images/loghiFrontali/logo_Uni.gif</item>
  <item name="IMGlogoUnitn.status">IAMSR</item>
  <item name="IMGlogoUnitn.AlternateText">IAMSR</item>
  <item name="IMGlogoMaieutiche.ImageUrl">./Images/loghiFrontali/laboratorio.gif</item>
  <item name="IMGlogoMaieutiche.status">Laboratory of Maieutics</item>
  <item name="IMGlogoMaieutiche.AlternateText">LM</item>
  <item name="HYPlogoMaieutiche.status">Laboratory of Maieutics</item>
  <item name="HYPlogoMaieutiche.ToolTip">LM</item>
  <item name="IMGlogoComunitaOnLine.ImageUrl">./Images/loghiFrontali/logo_Comol.gif</item>
  <item name="IMGlogoComunitaOnLine.status">Online Communities.</item>
  <item name="IMGlogoComunitaOnLine.AlternateText">Online Communities</item>
  <item name="LBnoAccess.text">WARNING! the system is currently not available for an update. Access is allowed only to administrators.</item>
  <item name="LBlogin_t.text">Login:</item>
  <item name="LBpassword_t.text">Password:</item>
  <item name="LBerrore" />
  <item name="BTNlogin.text">Enter</item>
  <item name="BTNlogin.status">Enter</item>
  <item name="BTNlogin.ToolTip">Enter</item>
  <item name="LBiscrizione_t.text">If you are NOT registered you should </item>
  <item name="HYPiscrivimi.text">register into the system</item>
  <item name="HYPiscrivimi.status">Online Communities Registration</item>
  <item name="HYPiscrivimi.ToolTip">Online Communities Registration</item>
  <item name="LBpasswdDimenticata.text">If you lost your password please use </item>
  <item name="LNBPwdDimenticata.text">the recovery procedure.</item>
  <item name="LNBPwdDimenticata.status">Password recovery procedure</item>
  <item name="LNBPwdDimenticata.ToolTip">Password recovery procedure</item>
  <item name="HYPmanuale.text">Subscription manual</item>
  <item name="HYPmanuale.status">Subscription manual</item>
  <item name="LBInvioMail.text" />
  <item name="BTNGoLogin.text">Go to Login</item>
  <item name="LBmail_t.text">Insert your email address</item>
  <item name="BTNPwdDimenticata.text">Request</item>
  <item name="LBrestart.text" />
  <item name="BTNRiprova.text">Rerty</item>
  <item name="VLDLogin.ErrorMessage">Login</item>
  <item name="VLDPassword.ErrorMessage">Password</item>
  <item name="VLDSum.HeaderText">You have to insert these values:</item>
  <item name="LBuserNotFound.text">User not available</item>
  <item name="LBadminContacts.text">For problem contact the administrator</item>
  <item name="erroreLogin.0">Mail sent</item>
  <item name="erroreLogin.1">Warning: problem in the mail sending</item>
  <item name="erroreLogin.2">The password is incorrect</item>
  <item name="erroreLogin.3">Your Account is not available. Please contact the site administrator</item>
  <item name="erroreLogin.4">&lt;br&gt;Sorry, at the moment the system is available only to administrators.&lt;div&gt;Try later.&lt;br&gt;</item>
  <item name="erroreLogin.5">&lt;br&gt;Sorry, you have to activate your account. The activation code was sent to your eMail address</item>
  <item name="erroreLogin.6">&lt;br&gt;Sorry, your account is not registered in the system. For the platform access you have register using the correct page.</item>
  <item name="erroreLogin.-1">WARNING: the access is not available for server connections problems</item>
  <item name="erroreLogin.-2">WARNING: the access to the LDAP accounts could be unavailable for server connections problems</item>
  <item name="erroreLogin.-3">WARNING: the access to the LDAP organisations #elencoFacolta# is not available for server connections problems</item>
  <item name="HYPverificaLDAP.text">Verifing the LDAP connection</item>
  <item name="HYPverificaLDAP.status">Verifing the LDAP connection</item>
  <item name="HYPverificaLDAP.ToolTip">Verifing the LDAP connection</item>
  <item name="LBnoldap.text">Sorry but there are not available organisation with LDAP active account.</item>
  <item name="LBlogin_t.text">Login:</item>
  <item name="LBpassword_t.text">Password:</item>
  <item name="BTNverifica.text">Verify</item>
  <item name="info.1">Correct login and password.</item>
  <item name="info.2">Existing login with an incorrect password</item>
  <item name="info.3">The specified login doesn't exist in LDAP servers</item>
  <item name="info.statoPwd.1">Validate</item>
  <item name="info.statoPwd.2">Expired</item>
  <item name="info.statoPwd.3">Correct login but the password has expired from #num#. If the access at the system is not available please update your password.</item>
  <item name="info.statoPwd.4">Correct password; it will be expired on #num#. Please update the password before the expiration date.</item>
  <item name="orgn">Organizzazione</item>
  <item name="connessione">Connection</item>
  <item name="si">Yes.</item>
  <item name="no">No.</item>
  <item name="tipo">Type:</item>
  <item name="LBsessioneScaduta.text">Sorry but your session has expired. Please try again to access at the system</item>
  <item name="BTNaccesso.text">System access</item>
  <item name="BTNaccesso.ToolTip">System access</item>
  <item name="BTNaccesso.status">System access</item>
  <item name="IMBlogin.ImageUrl">./Style/login/bg-submit.png</item>
  <item name="IMBlogin.ImageUrl_disabled">./Style/login/bg-submit.png</item>
  <item name="IMBlogin.AlternateText">Entra</item>
  <item name="IMBlogin.AlternateText_disabled">Enter (disabled)</item>
  <item name="IMBlogin.AlternateText">Entra</item>
  <item name="IMBlogin.status">Enter</item>
  <item name="NotificaPasswordTitolo">Sending login and password</item>
  <item name="NotificaPasswordBody.1">After your request this is your &lt;br&gt; login: #login# &lt;br&gt; Password: #pwd# &lt;br&gt;</item>
  <item name="NotificaPasswordBody.2">After your request, we are provinding your system login. For the password please contact the LDAP authentication system administrator:&lt;br&gt; login: #login#&lt;br&gt;</item>
  <item name="MessageType.0">The request has been sent at your personal e-mail address.</item>
  <item name="MessageType.1">There are some problem to sent the information. Please try later.</item>
  <item name="MessageType.2">The password is incorrect</item>
  <item name="MessageType.3">Your Account is not available. Please contact the site administrator</item>
  <item name="MessageType.4">Sorry, the access is reserved only to system administrators. &lt;div&gt; Please try later.</item>
  <item name="MessageType.5">Sorry, you haven't activated your account. The activation code has been sent to your e-mail address.</item>
  <item name="MessageType.6">Sorry, your account is not registered into the system. To access you have to register.</item>
  <item name="MessageType.-1">WARNING: the access is not available for server connections problems</item>
  <item name="MessageType.-2">WARNING: the access to the LDAP accounts could be unavailable for server connections problems</item>
  <item name="MessageType.-3">WARNING: the LDAP connection is not available for some organisation due to problems at the authentication server.</item>
  <item name="MessageType.9">Sorry, the account doesn't exist.</item>

  <item name="LThelp.text">Access help:</item>
  <item name="LBL_Suggerimenti_t.text">Questions and suggestions</item>
  <item name="LBnota.text">If you are already registered but you can't access the system please contact: &lt;/font&gt;&lt;a href="mailto:{0}?Subject={1}Access problem" class="Link_noteIndex"&gt;{2}&lt;/a&gt;</item>
</Resource>