﻿<?xml version="1.0" encoding="utf-8"?>
<Resource xmlns:xsi="http://www.w3.org/2001/XMLSchema-instance">
  <item name="LBnota.text">! ATTENTION ! some users have specified an invalid e-mail address, they must correct these addresses to recieve information from staff and teachers.</item>
  <item name="LBnotaSegnalazione.text">For suggestions or to report errors, please send an mail to: &lt;/font&gt;&lt;a href="mailto:HelpDesk@comunitaonline.unitn.it?Subject=[Online Communities]" class="1"&gt;HelpDesk@comunitaonline.unitn.it&lt;/a&gt;</item>
  <item name="LBottimizzazione.text">Site optimized for&amp;nbsp;&lt;IMG alt="" src="images/netscape.gif" &gt;Netscape 6.0 and&amp;nbsp;&amp;nbsp;&lt;IMG alt="" src="images/iexplorer.gif" &gt;Explorer 5.5 or upper,&lt;br&gt;resolution  800x600</item>
  <item name="HYPlogoUnitn.status" />
  <item name="HYPlogoUnitn.ToolTip" />
  <item name="IMGlogoUnitn.ImageUrl" />
  <item name="IMGlogoUnitn.status" />
  <item name="IMGlogoUnitn.AlternateText" />
  <item name="IMGlogoMaieutiche.ImageUrl" />
  <item name="IMGlogoMaieutiche.status" />
  <item name="IMGlogoMaieutiche.AlternateText" />
  <item name="HYPlogoMaieutiche.status" />
  <item name="HYPlogoMaieutiche.ToolTip" />
  <item name="IMGlogoComunitaOnLine.ImageUrl" />
  <item name="IMGlogoComunitaOnLine.status" />
  <item name="IMGlogoComunitaOnLine.AlternateText" />
  <item name="LBnoAccess.text">ATTENTION !: System updating, access ONLY for system administrators.</item>
  <item name="LBlogin_t.text">Login:</item>
  <item name="LBpassword_t.text">Password:</item>
  <item name="LBerrore" />
  <item name="LBiscrizione_t.text">If you are not yet subscribed, please </item>
  <item name="HYPiscrivimi.text">Click Here</item>
  <item name="HYPiscrivimi.status">Click here to subscribe</item>
  <item name="HYPiscrivimi.ToolTip">Click Here</item>
  <item name="BTNlogin.text">Enter</item>
  <item name="BTNlogin.status">Enter</item>
  <item name="BTNlogin.ToolTip">Enter</item>
  <item name="LBpasswdDimenticata.text">To retrieve your password click on </item>
  <item name="LNBPwdDimenticata.text">THIS LINK</item>
  <item name="LNBPwdDimenticata.status">Click here to retrieve password.</item>
  <item name="LNBPwdDimenticata.ToolTip">Click Here</item>
  <item name="HYPmanuale.text">Manual for subscribe.</item>
  <item name="HYPmanuale.status">Manual for subscribe.</item>
  <item name="LBInvioMail.text" />
  <item name="BTNGoLogin.text">Go to Login</item>
  <item name="LBmail_t.text">Insert e-mail adress specified when you subscribed to the system.</item>
  <item name="BTNPwdDimenticata.text">Retrieve</item>
  <item name="LBrestart.text" />
  <item name="BTNRiprova.text">Try Again</item>
  <item name="VLDLogin.ErrorMessage">Login</item>
  <item name="VLDPassword.ErrorMessage">Password</item>
  <item name="VLDSum.HeaderText">You have not specified these values:</item>
  <item name="LBuserNotFound.text">User not found</item>
  <item name="LBadminContacts.text">For problems, please contacts system administrator.</item>
  <item name="erroreLogin.0">Mail sent to the specified address</item>
  <item name="erroreLogin.1">Problems to send e-mail with requested data !</item>
  <item name="erroreLogin.2">Your password is incorrect</item>
  <item name="erroreLogin.3">Your Account is DISABLED, please contact system administrator.</item>
  <item name="erroreLogin.4">&lt;br&gt;We are afraid, but only system administrators can Log-In the system.&lt;div&gt;Please, try later.&lt;br&gt;</item>
  <item name="erroreLogin.5">&lt;br&gt;Your account is not yet confirmed by you. You MUST have received an e-mail with code to activate it.</item>
  <item name="erroreLogin.6">&lt;br&gt;We are afraid, but your account is not subscribed into the system.You MUST subscribe before trying to access !</item>
  <item name="erroreLogin.-1">WARNING: the access is disabled cause connection server problems.</item>
  <item name="erroreLogin.-2">WARNING: the access with a LDAP authentication could be not possible cause problems with the authentication connection server.</item>
  <item name="erroreLogin.-3">WARNING: the access with a LDAP authentication for the organisations #elencoFacolta# is disabled cause problems with the authentication connection server</item>
  <item name="HYPverificaLDAP.text">Verify LDAP connection</item>
  <item name="HYPverificaLDAP.status">Verify LDAP connection.</item>
  <item name="HYPverificaLDAP.ToolTip">Verify LDAP connection.</item>
  <item name="LBnoldap.text">Sorry, but there isn'it any esse3/ldap connections.</item>
  <item name="LBlogin_t.text">Login:</item>
  <item name="LBpassword_t.text">Password:</item>
  <item name="BTNverifica.text">Verify</item>
  <item name="info.1">Exist login and password</item>
  <item name="info.2">Exist login but password WRONG</item>
  <item name="info.3">Don't Exist</item>
  <item name="info.statoPwd.1">Valida</item>
  <item name="info.statoPwd.2">Scaduta</item>
  <item name="info.statoPwd.3">The login name is correct, but the password has expired from #num#. If you are not able to access at the system you must modify your password.</item>
  <item name="info.statoPwd.4">The login is correct, the validity of your password will expire on #num#. Please modify the password before that date.</item>
  <item name="orgn">Organization</item>
  <item name="connessione">Connection</item>
  <item name="si">Yes.</item>
  <item name="no">No.</item>
  <item name="tipo">Type</item>
  <item name="LBsessioneScaduta.text">Sorry, your session has expired. To continue please login again in the system.</item>
  <item name="BTNaccesso.text">Access to the system</item>
  <item name="BTNaccesso.ToolTip">Access to the system</item>
  <item name="BTNaccesso.status">Access to the system</item>
  <item name="NotificaPasswordTitolo">Send login and password </item>
  <item name="NotificaPasswordBody.1">As your request, these are your &lt;br&gt; login: #login# &lt;br&gt; and Password: #pwd# &lt;br&gt;</item>
  <item name="NotificaPasswordBody.2">As your request, this is your login to access at the system. You should ask the password to the authentication manager of the LDAP connection.&lt;br&gt; login: #login#&lt;br&gt;</item>
  <item name="MessageType.0">Mail sent to the specified address.</item>
  <item name="MessageType.1">Problems to send e-mail with requested data !</item>
  <item name="MessageType.2">Your password is incorrect</item>
  <item name="MessageType.3">Your Account is DISABLED, please contact system administrator.</item>
  <item name="MessageType.4">&lt;br&gt;We are afraid, but only system administrators can Log-In the system.&lt;div&gt;Please, try later.&lt;br&gt;</item>
  <item name="MessageType.5">&lt;br&gt;Your account is not yet confirmed by you. You MUST have received an e-mail with code to activate it.</item>
  <item name="MessageType.6">&lt;br&gt;We are afraid, but your account is not subscribed into the system.You MUST subscribe before trying to access !</item>
  <item name="MessageType.-1">WARNING: the access is disabled cause connection server problems.</item>
  <item name="MessageType.-2">WARNING: the access to the user with LDAP password could be not possible cause problems with the authentication connection server.</item>
  <item name="MessageType.-3">
      WARNING: the access tot he users with LDAP password for some organisations is disabled cause problems with the authentication connection server.
  </item>
  <item name="MessageType.9">Sorry, your account doesn't exist.</item>
  <item name="IMBlogin.ImageUrl">./Style/Abo/bg-submit.png</item>
  <item name="IMBlogin.ImageUrl_disabled">./Style/Abo/bg-submit.png</item>
  <item name="IMBlogin.AlternateText">Enter</item>
  <item name="IMBlogin.AlternateText_disabled">Enter (disabled)</item>
  <item name="IMBlogin.AlternateText">Enter</item>
  <item name="IMBlogin.status">Enter</item>
  <item name="LBL_Suggerimenti_t.text">Questions and suggestions</item>
  <item name="Lbl_AccHelp_t.text">Access help:</item>
  <item name="AccessProblem">If you are registered but you can't access to the system please sent an email to: #MailUrl#</item>
  <item name="AccessProblem_MailSubject">[ABO] AccessProblem</item>
</Resource>