<?xml version="1.0" encoding="utf-8" ?>
<Resource>
  <item name="IMBlanguageIt.status">Visualizza in italiano.</item>
  <item name="IMBlanguageIt.ToolTip">Visualizza in italiano.</item>
  <item name="IMBlanguageIt.AlternateText">Visualizza in italiano.</item>
  <item name="IMBlanguageIt.blocked">In fase di implementazione.</item>
  <item name="IMBlanguageEn.status">Show in English.</item>
  <item name="IMBlanguageEn.AlternateText">Show in English.</item>
  <item name="IMBlanguageEn.ToolTip">Show in English.</item>
  <item name="IMBlanguageEn.blocked">In fase di implementazione.</item>
  <item name="LBsuggerimenti.text">Suggerimenti e segnalazioni:</item>
  <item name="HYPshibbolethLogon.text">Login UNITN</item>
  <item name="HYPshibbolethLogon.status">Login with UNITN credentials</item>
  <item name="HYPshibbolethLogon.ToolTip">Login with UNITN credentials</item>
  <item name="LTshibbolethInfo.text">Verranno utilizzate le credenziali di accesso dell'Università degli Studi di Trento per accedere al servizio.</item>
  <item name="HYPinternalLogon.text">Login interna Comunità On Line</item>
  <item name="HYPinternalLogon.status">Login interna Comunità On Line</item>
  <item name="HYPinternalLogon.ToolTip">Login interna Comunità On Line</item>
  <item name="LTinternalInfo.text">Verrà utilizzata la login di Comunità On line per accedere al servizio.  Login e password sono quelli scelti autonomamente all'atto dell'iscrizione.</item>
  <item name="LThelp.text">Access help:</item>
  <item name="LBnota.text">If you are already registered but you can't access the system please contact: &lt;/font&gt;&lt;a href="mailto:{0}?Subject={1}Access problem" class="Link_noteIndex"&gt;{2}&lt;/a&gt;</item>
  <item name="LBiscrizione.text">If you are NOT registered you should </item>
  <item name="HYPiscrivimi.text">register into the system</item>
  <item name="HYPiscrivimi.status">Online Communities Registration</item>
  <item name="HYPiscrivimi.ToolTip">Online Communities Registration</item>
  <item name="LBnoAccess.text">WARNING! the system is currently not available for an update. Access is allowed only to administrators.</item>
</Resource>