﻿<?xml version="1.0" encoding="utf-8"?>
<Resource xmlns:xsi="http://www.w3.org/2001/XMLSchema-instance">
  <item name="LBnota.text">! WARNING ! some students have specified an incorrect email address. There student should update their profile with a correct address to have noitification from the secretary/professior and the system administrator. Thanks</item>
  <item name="LBnotaSegnalazione.text">For problem or suggestion please contact: &lt;/font&gt;&lt;a href="mailto:HelpDesk@comunitaonline.unitn.it" class="1"&gt;HelpDesk@comunitaonline.unitn.it&lt;/a&gt;</item>
  <item name="LBottimizzazione.text">Optimised site for&amp;nbsp;&lt;IMG alt="" src="images/netscape.gif" width="22" height="18"&gt;Netscape 6.0 e&amp;nbsp;&amp;nbsp;&lt;IMG alt="" src="images/ie.gif" width="22" height="18"&gt;Explorer 5.5 or upper,&lt;br&gt;optimal resolution 800x600</item>
  <item name="HYPlogoUnitn.status">IAMSR</item>
  <item name="HYPlogoUnitn.ToolTip">IAMSR</item>
  <item name="IMGlogoUnitn.ImageUrl">./Images/sigillo_unitn.jpg</item>
  <item name="IMGlogoUnitn.status">IAMSR</item>
  <item name="IMGlogoUnitn.AlternateText">IAMSR</item>
  <item name="IMGlogoMaieutiche.ImageUrl">./Images/logolm_picc.jpg</item>
  <item name="IMGlogoMaieutiche.status">Laboratory of Maieutics</item>
  <item name="IMGlogoMaieutiche.AlternateText">LM</item>
  <item name="HYPlogoMaieutiche.status">Laboratory of Maieutics</item>
  <item name="HYPlogoMaieutiche.ToolTip">LM</item>
  <item name="IMGlogoComunitaOnLine.ImageUrl">./Images/logoComunita_small.jpg</item>
  <item name="IMGlogoComunitaOnLine.status">Online Communities.</item>
  <item name="IMGlogoComunitaOnLine.AlternateText">Online Communities</item>
  <item name="LBnoAccess.text">WARNING! the system is currently not available for an update. The access is allowed only for the administrators.</item>
  <item name="LBlogin_t.text">Login:</item>
  <item name="LBpassword_t.text">Password:</item>
  <item name="LBerrore" />
  <item name="BTNlogin.text">Forum access</item>
  <item name="LBpasswdDimenticata.text">"I've lost my password....</item>
  <item name="LNBPwdDimenticata.text">CLICK HERE!</item>
  <item name="LNBPwdDimenticata.status">Click here</item>
  <item name="LNBPwdDimenticata.ToolTip">Click here</item>
  <item name="BTNGoLogin.text">Go to Login</item>
  <item name="LBmail_t.text">Insert your email address</item>
  <item name="BTNPwdDimenticata.text">Request</item>
  <item name="LBrestart.text" />
  <item name="BTNRiprova.text">Rerty</item>
  <item name="VLDLogin.ErrorMessage">Login</item>
  <item name="VLDPassword.ErrorMessage">Password</item>
  <item name="VLDSum.HeaderText">You have to insert these values:</item>
  <item name="LBuserNotFound.text">User not available</item>
  <item name="LBadminContacts.text">For problem contact the administrator</item>
  <item name="erroreLogin.0">Mail sent</item>
  <item name="erroreLogin.1">Warning: problem in the mail sending</item>
  <item name="erroreLogin.2">The password is incorrect</item>
  <item name="erroreLogin.3">Your Account is not available. Please contact the site administrator</item>
  <item name="erroreLogin.4">&lt;br&gt;Sorry, at this moment the system is available only to the administrators.&lt;div&gt;Try later.&lt;br&gt;</item>
  <item name="erroreLogin.5">&lt;br&gt;Sorry, you have to activate your account. The activation code was sent to your eMail address</item>
  <item name="erroreLogin.6">&lt;br&gt;Sorry, your account is not registered in the system. For the platform access you have register using the correct page.</item>
  <item name="erroreLogin.-1">WARNING: the access is not available for server connections problems</item>
  <item name="erroreLogin.-2">WARNING: the LDAP connection is not available for some organisation due to problems at the authentication server.</item>
  <item name="erroreLogin.-3">WARNING: the access to the LDAP organisations #elencoFacolta# is not available for server connections problems</item>
  <item name="HYPverificaLDAP.text">Verifing the LDAP connection</item>
  <item name="HYPverificaLDAP.status">Verifing the LDAP connection</item>
  <item name="HYPverificaLDAP.ToolTip">Verifing the LDAP connection</item>
  <item name="LBnoldap.text">Sorry but there are not available organisation with LDAP active account.</item>
  <item name="LBlogin_t.text">Login:</item>
  <item name="LBpassword_t.text">Password:</item>
  <item name="BTNverifica.text">Verify</item>
  <item name="info.1">Correct login and password.</item>
  <item name="info.2">Existing login with an incorrect password</item>
  <item name="info.3">The specified login doesn't exist in LDAP servers</item>
  <item name="info.statoPwd.1">Validate</item>
  <item name="info.statoPwd.2">Expired</item>
  <item name="info.statoPwd.3">Correct login but the password has expired from #num#. If the access at the system is not available please update your password.</item>
  <item name="info.statoPwd.4">Correct password; it will be expired on #num#. Please update the password before the expiration date.</item>
  <item name="orgn">Organizzazione</item>
  <item name="connessione">Connection</item>
  <item name="si">Yes.</item>
  <item name="no">No.</item>
  <item name="tipo">Type:</item>
</Resource>