<?xml version="1.0" encoding="utf-8"?>
<Resource xmlns:xsi="http://www.w3.org/2001/XMLSchema-instance" xmlns:xsd="http://www.w3.org/2001/XMLSchema" xmlns="urn:ComolTranslation">
  <item name="Lbl_Blog_Id_t.text" html="false" placeholder="false">Blog id: </item>
  <item name="Lbl_Blog_Name_t.text" html="false" placeholder="false">Name: </item>
  <item name="Lbl_Blog_Title_t.text" html="false" placeholder="false">Title: </item>
  <item name="Lbl_Blog_Activation_t.text" html="false" placeholder="false">Created on:</item>
  <item name="Lbl_Blog_LastModify_t.text" html="false" placeholder="false">Modified on: </item>
  <item name="Lbl_Blog_Avatar_t.text" html="false" placeholder="false">Avatar: </item>
  <item name="Lbl_Blog_UserName_t.text" html="false" placeholder="false">User: </item>
  <item name="Lbl_Avt_Id_t.text" html="false" placeholder="false">Avatar Id: </item>
  <item name="Lbl_Avt_Urs_Name_t.text" html="false" placeholder="false">User: </item>
  <item name="Lbl_Avt_Nome_t.text" html="false" placeholder="false">Name: </item>
  <item name="Lbl_Avt_Urs_Id_t.text" html="false" placeholder="false">User Id: </item>
  <item name="Lbl_AvatarType_t.text" html="false" placeholder="false">Show Avatar: </item>
  <item name="Btn_BlogModify.text" disambiguation="verbo" html="false" placeholder="false">Modify</item>
  <item name="Btn_BlogModify.status" html="false" placeholder="false">Save changes</item>
  <item name="Btn_BlogModify.ToolTip" html="false" placeholder="false">Save changes and back to list</item>
  <item name="Btn_BlogUndo.text" html="false" placeholder="false">Cancel</item>
  <item name="Btn_BlogUndo.status" html="false" placeholder="false">Cancel and back to list.</item>
  <item name="Btn_BlogUndo.ToolTip" html="false" placeholder="false">Discard changes and back to list</item>
  <item name="Btn_Avt_Modify.text" disambiguation="verbo" html="false" placeholder="false">Modify</item>
  <item name="Btn_Avt_Modify.status" html="false" placeholder="false">Save changes</item>
  <item name="Btn_Avt_Modify.ToolTip" html="false" placeholder="false">Save changes and back to list</item>
  <item name="Btn_Avt_Undo.text" html="false" placeholder="false">Cancel</item>
  <item name="Btn_Avt_Undo.status" html="false" placeholder="false">Cancel and back to list.</item>
  <item name="Btn_Avt_Undo.ToolTip" html="false" placeholder="false">Discard changes and back to list</item>
  <item name="Cbx_Blog_IsActive.text" html="false" placeholder="false">Activated</item>
  <item name="Cbx_Blog_IsActive.ToolTip" html="false" placeholder="false">If this blog is active</item>
  <item name="CBX_IsSystemBlogActive.text" html="false" placeholder="false">Blog System enabled</item>
  <item name="CBX_IsSystemBlogActive.ToolTip" html="false" placeholder="false">If blog system is active (ALL blogs)</item>
  <item name="Lbl_NoPermission.text" html="false" placeholder="false">You do not have permission to view this page.</item>
  <item name="LNBchiudiFiltro.text" html="false" placeholder="false">Close filter</item>
  <item name="LNBchiudiFiltro.ToolTip" html="false" placeholder="false">Close filter</item>
  <item name="LNBapriFiltro.text" html="false" placeholder="false">Open filter</item>
  <item name="LNBapriFiltro.ToolTip" html="false" placeholder="false">Open filter</item>
  <item name="lbl_ItemPerPage_t.text" html="false" placeholder="false">Elements per page:</item>
  <item name="Lbl_AvatarType_t.text" html="false" placeholder="false">Mostra Avatar: </item>
  <item name="DDL_AvatarType.TXT" html="false" placeholder="false">Only text</item>
  <item name="DDL_AvatarType.IMG" html="false" placeholder="false">only image</item>
  <item name="DDL_AvatarType.ALL" html="false" placeholder="false">Text and image</item>
  <item name="DDL_FilterPos.BeginWith" html="false" placeholder="false">Begins with</item>
  <item name="DDL_FilterPos.Contain" html="false" placeholder="false">Contains</item>
  <item name="DDL_FilterPos.EndWith" html="false" placeholder="false">Ends with</item>
  <item name="DDL_FilterType.UserName" html="false" placeholder="false">User name</item>
  <item name="DDL_FilterType.UserForName" html="false" placeholder="false">User Surname</item>
  <item name="DDL_FilterType.Avatar" html="false" placeholder="false">Avatar</item>
  <item name="DDL_FilterType.BlogName" html="false" placeholder="false">Blog name</item>
  <item name="Lbl_FilterPosition_t.text" html="false" placeholder="false">Position: </item>
  <item name="Lbl_FilterType_t.text" html="false" placeholder="false">Field: </item>
  <item name="Lbl_FilterValue_t.text" html="false" placeholder="false">Value:</item>
  <item name="Btn_Update.text" html="false" placeholder="false">Update</item>
  <item name="Btn_Update.status" html="false" placeholder="false">Update</item>
  <item name="Btn_Update.ToolTip" html="false" placeholder="false">Update</item>
  <item name="Grv_ListaBlog.Name.HeaderText" html="false" placeholder="false">Name</item>
  <item name="Grv_ListaBlog.Title.HeaderText" html="false" placeholder="false">Title</item>
  <item name="Grv_ListaBlog.Avatar.HeaderText" html="false" placeholder="false">Avatar</item>
  <item name="Grv_ListaBlog.UserName.HeaderText" html="false" placeholder="false">User</item>
  <item name="Grv_ListaBlog.Activation.HeaderText" html="false" placeholder="false">Activated on</item>
  <item name="Grv_ListaBlog.LastModify.HeaderText" html="false" placeholder="false">Modified on</item>
  <item name="Grv_ListaBlog.IsActive.HeaderText" html="false" placeholder="false">Active</item>
</Resource>