<?xml version="1.0" encoding="utf-8"?>
<Resource xmlns:xsi="http://www.w3.org/2001/XMLSchema-instance" xmlns:xsd="http://www.w3.org/2001/XMLSchema" xmlns="urn:ComolTranslation">
  <item name="LBoggetto_t.text" html="false" placeholder="false" mustcontains="*">*Subject:</item>
  <item name="LBtesto_t.text" html="false" placeholder="false" mustcontains="*">*Messagge:</item>
  <item name="LBevidenzia_t.text" html="false" placeholder="false">Highlight:</item>
  <item name="RBLevidenzia.1" description="Tradurre solo: 'Normale'" html="true" placeholder="false">&amp;nbsp;&lt;img src="./../images/forum_img/normal.gif" alt="" border="0"&gt;Normal&amp;nbsp;</item>
  <item name="RBLevidenzia.2" description="Tradurre solo: 'Interessante'" html="true" placeholder="false">&amp;nbsp;&lt;img src="./../images/forum_img/interessante.gif" alt="" border="0" align=absmiddle&gt;Interesting&amp;nbsp;</item>
  <item name="RBLevidenzia.3" description="Tradurre solo: 'Attenzione'" html="true" placeholder="false">&amp;nbsp;&lt;img src="./../images/forum_img/alert.gif" alt="" border="0" align=absmiddle&gt;Attention&amp;nbsp;&amp;nbsp</item>
  <item name="RBLevidenzia.5" description="Tradurre solo: 'Faq'" html="true" placeholder="false">&amp;nbsp;&lt;img src="./../images/forum_img/faq.gif" alt="" border="0" align=absmiddle&gt;Faq&amp;nbsp;</item>
  <item name="IMG_1.status" html="false" placeholder="false" hidden="true">Smile ;-)</item>
  <item name="IMG_1.AlternateText" html="false" placeholder="false" hidden="true">Smile ;-)</item>
  <item name="IMG_2.status" html="false" placeholder="false" hidden="true">:D"</item>
  <item name="IMG_2.AlternateText" html="false" placeholder="false" hidden="true">:D</item>
  <item name="IMG_3.status" html="false" placeholder="false" hidden="true">Surprise :-O</item>
  <item name="IMG_3.AlternateText" html="false" placeholder="false" hidden="true">Surprise :-O</item>
  <item name="IMG_4.status" html="false" placeholder="false" hidden="true">  :-p</item>
  <item name="IMG_4.AlternateText" html="false" placeholder="false" hidden="true">  :-p</item>
  <item name="IMG_5.status" html="false" placeholder="false" hidden="true">Blink ;-)</item>
  <item name="IMG_5.AlternateText" html="false" placeholder="false" hidden="true">Blink ;-)</item>
  <item name="IMG_6.status" html="false" placeholder="false" hidden="true">Hot (H)</item>
  <item name="IMG_6.AlternateText" html="false" placeholder="false" hidden="true">Hot (H)</item>
  <item name="IMG_7.status" html="false" placeholder="false" hidden="true">  :$</item>
  <item name="IMG_7.AlternateText" html="false" placeholder="false" hidden="true">  :$</item>
  <item name="IMG_8.status" html="false" placeholder="false" hidden="true">Sleepy |-)</item>
  <item name="IMG_8.AlternateText" html="false" placeholder="false" hidden="true">Sleepy |-)</item>
  <item name="IMG_9.status" html="false" placeholder="false" hidden="true">Sad :(</item>
  <item name="IMG_9.AlternateText" html="false" placeholder="false" hidden="true">Sad :(</item>
  <item name="IMG_10.status" html="false" placeholder="false" hidden="true">tears  ;-(</item>
  <item name="IMG_10.AlternateText" html="false" placeholder="false" hidden="true">tears  ;-(</item>
  <item name="IMG_11.status" html="false" placeholder="false" hidden="true">Perplesso :S</item>
  <item name="IMG_11.AlternateText" html="false" placeholder="false" hidden="true">Perplesso :S</item>
  <item name="IMG_12.status" html="false" placeholder="false" hidden="true">Angry :@</item>
  <item name="IMG_12.AlternateText" html="false" placeholder="false" hidden="true">Angry :@</item>
  <item name="IMG_13.status" html="false" placeholder="false" hidden="true">Star (*)</item>
  <item name="IMG_13.AlternateText" html="false" placeholder="false" hidden="true">Star (*)</item>
  <item name="IMG_14.status" html="false" placeholder="false" hidden="true">Cuore (L)</item>
  <item name="IMG_14.AlternateText" html="false" placeholder="false" hidden="true">Cuore (L)</item>
  <item name="IMG_15.status" html="false" placeholder="false" hidden="true">Cuore infranto (U)</item>
  <item name="IMG_15.AlternateText" html="false" placeholder="false" hidden="true">Cuore infranto (U)</item>
  <item name="IMG_16.status" html="false" placeholder="false" hidden="true">Pollice in su (Y)</item>
  <item name="IMG_16.AlternateText" html="false" placeholder="false" hidden="true">Pollice in su (Y)</item>
  <item name="IMG_17.status" html="false" placeholder="false" hidden="true">Pollice in giù (N)</item>
  <item name="IMG_17.AlternateText" html="false" placeholder="false" hidden="true">Pollice in giù (N)</item>
  <item name="IMG_18.status" html="false" placeholder="false" hidden="true">Applause (pp)</item>
  <item name="IMG_18.AlternateText" html="false" placeholder="false" hidden="true">Applause (pp)</item>
  <item name="IMG_19.status" html="false" placeholder="false" hidden="true">Big bin 8-|</item>
  <item name="IMG_19.AlternateText" html="false" placeholder="false" hidden="true">Big bin 8-|</item>
  <item name="IMG_20.status" html="false" placeholder="false" hidden="true">Devil (6)</item>
  <item name="IMG_20.AlternateText" html="false" placeholder="false" hidden="true">Devil (6)</item>
  <item name="IMG_21.status" html="false" placeholder="false" hidden="true">Question (?)</item>
  <item name="IMG_21.AlternateText" html="false" placeholder="false" hidden="true">Question (?)</item>
</Resource>