<?xml version="1.0" encoding="utf-8"?>
<Resource xmlns:xsi="http://www.w3.org/2001/XMLSchema-instance" xmlns:xsd="http://www.w3.org/2001/XMLSchema" xmlns="urn:ComolTranslation">
  <item name="LBlegendSearch.text" html="false" placeholder="false">Search</item>
  <item name="LBnome.text" html="false" placeholder="false">Name:</item>
  <item name="LBcognome.text" html="false" placeholder="false">Surname:</item>
  <item name="LBruoloForum.text" html="false" placeholder="false">Forum role:</item>
  <item name="LBruoloComunita.text" html="false" placeholder="false">Community role:</item>
  <item name="BTNcerca.text" html="false" placeholder="false">Search</item>
  <item name="LKBaltro.status" html="false" placeholder="false">Other characters</item>
  <item name="LKBaltro.text" disambiguation="Relativo a caratteri" html="false" placeholder="false">Other</item>
  <item name="LKBaltro.ToolTip" html="false" placeholder="false">Other characters</item>
  <item name="LKBtutti.status" disambiguation="Relativo a caratteri" html="false" placeholder="false">All</item>
  <item name="LKBtutti.text" disambiguation="Relativo a caratteri" html="false" placeholder="false">All</item>
  <item name="LKBtutti.ToolTip" disambiguation="Relativo a caratteri" html="false" placeholder="false">All</item>
  <item name="Lettera.status" disambiguation="lettera=carattere" html="false" placeholder="true" mustcontains="#%%#">Letter #%%#</item>
  <item name="Lettera.ToolTip" disambiguation="lettera=carattere" html="false" placeholder="true" mustcontains="#%%#">Letter #%%#</item>
  <item name="DGiscrittiForum.page" html="false" placeholder="true" mustcontains="#%%#">Page &lt;#%%#&gt;</item>
  <item name="DGiscrittiForum.ordinamento.0.status" html="false" placeholder="true" mustcontains="#%%#">Ascending order by &lt;#%%#&gt;</item>
  <item name="DGiscrittiForum.ordinamento.1.status" html="false" placeholder="true" mustcontains="#%%#">Descending order by &lt;#%%#&gt;</item>
  <item name="DGiscrittiForum.ordinamento.2.status" html="false" placeholder="true" mustcontains="#%%#">Order by &lt;#%%#&gt;</item>
  <item name="DGiscrittiForum.IMBmodificaIscritto.ImageUrl" html="true" placeholder="false" hidden="true">../../images/m.gif</item>
  <item name="DGiscrittiForum.IMBmodificaIscritto.status" html="false" placeholder="false">Edit enrollee.</item>
  <item name="DGiscrittiForum.IMBmodificaIscritto.AlternateText" html="false" placeholder="false">Edit enrollee.</item>
  <item name="DGiscrittiForum.IMBmodificaIscritto.ImageUrl_disabled" html="true" placeholder="false" hidden="true">../../images/m_d.gif</item>
  <item name="DGiscrittiForum.IMBmodificaIscritto.AlternateText_disabled" html="false" placeholder="false">You can not edit this enrollee.</item>
  <item name="DGiscrittiForum.IMBcancellaIscritto.ImageUrl" html="true" placeholder="false" hidden="true">../../images/x.gif</item>
  <item name="DGiscrittiForum.IMBcancellaIscritto.status" html="false" placeholder="false">Unsubscribe.</item>
  <item name="DGiscrittiForum.IMBcancellaIscritto.AlternateText" html="false" placeholder="false">Unsubscribe.</item>
  <item name="DGiscrittiForum.IMBcancellaIscritto.ImageUrl_disabled" html="true" placeholder="false" hidden="true">../../images/x_d.gif</item>
  <item name="DGiscrittiForum.IMBcancellaIscritto.AlternateText_disabled" html="false" placeholder="false">You do not have permission to unsubscribe this person</item>
  <item name="DGiscrittiForum.IMBcancellaIscritto.ConfirmText" html="false" placeholder="false">Are you sure you want to unsubscribe the selected person?</item>
  <item name="DGiscrittiForum.PRSN_Anagrafica.HeaderText" html="false" placeholder="false">Vital statistics</item>
  <item name="DGiscrittiForum.TPRF_nome.HeaderText" html="false" placeholder="false">Forum role</item>
  <item name="DGiscrittiForum.TPRL_nome.HeaderText" html="false" placeholder="false">Community role</item>
  <item name="DGiscrittiForum.RLPF_Abilitato.HeaderText" html="false" placeholder="false">Access</item>
  <item name="DGiscrittiForum.blocca.0.text" html="false" placeholder="false">Blocked</item>
  <item name="DGiscrittiForum.blocca.0.status" html="false" placeholder="false">Blocked</item>
  <item name="DGiscrittiForum.blocca.0.ToolTip" html="false" placeholder="false">Blocked</item>
  <item name="DGiscrittiForum.blocca.1.text" html="false" placeholder="false">Unblock</item>
  <item name="DGiscrittiForum.blocca.1.status" html="false" placeholder="false">Unblock</item>
  <item name="DGiscrittiForum.blocca.1.ToolTip" html="false" placeholder="false">Unblock</item>
  <item name="LBpageRecord.text" html="false" placeholder="false">N° record:</item>
  <item name="LBcognomeNome_t.text" html="false" placeholder="false">Surname and name</item>
  <item name="LBruoloForum_t.text" html="false" placeholder="false">Forum role</item>
  <item name="LBnorecord.text" html="false" placeholder="false">Sorry, currently there are no users according to the specified searc criteria</item>
  <item name="DDLruoloComunitaRic.-1" html="false" placeholder="false">-- All --</item>
  <item name="DDLruoloForumRic.-1" html="false" placeholder="false">-- All --</item>
  <item name="DDLruoloForum.-1" disambiguation="relativo a tipo ruolo" html="false" placeholder="false">-- no role --</item>
  <item name="LBfiltro.text" html="false" placeholder="false">Filter</item>
  <item name="LBtipoRuolo_t.text" html="false" placeholder="false">Role type:</item>
  <item name="LBnumeroRecord_t.text" html="false" placeholder="false">N° Record:</item>
  <item name="LBtipoRicerca_t.text" html="false" placeholder="false">Search type:</item>
  <item name="LBvalore_t.text" html="false" placeholder="false">Value:</item>
  <item name="DDLTipoRicerca.-2" html="false" placeholder="false">Name</item>
  <item name="DDLTipoRicerca.-3" html="false" placeholder="false">Surname</item>
  <item name="DDLTipoRicerca.-4" html="false" placeholder="false">Name/Surname</item>
  <item name="DGPersone.PRSN_Anagrafica.HeaderText" html="false" placeholder="false">Vital statistics</item>
  <item name="DGPersone.PRSN_login.HeaderText" html="false" placeholder="false">Login</item>
  <item name="DGPersone.TPRL_nome.HeaderText" html="false" placeholder="false">Role</item>
  <item name="DGPersone.TPPR_descrizione.HeaderText" html="false" placeholder="false">Person type</item>
  <item name="LBlegenda.text" html="false" placeholder="false">Role to associate</item>
  <item name="BTNannullaAggiungi.text" html="false" placeholder="false">Cancel</item>
  <item name="BTNconferma.text" disambiguation="verbo" html="false" placeholder="false">Confirm</item>
  <item name="DDLTipoRuolo.-1" disambiguation="Relativo a tipi ruolo" html="false" placeholder="false">-- All --</item>
  <item name="DDLtipoRuoloAggiungi.-1" disambiguation="Relativo a tipi ruolo" html="false" placeholder="false">-- Default role --</item>
  <item name="DGPersone.IMBinfo.ImageUrl" html="true" placeholder="false" hidden="true">./../../images/proprieta.gif</item>
  <item name="DGPersone.IMBinfo.status" html="false" placeholder="false">Person infos</item>
  <item name="DGPersone.IMBinfo.AlternateText" html="false" placeholder="false">Person infos</item>
  <item name="DGPersone.IMBaggiungi.ImageUrl" html="true" placeholder="false" hidden="true">./../../images/add.gif</item>
  <item name="DGPersone.IMBaggiungi.status" html="false" placeholder="false">Add person</item>
  <item name="DGPersone.IMBaggiungi.AlternateText" html="false" placeholder="false">Add person</item>
  <item name="DGPersone.page" html="false" placeholder="true" mustcontains="#%%#">Page &lt;#%%#&gt;</item>
  <item name="DGPersone.ordinamento.0.status" html="false" placeholder="true" mustcontains="#%%#">Ascending order by &lt;#%%#&gt;</item>
  <item name="DGPersone.ordinamento.1.status" html="false" placeholder="true" mustcontains="#%%#">Descending order by &lt;#%%#&gt;</item>
  <item name="DGPersone.ordinamento.2.status" html="false" placeholder="true" mustcontains="#%%#">Order by &lt;#%%#&gt;</item>
  <item name="LBdescrizione_t.text" html="false" placeholder="false">User/s:</item>
  <item name="LBdescrizione.text" html="false" placeholder="false">Selected users.</item>
  <item name="LNBremove.text" html="false" placeholder="false" hidden="true">&lt;img src="{0}" ToolTip="{1}"&gt;</item>
  <item name="LNBremove.status" html="false" placeholder="false">Remove enrollee</item>
  <item name="LNBremove.ToolTip" html="false" placeholder="false">Remove enrollee</item>
  <item name="LNBelimina.ConfirmText" html="false" placeholder="false">Are you sure you want to remove the user from the forum's participants list?</item>
  <item name="LNBmodifica.text" html="false" placeholder="false" hidden="true">&lt;img src="{0}" ToolTip="{1}"&gt;</item>
  <item name="LNBmodifica.status" html="false" placeholder="false">Modify role.</item>
  <item name="LNBmodifica.ToolTip" html="false" placeholder="false">Modify role.</item>
</Resource>